datetime,city,pm25_value,pm25_unit,pm25_locations
2025-10-04 16:00:00+00:00,Faisalabad,131.7557498931885,µg/m³,1
2025-10-04 17:00:00+00:00,Faisalabad,136.01120827992756,µg/m³,1
2025-10-04 18:00:00+00:00,Faisalabad,115.01858342488607,µg/m³,1
2025-10-04 22:00:00+00:00,Faisalabad,38.25750026702881,µg/m³,1
2025-10-04 23:00:00+00:00,Faisalabad,34.842249735196425,µg/m³,1
2025-10-05 00:00:00+00:00,Faisalabad,15.316888883378768,µg/m³,1
2025-10-05 01:00:00+00:00,Faisalabad,7.678291678428651,µg/m³,1
2025-10-05 02:00:00+00:00,Faisalabad,18.952999941507972,µg/m³,1
2025-10-05 03:00:00+00:00,Faisalabad,23.815750010808312,µg/m³,1
2025-10-05 04:00:00+00:00,Faisalabad,24.723166656494143,µg/m³,1
2025-10-05 05:00:00+00:00,Faisalabad,25.763458259900407,µg/m³,1
2025-10-05 06:00:00+00:00,Faisalabad,31.667374777793885,µg/m³,1
2025-10-05 07:00:00+00:00,Faisalabad,20.87837498188019,µg/m³,1
2025-10-05 08:00:00+00:00,Faisalabad,12.843611113230388,µg/m³,1
2025-10-05 09:00:00+00:00,Faisalabad,16.44862498442332,µg/m³,1
2025-10-05 10:00:00+00:00,Faisalabad,18.16570834318797,µg/m³,1
2025-10-05 11:00:00+00:00,Faisalabad,20.972500006357826,µg/m³,1
2025-10-05 12:00:00+00:00,Faisalabad,26.91904167334239,µg/m³,1
2025-10-05 13:00:00+00:00,Faisalabad,33.493249829610185,µg/m³,1
2025-10-05 14:00:00+00:00,Faisalabad,64.21337528228759,µg/m³,1
2025-10-05 15:00:00+00:00,Faisalabad,83.43758328755698,µg/m³,1
2025-10-05 16:00:00+00:00,Faisalabad,67.99220803578694,µg/m³,1
2025-10-05 17:00:00+00:00,Faisalabad,62.85454146067301,µg/m³,1
2025-10-05 18:00:00+00:00,Faisalabad,72.01820863087973,µg/m³,1
2025-10-05 19:00:00+00:00,Faisalabad,60.22095826466878,µg/m³,1
2025-10-05 20:00:00+00:00,Faisalabad,46.75095818837483,µg/m³,1
2025-10-05 21:00:00+00:00,Faisalabad,44.97791659037271,µg/m³,1
2025-10-05 22:00:00+00:00,Faisalabad,24.806791647275286,µg/m³,1
2025-10-05 23:00:00+00:00,Faisalabad,19.830402779579163,µg/m³,1
2025-10-06 00:00:00+00:00,Faisalabad,4.783416671057542,µg/m³,1
2025-10-06 01:00:00+00:00,Faisalabad,20.063916500409444,µg/m³,1
2025-10-06 02:00:00+00:00,Faisalabad,47.264500045776366,µg/m³,1
2025-10-06 03:00:00+00:00,Faisalabad,39.390083440144856,µg/m³,1
2025-10-06 04:00:00+00:00,Faisalabad,45.13699989318848,µg/m³,1
2025-10-06 05:00:00+00:00,Faisalabad,32.84650020599365,µg/m³,1
2025-10-06 06:00:00+00:00,Faisalabad,30.103055715560913,µg/m³,1
2025-10-06 07:00:00+00:00,Faisalabad,19.97598484790686,µg/m³,1
2025-10-06 08:00:00+00:00,Faisalabad,23.416611030366685,µg/m³,1
2025-10-06 09:00:00+00:00,Faisalabad,29.713181813557945,µg/m³,1
2025-10-06 10:00:00+00:00,Faisalabad,23.227575706713125,µg/m³,1
2025-10-06 11:00:00+00:00,Faisalabad,9.590000011302807,µg/m³,1
2025-10-06 12:00:00+00:00,Faisalabad,15.162136358203309,µg/m³,1
2025-10-06 13:00:00+00:00,Faisalabad,32.51420806248982,µg/m³,1
2025-10-06 14:00:00+00:00,Faisalabad,30.668722094429867,µg/m³,1
2025-10-06 15:00:00+00:00,Faisalabad,32.73408320744833,µg/m³,1
2025-10-06 16:00:00+00:00,Faisalabad,33.071750148137404,µg/m³,1
2025-10-06 17:00:00+00:00,Faisalabad,35.76941668192546,µg/m³,1
2025-10-06 18:00:00+00:00,Faisalabad,36.10370855331421,µg/m³,1
2025-10-06 19:00:00+00:00,Faisalabad,37.36020806630452,µg/m³,1
2025-10-06 20:00:00+00:00,Faisalabad,34.13999977111816,µg/m³,1
2025-10-06 21:00:00+00:00,Faisalabad,40.75745855967204,µg/m³,1
2025-10-06 22:00:00+00:00,Faisalabad,39.64873591528998,µg/m³,1
2025-10-06 23:00:00+00:00,Faisalabad,46.036749680837,µg/m³,1
2025-10-07 00:00:00+00:00,Faisalabad,27.410166660944622,µg/m³,1
2025-10-07 01:00:00+00:00,Faisalabad,34.53908341725667,µg/m³,1
2025-10-07 02:00:00+00:00,Faisalabad,30.586416665712992,µg/m³,1
2025-10-07 03:00:00+00:00,Faisalabad,29.54311132166121,µg/m³,1
2025-10-07 04:00:00+00:00,Faisalabad,33.32112496958838,µg/m³,1
2025-10-07 05:00:00+00:00,Faisalabad,10.56348485657663,µg/m³,1
2025-10-07 06:00:00+00:00,Faisalabad,11.631736066606308,µg/m³,1
2025-10-07 07:00:00+00:00,Faisalabad,9.267083326975504,µg/m³,1
2025-10-07 08:00:00+00:00,Faisalabad,11.43969691883434,µg/m³,1
2025-10-07 09:00:00+00:00,Faisalabad,14.841000080108643,µg/m³,1
2025-10-07 10:00:00+00:00,Faisalabad,17.786787842259262,µg/m³,1
2025-10-07 11:00:00+00:00,Faisalabad,24.042638911141292,µg/m³,1
2025-10-07 12:00:00+00:00,Faisalabad,25.429472202724877,µg/m³,1
2025-10-07 13:00:00+00:00,Faisalabad,43.83654155731201,µg/m³,1
2025-10-07 14:00:00+00:00,Faisalabad,44.793652576870386,µg/m³,1
2025-10-07 15:00:00+00:00,Faisalabad,49.64677776760525,µg/m³,1
2025-10-07 16:00:00+00:00,Faisalabad,53.033707745869954,µg/m³,1
2025-10-07 17:00:00+00:00,Faisalabad,57.65537509918212,µg/m³,1
2025-10-07 18:00:00+00:00,Faisalabad,65.04062519073487,µg/m³,1
2025-10-07 19:00:00+00:00,Faisalabad,54.24083340962728,µg/m³,1
2025-10-07 20:00:00+00:00,Faisalabad,65.964722527398,µg/m³,1
2025-10-07 21:00:00+00:00,Faisalabad,73.30087490081787,µg/m³,1
2025-10-07 22:00:00+00:00,Faisalabad,135.55579153696698,µg/m³,1
2025-10-07 23:00:00+00:00,Faisalabad,151.322207959493,µg/m³,1
2025-10-08 00:00:00+00:00,Faisalabad,72.66744401719836,µg/m³,1
2025-10-08 01:00:00+00:00,Faisalabad,105.8953748703003,µg/m³,1
2025-10-08 02:00:00+00:00,Faisalabad,119.44804197947185,µg/m³,1
2025-10-08 03:00:00+00:00,Faisalabad,146.81837482452394,µg/m³,1
2025-10-08 04:00:00+00:00,Faisalabad,60.88349990844727,µg/m³,1
2025-10-08 05:00:00+00:00,Faisalabad,38.990069177415634,µg/m³,1
2025-10-08 06:00:00+00:00,Faisalabad,30.929514074325564,µg/m³,1
2025-10-08 07:00:00+00:00,Faisalabad,23.666197008075134,µg/m³,1
2025-10-08 08:00:00+00:00,Faisalabad,32.9456060293949,µg/m³,1
2025-10-08 09:00:00+00:00,Faisalabad,27.81013888782925,µg/m³,1
2025-10-08 10:00:00+00:00,Faisalabad,27.926055460506017,µg/m³,1
2025-10-08 11:00:00+00:00,Faisalabad,32.15326384703318,µg/m³,1
2025-10-08 12:00:00+00:00,Faisalabad,31.800333118438722,µg/m³,1
2025-10-08 13:00:00+00:00,Faisalabad,37.13840258121491,µg/m³,1
2025-10-08 14:00:00+00:00,Faisalabad,54.39545853932699,µg/m³,1
2025-10-08 15:00:00+00:00,Faisalabad,104.74840251074896,µg/m³,1
2025-10-08 16:00:00+00:00,Faisalabad,113.03873606787788,µg/m³,1
2025-10-08 17:00:00+00:00,Faisalabad,66.71949996948243,µg/m³,1
2025-10-08 18:00:00+00:00,Faisalabad,91.01829153696696,µg/m³,1
2025-10-08 19:00:00+00:00,Faisalabad,57.43658345540365,µg/m³,1
2025-10-08 20:00:00+00:00,Faisalabad,51.58540291256376,µg/m³,1
2025-10-08 21:00:00+00:00,Faisalabad,46.324208386739095,µg/m³,1
2025-10-08 22:00:00+00:00,Faisalabad,56.05108350118002,µg/m³,1
2025-10-08 23:00:00+00:00,Faisalabad,62.49549980163574,µg/m³,1
2025-10-09 00:00:00+00:00,Faisalabad,73.6701250076294,µg/m³,1
2025-10-09 01:00:00+00:00,Faisalabad,74.24941660563151,µg/m³,1
2025-10-09 02:00:00+00:00,Faisalabad,94.57570832570394,µg/m³,1
2025-10-09 03:00:00+00:00,Faisalabad,103.15502781338161,µg/m³,1
2025-10-09 04:00:00+00:00,Faisalabad,58.01149992509322,µg/m³,1
2025-10-09 05:00:00+00:00,Faisalabad,50.88861126369901,µg/m³,1
2025-10-09 06:00:00+00:00,Faisalabad,40.34549994468689,µg/m³,1
2025-10-09 07:00:00+00:00,Faisalabad,36.13727214119651,µg/m³,1
2025-10-09 08:00:00+00:00,Faisalabad,33.72691644032797,µg/m³,1
2025-10-09 09:00:00+00:00,Faisalabad,35.333283240000405,µg/m³,1
2025-10-09 10:00:00+00:00,Faisalabad,35.9590279923545,µg/m³,1
2025-10-09 11:00:00+00:00,Faisalabad,33.67445848782857,µg/m³,1
2025-10-09 12:00:00+00:00,Faisalabad,45.05654196739197,µg/m³,1
2025-10-09 13:00:00+00:00,Faisalabad,63.951139153374555,µg/m³,1
2025-10-09 14:00:00+00:00,Faisalabad,117.7676529990302,µg/m³,1
2025-10-09 15:00:00+00:00,Faisalabad,166.4013886345757,µg/m³,1
2025-10-09 16:00:00+00:00,Faisalabad,205.99620850880942,µg/m³,1
2025-10-09 17:00:00+00:00,Faisalabad,228.22345803578696,µg/m³,1
2025-10-09 18:00:00+00:00,Faisalabad,179.99395860036216,µg/m³,1
2025-10-09 19:00:00+00:00,Faisalabad,150.91666666666666,µg/m³,1
2025-10-09 20:00:00+00:00,Faisalabad,131.16391665140787,µg/m³,1
2025-10-09 21:00:00+00:00,Faisalabad,126.10366655985513,µg/m³,1
2025-10-09 22:00:00+00:00,Faisalabad,114.03945840199788,µg/m³,1
2025-10-09 23:00:00+00:00,Faisalabad,106.92125015258789,µg/m³,1
2025-10-10 00:00:00+00:00,Faisalabad,107.72383321126301,µg/m³,1
2025-10-10 01:00:00+00:00,Faisalabad,81.42170823415121,µg/m³,1
2025-10-10 02:00:00+00:00,Faisalabad,113.71466636657715,µg/m³,1
2025-10-10 03:00:00+00:00,Faisalabad,114.22999979654946,µg/m³,1
2025-10-10 04:00:00+00:00,Faisalabad,71.67129192352296,µg/m³,1
2025-10-10 05:00:00+00:00,Faisalabad,48.814013820224346,µg/m³,1
2025-10-10 06:00:00+00:00,Faisalabad,41.04481936560737,µg/m³,1
2025-10-10 07:00:00+00:00,Faisalabad,34.843819512261284,µg/m³,1
2025-10-10 08:00:00+00:00,Faisalabad,32.67469470236037,µg/m³,1
2025-10-10 09:00:00+00:00,Faisalabad,31.681277638011508,µg/m³,1
2025-10-10 10:00:00+00:00,Faisalabad,36.35045838356018,µg/m³,1
2025-10-10 11:00:00+00:00,Faisalabad,39.340485996670196,µg/m³,1
2025-10-10 12:00:00+00:00,Faisalabad,47.256528006659615,µg/m³,1
2025-10-10 13:00:00+00:00,Faisalabad,63.196944597032335,µg/m³,1
2025-10-10 14:00:00+00:00,Faisalabad,65.53883358183361,µg/m³,1
2025-10-10 15:00:00+00:00,Faisalabad,113.10441691080727,µg/m³,1
2025-10-10 16:00:00+00:00,Faisalabad,119.98854185740151,µg/m³,1
2025-10-10 17:00:00+00:00,Faisalabad,126.83958333333335,µg/m³,1
2025-10-10 18:00:00+00:00,Faisalabad,117.57004159291584,µg/m³,1
2025-10-10 19:00:00+00:00,Faisalabad,128.62841669718424,µg/m³,1
2025-10-10 20:00:00+00:00,Faisalabad,136.33349990844727,µg/m³,1
2025-10-10 21:00:00+00:00,Faisalabad,135.07299995422363,µg/m³,1
2025-10-10 22:00:00+00:00,Faisalabad,142.76258328755696,µg/m³,1
2025-10-10 23:00:00+00:00,Faisalabad,157.94866663614908,µg/m³,1
2025-10-11 00:00:00+00:00,Faisalabad,173.95497203403048,µg/m³,1
2025-10-11 01:00:00+00:00,Faisalabad,171.49054152170814,µg/m³,1
2025-10-11 02:00:00+00:00,Faisalabad,218.76433340708414,µg/m³,1
2025-10-11 03:00:00+00:00,Faisalabad,102.70266672770184,µg/m³,1
2025-10-11 04:00:00+00:00,Faisalabad,56.979590745405716,µg/m³,1
2025-10-11 05:00:00+00:00,Faisalabad,52.12691739400228,µg/m³,1
2025-10-11 06:00:00+00:00,Faisalabad,44.35749990289862,µg/m³,1
2025-10-11 07:00:00+00:00,Faisalabad,47.79408238728842,µg/m³,1
2025-10-11 08:00:00+00:00,Faisalabad,45.55704532970082,µg/m³,1
2025-10-11 09:00:00+00:00,Faisalabad,45.085277472601994,µg/m³,1
2025-10-11 10:00:00+00:00,Faisalabad,41.74412492116293,µg/m³,1
2025-10-11 12:00:00+00:00,Faisalabad,43.03366661071777,µg/m³,1
2025-10-11 13:00:00+00:00,Faisalabad,55.115528149074976,µg/m³,1
2025-10-11 14:00:00+00:00,Faisalabad,70.2641248703003,µg/m³,1
2025-10-11 15:00:00+00:00,Faisalabad,96.02895882924399,µg/m³,1
2025-10-11 16:00:00+00:00,Faisalabad,145.19658330281578,µg/m³,1
2025-10-11 17:00:00+00:00,Faisalabad,163.80430547926161,µg/m³,1
2025-10-11 18:00:00+00:00,Faisalabad,101.92283261617025,µg/m³,1
2025-10-11 19:00:00+00:00,Faisalabad,103.79545853932699,µg/m³,1
2025-10-11 20:00:00+00:00,Faisalabad,101.83504187266033,µg/m³,1
2025-10-11 21:00:00+00:00,Faisalabad,78.32970841725667,µg/m³,1
2025-10-11 22:00:00+00:00,Faisalabad,72.78665286170111,µg/m³,1
2025-10-11 23:00:00+00:00,Faisalabad,99.77975006103516,µg/m³,1
2025-10-12 00:00:00+00:00,Faisalabad,106.38123599158394,µg/m³,1
2025-10-12 01:00:00+00:00,Faisalabad,98.59754187266032,µg/m³,1
2025-10-12 02:00:00+00:00,Faisalabad,75.85340256161159,µg/m³,1
2025-10-12 03:00:00+00:00,Faisalabad,88.55424995422364,µg/m³,1
2025-10-12 04:00:00+00:00,Faisalabad,71.72520860036214,µg/m³,1
2025-10-12 05:00:00+00:00,Faisalabad,55.49716669718425,µg/m³,1
2025-10-12 06:00:00+00:00,Faisalabad,45.14308293660483,µg/m³,1
2025-10-12 07:00:00+00:00,Faisalabad,38.7932497660319,µg/m³,1
2025-10-12 08:00:00+00:00,Faisalabad,37.96562480926513,µg/m³,1
2025-10-12 09:00:00+00:00,Faisalabad,37.30009755028618,µg/m³,1
2025-10-12 10:00:00+00:00,Faisalabad,40.370916620890306,µg/m³,1
2025-10-12 11:00:00+00:00,Faisalabad,39.66929175059001,µg/m³,1
2025-10-12 12:00:00+00:00,Faisalabad,49.350916544596366,µg/m³,1
2025-10-12 13:00:00+00:00,Faisalabad,76.70309730105929,µg/m³,1
2025-10-12 14:00:00+00:00,Faisalabad,100.6934581120809,µg/m³,1
2025-10-12 15:00:00+00:00,Faisalabad,127.92945855458576,µg/m³,1
2025-10-12 16:00:00+00:00,Faisalabad,150.13187503814697,µg/m³,1
2025-10-12 17:00:00+00:00,Faisalabad,167.15526366763646,µg/m³,1
2025-10-12 18:00:00+00:00,Faisalabad,193.93579146067302,µg/m³,1
2025-10-12 19:00:00+00:00,Faisalabad,206.20912494659424,µg/m³,1
2025-10-12 20:00:00+00:00,Faisalabad,239.06291681925458,µg/m³,1
2025-10-12 21:00:00+00:00,Faisalabad,165.20224990844724,µg/m³,1
2025-10-12 22:00:00+00:00,Faisalabad,172.59379164377847,µg/m³,1
2025-10-12 23:00:00+00:00,Faisalabad,199.4686664581299,µg/m³,1
2025-10-13 00:00:00+00:00,Faisalabad,216.96472227308485,µg/m³,1
2025-10-13 01:00:00+00:00,Faisalabad,201.18279158274333,µg/m³,1
2025-10-13 02:00:00+00:00,Faisalabad,210.6842082341512,µg/m³,1
2025-10-13 03:00:00+00:00,Faisalabad,168.0546661376953,µg/m³,1
2025-10-13 04:00:00+00:00,Faisalabad,135.5064001464844,µg/m³,1
2025-10-13 05:00:00+00:00,Faisalabad,50.75591000643644,µg/m³,1
2025-10-13 06:00:00+00:00,Faisalabad,53.85587482452393,µg/m³,1
2025-10-13 07:00:00+00:00,Faisalabad,45.70550003051758,µg/m³,1
2025-10-13 08:00:00+00:00,Faisalabad,42.54460624926018,µg/m³,1
2025-10-13 09:00:00+00:00,Faisalabad,38.577591566605996,µg/m³,1
2025-10-13 10:00:00+00:00,Faisalabad,40.571833546956384,µg/m³,1
2025-10-13 11:00:00+00:00,Faisalabad,35.48622776378284,µg/m³,1
2025-10-13 12:00:00+00:00,Faisalabad,53.05916659037272,µg/m³,1
2025-10-13 13:00:00+00:00,Faisalabad,75.01158345540365,µg/m³,1
2025-10-13 14:00:00+00:00,Faisalabad,116.3022082646688,µg/m³,1
2025-10-13 15:00:00+00:00,Faisalabad,139.9278333028158,µg/m³,1
2025-10-13 16:00:00+00:00,Faisalabad,144.59033292134603,µg/m³,1
2025-10-13 17:00:00+00:00,Faisalabad,163.63166681925455,µg/m³,1
2025-10-13 18:00:00+00:00,Faisalabad,191.99283345540366,µg/m³,1
2025-10-13 19:00:00+00:00,Faisalabad,227.82466646830244,µg/m³,1
2025-10-13 20:00:00+00:00,Faisalabad,226.24033330281577,µg/m³,1
2025-10-13 21:00:00+00:00,Faisalabad,209.71337528228756,µg/m³,1
2025-10-13 22:00:00+00:00,Faisalabad,201.10845813751223,µg/m³,1
2025-10-13 23:00:00+00:00,Faisalabad,209.98516629536945,µg/m³,1
2025-10-14 00:00:00+00:00,Faisalabad,255.53375097910566,µg/m³,1
2025-10-14 01:00:00+00:00,Faisalabad,236.77874959309895,µg/m³,1
2025-10-14 02:00:00+00:00,Faisalabad,254.5687074661255,µg/m³,1
2025-10-14 03:00:00+00:00,Faisalabad,251.84166827731664,µg/m³,1
2025-10-14 04:00:00+00:00,Faisalabad,201.082180680169,µg/m³,1
2025-10-14 05:00:00+00:00,Faisalabad,79.25143929683802,µg/m³,1
2025-10-14 06:00:00+00:00,Faisalabad,49.0554855134752,µg/m³,1
2025-10-14 07:00:00+00:00,Faisalabad,42.26298622555203,µg/m³,1
2025-10-14 08:00:00+00:00,Faisalabad,42.897152688768166,µg/m³,1
2025-10-14 09:00:00+00:00,Faisalabad,40.934000396728514,µg/m³,1
2025-10-14 10:00:00+00:00,Faisalabad,44.584697052926735,µg/m³,1
2025-10-14 11:00:00+00:00,Faisalabad,47.64231984880235,µg/m³,1
2025-10-14 12:00:00+00:00,Faisalabad,55.83012447357178,µg/m³,1
2025-10-14 13:00:00+00:00,Faisalabad,119.85505570305718,µg/m³,1
2025-10-14 14:00:00+00:00,Faisalabad,138.36283327738442,µg/m³,1
2025-10-14 15:00:00+00:00,Faisalabad,126.2401667277018,µg/m³,1
2025-10-14 16:00:00+00:00,Faisalabad,110.4102080663045,µg/m³,1
2025-10-14 17:00:00+00:00,Faisalabad,115.06918057335747,µg/m³,1
2025-10-14 18:00:00+00:00,Faisalabad,120.007125155131,µg/m³,1
2025-10-14 19:00:00+00:00,Faisalabad,136.8831667582194,µg/m³,1
2025-10-14 20:00:00+00:00,Faisalabad,151.22137508392333,µg/m³,1
2025-10-14 21:00:00+00:00,Faisalabad,164.49995835622155,µg/m³,1
2025-10-14 22:00:00+00:00,Faisalabad,153.5892914454142,µg/m³,1
2025-10-14 23:00:00+00:00,Faisalabad,162.4075834910075,µg/m³,1
2025-10-15 00:00:00+00:00,Faisalabad,217.86087512969974,µg/m³,1
2025-10-15 01:00:00+00:00,Faisalabad,232.1271251042684,µg/m³,1
2025-10-15 02:00:00+00:00,Faisalabad,234.51175003051753,µg/m³,1
2025-10-15 03:00:00+00:00,Faisalabad,190.78129164377845,µg/m³,1
2025-10-15 04:00:00+00:00,Faisalabad,123.62592428958777,µg/m³,1
2025-10-15 05:00:00+00:00,Faisalabad,85.02500013871628,µg/m³,1
2025-10-15 06:00:00+00:00,Faisalabad,51.617000579833984,µg/m³,1
2025-10-15 07:00:00+00:00,Faisalabad,53.2765832265218,µg/m³,1
2025-10-15 08:00:00+00:00,Faisalabad,68.742575674346,µg/m³,1
2025-10-15 09:00:00+00:00,Faisalabad,63.038333638509116,µg/m³,1
2025-10-15 10:00:00+00:00,Faisalabad,69.40808347066243,µg/m³,1
2025-10-15 11:00:00+00:00,Faisalabad,67.72454217274984,µg/m³,1
2025-10-15 12:00:00+00:00,Faisalabad,84.07803044174658,µg/m³,1
2025-10-15 13:00:00+00:00,Faisalabad,152.40180494520402,µg/m³,1
2025-10-15 14:00:00+00:00,Faisalabad,184.4692504882813,µg/m³,1
2025-10-15 15:00:00+00:00,Faisalabad,196.5664725833469,µg/m³,1
2025-10-15 16:00:00+00:00,Faisalabad,201.27774963378906,µg/m³,1
2025-10-15 17:00:00+00:00,Faisalabad,161.5007916132609,µg/m³,1
2025-10-15 18:00:00+00:00,Faisalabad,190.0502915064494,µg/m³,1
2025-10-15 19:00:00+00:00,Faisalabad,221.2285420099894,µg/m³,1
2025-10-15 20:00:00+00:00,Faisalabad,210.2962085088094,µg/m³,1
2025-10-15 21:00:00+00:00,Faisalabad,252.08158365885416,µg/m³,1
2025-10-15 22:00:00+00:00,Faisalabad,232.88849868774412,µg/m³,1
2025-10-15 23:00:00+00:00,Faisalabad,199.1252498626709,µg/m³,1
2025-10-16 00:00:00+00:00,Faisalabad,236.89099998474123,µg/m³,1
2025-10-16 01:00:00+00:00,Faisalabad,241.8984578450521,µg/m³,1
2025-10-16 02:00:00+00:00,Faisalabad,285.77458445231116,µg/m³,1
2025-10-16 03:00:00+00:00,Faisalabad,235.15077819824225,µg/m³,1
2025-10-16 04:00:00+00:00,Faisalabad,152.92950002496895,µg/m³,1
2025-10-16 05:00:00+00:00,Faisalabad,103.30128814234877,µg/m³,1
2025-10-16 06:00:00+00:00,Faisalabad,72.40166676839192,µg/m³,1
2025-10-16 07:00:00+00:00,Faisalabad,57.89212096243194,µg/m³,1
2025-10-16 08:00:00+00:00,Faisalabad,56.40568230368874,µg/m³,1
2025-10-16 09:00:00+00:00,Faisalabad,70.08218189586292,µg/m³,1
2025-10-16 10:00:00+00:00,Faisalabad,72.46229203542073,µg/m³,1
2025-10-16 11:00:00+00:00,Faisalabad,69.46355548434788,µg/m³,1
2025-10-16 12:00:00+00:00,Faisalabad,84.66213896009657,µg/m³,1
2025-10-16 13:00:00+00:00,Faisalabad,117.4420277065701,µg/m³,1
2025-10-16 14:00:00+00:00,Faisalabad,143.4693891737196,µg/m³,1
2025-10-16 15:00:00+00:00,Faisalabad,156.0087085088094,µg/m³,1
2025-10-16 16:00:00+00:00,Faisalabad,180.17704168955484,µg/m³,1
2025-10-16 17:00:00+00:00,Faisalabad,198.8142776913113,µg/m³,1
2025-10-16 18:00:00+00:00,Faisalabad,213.7936250686646,µg/m³,1
2025-10-16 19:00:00+00:00,Faisalabad,228.28054180145264,µg/m³,1
2025-10-16 20:00:00+00:00,Faisalabad,246.99891713460286,µg/m³,1
2025-10-16 21:00:00+00:00,Faisalabad,244.11683286031086,µg/m³,1
2025-10-16 22:00:00+00:00,Faisalabad,239.0132083257039,µg/m³,1
2025-10-16 23:00:00+00:00,Faisalabad,259.07883447011307,µg/m³,1
2025-10-17 00:00:00+00:00,Faisalabad,281.50924809773767,µg/m³,1
2025-10-17 01:00:00+00:00,Faisalabad,274.650625038147,µg/m³,1
2025-10-17 02:00:00+00:00,Faisalabad,256.40620708465576,µg/m³,1
2025-10-17 03:00:00+00:00,Faisalabad,141.1323331197103,µg/m³,1
2025-10-17 04:00:00+00:00,Faisalabad,102.12493097517223,µg/m³,1
2025-10-17 05:00:00+00:00,Faisalabad,79.67613864474826,µg/m³,1
2025-10-17 06:00:00+00:00,Faisalabad,85.21555540296767,µg/m³,1
2025-10-17 07:00:00+00:00,Faisalabad,70.08068188753995,µg/m³,1
2025-10-17 08:00:00+00:00,Faisalabad,77.62450014750162,µg/m³,1
2025-10-17 09:00:00+00:00,Faisalabad,78.16606024539833,µg/m³,1
2025-10-17 10:00:00+00:00,Faisalabad,70.86219706679834,µg/m³,1
2025-10-17 11:00:00+00:00,Faisalabad,86.51701407962376,µg/m³,1
2025-10-17 12:00:00+00:00,Faisalabad,163.8630609223337,µg/m³,1
2025-10-17 13:00:00+00:00,Faisalabad,224.85843132866754,µg/m³,1
2025-10-17 14:00:00+00:00,Faisalabad,181.25680948893228,µg/m³,1
2025-10-17 15:00:00+00:00,Faisalabad,178.23183339436846,µg/m³,1
2025-10-17 16:00:00+00:00,Faisalabad,184.15686090257432,µg/m³,1
2025-10-17 17:00:00+00:00,Faisalabad,190.58245805104573,µg/m³,1
2025-10-17 18:00:00+00:00,Faisalabad,217.49791666666667,µg/m³,1
2025-10-17 19:00:00+00:00,Faisalabad,236.52862491607667,µg/m³,1
2025-10-17 20:00:00+00:00,Faisalabad,245.7237089157104,µg/m³,1
2025-10-17 21:00:00+00:00,Faisalabad,255.75363951789006,µg/m³,1
2025-10-17 22:00:00+00:00,Faisalabad,270.8631665547689,µg/m³,1
2025-10-17 23:00:00+00:00,Faisalabad,264.5514558156331,µg/m³,1
2025-10-18 00:00:00+00:00,Faisalabad,296.41328926086425,µg/m³,1
2025-10-18 01:00:00+00:00,Faisalabad,302.78141733805336,µg/m³,1
2025-10-18 02:00:00+00:00,Faisalabad,311.29695727030435,µg/m³,1
2025-10-18 03:00:00+00:00,Faisalabad,261.8796262105306,µg/m³,1
2025-10-18 04:00:00+00:00,Faisalabad,159.18776387108696,µg/m³,1
2025-10-18 05:00:00+00:00,Faisalabad,114.43196961373992,µg/m³,1
2025-10-18 06:00:00+00:00,Faisalabad,76.85675733161696,µg/m³,1
2025-10-18 07:00:00+00:00,Faisalabad,78.00286106533474,µg/m³,1
2025-10-18 08:00:00+00:00,Faisalabad,72.5000297315193,µg/m³,1
2025-10-18 09:00:00+00:00,Faisalabad,76.87768086327448,µg/m³,1
2025-10-18 10:00:00+00:00,Faisalabad,79.47491658528646,µg/m³,1
2025-10-18 11:00:00+00:00,Faisalabad,78.38519494798449,µg/m³,1
2025-10-18 12:00:00+00:00,Faisalabad,107.66966654459635,µg/m³,1
2025-10-18 13:00:00+00:00,Faisalabad,168.6947914759318,µg/m³,1
2025-10-18 14:00:00+00:00,Faisalabad,245.7847078323364,µg/m³,1
2025-10-18 15:00:00+00:00,Faisalabad,233.54983380635576,µg/m³,1
2025-10-18 16:00:00+00:00,Faisalabad,195.37387485504152,µg/m³,1
2025-10-18 17:00:00+00:00,Faisalabad,184.3648892296685,µg/m³,1
2025-10-18 18:00:00+00:00,Faisalabad,230.3370421727498,µg/m³,1
2025-10-18 19:00:00+00:00,Faisalabad,264.44488887786866,µg/m³,1
2025-10-18 20:00:00+00:00,Faisalabad,258.30353991190594,µg/m³,1
2025-10-18 21:00:00+00:00,Faisalabad,243.6790418624878,µg/m³,1
2025-10-18 22:00:00+00:00,Faisalabad,237.31119414435491,µg/m³,1
2025-10-18 23:00:00+00:00,Faisalabad,249.95799929300946,µg/m³,1
2025-10-19 00:00:00+00:00,Faisalabad,308.91295738220214,µg/m³,1
2025-10-19 01:00:00+00:00,Faisalabad,294.44741744995116,µg/m³,1
2025-10-19 02:00:00+00:00,Faisalabad,292.1582106272379,µg/m³,1
2025-10-19 03:00:00+00:00,Faisalabad,343.1036516401503,µg/m³,1
2025-10-19 04:00:00+00:00,Faisalabad,341.8183734893799,µg/m³,1
2025-10-19 05:00:00+00:00,Faisalabad,172.33600006103518,µg/m³,1
2025-10-19 06:00:00+00:00,Faisalabad,107.92854200998941,µg/m³,1
2025-10-19 07:00:00+00:00,Faisalabad,98.93324966430663,µg/m³,1
2025-10-19 08:00:00+00:00,Faisalabad,84.52766672770183,µg/m³,1
2025-10-19 09:00:00+00:00,Faisalabad,80.69304167429605,µg/m³,1
2025-10-19 10:00:00+00:00,Faisalabad,60.31404158274333,µg/m³,1
2025-10-19 11:00:00+00:00,Faisalabad,78.14791666666666,µg/m³,1
2025-10-19 12:00:00+00:00,Faisalabad,145.05237483978271,µg/m³,1
2025-10-19 13:00:00+00:00,Faisalabad,147.28783315022787,µg/m³,1
2025-10-19 14:00:00+00:00,Faisalabad,189.71887493133545,µg/m³,1
2025-10-19 15:00:00+00:00,Faisalabad,268.4722082773844,µg/m³,1
2025-10-19 16:00:00+00:00,Faisalabad,225.07016633351645,µg/m³,1
2025-10-19 17:00:00+00:00,Faisalabad,213.26341692606604,µg/m³,1
2025-10-19 18:00:00+00:00,Faisalabad,258.81091594696045,µg/m³,1
2025-10-19 19:00:00+00:00,Faisalabad,277.615584564209,µg/m³,1
2025-10-19 20:00:00+00:00,Faisalabad,255.1091648101806,µg/m³,1
2025-10-19 21:00:00+00:00,Faisalabad,250.61191641489665,µg/m³,1
2025-10-19 22:00:00+00:00,Faisalabad,261.736376063029,µg/m³,1
2025-10-19 23:00:00+00:00,Faisalabad,273.32370872497563,µg/m³,1
2025-10-20 00:00:00+00:00,Faisalabad,292.259334564209,µg/m³,1
2025-10-20 01:00:00+00:00,Faisalabad,284.53657010396324,µg/m³,1
2025-10-20 02:00:00+00:00,Faisalabad,249.45366630554201,µg/m³,1
2025-10-20 03:00:00+00:00,Faisalabad,185.21587467193604,µg/m³,1
2025-10-20 04:00:00+00:00,Faisalabad,150.15666681925455,µg/m³,1
2025-10-20 08:00:00+00:00,Faisalabad,72.68458315531413,µg/m³,1
2025-10-20 09:00:00+00:00,Faisalabad,65.58338898552789,µg/m³,1
2025-10-20 10:00:00+00:00,Faisalabad,58.79128822557854,µg/m³,1
2025-10-20 11:00:00+00:00,Faisalabad,84.73083305358887,µg/m³,1
2025-10-20 12:00:00+00:00,Faisalabad,84.24677241932262,µg/m³,1
2025-10-20 13:00:00+00:00,Faisalabad,114.49426398807104,µg/m³,1
2025-10-20 14:00:00+00:00,Faisalabad,100.90627788967556,µg/m³,1
2025-10-20 15:00:00+00:00,Faisalabad,89.69716695149741,µg/m³,1
2025-10-20 16:00:00+00:00,Faisalabad,109.18538877699113,µg/m³,1
2025-10-20 17:00:00+00:00,Faisalabad,151.92791633605955,µg/m³,1
2025-10-20 18:00:00+00:00,Faisalabad,161.75008316040038,µg/m³,1
2025-10-20 19:00:00+00:00,Faisalabad,212.86837495168047,µg/m³,1
2025-10-20 20:00:00+00:00,Faisalabad,197.21933339436848,µg/m³,1
2025-10-20 21:00:00+00:00,Faisalabad,170.47741686503093,µg/m³,1
2025-10-20 22:00:00+00:00,Faisalabad,163.58979155222573,µg/m³,1
2025-10-20 23:00:00+00:00,Faisalabad,150.78141657511392,µg/m³,1
2025-10-21 00:00:00+00:00,Faisalabad,188.8418193605211,µg/m³,1
2025-10-21 01:00:00+00:00,Faisalabad,173.88825035095215,µg/m³,1
2025-10-21 02:00:00+00:00,Faisalabad,210.71087474823,µg/m³,1
2025-10-21 03:00:00+00:00,Faisalabad,258.39329153696696,µg/m³,1
2025-10-21 04:00:00+00:00,Faisalabad,192.33859712812637,µg/m³,1
2025-10-21 05:00:00+00:00,Faisalabad,99.04090319739447,µg/m³,1
2025-10-21 06:00:00+00:00,Faisalabad,82.98863705721769,µg/m³,1
2025-10-21 07:00:00+00:00,Faisalabad,61.829264089796276,µg/m³,1
2025-10-21 08:00:00+00:00,Faisalabad,52.059458096822105,µg/m³,1
2025-10-21 09:00:00+00:00,Faisalabad,52.61234730614556,µg/m³,1
2025-10-21 10:00:00+00:00,Faisalabad,49.76980548434788,µg/m³,1
2025-10-21 11:00:00+00:00,Faisalabad,64.6346386803521,µg/m³,1
2025-10-21 12:00:00+00:00,Faisalabad,90.61674995422364,µg/m³,1
2025-10-21 13:00:00+00:00,Faisalabad,142.29286121792262,µg/m³,1
2025-10-21 14:00:00+00:00,Faisalabad,172.29216651916502,µg/m³,1
2025-10-21 15:00:00+00:00,Faisalabad,220.21791636149086,µg/m³,1
2025-10-21 16:00:00+00:00,Faisalabad,229.02468805313111,µg/m³,1
2025-10-21 17:00:00+00:00,Faisalabad,223.67726391686332,µg/m³,1
2025-10-21 18:00:00+00:00,Faisalabad,289.49909720950654,µg/m³,1
2025-10-21 19:00:00+00:00,Faisalabad,312.17663319905597,µg/m³,1
2025-10-21 20:00:00+00:00,Faisalabad,268.39062391916906,µg/m³,1
2025-10-21 21:00:00+00:00,Faisalabad,193.95071389334544,µg/m³,1
2025-10-21 22:00:00+00:00,Faisalabad,240.78383356730143,µg/m³,1
2025-10-21 23:00:00+00:00,Faisalabad,263.4449997584025,µg/m³,1
2025-10-22 00:00:00+00:00,Faisalabad,214.3553334554036,µg/m³,1
2025-10-22 01:00:00+00:00,Faisalabad,232.80031958685979,µg/m³,1
2025-10-22 02:00:00+00:00,Faisalabad,324.3129443698459,µg/m³,1
2025-10-22 03:00:00+00:00,Faisalabad,252.09456782870822,µg/m³,1
2025-10-22 04:00:00+00:00,Faisalabad,173.38320878346767,µg/m³,1
2025-10-22 05:00:00+00:00,Faisalabad,126.78705567253961,µg/m³,1
2025-10-22 06:00:00+00:00,Faisalabad,93.23641688028971,µg/m³,1
2025-10-22 07:00:00+00:00,Faisalabad,72.59166697184244,µg/m³,1
2025-10-22 08:00:00+00:00,Faisalabad,75.66177753872341,µg/m³,1
2025-10-22 09:00:00+00:00,Faisalabad,60.19278795646898,µg/m³,1
2025-10-22 10:00:00+00:00,Faisalabad,59.951091822871454,µg/m³,1
2025-10-22 11:00:00+00:00,Faisalabad,61.71348465428208,µg/m³,1
2025-10-22 12:00:00+00:00,Faisalabad,86.24741681416829,µg/m³,1
2025-10-22 13:00:00+00:00,Faisalabad,107.0780552758111,µg/m³,1
2025-10-22 14:00:00+00:00,Faisalabad,160.02836117214625,µg/m³,1
2025-10-22 15:00:00+00:00,Faisalabad,219.57684735192194,µg/m³,1
2025-10-22 16:00:00+00:00,Faisalabad,165.0368469450209,µg/m³,1
2025-10-22 17:00:00+00:00,Faisalabad,141.54587523142496,µg/m³,1
2025-10-22 18:00:00+00:00,Faisalabad,177.31022720336912,µg/m³,1
2025-10-22 19:00:00+00:00,Faisalabad,168.61586104498969,µg/m³,1
2025-10-22 20:00:00+00:00,Faisalabad,141.02129179636637,µg/m³,1
2025-10-22 21:00:00+00:00,Faisalabad,150.29073611365422,µg/m³,1
2025-10-22 22:00:00+00:00,Faisalabad,142.4958749771118,µg/m³,1
2025-10-22 23:00:00+00:00,Faisalabad,146.42737522125245,µg/m³,1
2025-10-23 00:00:00+00:00,Faisalabad,176.79504121144615,µg/m³,1
2025-10-23 01:00:00+00:00,Faisalabad,180.8726389143202,µg/m³,1
2025-10-23 02:00:00+00:00,Faisalabad,219.22595443725587,µg/m³,1
2025-10-23 03:00:00+00:00,Faisalabad,244.64629173278806,µg/m³,1
2025-10-23 04:00:00+00:00,Faisalabad,245.19158183203805,µg/m³,1
2025-10-23 05:00:00+00:00,Faisalabad,162.03275032043456,µg/m³,1
2025-10-23 06:00:00+00:00,Faisalabad,134.30283317565917,µg/m³,1
2025-10-23 07:00:00+00:00,Faisalabad,99.85063879224988,µg/m³,1
2025-10-23 08:00:00+00:00,Faisalabad,91.97660587195195,µg/m³,1
2025-10-23 09:00:00+00:00,Faisalabad,86.479749806722,µg/m³,1
2025-10-23 10:00:00+00:00,Faisalabad,86.68331983354358,µg/m³,1
2025-10-23 11:00:00+00:00,Faisalabad,95.08009721967909,µg/m³,1
2025-10-23 12:00:00+00:00,Faisalabad,114.54044409857856,µg/m³,1
2025-10-23 13:00:00+00:00,Faisalabad,126.57584726545547,µg/m³,1
2025-10-23 14:00:00+00:00,Faisalabad,150.2104026582506,µg/m³,1
2025-10-23 15:00:00+00:00,Faisalabad,230.54570980072018,µg/m³,1
2025-10-23 16:00:00+00:00,Faisalabad,278.4600067138672,µg/m³,1
2025-10-23 17:00:00+00:00,Faisalabad,273.4231949869792,µg/m³,1
2025-10-23 18:00:00+00:00,Faisalabad,298.46036368476024,µg/m³,1
2025-10-23 19:00:00+00:00,Faisalabad,308.62546518961585,µg/m³,1
2025-10-23 20:00:00+00:00,Faisalabad,307.8638473048355,µg/m³,1
2025-10-23 21:00:00+00:00,Faisalabad,307.5134861755371,µg/m³,1
2025-10-23 22:00:00+00:00,Faisalabad,294.7718475765652,µg/m³,1
2025-10-23 23:00:00+00:00,Faisalabad,300.9895725795201,µg/m³,1
2025-10-24 00:00:00+00:00,Faisalabad,349.0799865722656,µg/m³,1
2025-10-24 03:00:00+00:00,Faisalabad,390.88944668240015,µg/m³,1
2025-10-24 04:00:00+00:00,Faisalabad,250.118111928304,µg/m³,1
2025-10-24 05:00:00+00:00,Faisalabad,133.71344456142847,µg/m³,1
2025-10-24 06:00:00+00:00,Faisalabad,101.2152503967285,µg/m³,1
2025-10-24 07:00:00+00:00,Faisalabad,116.07865280575224,µg/m³,1
2025-10-24 08:00:00+00:00,Faisalabad,97.35986154344346,µg/m³,1
2025-10-24 09:00:00+00:00,Faisalabad,86.65261082119412,µg/m³,1
2025-10-24 10:00:00+00:00,Faisalabad,92.80256955888537,µg/m³,1
2025-10-24 11:00:00+00:00,Faisalabad,93.22939416133998,µg/m³,1
2025-10-24 12:00:00+00:00,Faisalabad,148.84150009155272,µg/m³,1
2025-10-24 13:00:00+00:00,Faisalabad,179.49537525177,µg/m³,1
2025-10-24 14:00:00+00:00,Faisalabad,201.60292402325257,µg/m³,1
2025-10-24 15:00:00+00:00,Faisalabad,265.8126398086548,µg/m³,1
2025-10-24 16:00:00+00:00,Faisalabad,247.8450972451104,µg/m³,1
2025-10-24 17:00:00+00:00,Faisalabad,256.6149236505682,µg/m³,1
2025-10-24 18:00:00+00:00,Faisalabad,238.7733058505588,µg/m³,1
2025-10-24 19:00:00+00:00,Faisalabad,236.26540130615234,µg/m³,1
2025-10-24 20:00:00+00:00,Faisalabad,282.9670027414958,µg/m³,1
2025-10-24 21:00:00+00:00,Faisalabad,337.9609294346401,µg/m³,1
2025-10-25 01:00:00+00:00,Faisalabad,331.26189202202687,µg/m³,1
2025-10-25 02:00:00+00:00,Faisalabad,348.3508467102051,µg/m³,1
2025-10-25 03:00:00+00:00,Faisalabad,389.0911798650568,µg/m³,1
2025-10-25 07:00:00+00:00,Faisalabad,125.074777730306,µg/m³,1
2025-10-25 08:00:00+00:00,Faisalabad,115.95344433254667,µg/m³,1
2025-10-25 09:00:00+00:00,Faisalabad,112.81315280066595,µg/m³,1
2025-10-25 10:00:00+00:00,Faisalabad,119.33587525685626,µg/m³,1
2025-10-25 11:00:00+00:00,Faisalabad,119.34655541314021,µg/m³,1
2025-10-25 12:00:00+00:00,Faisalabad,153.17019466824001,µg/m³,1
2025-10-25 13:00:00+00:00,Faisalabad,209.8215836207072,µg/m³,1
2025-10-25 14:00:00+00:00,Faisalabad,273.26753934224445,µg/m³,1
2025-10-25 15:00:00+00:00,Faisalabad,303.7905817667643,µg/m³,1
2025-10-25 16:00:00+00:00,Faisalabad,314.1737607744005,µg/m³,1
2025-10-25 17:00:00+00:00,Faisalabad,257.4103758494059,µg/m³,1
2025-10-25 18:00:00+00:00,Faisalabad,221.75605578952366,µg/m³,1
2025-10-25 19:00:00+00:00,Faisalabad,228.77806928422714,µg/m³,1
2025-10-25 20:00:00+00:00,Faisalabad,263.58098759121367,µg/m³,1
2025-10-25 21:00:00+00:00,Faisalabad,251.64995816548665,µg/m³,1
2025-10-25 23:00:00+00:00,Faisalabad,299.22054328918455,µg/m³,1
2025-10-26 00:00:00+00:00,Faisalabad,306.6484846750895,µg/m³,1
2025-10-26 01:00:00+00:00,Faisalabad,296.7054997762045,µg/m³,1
2025-10-26 02:00:00+00:00,Faisalabad,333.00788989596896,µg/m³,1
2025-10-26 03:00:00+00:00,Faisalabad,317.96033579508463,µg/m³,1
2025-10-26 04:00:00+00:00,Faisalabad,259.50091749827067,µg/m³,1
2025-10-26 05:00:00+00:00,Faisalabad,161.41129156748454,µg/m³,1
2025-10-26 06:00:00+00:00,Faisalabad,152.45795815785726,µg/m³,1
2025-10-26 07:00:00+00:00,Faisalabad,139.93466644287108,µg/m³,1
2025-10-26 08:00:00+00:00,Faisalabad,149.18691660563152,µg/m³,1
2025-10-26 09:00:00+00:00,Faisalabad,165.4790833791097,µg/m³,1
2025-10-26 10:00:00+00:00,Faisalabad,178.6887920167711,µg/m³,1
2025-10-26 11:00:00+00:00,Faisalabad,192.12438909742568,µg/m³,1
2025-10-26 12:00:00+00:00,Faisalabad,178.10162525177,µg/m³,1
2025-10-26 13:00:00+00:00,Faisalabad,226.3140832265218,µg/m³,1
2025-10-26 14:00:00+00:00,Faisalabad,243.36454168955484,µg/m³,1
2025-10-26 15:00:00+00:00,Faisalabad,240.43272175259062,µg/m³,1
2025-10-26 16:00:00+00:00,Faisalabad,260.24991741180423,µg/m³,1
2025-10-26 17:00:00+00:00,Faisalabad,311.0329149881999,µg/m³,1
2025-10-26 18:00:00+00:00,Faisalabad,317.9626645406087,µg/m³,1
2025-10-26 19:00:00+00:00,Faisalabad,344.119918568929,µg/m³,1
2025-10-26 20:00:00+00:00,Faisalabad,348.44961140950517,µg/m³,1
2025-10-26 21:00:00+00:00,Faisalabad,364.8920431772867,µg/m³,1
2025-10-26 22:00:00+00:00,Faisalabad,353.8739978366428,µg/m³,1
2025-10-26 23:00:00+00:00,Faisalabad,353.1901662190755,µg/m³,1
2025-10-27 00:00:00+00:00,Faisalabad,380.52533187866214,µg/m³,1
2025-10-27 01:00:00+00:00,Faisalabad,392.9512076059977,µg/m³,1
2025-10-27 02:00:00+00:00,Faisalabad,389.4362477620443,µg/m³,1
2025-10-27 03:00:00+00:00,Faisalabad,373.19233601888027,µg/m³,1
2025-10-27 04:00:00+00:00,Faisalabad,307.52159843444826,µg/m³,1
2025-10-27 05:00:00+00:00,Faisalabad,260.19586096869574,µg/m³,1
2025-10-27 06:00:00+00:00,Faisalabad,194.00449981689454,µg/m³,1
2025-10-27 07:00:00+00:00,Faisalabad,190.87690274980332,µg/m³,1
2025-10-27 08:00:00+00:00,Faisalabad,199.87734813690187,µg/m³,1
2025-10-27 09:00:00+00:00,Faisalabad,173.10779170989989,µg/m³,1
2025-10-27 10:00:00+00:00,Faisalabad,212.96695762210422,µg/m³,1
2025-10-27 11:00:00+00:00,Faisalabad,207.89176408979628,µg/m³,1
2025-10-27 12:00:00+00:00,Faisalabad,232.1039019054837,µg/m³,1
2025-10-27 13:00:00+00:00,Faisalabad,304.97650044759115,µg/m³,1
2025-10-27 14:00:00+00:00,Faisalabad,314.6461233774822,µg/m³,1
2025-10-27 15:00:00+00:00,Faisalabad,302.50044436984587,µg/m³,1
2025-10-27 16:00:00+00:00,Faisalabad,317.78308232625324,µg/m³,1
2025-10-27 17:00:00+00:00,Faisalabad,307.0112626393637,µg/m³,1
2025-10-27 18:00:00+00:00,Faisalabad,314.39129202100963,µg/m³,1
2025-10-27 19:00:00+00:00,Faisalabad,328.3867767333985,µg/m³,1
2025-10-27 20:00:00+00:00,Faisalabad,327.7807089487712,µg/m³,1
2025-10-27 21:00:00+00:00,Faisalabad,357.38537483215333,µg/m³,1
2025-10-27 22:00:00+00:00,Faisalabad,343.47533467610674,µg/m³,1
2025-10-27 23:00:00+00:00,Faisalabad,330.0373354593913,µg/m³,1
2025-10-28 00:00:00+00:00,Faisalabad,372.01212348938,µg/m³,1
2025-10-28 01:00:00+00:00,Faisalabad,392.90870984395355,µg/m³,1
2025-10-28 02:00:00+00:00,Faisalabad,405.72320950826014,µg/m³,1
2025-10-28 03:00:00+00:00,Faisalabad,416.2208751678466,µg/m³,1
2025-10-28 04:00:00+00:00,Faisalabad,375.3903344896105,µg/m³,1
2025-10-28 05:00:00+00:00,Faisalabad,355.9909554799397,µg/m³,1
2025-10-28 06:00:00+00:00,Faisalabad,312.3553194257948,µg/m³,1
2025-10-28 07:00:00+00:00,Faisalabad,259.7205118179321,µg/m³,1
2025-10-28 08:00:00+00:00,Faisalabad,221.01808319091796,µg/m³,1
2025-10-28 09:00:00+00:00,Faisalabad,224.2919029659695,µg/m³,1
2025-10-28 10:00:00+00:00,Faisalabad,234.890902434455,µg/m³,1
2025-10-28 11:00:00+00:00,Faisalabad,273.4063040415446,µg/m³,1
2025-10-28 12:00:00+00:00,Faisalabad,294.51287371317545,µg/m³,1
2025-10-28 13:00:00+00:00,Faisalabad,326.9743464575874,µg/m³,1
2025-10-28 14:00:00+00:00,Faisalabad,329.1101526472304,µg/m³,1
2025-10-28 15:00:00+00:00,Faisalabad,336.41709802415636,µg/m³,1
2025-10-28 16:00:00+00:00,Faisalabad,343.42191543579105,µg/m³,1
2025-10-28 17:00:00+00:00,Faisalabad,334.8906263987223,µg/m³,1
2025-10-28 18:00:00+00:00,Faisalabad,324.6975150638156,µg/m³,1
2025-10-28 19:00:00+00:00,Faisalabad,335.23171017964677,µg/m³,1
2025-10-28 20:00:00+00:00,Faisalabad,341.9298480987549,µg/m³,1
2025-10-28 21:00:00+00:00,Faisalabad,358.9830414242215,µg/m³,1
2025-10-28 22:00:00+00:00,Faisalabad,390.11166610717777,µg/m³,1
2025-10-28 23:00:00+00:00,Faisalabad,364.88073497348364,µg/m³,1
2025-10-29 00:00:00+00:00,Faisalabad,366.67479082743324,µg/m³,1
2025-10-29 01:00:00+00:00,Faisalabad,382.76815410190164,µg/m³,1
2025-10-29 02:00:00+00:00,Faisalabad,425.977460776435,µg/m³,1
2025-10-29 03:00:00+00:00,Faisalabad,406.7044176737467,µg/m³,1
2025-10-29 04:00:00+00:00,Faisalabad,398.05925089518223,µg/m³,1
2025-10-29 05:00:00+00:00,Faisalabad,333.4638600667318,µg/m³,1
2025-10-29 06:00:00+00:00,Faisalabad,296.44705674913195,µg/m³,1
2025-10-29 07:00:00+00:00,Faisalabad,294.77222408718535,µg/m³,1
2025-10-29 08:00:00+00:00,Faisalabad,315.67884127298987,µg/m³,1
2025-10-29 09:00:00+00:00,Faisalabad,333.9018462710911,µg/m³,1
2025-10-29 10:00:00+00:00,Faisalabad,257.93583323160806,µg/m³,1
2025-10-29 11:00:00+00:00,Faisalabad,227.54555558098684,µg/m³,1
2025-10-29 12:00:00+00:00,Faisalabad,305.09615406460233,µg/m³,1
2025-10-31 10:00:00+00:00,Faisalabad,136.23062496185304,µg/m³,1
2025-10-31 11:00:00+00:00,Faisalabad,134.38243028852676,µg/m³,1
2025-10-31 12:00:00+00:00,Faisalabad,156.0830830891927,µg/m³,1
2025-10-31 13:00:00+00:00,Faisalabad,166.8609030193753,µg/m³,1
2025-11-03 13:00:00+00:00,Faisalabad,172.97145837148028,µg/m³,1
2025-11-04 04:00:00+00:00,Faisalabad,489.0566434587751,µg/m³,1
2025-11-04 05:00:00+00:00,Faisalabad,391.29504127502446,µg/m³,1
2025-11-04 06:00:00+00:00,Faisalabad,304.01062609354653,µg/m³,1
2025-11-04 07:00:00+00:00,Faisalabad,267.184502029419,µg/m³,1
2025-11-04 08:00:00+00:00,Faisalabad,182.8189998626709,µg/m³,1
2025-11-04 09:00:00+00:00,Faisalabad,315.8277080535889,µg/m³,1
2025-11-04 10:00:00+00:00,Faisalabad,369.50679384867345,µg/m³,1
2025-11-04 11:00:00+00:00,Faisalabad,414.53401290045844,µg/m³,1
2025-11-04 12:00:00+00:00,Faisalabad,440.56208114624025,µg/m³,1
2025-11-04 13:00:00+00:00,Faisalabad,423.3320392608643,µg/m³,1
2025-11-07 04:00:00+00:00,Faisalabad,107.65366617838542,µg/m³,1
2025-11-07 05:00:00+00:00,Faisalabad,92.79070847829183,µg/m³,1
2025-11-07 06:00:00+00:00,Faisalabad,78.91987514495848,µg/m³,1
2025-11-07 07:00:00+00:00,Faisalabad,64.21187534332276,µg/m³,1
2025-11-07 08:00:00+00:00,Faisalabad,53.392041460673006,µg/m³,1
2025-11-07 09:00:00+00:00,Faisalabad,51.007583363850905,µg/m³,1
2025-11-07 10:00:00+00:00,Faisalabad,53.75316683451336,µg/m³,1
2025-11-07 11:00:00+00:00,Faisalabad,64.91012516021729,µg/m³,1
2025-11-07 12:00:00+00:00,Faisalabad,83.64225006103516,µg/m³,1
2025-11-07 13:00:00+00:00,Faisalabad,124.75008290608726,µg/m³,1
2025-11-07 14:00:00+00:00,Faisalabad,221.67549972534178,µg/m³,1
2025-11-07 15:00:00+00:00,Faisalabad,253.78291581471763,µg/m³,1
2025-11-07 16:00:00+00:00,Faisalabad,264.9667500813802,µg/m³,1
2025-11-07 17:00:00+00:00,Faisalabad,194.53441626230872,µg/m³,1
2025-11-07 18:00:00+00:00,Faisalabad,197.5002498626709,µg/m³,1
2025-11-07 19:00:00+00:00,Faisalabad,230.81204549616038,µg/m³,1
2025-11-07 20:00:00+00:00,Faisalabad,258.71633281707767,µg/m³,1
2025-11-07 21:00:00+00:00,Faisalabad,275.7548309326172,µg/m³,1
2025-11-07 22:00:00+00:00,Faisalabad,257.6516253789266,µg/m³,1
2025-11-07 23:00:00+00:00,Faisalabad,304.45741577148436,µg/m³,1
2025-11-08 00:00:00+00:00,Faisalabad,289.7456659952799,µg/m³,1
2025-11-08 01:00:00+00:00,Faisalabad,299.78508478800455,µg/m³,1
2025-11-08 02:00:00+00:00,Faisalabad,317.059289932251,µg/m³,1
2025-11-08 03:00:00+00:00,Faisalabad,277.6668758392334,µg/m³,1
2025-11-08 04:00:00+00:00,Faisalabad,271.19004001617435,µg/m³,1
2025-11-08 05:00:00+00:00,Faisalabad,185.27774963378906,µg/m³,1
2025-11-08 06:00:00+00:00,Faisalabad,134.68620827992754,µg/m³,1
2025-11-08 07:00:00+00:00,Faisalabad,100.39920838673908,µg/m³,1
2025-11-08 08:00:00+00:00,Faisalabad,90.95979162851971,µg/m³,1
2025-11-08 09:00:00+00:00,Faisalabad,70.6603333791097,µg/m³,1
2025-11-08 10:00:00+00:00,Faisalabad,57.80493764877319,µg/m³,1
2025-11-08 11:00:00+00:00,Faisalabad,81.54166666666667,µg/m³,1
2025-11-08 12:00:00+00:00,Faisalabad,104.72266642252605,µg/m³,1
2025-11-08 13:00:00+00:00,Faisalabad,154.02216695149738,µg/m³,1
2025-11-08 14:00:00+00:00,Faisalabad,212.75033315022787,µg/m³,1
2025-11-08 15:00:00+00:00,Faisalabad,254.5353322347005,µg/m³,1
2025-11-08 16:00:00+00:00,Faisalabad,231.5168329874674,µg/m³,1
2025-11-08 17:00:00+00:00,Faisalabad,247.5058326721191,µg/m³,1
2025-11-08 18:00:00+00:00,Faisalabad,234.26366678873697,µg/m³,1
2025-11-08 19:00:00+00:00,Faisalabad,257.3164998372395,µg/m³,1
2025-11-08 20:00:00+00:00,Faisalabad,282.2748326619466,µg/m³,1
2025-11-08 21:00:00+00:00,Faisalabad,290.86933288574215,µg/m³,1
2025-11-08 22:00:00+00:00,Faisalabad,334.35566711425776,µg/m³,1
2025-11-08 23:00:00+00:00,Faisalabad,331.3104975382486,µg/m³,1
2025-11-09 00:00:00+00:00,Faisalabad,310.03524932861325,µg/m³,1
2025-11-09 01:00:00+00:00,Faisalabad,317.0691655476888,µg/m³,1
2025-11-09 02:00:00+00:00,Faisalabad,324.7969991048177,µg/m³,1
2025-11-09 03:00:00+00:00,Faisalabad,303.81683400472,µg/m³,1
2025-11-09 04:00:00+00:00,Faisalabad,302.72850290934247,µg/m³,1
2025-11-09 05:00:00+00:00,Faisalabad,207.28633321126304,µg/m³,1
2025-11-09 06:00:00+00:00,Faisalabad,95.01100006103515,µg/m³,1
2025-11-09 07:00:00+00:00,Faisalabad,70.09733327229817,µg/m³,1
2025-11-09 08:00:00+00:00,Faisalabad,57.007833607991536,µg/m³,1
2025-11-09 09:00:00+00:00,Faisalabad,52.122499847412115,µg/m³,1
2025-11-09 10:00:00+00:00,Faisalabad,55.586333211263025,µg/m³,1
2025-11-09 11:00:00+00:00,Faisalabad,71.98033345540365,µg/m³,1
2025-11-09 12:00:00+00:00,Faisalabad,100.12416712443034,µg/m³,1
2025-11-09 13:00:00+00:00,Faisalabad,140.23016688028974,µg/m³,1
2025-11-09 14:00:00+00:00,Faisalabad,181.55316645304364,µg/m³,1
2025-11-09 15:00:00+00:00,Faisalabad,222.47516657511392,µg/m³,1
2025-11-09 16:00:00+00:00,Faisalabad,269.78100102742513,µg/m³,1
2025-11-09 17:00:00+00:00,Faisalabad,276.4556671142579,µg/m³,1
2025-11-09 18:00:00+00:00,Faisalabad,296.4221664428711,µg/m³,1
2025-11-09 19:00:00+00:00,Faisalabad,326.7393351236979,µg/m³,1
2025-11-09 20:00:00+00:00,Faisalabad,319.71099955240885,µg/m³,1
2025-11-09 21:00:00+00:00,Faisalabad,321.9030008951823,µg/m³,1
2025-11-09 22:00:00+00:00,Faisalabad,313.343830871582,µg/m³,1
2025-11-09 23:00:00+00:00,Faisalabad,350.613498433431,µg/m³,1
2025-11-10 00:00:00+00:00,Faisalabad,356.76599731445316,µg/m³,1
2025-11-10 01:00:00+00:00,Faisalabad,360.34683176676435,µg/m³,1
2025-11-10 02:00:00+00:00,Faisalabad,382.0298304239909,µg/m³,1
2025-11-10 03:00:00+00:00,Faisalabad,397.51950022379555,µg/m³,1
2025-11-10 04:00:00+00:00,Faisalabad,298.2280008951823,µg/m³,1
2025-11-10 05:00:00+00:00,Faisalabad,228.41650034586587,µg/m³,1
2025-11-10 06:00:00+00:00,Faisalabad,155.17983373006183,µg/m³,1
2025-11-10 07:00:00+00:00,Faisalabad,135.6163335164388,µg/m³,1
2025-11-10 08:00:00+00:00,Faisalabad,135.4971664428711,µg/m³,1
2025-11-10 09:00:00+00:00,Faisalabad,115.27233327229817,µg/m³,1
2025-11-10 10:00:00+00:00,Faisalabad,174.6110003153483,µg/m³,1
2025-11-10 11:00:00+00:00,Faisalabad,211.6111676534017,µg/m³,1
2025-11-10 12:00:00+00:00,Faisalabad,175.813666788737,µg/m³,1
2025-11-10 13:00:00+00:00,Faisalabad,202.54999999999998,µg/m³,1
2025-11-10 14:00:00+00:00,Faisalabad,236.12766571044924,µg/m³,1
2025-11-10 15:00:00+00:00,Faisalabad,273.1888331095378,µg/m³,1
2025-11-10 16:00:00+00:00,Faisalabad,299.98316599527993,µg/m³,1
2025-11-10 17:00:00+00:00,Faisalabad,331.5261230044894,µg/m³,1
2025-11-10 18:00:00+00:00,Faisalabad,383.44511286417645,µg/m³,1
2025-11-10 19:00:00+00:00,Faisalabad,374.6693328857422,µg/m³,1
2025-11-10 20:00:00+00:00,Faisalabad,389.39183400472,µg/m³,1
2025-11-10 21:00:00+00:00,Faisalabad,395.55866800944005,µg/m³,1
2025-11-10 22:00:00+00:00,Faisalabad,372.680332438151,µg/m³,1
2025-11-10 23:00:00+00:00,Faisalabad,377.98633422851555,µg/m³,1
2025-11-11 00:00:00+00:00,Faisalabad,390.3113342285156,µg/m³,1
2025-11-11 01:00:00+00:00,Faisalabad,382.06633199055995,µg/m³,1
2025-11-11 02:00:00+00:00,Faisalabad,370.8971664428711,µg/m³,1
2025-11-11 03:00:00+00:00,Faisalabad,346.2054997762045,µg/m³,1
2025-11-11 04:00:00+00:00,Faisalabad,298.004830678304,µg/m³,1
2025-11-11 05:00:00+00:00,Faisalabad,267.3639999389648,µg/m³,1
2025-11-11 06:00:00+00:00,Faisalabad,248.50900141398117,µg/m³,1
2025-11-11 07:00:00+00:00,Faisalabad,267.9773315429688,µg/m³,1
2025-11-11 08:00:00+00:00,Faisalabad,149.49716669718424,µg/m³,1
2025-11-11 09:00:00+00:00,Faisalabad,142.84150009155272,µg/m³,1
2025-11-11 10:00:00+00:00,Faisalabad,136.54449971516928,µg/m³,1
2025-11-11 11:00:00+00:00,Faisalabad,135.82766672770182,µg/m³,1
2025-11-11 12:00:00+00:00,Faisalabad,180.0251665751139,µg/m³,1
2025-11-11 13:00:00+00:00,Faisalabad,233.28266703287758,µg/m³,1
2025-11-11 14:00:00+00:00,Faisalabad,277.27516708374026,µg/m³,1
2025-11-11 15:00:00+00:00,Faisalabad,320.09750111897785,µg/m³,1
2025-11-11 16:00:00+00:00,Faisalabad,383.33583221435555,µg/m³,1
2025-11-11 17:00:00+00:00,Faisalabad,395.4701695760091,µg/m³,1
2025-11-11 18:00:00+00:00,Faisalabad,433.2359995524088,µg/m³,1
2025-11-11 19:00:00+00:00,Faisalabad,463.00583445231126,µg/m³,1
2025-11-11 20:00:00+00:00,Faisalabad,490.6276662190755,µg/m³,1
2025-11-11 21:00:00+00:00,Faisalabad,471.8581659952799,µg/m³,1
2025-11-11 22:00:00+00:00,Faisalabad,458.3969991048177,µg/m³,1
2025-11-11 23:00:00+00:00,Faisalabad,425.08350067138673,µg/m³,1
2025-11-12 00:00:00+00:00,Faisalabad,327.24683176676433,µg/m³,1
2025-11-12 01:00:00+00:00,Faisalabad,324.7388331095378,µg/m³,1
2025-11-12 02:00:00+00:00,Faisalabad,369.25816599527997,µg/m³,1
2025-11-12 03:00:00+00:00,Faisalabad,355.34750111897785,µg/m³,1
2025-11-12 04:00:00+00:00,Faisalabad,350.4593206193712,µg/m³,1
2025-11-12 05:00:00+00:00,Faisalabad,268.90016606648766,µg/m³,1
2025-11-12 12:00:00+00:00,Faisalabad,129.98550033569336,µg/m³,1
2025-11-12 13:00:00+00:00,Faisalabad,150.31966654459634,µg/m³,1
2025-11-12 14:00:00+00:00,Faisalabad,205.68349990844726,µg/m³,1
2025-11-12 15:00:00+00:00,Faisalabad,216.33033345540366,µg/m³,1
2025-11-12 16:00:00+00:00,Faisalabad,216.5060001373291,µg/m³,1
2025-11-12 17:00:00+00:00,Faisalabad,240.0918337504069,µg/m³,1
2025-11-12 18:00:00+00:00,Faisalabad,228.43033345540366,µg/m³,1
2025-11-12 19:00:00+00:00,Faisalabad,255.1693318684896,µg/m³,1
2025-11-12 20:00:00+00:00,Faisalabad,276.5086680094401,µg/m³,1
2025-11-12 21:00:00+00:00,Faisalabad,264.55283330281577,µg/m³,1
2025-11-12 22:00:00+00:00,Faisalabad,294.4138331095378,µg/m³,1
2025-11-12 23:00:00+00:00,Faisalabad,335.32733154296875,µg/m³,1
2025-11-13 00:00:00+00:00,Faisalabad,357.5618362426758,µg/m³,1
2025-11-13 01:00:00+00:00,Faisalabad,351.96700134277336,µg/m³,1
2025-11-13 02:00:00+00:00,Faisalabad,420.3056671142578,µg/m³,1
2025-11-13 03:00:00+00:00,Faisalabad,394.75600179036456,µg/m³,1
2025-11-13 04:00:00+00:00,Faisalabad,253.22749964396158,µg/m³,1
2025-11-13 06:00:00+00:00,Faisalabad,159.42533315022789,µg/m³,1
2025-11-13 07:00:00+00:00,Faisalabad,149.86666666666665,µg/m³,1
2025-11-13 08:00:00+00:00,Faisalabad,134.4080001831055,µg/m³,1
2025-11-13 09:00:00+00:00,Faisalabad,113.59733327229817,µg/m³,1
2025-11-13 10:00:00+00:00,Faisalabad,114.06683324178061,µg/m³,1
2025-11-13 11:00:00+00:00,Faisalabad,177.01887505849206,µg/m³,1
2025-11-13 12:00:00+00:00,Faisalabad,200.73055555555558,µg/m³,1
2025-11-13 13:00:00+00:00,Faisalabad,252.6501673380534,µg/m³,1
2025-11-13 14:00:00+00:00,Faisalabad,257.49133224487304,µg/m³,1
2025-11-13 15:00:00+00:00,Faisalabad,282.38633422851564,µg/m³,1
2025-11-13 16:00:00+00:00,Faisalabad,376.79450022379564,µg/m³,1
2025-11-13 17:00:00+00:00,Faisalabad,405.03916778564445,µg/m³,1
2025-11-13 18:00:00+00:00,Faisalabad,432.4421686808268,µg/m³,1
2025-11-13 19:00:00+00:00,Faisalabad,434.22233378092454,µg/m³,1
2025-11-13 20:00:00+00:00,Faisalabad,420.9253346761068,µg/m³,1
2025-11-13 21:00:00+00:00,Faisalabad,426.3530008951823,µg/m³,1
2025-11-13 22:00:00+00:00,Faisalabad,435.61218206232246,µg/m³,1
2025-11-13 23:00:00+00:00,Faisalabad,439.4751673380535,µg/m³,1
2025-11-14 00:00:00+00:00,Faisalabad,443.030332438151,µg/m³,1
2025-11-14 02:00:00+00:00,Faisalabad,417.753335571289,µg/m³,1
2025-11-14 03:00:00+00:00,Faisalabad,472.6060012817384,µg/m³,1
2025-11-14 04:00:00+00:00,Faisalabad,423.1949979146322,µg/m³,1
2025-11-14 13:00:00+00:00,Faisalabad,207.14983342488608,µg/m³,1
2025-11-14 14:00:00+00:00,Faisalabad,246.71666539510093,µg/m³,1
2025-11-14 15:00:00+00:00,Faisalabad,294.5911646525065,µg/m³,1
2025-11-14 16:00:00+00:00,Faisalabad,304.5301651000977,µg/m³,1
2025-11-14 17:00:00+00:00,Faisalabad,343.3517189025879,µg/m³,1
2025-11-14 18:00:00+00:00,Faisalabad,368.3036116706001,µg/m³,1
2025-11-14 19:00:00+00:00,Faisalabad,361.26100234985347,µg/m³,1
2025-11-14 20:00:00+00:00,Faisalabad,366.6219991048177,µg/m³,1
2025-11-14 21:00:00+00:00,Faisalabad,351.8638331095378,µg/m³,1
2025-11-14 22:00:00+00:00,Faisalabad,339.93916778564454,µg/m³,1
2025-11-14 23:00:00+00:00,Faisalabad,333.9975011189778,µg/m³,1
2025-11-15 00:00:00+00:00,Faisalabad,341.2941655476888,µg/m³,1
2025-11-15 01:00:00+00:00,Faisalabad,331.43916778564454,µg/m³,1
2025-11-15 02:00:00+00:00,Faisalabad,363.00583445231126,µg/m³,1
2025-11-15 03:00:00+00:00,Faisalabad,384.93116912841793,µg/m³,1
2025-11-15 04:00:00+00:00,Faisalabad,279.916498819987,µg/m³,1
2025-11-15 05:00:00+00:00,Faisalabad,159.73333333333335,µg/m³,1
2025-11-15 06:00:00+00:00,Faisalabad,149.31100006103514,µg/m³,1
2025-11-15 07:00:00+00:00,Faisalabad,107.85849990844726,µg/m³,1
2025-11-15 08:00:00+00:00,Faisalabad,72.26949996948242,µg/m³,1
2025-11-15 09:00:00+00:00,Faisalabad,69.91933339436848,µg/m³,1
2025-11-15 10:00:00+00:00,Faisalabad,61.99466654459635,µg/m³,1
2025-11-15 11:00:00+00:00,Faisalabad,55.66966654459636,µg/m³,1
2025-11-15 12:00:00+00:00,Faisalabad,79.22500000000001,µg/m³,1
2025-11-15 13:00:00+00:00,Faisalabad,309.6331667582194,µg/m³,1
2025-11-15 14:00:00+00:00,Faisalabad,278.53116709391276,µg/m³,1
2025-11-15 15:00:00+00:00,Faisalabad,250.68599904378252,µg/m³,1
2025-11-15 16:00:00+00:00,Faisalabad,382.1334991455078,µg/m³,1
2025-11-15 17:00:00+00:00,Faisalabad,293.78650156656903,µg/m³,1
2025-11-15 18:00:00+00:00,Faisalabad,268.4188308715821,µg/m³,1
2025-11-15 19:00:00+00:00,Faisalabad,296.78883310953773,µg/m³,1
2025-11-15 20:00:00+00:00,Faisalabad,339.7083333333333,µg/m³,1
2025-11-15 21:00:00+00:00,Faisalabad,332.4636657714844,µg/m³,1
2025-11-15 22:00:00+00:00,Faisalabad,327.0531682332357,µg/m³,1
2025-11-15 23:00:00+00:00,Faisalabad,321.3223337809245,µg/m³,1
2025-11-16 00:00:00+00:00,Faisalabad,340.2670013427734,µg/m³,1
2025-11-16 01:00:00+00:00,Faisalabad,335.08316599527996,µg/m³,1
2025-11-16 02:00:00+00:00,Faisalabad,350.87233378092446,µg/m³,1
2025-11-16 04:00:00+00:00,Faisalabad,218.93383280436197,µg/m³,1
2025-11-16 05:00:00+00:00,Faisalabad,234.73316650390623,µg/m³,1
2025-11-16 06:00:00+00:00,Faisalabad,138.19150009155274,µg/m³,1
2025-11-16 07:00:00+00:00,Faisalabad,148.64983342488605,µg/m³,1
2025-11-16 08:00:00+00:00,Faisalabad,134.48300018310547,µg/m³,1
2025-11-16 09:00:00+00:00,Faisalabad,126.9504997253418,µg/m³,1
2025-11-16 10:00:00+00:00,Faisalabad,108.94666697184245,µg/m³,1
2025-11-16 11:00:00+00:00,Faisalabad,119.36383336385092,µg/m³,1
2025-11-16 12:00:00+00:00,Faisalabad,153.59008344014487,µg/m³,1
2025-11-16 13:00:00+00:00,Faisalabad,212.82466684977214,µg/m³,1
2025-11-16 14:00:00+00:00,Faisalabad,270.69983266194663,µg/m³,1
2025-11-16 15:00:00+00:00,Faisalabad,323.56366577148435,µg/m³,1
2025-11-16 16:00:00+00:00,Faisalabad,374.65316823323565,µg/m³,1
2025-11-16 17:00:00+00:00,Faisalabad,386.29099731445314,µg/m³,1
2025-11-16 18:00:00+00:00,Faisalabad,347.55566711425786,µg/m³,1
2025-11-16 19:00:00+00:00,Faisalabad,382.9810017903647,µg/m³,1
2025-11-16 20:00:00+00:00,Faisalabad,381.6170013427734,µg/m³,1
2025-11-16 21:00:00+00:00,Faisalabad,402.6243306477865,µg/m³,1
2025-11-16 22:00:00+00:00,Faisalabad,420.20499776204423,µg/m³,1
2025-11-16 23:00:00+00:00,Faisalabad,460.78599955240884,µg/m³,1
2025-11-17 00:00:00+00:00,Faisalabad,459.7804997762044,µg/m³,1
2025-11-17 01:00:00+00:00,Faisalabad,410.61916554768885,µg/m³,1
2025-11-17 02:00:00+00:00,Faisalabad,423.2631637573241,µg/m³,1
2025-11-17 03:00:00+00:00,Faisalabad,423.7778335571289,µg/m³,1
2025-11-17 04:00:00+00:00,Faisalabad,295.79966735839844,µg/m³,1
2025-11-17 05:00:00+00:00,Faisalabad,209.41099955240884,µg/m³,1
2025-11-17 06:00:00+00:00,Faisalabad,167.54150009155273,µg/m³,1
2025-11-17 09:00:00+00:00,Faisalabad,90.33283360799153,µg/m³,1
2025-11-17 10:00:00+00:00,Faisalabad,91.1393330891927,µg/m³,1
2025-11-17 11:00:00+00:00,Faisalabad,116.13916651407878,µg/m³,1
2025-11-17 12:00:00+00:00,Faisalabad,113.49999999999999,µg/m³,1
2025-11-17 13:00:00+00:00,Faisalabad,177.38349990844725,µg/m³,1
2025-11-17 14:00:00+00:00,Faisalabad,230.97783330281575,µg/m³,1
2025-11-17 15:00:00+00:00,Faisalabad,231.85266672770183,µg/m³,1
2025-11-17 16:00:00+00:00,Faisalabad,276.2943747202556,µg/m³,1
2025-11-17 17:00:00+00:00,Faisalabad,333.8899598439534,µg/m³,1
2025-11-17 18:00:00+00:00,Faisalabad,322.1893351236979,µg/m³,1
2025-11-17 19:00:00+00:00,Faisalabad,272.29699961344403,µg/m³,1
2025-11-17 20:00:00+00:00,Faisalabad,222.48933308919268,µg/m³,1
2025-11-17 21:00:00+00:00,Faisalabad,221.28866678873695,µg/m³,1
2025-11-17 22:00:00+00:00,Faisalabad,240.39716695149738,µg/m³,1
2025-11-17 23:00:00+00:00,Faisalabad,250.72216695149743,µg/m³,1
2025-11-18 00:00:00+00:00,Faisalabad,265.2310012817383,µg/m³,1
2025-11-18 01:00:00+00:00,Faisalabad,287.44983240763344,µg/m³,1
2025-11-18 02:00:00+00:00,Faisalabad,357.4140004475912,µg/m³,1
2025-11-18 03:00:00+00:00,Faisalabad,473.5223347981771,µg/m³,1
2025-11-18 05:00:00+00:00,Faisalabad,346.13549753824867,µg/m³,1
2025-11-18 06:00:00+00:00,Faisalabad,341.20533243815106,µg/m³,1
2025-11-18 07:00:00+00:00,Faisalabad,159.84179121653239,µg/m³,1
2025-11-18 08:00:00+00:00,Faisalabad,124.67766672770182,µg/m³,1
2025-11-18 09:00:00+00:00,Faisalabad,116.62491671244305,µg/m³,1
2025-11-18 10:00:00+00:00,Faisalabad,142.6188885582818,µg/m³,1
2025-11-18 11:00:00+00:00,Faisalabad,136.62450052897134,µg/m³,1
2025-11-18 12:00:00+00:00,Faisalabad,164.95283330281578,µg/m³,1
2025-11-18 13:00:00+00:00,Faisalabad,237.90350011189778,µg/m³,1
2025-11-18 14:00:00+00:00,Faisalabad,274.06133422851565,µg/m³,1
2025-11-18 15:00:00+00:00,Faisalabad,287.8943328857422,µg/m³,1
2025-11-18 16:00:00+00:00,Faisalabad,291.78049977620446,µg/m³,1
2025-11-18 17:00:00+00:00,Faisalabad,292.68049977620444,µg/m³,1
2025-11-18 18:00:00+00:00,Faisalabad,312.81383310953777,µg/m³,1
2025-11-18 19:00:00+00:00,Faisalabad,357.8781682332356,µg/m³,1
2025-11-18 20:00:00+00:00,Faisalabad,358.075,µg/m³,1
2025-11-18 21:00:00+00:00,Faisalabad,314.55,µg/m³,1
2025-11-18 22:00:00+00:00,Faisalabad,321.20350290934243,µg/m³,1
2025-11-18 23:00:00+00:00,Faisalabad,352.3260040283203,µg/m³,1
2025-11-19 00:00:00+00:00,Faisalabad,348.2707524617513,µg/m³,1
2025-11-19 01:00:00+00:00,Faisalabad,308.8140004475911,µg/m³,1
2025-11-19 02:00:00+00:00,Faisalabad,294.256169128418,µg/m³,1
2025-11-19 03:00:00+00:00,Faisalabad,281.6106648763021,µg/m³,1
2025-11-19 04:00:00+00:00,Faisalabad,241.86350021362304,µg/m³,1
2025-11-19 05:00:00+00:00,Faisalabad,232.2334996541341,µg/m³,1
2025-11-19 06:00:00+00:00,Faisalabad,184.48866678873696,µg/m³,1
2025-11-19 07:00:00+00:00,Faisalabad,135.08050003051758,µg/m³,1
2025-11-19 08:00:00+00:00,Faisalabad,121.50566660563152,µg/m³,1
2025-11-19 09:00:00+00:00,Faisalabad,105.78616663614908,µg/m³,1
2025-11-19 10:00:00+00:00,Faisalabad,106.28383305867511,µg/m³,1
2025-11-19 11:00:00+00:00,Faisalabad,135.23899993896484,µg/m³,1
2025-11-19 12:00:00+00:00,Faisalabad,130.4940002441406,µg/m³,1
2025-11-19 13:00:00+00:00,Faisalabad,182.25566660563152,µg/m³,1
2025-11-19 14:00:00+00:00,Faisalabad,258.90283330281574,µg/m³,1
2025-11-19 15:00:00+00:00,Faisalabad,299.6558344523112,µg/m³,1
2025-11-19 16:00:00+00:00,Faisalabad,277.0716644287109,µg/m³,1
2025-11-19 17:00:00+00:00,Faisalabad,296.83366800944015,µg/m³,1
2025-11-19 18:00:00+00:00,Faisalabad,300.95833358764645,µg/m³,1
2025-11-19 19:00:00+00:00,Faisalabad,234.8418327331543,µg/m³,1
2025-11-19 20:00:00+00:00,Faisalabad,218.14400024414059,µg/m³,1
2025-11-19 21:00:00+00:00,Faisalabad,236.4415008544922,µg/m³,1
2025-11-19 22:00:00+00:00,Faisalabad,215.6916666666667,µg/m³,1
2025-11-19 23:00:00+00:00,Faisalabad,233.436333211263,µg/m³,1
2025-11-20 00:00:00+00:00,Faisalabad,248.70800069173174,µg/m³,1
2025-11-20 01:00:00+00:00,Faisalabad,263.1352935155233,µg/m³,1
2025-11-20 02:00:00+00:00,Faisalabad,276.3445002237956,µg/m³,1
2025-11-20 03:00:00+00:00,Faisalabad,291.8168340047201,µg/m³,1
2025-11-20 04:00:00+00:00,Faisalabad,314.28834743499755,µg/m³,1
2025-11-20 05:00:00+00:00,Faisalabad,268.34555539025206,µg/m³,1
2025-11-20 06:00:00+00:00,Faisalabad,285.33333333333337,µg/m³,1
2025-11-20 07:00:00+00:00,Faisalabad,201.07466634114584,µg/m³,1
2025-11-20 08:00:00+00:00,Faisalabad,151.88600006103513,µg/m³,1
2025-11-20 09:00:00+00:00,Faisalabad,178.27516682942704,µg/m³,1
2025-11-20 10:00:00+00:00,Faisalabad,144.59666697184244,µg/m³,1
2025-11-20 11:00:00+00:00,Faisalabad,157.32333323160805,µg/m³,1
2025-11-20 12:00:00+00:00,Faisalabad,190.10316645304366,µg/m³,1
2025-11-20 13:00:00+00:00,Faisalabad,243.19216715494795,µg/m³,1
2025-11-20 14:00:00+00:00,Faisalabad,255.37266743977864,µg/m³,1
2025-11-20 15:00:00+00:00,Faisalabad,271.8945004781087,µg/m³,1
2025-11-20 16:00:00+00:00,Faisalabad,295.2778335571289,µg/m³,1
2025-11-20 17:00:00+00:00,Faisalabad,299.28283131917317,µg/m³,1
2025-11-20 18:00:00+00:00,Faisalabad,301.3163319905599,µg/m³,1
2025-11-20 19:00:00+00:00,Faisalabad,338.0530008951823,µg/m³,1
2025-11-20 20:00:00+00:00,Faisalabad,277.59433288574223,µg/m³,1
2025-11-20 21:00:00+00:00,Faisalabad,255.17483215332035,µg/m³,1
2025-11-20 22:00:00+00:00,Faisalabad,245.4306666056316,µg/m³,1
2025-11-20 23:00:00+00:00,Faisalabad,248.76683324178057,µg/m³,1
2025-11-21 00:00:00+00:00,Faisalabad,250.04966608683264,µg/m³,1
2025-11-21 01:00:00+00:00,Faisalabad,278.1576639811198,µg/m³,1
2025-11-21 02:00:00+00:00,Faisalabad,299.38049977620443,µg/m³,1
2025-11-21 03:00:00+00:00,Faisalabad,366.55016733805337,µg/m³,1
2025-11-21 04:00:00+00:00,Faisalabad,442.9083333333335,µg/m³,1
2025-11-21 05:00:00+00:00,Faisalabad,295.410498046875,µg/m³,1
2025-11-21 06:00:00+00:00,Faisalabad,181.53883336385093,µg/m³,1
2025-11-21 07:00:00+00:00,Faisalabad,184.78883336385093,µg/m³,1
2025-11-21 08:00:00+00:00,Faisalabad,157.3220001220703,µg/m³,1
2025-11-21 09:00:00+00:00,Faisalabad,164.75550028483073,µg/m³,1
2025-11-21 10:00:00+00:00,Faisalabad,183.41933441162112,µg/m³,1
2025-11-21 11:00:00+00:00,Faisalabad,180.27199986775716,µg/m³,1
2025-11-21 12:00:00+00:00,Faisalabad,208.98650004069012,µg/m³,1
2025-11-21 13:00:00+00:00,Faisalabad,315.89427710639114,µg/m³,1
2025-11-21 14:00:00+00:00,Faisalabad,396.005332438151,µg/m³,1
2025-11-21 15:00:00+00:00,Faisalabad,348.2945448557536,µg/m³,1
2025-11-21 16:00:00+00:00,Faisalabad,295.2994998508029,µg/m³,1
2025-11-21 17:00:00+00:00,Faisalabad,267.9048301696777,µg/m³,1
2025-11-21 18:00:00+00:00,Faisalabad,270.3036675771078,µg/m³,1
2025-11-21 19:00:00+00:00,Faisalabad,286.2859995524089,µg/m³,1
2025-11-21 20:00:00+00:00,Faisalabad,294.3222054799398,µg/m³,1
2025-11-21 21:00:00+00:00,Faisalabad,281.82233378092445,µg/m³,1
2025-11-21 22:00:00+00:00,Faisalabad,283.4695002237956,µg/m³,1
2025-11-21 23:00:00+00:00,Faisalabad,293.30216420491536,µg/m³,1
2025-11-22 00:00:00+00:00,Faisalabad,275.3881637573242,µg/m³,1
2025-11-22 01:00:00+00:00,Faisalabad,270.3721664428711,µg/m³,1
2025-11-22 02:00:00+00:00,Faisalabad,291.2416666666667,µg/m³,1
2025-11-22 03:00:00+00:00,Faisalabad,363.41649932861327,µg/m³,1
2025-11-22 04:00:00+00:00,Faisalabad,380.9388331095378,µg/m³,1
2025-11-22 05:00:00+00:00,Faisalabad,299.4446683247884,µg/m³,1
2025-11-22 06:00:00+00:00,Faisalabad,189.34716669718424,µg/m³,1
2025-11-22 07:00:00+00:00,Faisalabad,147.761333211263,µg/m³,1
2025-11-22 08:00:00+00:00,Faisalabad,110.25883305867511,µg/m³,1
2025-11-22 09:00:00+00:00,Faisalabad,107.2668332417806,µg/m³,1
2025-11-22 10:00:00+00:00,Faisalabad,112.29183324178058,µg/m³,1
2025-11-22 11:00:00+00:00,Faisalabad,119.57466684977214,µg/m³,1
2025-11-22 12:00:00+00:00,Faisalabad,158.475,µg/m³,1
2025-11-22 13:00:00+00:00,Faisalabad,202.79766642252605,µg/m³,1
2025-11-22 14:00:00+00:00,Faisalabad,286.18833109537763,µg/m³,1
2025-11-22 15:00:00+00:00,Faisalabad,316.7473337809245,µg/m³,1
2025-11-22 16:00:00+00:00,Faisalabad,412.50583445231115,µg/m³,1
2025-11-22 17:00:00+00:00,Faisalabad,433.5335006713867,µg/m³,1
2025-11-22 18:00:00+00:00,Faisalabad,428.21700134277353,µg/m³,1
2025-11-22 19:00:00+00:00,Faisalabad,409.7391677856445,µg/m³,1
2025-11-22 20:00:00+00:00,Faisalabad,416.4248326619466,µg/m³,1
2025-11-22 21:00:00+00:00,Faisalabad,417.52516733805334,µg/m³,1
2025-11-22 22:00:00+00:00,Faisalabad,421.51899820963536,µg/m³,1
2025-11-22 23:00:00+00:00,Faisalabad,391.8471664428711,µg/m³,1
2025-11-23 00:00:00+00:00,Faisalabad,365.4554997762045,µg/m³,1
2025-11-23 01:00:00+00:00,Faisalabad,360.8366689046224,µg/m³,1
2025-11-23 02:00:00+00:00,Faisalabad,379.46383310953775,µg/m³,1
2025-11-23 03:00:00+00:00,Faisalabad,420.7251673380535,µg/m³,1
2025-11-23 04:00:00+00:00,Faisalabad,445.4283350626628,µg/m³,1
2025-11-23 05:00:00+00:00,Faisalabad,272.9946675618489,µg/m³,1
2025-11-23 06:00:00+00:00,Faisalabad,166.62183354695637,µg/m³,1
2025-11-23 07:00:00+00:00,Faisalabad,163.8561663309733,µg/m³,1
2025-11-23 08:00:00+00:00,Faisalabad,133.4808331807454,µg/m³,1
2025-11-23 09:00:00+00:00,Faisalabad,103.72266642252605,µg/m³,1
2025-11-23 13:00:00+00:00,Faisalabad,190.96166636149087,µg/m³,1
2025-11-23 14:00:00+00:00,Faisalabad,228.56366678873692,µg/m³,1
2025-11-23 15:00:00+00:00,Faisalabad,280.3581657409668,µg/m³,1
2025-11-23 16:00:00+00:00,Faisalabad,352.67404060363765,µg/m³,1
2025-11-23 17:00:00+00:00,Faisalabad,386.59983266194655,µg/m³,1
2025-11-23 18:00:00+00:00,Faisalabad,404.0847222222222,µg/m³,1
2025-11-23 19:00:00+00:00,Faisalabad,410.72550201416016,µg/m³,1
2025-11-23 20:00:00+00:00,Faisalabad,419.1853302001953,µg/m³,1
2025-11-23 21:00:00+00:00,Faisalabad,427.10533243815104,µg/m³,1
2025-11-23 22:00:00+00:00,Faisalabad,445.92940854159275,µg/m³,1
2025-11-23 23:00:00+00:00,Faisalabad,400.2553324381511,µg/m³,1
2025-11-24 00:00:00+00:00,Faisalabad,385.6133310953776,µg/m³,1
2025-11-24 01:00:00+00:00,Faisalabad,396.9780008951823,µg/m³,1
2025-11-24 02:00:00+00:00,Faisalabad,422.58583221435555,µg/m³,1
2025-11-24 04:00:00+00:00,Faisalabad,540.7581675211588,µg/m³,1
2025-11-24 05:00:00+00:00,Faisalabad,520.2561246236165,µg/m³,1
2025-11-24 06:00:00+00:00,Faisalabad,326.4079986572266,µg/m³,1
2025-11-24 07:00:00+00:00,Faisalabad,276.96217041015626,µg/m³,1
2025-11-24 08:00:00+00:00,Faisalabad,199.8383336385091,µg/m³,1
2025-11-24 09:00:00+00:00,Faisalabad,167.95849990844727,µg/m³,1
2025-11-24 10:00:00+00:00,Faisalabad,129.32533315022786,µg/m³,1
2025-11-24 11:00:00+00:00,Faisalabad,152.26666666666668,µg/m³,1
2025-11-24 12:00:00+00:00,Faisalabad,203.25583318074544,µg/m³,1
2025-11-24 13:00:00+00:00,Faisalabad,269.8719996134441,µg/m³,1
2025-11-24 14:00:00+00:00,Faisalabad,296.33016510009764,µg/m³,1
2025-11-24 15:00:00+00:00,Faisalabad,312.7198348999023,µg/m³,1
2025-11-24 16:00:00+00:00,Faisalabad,331.71200358072923,µg/m³,1
2025-11-24 17:00:00+00:00,Faisalabad,360.3890004475911,µg/m³,1
2025-11-24 18:00:00+00:00,Faisalabad,377.1689982096354,µg/m³,1
2025-11-24 19:00:00+00:00,Faisalabad,419.5574966430664,µg/m³,1
2025-11-24 20:00:00+00:00,Faisalabad,396.52733154296874,µg/m³,1
2025-11-24 21:00:00+00:00,Faisalabad,370.93717091878256,µg/m³,1
2025-11-24 22:00:00+00:00,Faisalabad,365.49983266194664,µg/m³,1
2025-11-24 23:00:00+00:00,Faisalabad,359.55127175071027,µg/m³,1
2025-11-25 04:00:00+00:00,Faisalabad,429.31700134277344,µg/m³,1
2025-11-25 05:00:00+00:00,Faisalabad,225.286957359314,µg/m³,1
2025-11-25 06:00:00+00:00,Faisalabad,155.88866678873697,µg/m³,1
2025-11-25 07:00:00+00:00,Faisalabad,131.51650009155273,µg/m³,1
2025-11-25 08:00:00+00:00,Faisalabad,122.67783330281576,µg/m³,1
2025-11-25 09:00:00+00:00,Faisalabad,124.36694454616969,µg/m³,1
2025-11-25 10:00:00+00:00,Faisalabad,116.15758336385092,µg/m³,1
2025-11-25 11:00:00+00:00,Faisalabad,128.73608322143554,µg/m³,1
2025-11-25 12:00:00+00:00,Faisalabad,171.51100006103516,µg/m³,1
2025-11-25 13:00:00+00:00,Faisalabad,219.00799992879232,µg/m³,1
2025-11-25 14:00:00+00:00,Faisalabad,266.74783604939773,µg/m³,1
2025-11-25 15:00:00+00:00,Faisalabad,315.8761109246148,µg/m³,1
2025-11-25 16:00:00+00:00,Faisalabad,346.8882623036702,µg/m³,1
2025-11-25 17:00:00+00:00,Faisalabad,367.5829986572266,µg/m³,1
2025-11-25 18:00:00+00:00,Faisalabad,372.9416666666666,µg/m³,1
2025-11-25 19:00:00+00:00,Faisalabad,373.57250111897787,µg/m³,1
2025-11-25 20:00:00+00:00,Faisalabad,281.0413324991862,µg/m³,1
2025-11-25 21:00:00+00:00,Faisalabad,315.2359995524088,µg/m³,1
2025-11-25 22:00:00+00:00,Faisalabad,326.31933288574214,µg/m³,1
2025-11-25 23:00:00+00:00,Faisalabad,334.44183400472,µg/m³,1
2025-11-26 00:00:00+00:00,Faisalabad,346.7943328857421,µg/m³,1
2025-11-26 01:00:00+00:00,Faisalabad,357.27500000000003,µg/m³,1
2025-11-26 02:00:00+00:00,Faisalabad,369.4811691284179,µg/m³,1
2025-11-26 03:00:00+00:00,Faisalabad,388.48283131917316,µg/m³,1
2025-11-26 04:00:00+00:00,Faisalabad,392.02233454386396,µg/m³,1
2025-11-26 05:00:00+00:00,Faisalabad,203.70254179636638,µg/m³,1
2025-11-26 06:00:00+00:00,Faisalabad,174.4643330891927,µg/m³,1
2025-11-26 07:00:00+00:00,Faisalabad,166.61966654459636,µg/m³,1
2025-11-26 08:00:00+00:00,Faisalabad,212.9944999694824,µg/m³,1
2025-11-26 09:00:00+00:00,Faisalabad,196.85883331298828,µg/m³,1
2025-11-26 10:00:00+00:00,Faisalabad,165.312652821011,µg/m³,1
2025-11-26 11:00:00+00:00,Faisalabad,164.42200037638347,µg/m³,1
2025-11-26 12:00:00+00:00,Faisalabad,217.40091679890952,µg/m³,1
2025-11-26 13:00:00+00:00,Faisalabad,308.33983713785807,µg/m³,1
2025-11-26 14:00:00+00:00,Faisalabad,357.0085006713867,µg/m³,1
2025-11-26 15:00:00+00:00,Faisalabad,399.2858322143554,µg/m³,1
2025-11-26 16:00:00+00:00,Faisalabad,443.6164993286133,µg/m³,1
2025-11-26 17:00:00+00:00,Faisalabad,393.61933288574215,µg/m³,1
2025-11-26 18:00:00+00:00,Faisalabad,337.1604975382487,µg/m³,1
2025-11-26 19:00:00+00:00,Faisalabad,321.36366577148436,µg/m³,1
2025-11-26 20:00:00+00:00,Faisalabad,309.00016733805336,µg/m³,1
2025-11-26 21:00:00+00:00,Faisalabad,331.28616689046225,µg/m³,1
2025-11-26 22:00:00+00:00,Faisalabad,340.0219991048177,µg/m³,1
2025-11-26 23:00:00+00:00,Faisalabad,316.6106648763021,µg/m³,1
2025-11-27 00:00:00+00:00,Faisalabad,308.03916778564445,µg/m³,1
2025-11-27 01:00:00+00:00,Faisalabad,309.41983489990236,µg/m³,1
2025-11-27 02:00:00+00:00,Faisalabad,306.8006665547689,µg/m³,1
2025-11-27 03:00:00+00:00,Faisalabad,353.5579986572265,µg/m³,1
2025-11-27 04:00:00+00:00,Faisalabad,395.6024988810221,µg/m³,1
2025-11-27 05:00:00+00:00,Faisalabad,218.9028340657552,µg/m³,1
2025-11-27 06:00:00+00:00,Faisalabad,151.06100006103514,µg/m³,1
2025-11-27 07:00:00+00:00,Faisalabad,133.08325004577637,µg/m³,1
2025-11-27 08:00:00+00:00,Faisalabad,111.75304114023844,µg/m³,1
2025-11-27 09:00:00+00:00,Faisalabad,107.83052804734972,µg/m³,1
2025-11-27 10:00:00+00:00,Faisalabad,114.10026387108697,µg/m³,1
2025-11-27 11:00:00+00:00,Faisalabad,134.1892915725708,µg/m³,1
2025-11-27 12:00:00+00:00,Faisalabad,179.361749903361,µg/m³,1
2025-11-27 13:00:00+00:00,Faisalabad,240.87752867804633,µg/m³,1
2025-11-27 14:00:00+00:00,Faisalabad,298.54566599527993,µg/m³,1
2025-11-27 15:00:00+00:00,Faisalabad,353.153681394789,µg/m³,1
2025-11-27 16:00:00+00:00,Faisalabad,385.0897376590305,µg/m³,1
2025-11-27 17:00:00+00:00,Faisalabad,444.85634854634606,µg/m³,1
2025-11-27 18:00:00+00:00,Faisalabad,521.1477909935846,µg/m³,1
2025-11-27 19:00:00+00:00,Faisalabad,548.7083333333333,µg/m³,1
2025-11-27 20:00:00+00:00,Faisalabad,510.2939987182617,µg/m³,1
2025-11-27 21:00:00+00:00,Faisalabad,445.0109995524088,µg/m³,1
2025-11-27 22:00:00+00:00,Faisalabad,382.8638331095378,µg/m³,1
2025-11-27 23:00:00+00:00,Faisalabad,372.9393351236979,µg/m³,1
2025-11-28 00:00:00+00:00,Faisalabad,380.6359995524088,µg/m³,1
2025-11-28 01:00:00+00:00,Faisalabad,372.52533467610675,µg/m³,1
2025-11-28 02:00:00+00:00,Faisalabad,382.6895024617513,µg/m³,1
2025-11-28 03:00:00+00:00,Faisalabad,326.57245648701985,µg/m³,1
2025-11-28 04:00:00+00:00,Faisalabad,282.76633173624674,µg/m³,1
2025-11-28 05:00:00+00:00,Faisalabad,191.7949996948242,µg/m³,1
2025-11-28 06:00:00+00:00,Faisalabad,160.78866678873698,µg/m³,1
2025-11-28 07:00:00+00:00,Faisalabad,170.9586664835612,µg/m³,1
2025-11-28 08:00:00+00:00,Faisalabad,119.88349990844728,µg/m³,1
2025-11-28 09:00:00+00:00,Faisalabad,101.59983342488607,µg/m³,1
2025-11-28 10:00:00+00:00,Faisalabad,95.09199981689453,µg/m³,1
2025-11-28 11:00:00+00:00,Faisalabad,112.50883305867514,µg/m³,1
2025-11-28 12:00:00+00:00,Faisalabad,211.59558410644527,µg/m³,1
2025-11-28 13:00:00+00:00,Faisalabad,244.90349934895832,µg/m³,1
2025-11-28 14:00:00+00:00,Faisalabad,301.7473965454102,µg/m³,1
2025-11-28 15:00:00+00:00,Faisalabad,342.38916778564453,µg/m³,1
2025-11-28 16:00:00+00:00,Faisalabad,390.7586680094401,µg/m³,1
2025-11-28 17:00:00+00:00,Faisalabad,431.88049977620443,µg/m³,1
2025-11-28 18:00:00+00:00,Faisalabad,463.32500000000005,µg/m³,1
2025-11-28 19:00:00+00:00,Faisalabad,461.605332438151,µg/m³,1
2025-11-28 20:00:00+00:00,Faisalabad,469.60883534749354,µg/m³,1
2025-11-28 21:00:00+00:00,Faisalabad,478.08516286214194,µg/m³,1
2025-11-28 22:00:00+00:00,Faisalabad,412.90833333333336,µg/m³,1
2025-11-28 23:00:00+00:00,Faisalabad,383.0358322143554,µg/m³,1
2025-11-29 00:00:00+00:00,Faisalabad,383.61700134277345,µg/m³,1
2025-11-29 01:00:00+00:00,Faisalabad,392.1921686808268,µg/m³,1
2025-11-29 02:00:00+00:00,Faisalabad,380.7814982096354,µg/m³,1
2025-11-29 03:00:00+00:00,Faisalabad,310.09133199055987,µg/m³,1
2025-11-29 04:00:00+00:00,Faisalabad,257.1274996439616,µg/m³,1
2025-11-29 05:00:00+00:00,Faisalabad,285.8141682942708,µg/m³,1
2025-11-29 06:00:00+00:00,Faisalabad,194.25299987792968,µg/m³,1
2025-11-29 07:00:00+00:00,Faisalabad,119.58399963378906,µg/m³,1
2025-11-29 08:00:00+00:00,Faisalabad,99.09133351643878,µg/m³,1
2025-11-29 09:00:00+00:00,Faisalabad,87.01949996948241,µg/m³,1
2025-11-29 10:00:00+00:00,Faisalabad,62.04199981689454,µg/m³,1
2025-11-29 11:00:00+00:00,Faisalabad,61.86416651407878,µg/m³,1
2025-11-29 12:00:00+00:00,Faisalabad,93.69933369954428,µg/m³,1
2025-11-29 13:00:00+00:00,Faisalabad,146.14199981689453,µg/m³,1
2025-11-29 14:00:00+00:00,Faisalabad,223.73266703287763,µg/m³,1
2025-11-29 15:00:00+00:00,Faisalabad,303.08650131225585,µg/m³,1
2025-11-29 16:00:00+00:00,Faisalabad,368.53566487630206,µg/m³,1
2025-11-29 17:00:00+00:00,Faisalabad,351.23616689046224,µg/m³,1
2025-11-29 18:00:00+00:00,Faisalabad,415.976996866862,µg/m³,1
2025-11-29 19:00:00+00:00,Faisalabad,376.27266845703116,µg/m³,1
2025-11-29 20:00:00+00:00,Faisalabad,349.09766845703126,µg/m³,1
2025-11-29 21:00:00+00:00,Faisalabad,331.7883310953776,µg/m³,1
2025-11-29 22:00:00+00:00,Faisalabad,254.7524996439616,µg/m³,1
2025-11-29 23:00:00+00:00,Faisalabad,273.68116811116533,µg/m³,1
2025-11-30 00:00:00+00:00,Faisalabad,274.3413319905599,µg/m³,1
2025-11-30 01:00:00+00:00,Faisalabad,283.75283355712884,µg/m³,1
2025-11-30 02:00:00+00:00,Faisalabad,270.0233765920004,µg/m³,1
2025-11-30 03:00:00+00:00,Faisalabad,315.175,µg/m³,1
2025-11-30 04:00:00+00:00,Faisalabad,353.60333557128905,µg/m³,1
2025-11-30 05:00:00+00:00,Faisalabad,203.43616638183593,µg/m³,1
2025-11-30 06:00:00+00:00,Faisalabad,143.53899993896485,µg/m³,1
2025-11-30 07:00:00+00:00,Faisalabad,110.10566660563153,µg/m³,1
2025-11-30 08:00:00+00:00,Faisalabad,80.80283330281576,µg/m³,1
2025-11-30 09:00:00+00:00,Faisalabad,60.263999938964844,µg/m³,1
2025-11-30 10:00:00+00:00,Faisalabad,54.82216669718425,µg/m³,1
2025-11-30 11:00:00+00:00,Faisalabad,70.43300018310546,µg/m³,1
2025-11-30 12:00:00+00:00,Faisalabad,113.13327276056462,µg/m³,1
2025-11-30 13:00:00+00:00,Faisalabad,155.70283330281575,µg/m³,1
2025-11-30 14:00:00+00:00,Faisalabad,217.53066635131833,µg/m³,1
2025-11-30 15:00:00+00:00,Faisalabad,258.4411656697592,µg/m³,1
2025-11-30 16:00:00+00:00,Faisalabad,259.28633371988934,µg/m³,1
2025-11-30 17:00:00+00:00,Faisalabad,316.9693328857422,µg/m³,1
2025-11-30 18:00:00+00:00,Faisalabad,311.1695002237956,µg/m³,1
2025-11-30 19:00:00+00:00,Faisalabad,308.0943333943685,µg/m³,1
2025-11-30 20:00:00+00:00,Faisalabad,300.86366577148436,µg/m³,1
2025-11-30 21:00:00+00:00,Faisalabad,288.54933064778646,µg/m³,1
2025-11-30 22:00:00+00:00,Faisalabad,304.6828313191732,µg/m³,1
2025-11-30 23:00:00+00:00,Faisalabad,341.6973337809245,µg/m³,1
2025-12-01 00:00:00+00:00,Faisalabad,365.63916778564453,µg/m³,1
2025-12-01 01:00:00+00:00,Faisalabad,372.01966756184896,µg/m³,1
2025-12-01 02:00:00+00:00,Faisalabad,376.2645024617513,µg/m³,1
2025-12-01 03:00:00+00:00,Faisalabad,445.778000386556,µg/m³,1
2025-12-01 04:00:00+00:00,Faisalabad,455.2753346761067,µg/m³,1
2025-12-01 05:00:00+00:00,Faisalabad,429.75283355712895,µg/m³,1
2025-12-01 06:00:00+00:00,Faisalabad,377.2943328857423,µg/m³,1
2025-12-01 07:00:00+00:00,Faisalabad,261.578333791097,µg/m³,1
2025-12-01 09:00:00+00:00,Faisalabad,123.7918332417806,µg/m³,1
2025-12-01 10:00:00+00:00,Faisalabad,108.24199981689452,µg/m³,1
2025-12-01 11:00:00+00:00,Faisalabad,113.62233327229818,µg/m³,1
2025-12-01 12:00:00+00:00,Faisalabad,139.72200037638348,µg/m³,1
2025-12-01 13:00:00+00:00,Faisalabad,191.88050003051762,µg/m³,1
2025-12-01 14:00:00+00:00,Faisalabad,248.6613327026367,µg/m³,1
2025-12-01 15:00:00+00:00,Faisalabad,283.4859995524088,µg/m³,1
2025-12-01 16:00:00+00:00,Faisalabad,329.7585006713867,µg/m³,1
2025-12-01 17:00:00+00:00,Faisalabad,427.96450246175135,µg/m³,1
2025-12-01 18:00:00+00:00,Faisalabad,400.1551651000977,µg/m³,1
2025-12-01 19:00:00+00:00,Faisalabad,418.54649709065757,µg/m³,1
2025-12-01 20:00:00+00:00,Faisalabad,435.55866800944005,µg/m³,1
2025-12-01 21:00:00+00:00,Faisalabad,427.6438336690267,µg/m³,1
2025-12-01 22:00:00+00:00,Faisalabad,383.55816599528,µg/m³,1
2025-12-01 23:00:00+00:00,Faisalabad,384.20283355712894,µg/m³,1
2025-12-02 00:00:00+00:00,Faisalabad,384.6001673380534,µg/m³,1
2025-12-02 01:00:00+00:00,Faisalabad,373.96666666666664,µg/m³,1
2025-12-02 02:00:00+00:00,Faisalabad,386.76383310953776,µg/m³,1
2025-12-02 03:00:00+00:00,Faisalabad,370.33672873757104,µg/m³,1
2025-12-02 04:00:00+00:00,Faisalabad,305.5524988810222,µg/m³,1
2025-12-02 05:00:00+00:00,Faisalabad,346.56633199055995,µg/m³,1
2025-12-02 06:00:00+00:00,Faisalabad,243.82799835205083,µg/m³,1
2025-12-02 07:00:00+00:00,Faisalabad,246.15033315022785,µg/m³,1
2025-12-02 08:00:00+00:00,Faisalabad,297.31949996948237,µg/m³,1
2025-12-02 09:00:00+00:00,Faisalabad,204.47800013224284,µg/m³,1
2025-12-02 10:00:00+00:00,Faisalabad,166.84966684977215,µg/m³,1
2025-12-02 11:00:00+00:00,Faisalabad,208.7834996541341,µg/m³,1
2025-12-02 12:00:00+00:00,Faisalabad,253.6056668599447,µg/m³,1
2025-12-02 13:00:00+00:00,Faisalabad,313.0891677856445,µg/m³,1
2025-12-02 14:00:00+00:00,Faisalabad,321.4166666666667,µg/m³,1
2025-12-02 15:00:00+00:00,Faisalabad,389.6590026855469,µg/m³,1
2025-12-02 16:00:00+00:00,Faisalabad,391.9445002237956,µg/m³,1
2025-12-02 17:00:00+00:00,Faisalabad,447.8859995524089,µg/m³,1
2025-12-02 18:00:00+00:00,Faisalabad,521.7971679687499,µg/m³,1
2025-12-02 19:00:00+00:00,Faisalabad,496.60566558837894,µg/m³,1
2025-12-02 20:00:00+00:00,Faisalabad,482.9641677856445,µg/m³,1
2025-12-02 21:00:00+00:00,Faisalabad,486.2606648763021,µg/m³,1
2025-12-02 22:00:00+00:00,Faisalabad,491.11866353352866,µg/m³,1
2025-12-02 23:00:00+00:00,Faisalabad,491.4141677856446,µg/m³,1
2025-12-03 00:00:00+00:00,Faisalabad,486.7416666666666,µg/m³,1
2025-12-03 01:00:00+00:00,Faisalabad,486.69683176676443,µg/m³,1
2025-12-03 02:00:00+00:00,Faisalabad,460.1806671142578,µg/m³,1
2025-12-03 03:00:00+00:00,Faisalabad,387.41983489990236,µg/m³,1
2025-12-03 04:00:00+00:00,Faisalabad,312.91433512369787,µg/m³,1
2025-12-03 05:00:00+00:00,Faisalabad,218.4109987894694,µg/m³,1
2025-12-03 06:00:00+00:00,Faisalabad,164.79983342488606,µg/m³,1
2025-12-03 07:00:00+00:00,Faisalabad,154.01683324178057,µg/m³,1
2025-12-03 08:00:00+00:00,Faisalabad,175.71900024414063,µg/m³,1
2025-12-03 09:00:00+00:00,Faisalabad,140.85800018310547,µg/m³,1
2025-12-03 10:00:00+00:00,Faisalabad,130.56916681925455,µg/m³,1
2025-12-03 11:00:00+00:00,Faisalabad,131.36983337402341,µg/m³,1
2025-12-03 12:00:00+00:00,Faisalabad,173.0943333943685,µg/m³,1
2025-12-03 13:00:00+00:00,Faisalabad,218.46949996948243,µg/m³,1
2025-12-03 14:00:00+00:00,Faisalabad,259.486526743571,µg/m³,1
2025-12-03 15:00:00+00:00,Faisalabad,329.45886880380135,µg/m³,1
2025-12-03 16:00:00+00:00,Faisalabad,399.35179189046227,µg/m³,1
2025-12-03 17:00:00+00:00,Faisalabad,397.14166666666665,µg/m³,1
2025-12-03 18:00:00+00:00,Faisalabad,356.9693328857422,µg/m³,1
2025-12-03 19:00:00+00:00,Faisalabad,290.2218317667643,µg/m³,1
2025-12-03 20:00:00+00:00,Faisalabad,247.73899943033857,µg/m³,1
2025-12-03 21:00:00+00:00,Faisalabad,261.6634999593099,µg/m³,1
2025-12-03 22:00:00+00:00,Faisalabad,255.61183268229163,µg/m³,1
2025-12-03 23:00:00+00:00,Faisalabad,244.12183354695637,µg/m³,1
2025-12-04 00:00:00+00:00,Faisalabad,264.18883361816404,µg/m³,1
2025-12-04 01:00:00+00:00,Faisalabad,281.51366577148434,µg/m³,1
2025-12-04 02:00:00+00:00,Faisalabad,286.1393351236979,µg/m³,1
2025-12-04 03:00:00+00:00,Faisalabad,240.70549901326498,µg/m³,1
2025-12-04 04:00:00+00:00,Faisalabad,213.68366648356118,µg/m³,1
2025-12-04 05:00:00+00:00,Faisalabad,164.04150009155273,µg/m³,1
2025-12-04 06:00:00+00:00,Faisalabad,133.66949996948242,µg/m³,1
2025-12-04 07:00:00+00:00,Faisalabad,96.77483342488607,µg/m³,1
2025-12-04 08:00:00+00:00,Faisalabad,71.03955569797091,µg/m³,1
2025-12-04 09:00:00+00:00,Faisalabad,61.0056666056315,µg/m³,1
2025-12-04 10:00:00+00:00,Faisalabad,63.763167063395194,µg/m³,1
2025-12-04 11:00:00+00:00,Faisalabad,69.29716644287109,µg/m³,1
2025-12-04 12:00:00+00:00,Faisalabad,105.23300043741862,µg/m³,1
2025-12-04 13:00:00+00:00,Faisalabad,196.4179583867391,µg/m³,1
2025-12-04 14:00:00+00:00,Faisalabad,231.64336353648787,µg/m³,1
2025-12-05 04:00:00+00:00,Faisalabad,404.0787865774972,µg/m³,1
2025-12-05 05:00:00+00:00,Faisalabad,288.7397095362345,µg/m³,1
2025-12-05 06:00:00+00:00,Faisalabad,251.3828315734863,µg/m³,1
2025-12-05 07:00:00+00:00,Faisalabad,169.2943333943685,µg/m³,1
2025-12-05 08:00:00+00:00,Faisalabad,102.15333302815758,µg/m³,1
2025-12-05 09:00:00+00:00,Faisalabad,118.09716669718422,µg/m³,1
2025-12-05 10:00:00+00:00,Faisalabad,123.62533315022786,µg/m³,1
2025-12-05 11:00:00+00:00,Faisalabad,142.0020004272461,µg/m³,1
2025-12-05 12:00:00+00:00,Faisalabad,177.10816675821943,µg/m³,1
2025-12-05 13:00:00+00:00,Faisalabad,281.32816772460933,µg/m³,1
2025-12-05 14:00:00+00:00,Faisalabad,372.6698348999023,µg/m³,1
2025-12-05 15:00:00+00:00,Faisalabad,417.7719991048177,µg/m³,1
2025-12-05 16:00:00+00:00,Faisalabad,446.5836680094401,µg/m³,1
2025-12-05 17:00:00+00:00,Faisalabad,394.0620035807292,µg/m³,1
2025-12-05 18:00:00+00:00,Faisalabad,426.539837137858,µg/m³,1
2025-12-05 19:00:00+00:00,Faisalabad,400.7195002237956,µg/m³,1
2025-12-05 20:00:00+00:00,Faisalabad,368.75499776204424,µg/m³,1
2025-12-05 21:00:00+00:00,Faisalabad,365.27766621907546,µg/m³,1
2025-12-05 22:00:00+00:00,Faisalabad,396.1079986572266,µg/m³,1
2025-12-05 23:00:00+00:00,Faisalabad,360.9501673380534,µg/m³,1
2025-12-06 00:00:00+00:00,Faisalabad,350.9301651000976,µg/m³,1
2025-12-06 01:00:00+00:00,Faisalabad,350.219667561849,µg/m³,1
2025-12-06 02:00:00+00:00,Faisalabad,271.38400039672854,µg/m³,1
2025-12-06 03:00:00+00:00,Faisalabad,241.81133397420248,µg/m³,1
2025-12-06 04:00:00+00:00,Faisalabad,228.84479147593177,µg/m³,1
2025-12-06 05:00:00+00:00,Faisalabad,193.26066691080726,µg/m³,1
2025-12-06 06:00:00+00:00,Faisalabad,174.49966684977213,µg/m³,1
2025-12-06 07:00:00+00:00,Faisalabad,147.30041681925456,µg/m³,1
2025-12-06 08:00:00+00:00,Faisalabad,148.8385831197103,µg/m³,1
2025-12-06 09:00:00+00:00,Faisalabad,125.55883344014484,µg/m³,1
2025-12-06 10:00:00+00:00,Faisalabad,126.74749984741209,µg/m³,1
2025-12-06 11:00:00+00:00,Faisalabad,127.88916651407878,µg/m³,1
2025-12-06 12:00:00+00:00,Faisalabad,159.04666697184246,µg/m³,1
2025-12-06 13:00:00+00:00,Faisalabad,182.57716700236006,µg/m³,1
2025-12-06 14:00:00+00:00,Faisalabad,212.76166636149085,µg/m³,1
2025-12-06 15:00:00+00:00,Faisalabad,229.5549997965495,µg/m³,1
2025-12-06 16:00:00+00:00,Faisalabad,248.777666982015,µg/m³,1
2025-12-06 17:00:00+00:00,Faisalabad,224.94416681925455,µg/m³,1
2025-12-06 18:00:00+00:00,Faisalabad,202.70566660563154,µg/m³,1
2025-12-06 19:00:00+00:00,Faisalabad,201.9385002136231,µg/m³,1
2025-12-06 20:00:00+00:00,Faisalabad,208.2581667582194,µg/m³,1
2025-12-06 21:00:00+00:00,Faisalabad,257.2170000712077,µg/m³,1
2025-12-06 22:00:00+00:00,Faisalabad,285.58316599528,µg/m³,1
2025-12-06 23:00:00+00:00,Faisalabad,240.92716623942056,µg/m³,1
2025-12-07 00:00:00+00:00,Faisalabad,277.94766896565756,µg/m³,1
2025-12-07 01:00:00+00:00,Faisalabad,290.6191655476888,µg/m³,1
2025-12-07 02:00:00+00:00,Faisalabad,294.2856648763021,µg/m³,1
2025-12-07 03:00:00+00:00,Faisalabad,302.32566935221354,µg/m³,1
2025-12-07 04:00:00+00:00,Faisalabad,284.21983413696296,µg/m³,1
2025-12-07 05:00:00+00:00,Faisalabad,227.5583333333333,µg/m³,1
2025-12-07 06:00:00+00:00,Faisalabad,200.9165000915527,µg/m³,1
2025-12-07 07:00:00+00:00,Faisalabad,151.53816706339518,µg/m³,1
2025-12-07 08:00:00+00:00,Faisalabad,119.6888333638509,µg/m³,1
2025-12-07 09:00:00+00:00,Faisalabad,109.01916681925456,µg/m³,1
2025-12-07 10:00:00+00:00,Faisalabad,106.36633351643881,µg/m³,1
2025-12-07 11:00:00+00:00,Faisalabad,114.6648328145345,µg/m³,1
2025-12-07 12:00:00+00:00,Faisalabad,194.1861666361491,µg/m³,1
2025-12-07 13:00:00+00:00,Faisalabad,239.77733332316083,µg/m³,1
2025-12-07 14:00:00+00:00,Faisalabad,331.07250111897787,µg/m³,1
2025-12-07 15:00:00+00:00,Faisalabad,362.9801651000976,µg/m³,1
2025-12-07 16:00:00+00:00,Faisalabad,370.72266845703126,µg/m³,1
2025-12-07 17:00:00+00:00,Faisalabad,416.0473337809245,µg/m³,1
2025-12-07 18:00:00+00:00,Faisalabad,444.06066487630204,µg/m³,1
2025-12-07 19:00:00+00:00,Faisalabad,434.46083221435555,µg/m³,1
2025-12-07 20:00:00+00:00,Faisalabad,425.5386657714843,µg/m³,1
2025-12-07 21:00:00+00:00,Faisalabad,409.7168340047201,µg/m³,1
2025-12-07 22:00:00+00:00,Faisalabad,407.56666666666666,µg/m³,1
2025-12-07 23:00:00+00:00,Faisalabad,400.0631637573242,µg/m³,1
2025-12-08 00:00:00+00:00,Faisalabad,399.89216868082684,µg/m³,1
2025-12-08 01:00:00+00:00,Faisalabad,368.15316823323565,µg/m³,1
2025-12-08 02:00:00+00:00,Faisalabad,383.6698348999023,µg/m³,1
2025-12-08 03:00:00+00:00,Faisalabad,409.5336680094401,µg/m³,1
2025-12-08 04:00:00+00:00,Faisalabad,440.56899820963554,µg/m³,1
2025-12-08 05:00:00+00:00,Faisalabad,464.7111668904622,µg/m³,1
2025-12-08 06:00:00+00:00,Faisalabad,246.1829996744792,µg/m³,1
2025-12-08 07:00:00+00:00,Faisalabad,98.78099975585938,µg/m³,1
2025-12-08 08:00:00+00:00,Faisalabad,79.06933339436848,µg/m³,1
2025-12-08 09:00:00+00:00,Faisalabad,67.91616694132487,µg/m³,1
2025-12-08 10:00:00+00:00,Faisalabad,57.54133351643881,µg/m³,1
2025-12-08 11:00:00+00:00,Faisalabad,68.08850021362305,µg/m³,1
2025-12-08 12:00:00+00:00,Faisalabad,98.4254997253418,µg/m³,1
2025-12-08 13:00:00+00:00,Faisalabad,187.45768053266738,µg/m³,1
2025-12-08 14:00:00+00:00,Faisalabad,261.6698343912761,µg/m³,1
2025-12-08 15:00:00+00:00,Faisalabad,248.3054549477317,µg/m³,1
2025-12-08 16:00:00+00:00,Faisalabad,188.26616694132485,µg/m³,1
2025-12-08 17:00:00+00:00,Faisalabad,173.57750015258787,µg/m³,1
2025-12-08 18:00:00+00:00,Faisalabad,201.1338330586751,µg/m³,1
2025-12-08 19:00:00+00:00,Faisalabad,197.70083287556966,µg/m³,1
2025-12-08 20:00:00+00:00,Faisalabad,203.74166666666665,µg/m³,1
2025-12-08 21:00:00+00:00,Faisalabad,253.98950195312503,µg/m³,1
2025-12-08 22:00:00+00:00,Faisalabad,211.36949920654297,µg/m³,1
2025-12-08 23:00:00+00:00,Faisalabad,211.58116633097328,µg/m³,1
2025-12-09 00:00:00+00:00,Faisalabad,192.51650009155273,µg/m³,1
2025-12-09 01:00:00+00:00,Faisalabad,156.25233357747396,µg/m³,1
2025-12-09 02:00:00+00:00,Faisalabad,196.36433308919268,µg/m³,1
2025-12-09 03:00:00+00:00,Faisalabad,218.39644436306423,µg/m³,1
2025-12-09 04:00:00+00:00,Faisalabad,204.19544440375432,µg/m³,1
2025-12-09 05:00:00+00:00,Faisalabad,142.90390254126655,µg/m³,1
2025-12-09 06:00:00+00:00,Faisalabad,110.50800018310548,µg/m³,1
2025-12-09 07:00:00+00:00,Faisalabad,78.14150009155274,µg/m³,1
2025-12-09 08:00:00+00:00,Faisalabad,50.863666788736985,µg/m³,1
2025-12-09 09:00:00+00:00,Faisalabad,50.74199981689454,µg/m³,1
2025-12-09 10:00:00+00:00,Faisalabad,50.40216700236002,µg/m³,1
2025-12-09 11:00:00+00:00,Faisalabad,60.75372195773654,µg/m³,1
2025-12-09 12:00:00+00:00,Faisalabad,109.13349990844726,µg/m³,1
2025-12-09 13:00:00+00:00,Faisalabad,164.25503059156014,µg/m³,1
2025-12-09 14:00:00+00:00,Faisalabad,208.45550003051758,µg/m³,1
2025-12-09 15:00:00+00:00,Faisalabad,213.05016657511393,µg/m³,1
2025-12-09 16:00:00+00:00,Faisalabad,211.39666697184245,µg/m³,1
2025-12-09 17:00:00+00:00,Faisalabad,229.1859857983059,µg/m³,1
2025-12-09 18:00:00+00:00,Faisalabad,265.36683451334636,µg/m³,1
2025-12-09 19:00:00+00:00,Faisalabad,258.78333257039384,µg/m³,1
2025-12-09 20:00:00+00:00,Faisalabad,300.22266845703126,µg/m³,1
2025-12-09 21:00:00+00:00,Faisalabad,281.04716644287106,µg/m³,1
2025-12-09 22:00:00+00:00,Faisalabad,329.1060017903646,µg/m³,1
2025-12-09 23:00:00+00:00,Faisalabad,327.09949798583983,µg/m³,1
2025-12-10 00:00:00+00:00,Faisalabad,347.0329986572265,µg/m³,1
2025-12-10 01:00:00+00:00,Faisalabad,348.3026662190755,µg/m³,1
2025-12-10 02:00:00+00:00,Faisalabad,320.37433064778645,µg/m³,1
2025-12-10 03:00:00+00:00,Faisalabad,300.96116689046227,µg/m³,1
2025-12-10 04:00:00+00:00,Faisalabad,258.38916778564453,µg/m³,1
2025-12-10 05:00:00+00:00,Faisalabad,254.4859987894694,µg/m³,1
2025-12-10 06:00:00+00:00,Faisalabad,186.82750015258793,µg/m³,1
2025-12-10 07:00:00+00:00,Faisalabad,144.6358334859212,µg/m³,1
2025-12-10 08:00:00+00:00,Faisalabad,170.96683324178062,µg/m³,1
2025-12-10 09:00:00+00:00,Faisalabad,173.23300018310547,µg/m³,1
2025-12-10 10:00:00+00:00,Faisalabad,230.07149988810224,µg/m³,1
2025-12-10 11:00:00+00:00,Faisalabad,205.36966756184896,µg/m³,1
2025-12-10 12:00:00+00:00,Faisalabad,202.83550033569338,µg/m³,1
2025-12-10 13:00:00+00:00,Faisalabad,265.6722085316976,µg/m³,1
2025-12-10 14:00:00+00:00,Faisalabad,418.1106547461616,µg/m³,1
2025-12-10 15:00:00+00:00,Faisalabad,368.9636657714844,µg/m³,1
2025-12-10 16:00:00+00:00,Faisalabad,379.7780008951823,µg/m³,1
2025-12-10 17:00:00+00:00,Faisalabad,398.61983489990234,µg/m³,1
2025-12-10 18:00:00+00:00,Faisalabad,425.1531682332356,µg/m³,1
2025-12-10 19:00:00+00:00,Faisalabad,427.6170013427734,µg/m³,1
2025-12-10 20:00:00+00:00,Faisalabad,443.01649983723956,µg/m³,1
2025-12-10 21:00:00+00:00,Faisalabad,475.6143351236979,µg/m³,1
2025-12-10 22:00:00+00:00,Faisalabad,504.04499664306644,µg/m³,1
2025-12-10 23:00:00+00:00,Faisalabad,459.23333333333335,µg/m³,1
2025-12-11 00:00:00+00:00,Faisalabad,451.3591700236002,µg/m³,1
2025-12-11 01:00:00+00:00,Faisalabad,434.65566711425777,µg/m³,1
2025-12-11 02:00:00+00:00,Faisalabad,455.71133270263664,µg/m³,1
2025-12-11 03:00:00+00:00,Faisalabad,435.9386657714843,µg/m³,1
2025-12-11 04:00:00+00:00,Faisalabad,457.70316823323566,µg/m³,1
2025-12-11 05:00:00+00:00,Faisalabad,435.6615000406901,µg/m³,1
2025-12-11 06:00:00+00:00,Faisalabad,316.03599955240884,µg/m³,1
2025-12-11 07:00:00+00:00,Faisalabad,260.8248744328817,µg/m³,1
2025-12-11 08:00:00+00:00,Faisalabad,188.8991663614909,µg/m³,1
2025-12-11 09:00:00+00:00,Faisalabad,174.77805565728082,µg/m³,1
2025-12-11 10:00:00+00:00,Faisalabad,136.09783299763998,µg/m³,1
2025-12-11 11:00:00+00:00,Faisalabad,156.03050003051757,µg/m³,1
2025-12-11 12:00:00+00:00,Faisalabad,195.23583323160804,µg/m³,1
2025-12-11 13:00:00+00:00,Faisalabad,227.65899963378908,µg/m³,1
2025-12-11 14:00:00+00:00,Faisalabad,283.39699859619145,µg/m³,1
2025-12-11 15:00:00+00:00,Faisalabad,310.41633199055997,µg/m³,1
2025-12-11 16:00:00+00:00,Faisalabad,319.5636657714844,µg/m³,1
2025-12-11 17:00:00+00:00,Faisalabad,324.01700134277337,µg/m³,1
2025-12-11 18:00:00+00:00,Faisalabad,334.72266845703126,µg/m³,1
2025-12-11 19:00:00+00:00,Faisalabad,384.50533243815113,µg/m³,1
2025-12-11 20:00:00+00:00,Faisalabad,436.09450022379565,µg/m³,1
2025-12-11 21:00:00+00:00,Faisalabad,443.1551651000977,µg/m³,1
2025-12-11 22:00:00+00:00,Faisalabad,426.8585006713867,µg/m³,1
2025-12-11 23:00:00+00:00,Faisalabad,414.52466532389326,µg/m³,1
2025-12-12 00:00:00+00:00,Faisalabad,418.26899820963536,µg/m³,1
2025-12-12 01:00:00+00:00,Faisalabad,410.52449798583984,µg/m³,1
2025-12-12 02:00:00+00:00,Faisalabad,410.6414993286133,µg/m³,1
2025-12-12 03:00:00+00:00,Faisalabad,469.2586685180664,µg/m³,1
2025-12-12 04:00:00+00:00,Faisalabad,482.16036044034087,µg/m³,1
2025-12-12 05:00:00+00:00,Faisalabad,451.3545540703667,µg/m³,1
2025-12-12 06:00:00+00:00,Faisalabad,323.18350067138675,µg/m³,1
2025-12-12 07:00:00+00:00,Faisalabad,272.72652753194177,µg/m³,1
2025-12-12 08:00:00+00:00,Faisalabad,205.95550003051758,µg/m³,1
2025-12-12 09:00:00+00:00,Faisalabad,177.76399993896484,µg/m³,1
2025-12-12 10:00:00+00:00,Faisalabad,147.67979170481365,µg/m³,1
2025-12-12 11:00:00+00:00,Faisalabad,169.62250010172528,µg/m³,1
2025-12-12 12:00:00+00:00,Faisalabad,206.23283360799155,µg/m³,1
2025-12-12 13:00:00+00:00,Faisalabad,289.29862556457516,µg/m³,1
2025-12-12 14:00:00+00:00,Faisalabad,305.98583221435547,µg/m³,1
2025-12-12 15:00:00+00:00,Faisalabad,308.48049977620445,µg/m³,1
2025-12-12 16:00:00+00:00,Faisalabad,297.33599955240885,µg/m³,1
2025-12-12 17:00:00+00:00,Faisalabad,316.1356648763021,µg/m³,1
2025-12-12 18:00:00+00:00,Faisalabad,359.1693328857422,µg/m³,1
2025-12-12 19:00:00+00:00,Faisalabad,368.95600179036455,µg/m³,1
2025-12-12 20:00:00+00:00,Faisalabad,383.1863342285156,µg/m³,1
2025-12-12 21:00:00+00:00,Faisalabad,439.1746653238932,µg/m³,1
2025-12-12 22:00:00+00:00,Faisalabad,421.6280008951822,µg/m³,1
2025-12-12 23:00:00+00:00,Faisalabad,415.8010040283203,µg/m³,1
2025-12-13 00:00:00+00:00,Faisalabad,379.605332438151,µg/m³,1
2025-12-13 01:00:00+00:00,Faisalabad,369.63316599527997,µg/m³,1
2025-12-13 02:00:00+00:00,Faisalabad,400.38083445231115,µg/m³,1
2025-12-13 03:00:00+00:00,Faisalabad,459.61500074598524,µg/m³,1
2025-12-13 04:00:00+00:00,Faisalabad,468.0338353474934,µg/m³,1
2025-12-13 05:00:00+00:00,Faisalabad,424.72833557128905,µg/m³,1
2025-12-13 06:00:00+00:00,Faisalabad,386.38016510009766,µg/m³,1
2025-12-13 07:00:00+00:00,Faisalabad,342.0530008951823,µg/m³,1
2025-12-13 08:00:00+00:00,Faisalabad,298.27983042399086,µg/m³,1
2025-12-13 09:00:00+00:00,Faisalabad,373.05549977620444,µg/m³,1
2025-12-13 10:00:00+00:00,Faisalabad,363.3388331095378,µg/m³,1
2025-12-13 11:00:00+00:00,Faisalabad,360.13933512369795,µg/m³,1
2025-12-13 12:00:00+00:00,Faisalabad,363.1000000000001,µg/m³,1
2025-12-13 13:00:00+00:00,Faisalabad,386.34116465250645,µg/m³,1
2025-12-13 14:00:00+00:00,Faisalabad,402.30616912841793,µg/m³,1
2025-12-13 15:00:00+00:00,Faisalabad,397.10629183451334,µg/m³,1
2025-12-13 16:00:00+00:00,Faisalabad,386.35283355712886,µg/m³,1
2025-12-13 17:00:00+00:00,Faisalabad,409.57000223795575,µg/m³,1
2025-12-13 18:00:00+00:00,Faisalabad,409.70249888102217,µg/m³,1
2025-12-13 19:00:00+00:00,Faisalabad,424.17766621907555,µg/m³,1
2025-12-13 20:00:00+00:00,Faisalabad,421.31683400472,µg/m³,1
2025-12-13 21:00:00+00:00,Faisalabad,406.4526662190755,µg/m³,1
2025-12-13 22:00:00+00:00,Faisalabad,361.29462572733564,µg/m³,1
2025-12-13 23:00:00+00:00,Faisalabad,351.84983266194655,µg/m³,1
2025-12-14 00:00:00+00:00,Faisalabad,334.7606648763021,µg/m³,1
2025-12-14 01:00:00+00:00,Faisalabad,343.9109995524089,µg/m³,1
2025-12-14 02:00:00+00:00,Faisalabad,389.04366353352856,µg/m³,1
2025-12-14 03:00:00+00:00,Faisalabad,453.7863342285156,µg/m³,1
2025-12-14 04:00:00+00:00,Faisalabad,475.98049977620445,µg/m³,1
2025-12-14 05:00:00+00:00,Faisalabad,429.5833333333333,µg/m³,1
2025-12-14 06:00:00+00:00,Faisalabad,433.578335571289,µg/m³,1
2025-12-14 07:00:00+00:00,Faisalabad,432.27890957919027,µg/m³,1
2025-12-14 08:00:00+00:00,Faisalabad,415.4469991048177,µg/m³,1
2025-12-14 09:00:00+00:00,Faisalabad,395.86899820963544,µg/m³,1
2025-12-14 10:00:00+00:00,Faisalabad,367.7054997762045,µg/m³,1
2025-12-14 11:00:00+00:00,Faisalabad,382.38866577148434,µg/m³,1
2025-12-14 12:00:00+00:00,Faisalabad,438.42800089518227,µg/m³,1
2025-12-14 13:00:00+00:00,Faisalabad,409.30016733805337,µg/m³,1
2025-12-14 14:00:00+00:00,Faisalabad,383.6530008951823,µg/m³,1
2025-12-14 15:00:00+00:00,Faisalabad,365.52766621907557,µg/m³,1
2025-12-14 16:00:00+00:00,Faisalabad,384.77766621907557,µg/m³,1
2025-12-14 17:00:00+00:00,Faisalabad,405.1383310953776,µg/m³,1
2025-12-14 18:00:00+00:00,Faisalabad,439.34999999999997,µg/m³,1
2025-12-14 19:00:00+00:00,Faisalabad,455.08583221435543,µg/m³,1
2025-12-14 20:00:00+00:00,Faisalabad,401.8029590606689,µg/m³,1
2025-12-14 21:00:00+00:00,Faisalabad,318.3778335571289,µg/m³,1
2025-12-14 22:00:00+00:00,Faisalabad,300.54149932861327,µg/m³,1
2025-12-14 23:00:00+00:00,Faisalabad,315.9303324381511,µg/m³,1
2025-12-15 00:00:00+00:00,Faisalabad,350.6298304239908,µg/m³,1
2025-12-15 01:00:00+00:00,Faisalabad,396.4356648763021,µg/m³,1
2025-12-15 02:00:00+00:00,Faisalabad,443.08883310953775,µg/m³,1
2025-12-15 03:00:00+00:00,Faisalabad,426.13866577148445,µg/m³,1
2025-12-15 04:00:00+00:00,Faisalabad,433.22250111897785,µg/m³,1
2025-12-15 05:00:00+00:00,Faisalabad,442.66899820963545,µg/m³,1
2025-12-15 06:00:00+00:00,Faisalabad,380.19450022379556,µg/m³,1
2025-12-15 07:00:00+00:00,Faisalabad,378.2244979858399,µg/m³,1
2025-12-15 08:00:00+00:00,Faisalabad,384.6670013427734,µg/m³,1
2025-12-15 09:00:00+00:00,Faisalabad,496.1498316446941,µg/m³,1
2025-12-15 10:00:00+00:00,Faisalabad,579.0389994303385,µg/m³,1
2025-12-15 11:00:00+00:00,Faisalabad,577.8421641031902,µg/m³,1
2025-12-15 12:00:00+00:00,Faisalabad,587.9446655273438,µg/m³,1
2025-12-15 13:00:00+00:00,Faisalabad,573.386166381836,µg/m³,1
2025-12-15 14:00:00+00:00,Faisalabad,565.4139994303385,µg/m³,1
2025-12-15 15:00:00+00:00,Faisalabad,543.0306650797527,µg/m³,1
2025-12-15 16:00:00+00:00,Faisalabad,534.3443339029948,µg/m³,1
2025-12-15 17:00:00+00:00,Faisalabad,437.2695002237956,µg/m³,1
2025-12-15 18:00:00+00:00,Faisalabad,465.4994979858399,µg/m³,1
2025-12-15 19:00:00+00:00,Faisalabad,521.8418324788412,µg/m³,1
2025-12-15 20:00:00+00:00,Faisalabad,532.4804992675781,µg/m³,1
2025-12-15 21:00:00+00:00,Faisalabad,465.5804997762045,µg/m³,1
2025-12-15 22:00:00+00:00,Faisalabad,412.26383310953776,µg/m³,1
2025-12-15 23:00:00+00:00,Faisalabad,341.7496653238932,µg/m³,1
2025-12-16 00:00:00+00:00,Faisalabad,336.88066711425785,µg/m³,1
2025-12-16 01:00:00+00:00,Faisalabad,345.65249888102215,µg/m³,1
2025-12-16 02:00:00+00:00,Faisalabad,276.11633275349936,µg/m³,1
2025-12-16 03:00:00+00:00,Faisalabad,292.9163317362468,µg/m³,1
2025-12-16 04:00:00+00:00,Faisalabad,297.8003344217936,µg/m³,1
2025-12-16 05:00:00+00:00,Faisalabad,243.9056666056315,µg/m³,1
2025-12-16 06:00:00+00:00,Faisalabad,171.70016657511394,µg/m³,1
2025-12-16 07:00:00+00:00,Faisalabad,133.47183354695636,µg/m³,1
2025-12-16 08:00:00+00:00,Faisalabad,133.36983311971028,µg/m³,1
2025-12-16 09:00:00+00:00,Faisalabad,126.73916651407878,µg/m³,1
2025-12-16 10:00:00+00:00,Faisalabad,125.05333302815757,µg/m³,1
2025-12-16 11:00:00+00:00,Faisalabad,139.24749984741212,µg/m³,1
2025-12-16 12:00:00+00:00,Faisalabad,172.98916651407876,µg/m³,1
2025-12-16 13:00:00+00:00,Faisalabad,235.97500152587892,µg/m³,1
2025-12-16 14:00:00+00:00,Faisalabad,238.938666788737,µg/m³,1
2025-12-16 15:00:00+00:00,Faisalabad,250.2723340352376,µg/m³,1
2025-12-16 16:00:00+00:00,Faisalabad,279.1030011494954,µg/m³,1
2025-12-16 17:00:00+00:00,Faisalabad,242.33349990844727,µg/m³,1
2025-12-16 18:00:00+00:00,Faisalabad,242.73316675821937,µg/m³,1
2025-12-16 19:00:00+00:00,Faisalabad,247.6138341267903,µg/m³,1
2025-12-16 20:00:00+00:00,Faisalabad,244.87483317057288,µg/m³,1
2025-12-16 21:00:00+00:00,Faisalabad,266.2915008544922,µg/m³,1
2025-12-16 22:00:00+00:00,Faisalabad,287.2640004475912,µg/m³,1
2025-12-16 23:00:00+00:00,Faisalabad,266.1281677246094,µg/m³,1
2025-12-17 00:00:00+00:00,Faisalabad,253.0529996236165,µg/m³,1
2025-12-17 01:00:00+00:00,Faisalabad,253.68383280436194,µg/m³,1
2025-12-17 02:00:00+00:00,Faisalabad,260.83933690389,µg/m³,1
2025-12-17 03:00:00+00:00,Faisalabad,281.42783355712885,µg/m³,1
2025-12-17 04:00:00+00:00,Faisalabad,243.61616490681965,µg/m³,1
2025-12-17 05:00:00+00:00,Faisalabad,196.65,µg/m³,1
2025-12-17 06:00:00+00:00,Faisalabad,242.44716593424482,µg/m³,1
2025-12-17 07:00:00+00:00,Faisalabad,229.07716700236006,µg/m³,1
2025-12-17 09:00:00+00:00,Faisalabad,123.90783360799155,µg/m³,1
2025-12-17 10:00:00+00:00,Faisalabad,96.84449996948244,µg/m³,1
2025-12-17 11:00:00+00:00,Faisalabad,125.62799987792971,µg/m³,1
2025-12-17 12:00:00+00:00,Faisalabad,147.7995002746582,µg/m³,1
2025-12-17 13:00:00+00:00,Faisalabad,156.50833333333335,µg/m³,1
2025-12-17 14:00:00+00:00,Faisalabad,230.7886652628581,µg/m³,1
2025-12-17 15:00:00+00:00,Faisalabad,261.93583221435546,µg/m³,1
2025-12-17 16:00:00+00:00,Faisalabad,196.0356669108073,µg/m³,1
2025-12-17 17:00:00+00:00,Faisalabad,162.14449996948244,µg/m³,1
2025-12-17 18:00:00+00:00,Faisalabad,193.3389999389648,µg/m³,1
2025-12-17 19:00:00+00:00,Faisalabad,179.19416643778484,µg/m³,1
2025-12-17 20:00:00+00:00,Faisalabad,236.7863327026367,µg/m³,1
2025-12-17 21:00:00+00:00,Faisalabad,310.19733378092445,µg/m³,1
2025-12-17 22:00:00+00:00,Faisalabad,332.81416778564454,µg/m³,1
2025-12-17 23:00:00+00:00,Faisalabad,339.035664876302,µg/m³,1
2025-12-18 00:00:00+00:00,Faisalabad,301.3469991048177,µg/m³,1
2025-12-18 01:00:00+00:00,Faisalabad,302.7607277610086,µg/m³,1
2025-12-18 02:00:00+00:00,Faisalabad,309.5329986572265,µg/m³,1
2025-12-18 03:00:00+00:00,Faisalabad,365.9056671142578,µg/m³,1
2025-12-18 04:00:00+00:00,Faisalabad,484.38083038330075,µg/m³,1
2025-12-18 05:00:00+00:00,Faisalabad,461.6054997762044,µg/m³,1
2025-12-18 06:00:00+00:00,Faisalabad,434.3943328857422,µg/m³,1
2025-12-18 07:00:00+00:00,Faisalabad,368.1998174493962,µg/m³,1
2025-12-18 08:00:00+00:00,Faisalabad,300.21750335693355,µg/m³,1
2025-12-18 09:00:00+00:00,Faisalabad,230.66416651407874,µg/m³,1
2025-12-18 10:00:00+00:00,Faisalabad,208.66650009155273,µg/m³,1
2025-12-18 11:00:00+00:00,Faisalabad,181.6948331197103,µg/m³,1
2025-12-18 12:00:00+00:00,Faisalabad,219.31399968465175,µg/m³,1
2025-12-18 13:00:00+00:00,Faisalabad,239.19716669718426,µg/m³,1
2025-12-18 14:00:00+00:00,Faisalabad,282.16049779256184,µg/m³,1
2025-12-18 15:00:00+00:00,Faisalabad,312.18333333333334,µg/m³,1
2025-12-18 16:00:00+00:00,Faisalabad,312.5693328857422,µg/m³,1
2025-12-18 17:00:00+00:00,Faisalabad,338.6808344523112,µg/m³,1
2025-12-18 18:00:00+00:00,Faisalabad,358.78366800944013,µg/m³,1
2025-12-18 19:00:00+00:00,Faisalabad,386.75350290934256,µg/m³,1
2025-12-18 20:00:00+00:00,Faisalabad,375.5379964192709,µg/m³,1
2025-12-18 21:00:00+00:00,Faisalabad,380.21150156656904,µg/m³,1
2025-12-18 22:00:00+00:00,Faisalabad,397.05799865722656,µg/m³,1
2025-12-18 23:00:00+00:00,Faisalabad,387.73650156656896,µg/m³,1
2025-12-19 00:00:00+00:00,Faisalabad,393.10050201416016,µg/m³,1
2025-12-19 01:00:00+00:00,Faisalabad,391.9313336690266,µg/m³,1
2025-12-19 02:00:00+00:00,Faisalabad,391.9501673380534,µg/m³,1
2025-12-19 03:00:00+00:00,Faisalabad,400.69200134277344,µg/m³,1
2025-12-19 04:00:00+00:00,Faisalabad,408.7203369140625,µg/m³,1
2025-12-19 05:00:00+00:00,Faisalabad,401.8780008951823,µg/m³,1
2025-12-19 06:00:00+00:00,Faisalabad,302.54166666666663,µg/m³,1
2025-12-19 07:00:00+00:00,Faisalabad,257.61400070190433,µg/m³,1
2025-12-19 08:00:00+00:00,Faisalabad,231.0919998168945,µg/m³,1
2025-12-19 09:00:00+00:00,Faisalabad,205.7806666056315,µg/m³,1
2025-12-19 10:00:00+00:00,Faisalabad,180.7724998474121,µg/m³,1
2025-12-19 11:00:00+00:00,Faisalabad,208.60833333333335,µg/m³,1
2025-12-19 12:00:00+00:00,Faisalabad,202.45066630045574,µg/m³,1
2025-12-19 13:00:00+00:00,Faisalabad,225.8198331197103,µg/m³,1
2025-12-19 14:00:00+00:00,Faisalabad,264.6525001525879,µg/m³,1
2025-12-19 15:00:00+00:00,Faisalabad,324.55883534749347,µg/m³,1
2025-12-19 16:00:00+00:00,Faisalabad,365.7941655476888,µg/m³,1
2025-12-19 17:00:00+00:00,Faisalabad,387.06666666666666,µg/m³,1
2025-12-19 18:00:00+00:00,Faisalabad,388.6531682332357,µg/m³,1
2025-12-19 19:00:00+00:00,Faisalabad,400.60533243815104,µg/m³,1
2025-12-19 20:00:00+00:00,Faisalabad,385.26683400472,µg/m³,1
2025-12-19 21:00:00+00:00,Faisalabad,365.5636657714844,µg/m³,1
2025-12-19 22:00:00+00:00,Faisalabad,408.65000000000003,µg/m³,1
2025-12-19 23:00:00+00:00,Faisalabad,438.3803324381511,µg/m³,1
2025-12-20 00:00:00+00:00,Faisalabad,417.46633199055987,µg/m³,1
2025-12-20 01:00:00+00:00,Faisalabad,393.60233154296884,µg/m³,1
2025-12-20 02:00:00+00:00,Faisalabad,400.1888331095377,µg/m³,1
2025-12-20 03:00:00+00:00,Faisalabad,402.9638331095377,µg/m³,1
2025-12-20 04:00:00+00:00,Faisalabad,458.69216868082685,µg/m³,1
2025-12-20 05:00:00+00:00,Faisalabad,334.95833358764645,µg/m³,1
2025-12-20 06:00:00+00:00,Faisalabad,210.88566691080732,µg/m³,1
2025-12-20 07:00:00+00:00,Faisalabad,195.32583287556963,µg/m³,1
2025-12-20 08:00:00+00:00,Faisalabad,173.36933339436848,µg/m³,1
2025-12-20 09:00:00+00:00,Faisalabad,163.57884752485487,µg/m³,1
2025-12-20 10:00:00+00:00,Faisalabad,163.72750015258788,µg/m³,1
2025-12-20 11:00:00+00:00,Faisalabad,177.81616719563803,µg/m³,1
2025-12-20 12:00:00+00:00,Faisalabad,275.2219991048177,µg/m³,1
2025-12-20 13:00:00+00:00,Faisalabad,387.54466756184894,µg/m³,1
2025-12-20 14:00:00+00:00,Faisalabad,364.6783355712891,µg/m³,1
2025-12-20 15:00:00+00:00,Faisalabad,378.73933512369786,µg/m³,1
2025-12-20 16:00:00+00:00,Faisalabad,444.9193328857423,µg/m³,1
2025-12-20 17:00:00+00:00,Faisalabad,384.26966756184896,µg/m³,1
2025-12-20 18:00:00+00:00,Faisalabad,338.3859995524088,µg/m³,1
2025-12-20 19:00:00+00:00,Faisalabad,305.20850067138673,µg/m³,1
2025-12-20 20:00:00+00:00,Faisalabad,304.1163319905599,µg/m³,1
2025-12-20 21:00:00+00:00,Faisalabad,326.1138331095377,µg/m³,1
2025-12-20 22:00:00+00:00,Faisalabad,253.59399998982747,µg/m³,1
2025-12-20 23:00:00+00:00,Faisalabad,206.8799166361491,µg/m³,1
2025-12-21 00:00:00+00:00,Faisalabad,187.75379174550378,µg/m³,1
2025-12-21 01:00:00+00:00,Faisalabad,182.5940002441406,µg/m³,1
2025-12-21 02:00:00+00:00,Faisalabad,225.2055005391439,µg/m³,1
2025-12-21 03:00:00+00:00,Faisalabad,244.8951670328776,µg/m³,1
2025-12-21 04:00:00+00:00,Faisalabad,248.87272838245735,µg/m³,1
2025-12-21 05:00:00+00:00,Faisalabad,200.54999999999998,µg/m³,1
2025-12-21 06:00:00+00:00,Faisalabad,192.01350021362305,µg/m³,1
2025-12-21 07:00:00+00:00,Faisalabad,187.53116633097332,µg/m³,1
2025-12-21 08:00:00+00:00,Faisalabad,195.7444999694824,µg/m³,1
2025-12-21 09:00:00+00:00,Faisalabad,187.53416620890303,µg/m³,1
2025-12-21 10:00:00+00:00,Faisalabad,185.54499969482424,µg/m³,1
2025-12-21 11:00:00+00:00,Faisalabad,191.2478329976399,µg/m³,1
2025-12-21 12:00:00+00:00,Faisalabad,198.72508290608724,µg/m³,1
2025-12-21 13:00:00+00:00,Faisalabad,211.67233327229815,µg/m³,1
2025-12-21 14:00:00+00:00,Faisalabad,214.6668332417806,µg/m³,1
2025-12-21 15:00:00+00:00,Faisalabad,253.52233250935876,µg/m³,1
2025-12-21 16:00:00+00:00,Faisalabad,245.61216646830243,µg/m³,1
2025-12-21 17:00:00+00:00,Faisalabad,241.08300018310547,µg/m³,1
2025-12-21 18:00:00+00:00,Faisalabad,252.69166666666663,µg/m³,1
2025-12-21 19:00:00+00:00,Faisalabad,298.2306671142578,µg/m³,1
2025-12-21 20:00:00+00:00,Faisalabad,312.9693328857422,µg/m³,1
2025-12-21 21:00:00+00:00,Faisalabad,370.2606648763021,µg/m³,1
2025-12-21 22:00:00+00:00,Faisalabad,290.51116714477536,µg/m³,1
2025-12-21 23:00:00+00:00,Faisalabad,330.2359995524088,µg/m³,1
2025-12-22 00:00:00+00:00,Faisalabad,353.16983489990236,µg/m³,1
2025-12-22 01:00:00+00:00,Faisalabad,350.89399820963536,µg/m³,1
2025-12-22 02:00:00+00:00,Faisalabad,361.53366800944013,µg/m³,1
2025-12-22 03:00:00+00:00,Faisalabad,283.0250005086263,µg/m³,1
2025-12-22 04:00:00+00:00,Faisalabad,224.67466684977214,µg/m³,1
2025-12-22 05:00:00+00:00,Faisalabad,280.29483413696295,µg/m³,1
2025-12-22 06:00:00+00:00,Faisalabad,246.49216766357424,µg/m³,1
2025-12-22 07:00:00+00:00,Faisalabad,225.6894994099935,µg/m³,1
2025-12-22 08:00:00+00:00,Faisalabad,233.810666402181,µg/m³,1
2025-12-22 09:00:00+00:00,Faisalabad,253.7608324686686,µg/m³,1
2025-12-22 10:00:00+00:00,Faisalabad,163.87833302815758,µg/m³,1
2025-12-22 11:00:00+00:00,Faisalabad,130.05783360799154,µg/m³,1
2025-12-22 12:00:00+00:00,Faisalabad,140.24199981689452,µg/m³,1
2025-12-22 13:00:00+00:00,Faisalabad,206.025,µg/m³,1
2025-12-22 14:00:00+00:00,Faisalabad,241.53666610717775,µg/m³,1
2025-12-22 15:00:00+00:00,Faisalabad,299.96966756184895,µg/m³,1
2025-12-22 16:00:00+00:00,Faisalabad,331.0833333333333,µg/m³,1
2025-12-22 17:00:00+00:00,Faisalabad,399.73883310953784,µg/m³,1
2025-12-22 18:00:00+00:00,Faisalabad,317.3638331095378,µg/m³,1
2025-12-22 19:00:00+00:00,Faisalabad,276.7306668599447,µg/m³,1
2025-12-22 20:00:00+00:00,Faisalabad,293.2719991048177,µg/m³,1
2025-12-22 21:00:00+00:00,Faisalabad,283.61366577148436,µg/m³,1
2025-12-22 22:00:00+00:00,Faisalabad,323.631169128418,µg/m³,1
2025-12-22 23:00:00+00:00,Faisalabad,311.3506693522135,µg/m³,1
2025-12-23 00:00:00+00:00,Faisalabad,270.2139999389649,µg/m³,1
2025-12-23 01:00:00+00:00,Faisalabad,271.1358327229818,µg/m³,1
2025-12-23 02:00:00+00:00,Faisalabad,272.5159975687663,µg/m³,1
2025-12-23 03:00:00+00:00,Faisalabad,330.0246653238932,µg/m³,1
2025-12-23 04:00:00+00:00,Faisalabad,240.19449996948245,µg/m³,1
2025-12-23 05:00:00+00:00,Faisalabad,122.49766642252602,µg/m³,1
2025-12-23 06:00:00+00:00,Faisalabad,54.27783330281576,µg/m³,1
2025-12-23 07:00:00+00:00,Faisalabad,51.14966684977213,µg/m³,1
2025-12-23 08:00:00+00:00,Faisalabad,47.40424995422364,µg/m³,1
2025-12-23 09:00:00+00:00,Faisalabad,44.92450027465821,µg/m³,1
2025-12-23 10:00:00+00:00,Faisalabad,53.02166697184246,µg/m³,1
2025-12-23 11:00:00+00:00,Faisalabad,76.8423329671224,µg/m³,1
2025-12-23 12:00:00+00:00,Faisalabad,103.2366663614909,µg/m³,1
2025-12-23 13:00:00+00:00,Faisalabad,159.2469164530436,µg/m³,1
2025-12-23 14:00:00+00:00,Faisalabad,135.43083318074545,µg/m³,1
2025-12-23 15:00:00+00:00,Faisalabad,128.02566630045575,µg/m³,1
2025-12-23 16:00:00+00:00,Faisalabad,129.05550003051758,µg/m³,1
2025-12-23 17:00:00+00:00,Faisalabad,119.49150009155274,µg/m³,1
2025-12-23 18:00:00+00:00,Faisalabad,131.0938336690267,µg/m³,1
2025-12-23 19:00:00+00:00,Faisalabad,123.86983311971028,µg/m³,1
2025-12-23 20:00:00+00:00,Faisalabad,146.15599975585937,µg/m³,1
2025-12-23 21:00:00+00:00,Faisalabad,132.5556666056315,µg/m³,1
2025-12-23 22:00:00+00:00,Faisalabad,109.3331667582194,µg/m³,1
2025-12-23 23:00:00+00:00,Faisalabad,108.42200012207034,µg/m³,1
2025-12-24 00:00:00+00:00,Faisalabad,95.11100006103516,µg/m³,1
2025-12-24 01:00:00+00:00,Faisalabad,105.45,µg/m³,1
2025-12-24 02:00:00+00:00,Faisalabad,119.71416651407877,µg/m³,1
2025-12-24 03:00:00+00:00,Faisalabad,160.11333325703941,µg/m³,1
2025-12-24 04:00:00+00:00,Faisalabad,120.28850021362302,µg/m³,1
2025-12-24 05:00:00+00:00,Faisalabad,89.38300018310548,µg/m³,1
2025-12-24 06:00:00+00:00,Faisalabad,62.39249954223633,µg/m³,1
2025-12-24 07:00:00+00:00,Faisalabad,48.335250091552744,µg/m³,1
2025-12-24 08:00:00+00:00,Faisalabad,34.84433345794678,µg/m³,1
2025-12-24 09:00:00+00:00,Faisalabad,30.541833209991452,µg/m³,1
2025-12-24 10:00:00+00:00,Faisalabad,28.160833326975503,µg/m³,1
2025-12-24 11:00:00+00:00,Faisalabad,34.81983327865601,µg/m³,1
2025-12-24 12:00:00+00:00,Faisalabad,66.97566630045573,µg/m³,1
2025-12-24 13:00:00+00:00,Faisalabad,88.06666666666666,µg/m³,1
2025-12-24 14:00:00+00:00,Faisalabad,135.21083348592123,µg/m³,1
2025-12-24 15:00:00+00:00,Faisalabad,130.33583348592123,µg/m³,1
2025-12-24 16:00:00+00:00,Faisalabad,155.336333211263,µg/m³,1
2025-12-24 17:00:00+00:00,Faisalabad,187.4806666056315,µg/m³,1
2025-12-24 18:00:00+00:00,Faisalabad,129.15583318074542,µg/m³,1
2025-12-24 19:00:00+00:00,Faisalabad,153.46683324178062,µg/m³,1
2025-12-24 20:00:00+00:00,Faisalabad,208.98416620890296,µg/m³,1
2025-12-24 21:00:00+00:00,Faisalabad,207.08883336385088,µg/m³,1
2025-12-24 22:00:00+00:00,Faisalabad,178.2440002441406,µg/m³,1
2025-12-24 23:00:00+00:00,Faisalabad,163.14749984741212,µg/m³,1
2025-12-25 00:00:00+00:00,Faisalabad,185.1586664835612,µg/m³,1
2025-12-25 01:00:00+00:00,Faisalabad,238.56066691080727,µg/m³,1
2025-12-25 02:00:00+00:00,Faisalabad,218.66699981689453,µg/m³,1
2025-12-25 03:00:00+00:00,Faisalabad,243.71933237711585,µg/m³,1
2025-12-25 04:00:00+00:00,Faisalabad,203.86433308919274,µg/m³,1
2025-12-25 05:00:00+00:00,Faisalabad,164.78050003051757,µg/m³,1
2025-12-25 06:00:00+00:00,Faisalabad,151.08883310953777,µg/m³,1
2025-12-25 07:00:00+00:00,Faisalabad,248.23049977620437,µg/m³,1
2025-12-25 08:00:00+00:00,Faisalabad,156.03316701253254,µg/m³,1
2025-12-25 09:00:00+00:00,Faisalabad,91.99660003662109,µg/m³,1
2025-12-25 10:00:00+00:00,Faisalabad,89.35160095214844,µg/m³,1
2025-12-25 11:00:00+00:00,Faisalabad,83.59274978637696,µg/m³,1
2025-12-25 12:00:00+00:00,Faisalabad,92.10750045776366,µg/m³,1
2025-12-25 13:00:00+00:00,Faisalabad,141.8831667582194,µg/m³,1
2025-12-25 14:00:00+00:00,Faisalabad,152.9811663309733,µg/m³,1
2025-12-25 15:00:00+00:00,Faisalabad,172.22716700236003,µg/m³,1
2025-12-25 16:00:00+00:00,Faisalabad,247.83049952189126,µg/m³,1
2025-12-25 17:00:00+00:00,Faisalabad,205.71416651407878,µg/m³,1
2025-12-25 18:00:00+00:00,Faisalabad,258.9608334859212,µg/m³,1
2025-12-25 19:00:00+00:00,Faisalabad,290.8714970906575,µg/m³,1
2025-12-25 20:00:00+00:00,Faisalabad,298.7994979858398,µg/m³,1
2025-12-25 21:00:00+00:00,Faisalabad,320.4804997762044,µg/m³,1
2025-12-25 22:00:00+00:00,Faisalabad,343.67183176676434,µg/m³,1
2025-12-25 23:00:00+00:00,Faisalabad,324.29999999999995,µg/m³,1
2025-12-26 00:00:00+00:00,Faisalabad,294.0109995524088,µg/m³,1
2025-12-26 01:00:00+00:00,Faisalabad,300.3079986572266,µg/m³,1
2025-12-26 02:00:00+00:00,Faisalabad,308.40316823323565,µg/m³,1
2025-12-26 03:00:00+00:00,Faisalabad,330.2109995524089,µg/m³,1
2025-12-26 04:00:00+00:00,Faisalabad,208.53566729227703,µg/m³,1
2025-12-26 05:00:00+00:00,Faisalabad,158.14133351643883,µg/m³,1
2025-12-26 06:00:00+00:00,Faisalabad,178.7448331197103,µg/m³,1
2025-12-26 07:00:00+00:00,Faisalabad,118.94466654459633,µg/m³,1
2025-12-26 08:00:00+00:00,Faisalabad,105.67272727272726,µg/m³,1
2025-12-26 09:00:00+00:00,Faisalabad,90.35833333333333,µg/m³,1
2025-12-26 10:00:00+00:00,Faisalabad,94.12455567253961,µg/m³,1
2025-12-26 11:00:00+00:00,Faisalabad,91.3149164835612,µg/m³,1
2025-12-26 12:00:00+00:00,Faisalabad,103.5336664835612,µg/m³,1
2025-12-26 13:00:00+00:00,Faisalabad,205.57750015258787,µg/m³,1
2025-12-26 14:00:00+00:00,Faisalabad,209.8556666056315,µg/m³,1
2025-12-26 15:00:00+00:00,Faisalabad,253.02716674804685,µg/m³,1
2025-12-26 16:00:00+00:00,Faisalabad,296.4975011189778,µg/m³,1
2025-12-26 17:00:00+00:00,Faisalabad,335.52766621907557,µg/m³,1
2025-12-26 18:00:00+00:00,Faisalabad,390.20583445231114,µg/m³,1
2025-12-26 19:00:00+00:00,Faisalabad,359.86150156656896,µg/m³,1
2025-12-26 20:00:00+00:00,Faisalabad,335.35316823323564,µg/m³,1
2025-12-26 21:00:00+00:00,Faisalabad,337.07500000000005,µg/m³,1
2025-12-26 22:00:00+00:00,Faisalabad,347.15249888102215,µg/m³,1
2025-12-26 23:00:00+00:00,Faisalabad,367.1528335571289,µg/m³,1
2025-12-27 00:00:00+00:00,Faisalabad,375.59733378092443,µg/m³,1
2025-12-27 01:00:00+00:00,Faisalabad,388.6109995524088,µg/m³,1
2025-12-27 02:00:00+00:00,Faisalabad,417.7578313191732,µg/m³,1
2025-12-27 03:00:00+00:00,Faisalabad,462.738330078125,µg/m³,1
2025-12-27 04:00:00+00:00,Faisalabad,490.90016682942706,µg/m³,1
2025-12-27 05:00:00+00:00,Faisalabad,242.16416702270507,µg/m³,1
2025-12-27 06:00:00+00:00,Faisalabad,196.62766672770184,µg/m³,1
2025-12-27 07:00:00+00:00,Faisalabad,144.34733327229816,µg/m³,1
2025-12-27 08:00:00+00:00,Faisalabad,134.863666788737,µg/m³,1
2025-12-27 09:00:00+00:00,Faisalabad,113.94733327229818,µg/m³,1
2025-12-27 10:00:00+00:00,Faisalabad,95.66709123091265,µg/m³,1
2025-12-27 11:00:00+00:00,Faisalabad,96.25,µg/m³,1
2025-12-27 12:00:00+00:00,Faisalabad,113.35049972534178,µg/m³,1
2025-12-27 13:00:00+00:00,Faisalabad,174.50800043741864,µg/m³,1
2025-12-27 14:00:00+00:00,Faisalabad,233.41666742960612,µg/m³,1
2025-12-27 15:00:00+00:00,Faisalabad,286.2218317667643,µg/m³,1
2025-12-27 16:00:00+00:00,Faisalabad,296.1786702473958,µg/m³,1
2025-12-27 17:00:00+00:00,Faisalabad,322.0085006713867,µg/m³,1
2025-12-27 18:00:00+00:00,Faisalabad,348.8058344523112,µg/m³,1
2025-12-27 19:00:00+00:00,Faisalabad,382.6109995524089,µg/m³,1
2025-12-27 20:00:00+00:00,Faisalabad,405.3664993286134,µg/m³,1
2025-12-27 21:00:00+00:00,Faisalabad,421.164335123698,µg/m³,1
2025-12-27 22:00:00+00:00,Faisalabad,440.2923350016276,µg/m³,1
2025-12-27 23:00:00+00:00,Faisalabad,368.1809599558512,µg/m³,1
2025-12-28 00:00:00+00:00,Faisalabad,327.42783355712896,µg/m³,1
2025-12-28 01:00:00+00:00,Faisalabad,312.6556671142578,µg/m³,1
2025-12-28 02:00:00+00:00,Faisalabad,333.6079986572266,µg/m³,1
2025-12-28 03:00:00+00:00,Faisalabad,325.1340026855469,µg/m³,1
2025-12-28 04:00:00+00:00,Faisalabad,458.8170008341471,µg/m³,1
2025-12-28 05:00:00+00:00,Faisalabad,301.69716593424477,µg/m³,1
2025-12-28 06:00:00+00:00,Faisalabad,217.33916702270508,µg/m³,1
2025-12-28 07:00:00+00:00,Faisalabad,154.4717224968804,µg/m³,1
2025-12-28 08:00:00+00:00,Faisalabad,175.34878771232832,µg/m³,1
2025-12-28 09:00:00+00:00,Faisalabad,189.79162502288818,µg/m³,1
2025-12-28 10:00:00+00:00,Faisalabad,179.31633351643882,µg/m³,1
2025-12-28 11:00:00+00:00,Faisalabad,181.411333211263,µg/m³,1
2025-12-28 12:00:00+00:00,Faisalabad,225.63333333333335,µg/m³,1
2025-12-28 13:00:00+00:00,Faisalabad,288.05732981363934,µg/m³,1
2025-12-28 14:00:00+00:00,Faisalabad,383.33950246175124,µg/m³,1
2025-12-28 15:00:00+00:00,Faisalabad,398.49716644287105,µg/m³,1
2025-12-28 16:00:00+00:00,Faisalabad,413.51316375732426,µg/m³,1
2025-12-28 17:00:00+00:00,Faisalabad,405.2391677856445,µg/m³,1
2025-12-28 18:00:00+00:00,Faisalabad,408.88049977620454,µg/m³,1
2025-12-28 19:00:00+00:00,Faisalabad,433.9306671142578,µg/m³,1
2025-12-28 20:00:00+00:00,Faisalabad,385.1939982096355,µg/m³,1
2025-12-28 21:00:00+00:00,Faisalabad,361.75600179036456,µg/m³,1
2025-12-28 22:00:00+00:00,Faisalabad,340.38066711425785,µg/m³,1
2025-12-28 23:00:00+00:00,Faisalabad,319.84750111897785,µg/m³,1
2025-12-29 00:00:00+00:00,Faisalabad,327.18566487630216,µg/m³,1
2025-12-29 01:00:00+00:00,Faisalabad,402.25816599527997,µg/m³,1
2025-12-29 02:00:00+00:00,Faisalabad,373.3336680094401,µg/m³,1
2025-12-29 03:00:00+00:00,Faisalabad,336.44116465250653,µg/m³,1
2025-12-29 04:00:00+00:00,Faisalabad,377.46083221435543,µg/m³,1
2025-12-29 05:00:00+00:00,Faisalabad,421.22318068610303,µg/m³,1
2025-12-29 06:00:00+00:00,Faisalabad,529.8861653645832,µg/m³,1
2025-12-29 07:00:00+00:00,Faisalabad,510.1638346354166,µg/m³,1
2025-12-29 08:00:00+00:00,Faisalabad,525.3471633911133,µg/m³,1
2025-12-29 09:00:00+00:00,Faisalabad,436.675,µg/m³,1
2025-12-29 10:00:00+00:00,Faisalabad,411.2886657714844,µg/m³,1
2025-12-29 11:00:00+00:00,Faisalabad,392.7975011189779,µg/m³,1
2025-12-29 12:00:00+00:00,Faisalabad,428.7196670532226,µg/m³,1
2025-12-29 13:00:00+00:00,Faisalabad,443.22783355712886,µg/m³,1
2025-12-29 14:00:00+00:00,Faisalabad,454.4314684549967,µg/m³,1
2025-12-29 15:00:00+00:00,Faisalabad,400.9806671142578,µg/m³,1
2025-12-29 16:00:00+00:00,Faisalabad,381.9473337809245,µg/m³,1
2025-12-29 17:00:00+00:00,Faisalabad,377.88500061035154,µg/m³,1
2025-12-29 18:00:00+00:00,Faisalabad,361.4886657714844,µg/m³,1
2025-12-29 19:00:00+00:00,Faisalabad,375.49183400472003,µg/m³,1
2025-12-29 20:00:00+00:00,Faisalabad,364.7638331095377,µg/m³,1
2025-12-29 21:00:00+00:00,Faisalabad,344.6335006713868,µg/m³,1
2025-12-29 22:00:00+00:00,Faisalabad,290.47466532389325,µg/m³,1
2025-12-29 23:00:00+00:00,Faisalabad,278.7689982096354,µg/m³,1
2025-12-30 00:00:00+00:00,Faisalabad,289.02783355712893,µg/m³,1
2025-12-30 01:00:00+00:00,Faisalabad,296.80850067138675,µg/m³,1
2025-12-30 02:00:00+00:00,Faisalabad,415.16066487630206,µg/m³,1
2025-12-30 03:00:00+00:00,Faisalabad,389.4481704711914,µg/m³,1
2025-12-30 05:00:00+00:00,Faisalabad,458.6423360188803,µg/m³,1
2025-12-30 06:00:00+00:00,Faisalabad,263.41400070190423,µg/m³,1
2025-12-30 07:00:00+00:00,Faisalabad,210.1220001220703,µg/m³,1
2025-12-30 08:00:00+00:00,Faisalabad,153.37516657511392,µg/m³,1
2025-12-30 09:00:00+00:00,Faisalabad,145.30825004577636,µg/m³,1
2025-12-30 10:00:00+00:00,Faisalabad,167.45233357747398,µg/m³,1
2025-12-30 11:00:00+00:00,Faisalabad,159.35016657511395,µg/m³,1
2025-12-30 12:00:00+00:00,Faisalabad,184.30049972534178,µg/m³,1
2025-12-30 13:00:00+00:00,Faisalabad,214.9653340657552,µg/m³,1
2025-12-30 14:00:00+00:00,Faisalabad,349.0437750922309,µg/m³,1
2025-12-30 15:00:00+00:00,Faisalabad,376.21116689046227,µg/m³,1
2025-12-30 16:00:00+00:00,Faisalabad,390.92800089518227,µg/m³,1
2025-12-30 17:00:00+00:00,Faisalabad,397.1888331095377,µg/m³,1
2025-12-30 19:00:00+00:00,Faisalabad,365.4443328857422,µg/m³,1
2025-12-30 20:00:00+00:00,Faisalabad,380.14149932861324,µg/m³,1
2025-12-30 21:00:00+00:00,Faisalabad,345.4028335571289,µg/m³,1
2025-12-30 22:00:00+00:00,Faisalabad,297.2078313191732,µg/m³,1
2025-12-30 23:00:00+00:00,Faisalabad,288.11683400472003,µg/m³,1
2025-12-31 00:00:00+00:00,Faisalabad,287.48866577148436,µg/m³,1
2025-12-31 01:00:00+00:00,Faisalabad,304.51383310953776,µg/m³,1
2025-12-31 02:00:00+00:00,Faisalabad,308.005332438151,µg/m³,1
2025-12-31 03:00:00+00:00,Faisalabad,308.60033467610674,µg/m³,1
2025-12-31 04:00:00+00:00,Faisalabad,295.3245277404785,µg/m³,1
2025-12-31 05:00:00+00:00,Faisalabad,278.4,µg/m³,1
2025-12-31 06:00:00+00:00,Faisalabad,269.2133331298828,µg/m³,1
2025-12-31 07:00:00+00:00,Faisalabad,274.6030140770806,µg/m³,1
2025-12-31 08:00:00+00:00,Faisalabad,255.3441668192545,µg/m³,1
2025-12-31 09:00:00+00:00,Faisalabad,287.4962488810221,µg/m³,1
2025-12-31 10:00:00+00:00,Faisalabad,305.34487393697106,µg/m³,1
2025-12-31 11:00:00+00:00,Faisalabad,324.5737087249756,µg/m³,1
2025-12-31 12:00:00+00:00,Faisalabad,279.3718317667644,µg/m³,1
2025-12-31 13:00:00+00:00,Faisalabad,297.11124776204423,µg/m³,1
2025-12-31 14:00:00+00:00,Faisalabad,304.6773317972819,µg/m³,1
2025-12-31 15:00:00+00:00,Faisalabad,275.0024988810221,µg/m³,1
2025-12-31 16:00:00+00:00,Faisalabad,221.44437491099038,µg/m³,1
2025-12-31 17:00:00+00:00,Faisalabad,215.67714320591517,µg/m³,1
2025-12-31 19:00:00+00:00,Faisalabad,254.6481808749112,µg/m³,1
2025-12-31 20:00:00+00:00,Faisalabad,235.51683324178057,µg/m³,1
2025-12-31 21:00:00+00:00,Faisalabad,235.6919998168945,µg/m³,1
2025-12-31 22:00:00+00:00,Faisalabad,218.44666697184246,µg/m³,1
2025-12-31 23:00:00+00:00,Faisalabad,217.28933308919272,µg/m³,1
2026-01-01 00:00:00+00:00,Faisalabad,223.78349990844728,µg/m³,1
2026-01-01 01:00:00+00:00,Faisalabad,236.46333363850917,µg/m³,1
2026-01-01 02:00:00+00:00,Faisalabad,228.97799987792965,µg/m³,1
2026-01-01 03:00:00+00:00,Faisalabad,229.5693333943685,µg/m³,1
2026-01-01 04:00:00+00:00,Faisalabad,236.79766642252605,µg/m³,1
2026-01-01 05:00:00+00:00,Faisalabad,227.29183324178055,µg/m³,1
2026-01-01 06:00:00+00:00,Faisalabad,225.37249984741217,µg/m³,1
2026-01-01 07:00:00+00:00,Faisalabad,223.0893330891927,µg/m³,1
2026-01-01 08:00:00+00:00,Faisalabad,231.56133244832358,µg/m³,1
2026-01-01 09:00:00+00:00,Faisalabad,240.43616638183596,µg/m³,1
2026-01-01 10:00:00+00:00,Faisalabad,225.47787532806396,µg/m³,1
2026-01-01 11:00:00+00:00,Faisalabad,230.79600105285644,µg/m³,1
2026-01-01 12:00:00+00:00,Faisalabad,210.66466623942063,µg/m³,1
2026-01-01 13:00:00+00:00,Faisalabad,214.41983311971026,µg/m³,1
2026-01-01 14:00:00+00:00,Faisalabad,202.91933339436852,µg/m³,1
2026-01-01 15:00:00+00:00,Faisalabad,197.96390894109553,µg/m³,1
2026-01-01 16:00:00+00:00,Faisalabad,187.96399993896486,µg/m³,1
2026-01-01 17:00:00+00:00,Faisalabad,194.2118329366048,µg/m³,1
2026-01-01 18:00:00+00:00,Faisalabad,199.26100006103516,µg/m³,1
2026-01-01 19:00:00+00:00,Faisalabad,192.61149978637695,µg/m³,1
2026-01-01 20:00:00+00:00,Faisalabad,197.82466684977211,µg/m³,1
2026-01-01 21:00:00+00:00,Faisalabad,202.76916681925456,µg/m³,1
2026-01-01 22:00:00+00:00,Faisalabad,193.8138333638509,µg/m³,1
2026-01-01 23:00:00+00:00,Faisalabad,227.6140007019043,µg/m³,1
2026-01-02 00:00:00+00:00,Faisalabad,339.76683400472,µg/m³,1
2026-01-02 01:00:00+00:00,Faisalabad,256.5884991963705,µg/m³,1
2026-01-02 02:00:00+00:00,Faisalabad,228.66683349609374,µg/m³,1
2026-01-02 03:00:00+00:00,Faisalabad,199.22133344014483,µg/m³,1
2026-01-02 04:00:00+00:00,Faisalabad,198.23850021362307,µg/m³,1
2026-01-02 05:00:00+00:00,Faisalabad,214.3775001525879,µg/m³,1
2026-01-02 06:00:00+00:00,Faisalabad,210.23383305867515,µg/m³,1
2026-01-02 07:00:00+00:00,Faisalabad,216.7856669108073,µg/m³,1
2026-01-02 08:00:00+00:00,Faisalabad,214.0583333333334,µg/m³,1
2026-01-02 09:00:00+00:00,Faisalabad,192.6003331502279,µg/m³,1
2026-01-02 10:00:00+00:00,Faisalabad,170.39749984741212,µg/m³,1
2026-01-02 11:00:00+00:00,Faisalabad,158.99416681925456,µg/m³,1
2026-01-02 12:00:00+00:00,Faisalabad,166.74166666666665,µg/m³,1
2026-01-02 13:00:00+00:00,Faisalabad,187.80283330281577,µg/m³,1
2026-01-02 14:00:00+00:00,Faisalabad,247.35818231756036,µg/m³,1
2026-01-02 15:00:00+00:00,Faisalabad,290.82291666666663,µg/m³,1
