datetime,city,pm25_value,pm25_unit,pm25_locations
2025-10-04 16:00:00+00:00,Islamabad,54.05538898044162,µg/m³,3
2025-10-04 17:00:00+00:00,Islamabad,48.793411925986966,µg/m³,3
2025-10-04 18:00:00+00:00,Islamabad,40.24477772182888,µg/m³,3
2025-10-04 19:00:00+00:00,Islamabad,47.02081932491726,µg/m³,3
2025-10-04 20:00:00+00:00,Islamabad,38.164301038671425,µg/m³,3
2025-10-04 21:00:00+00:00,Islamabad,38.478625043233244,µg/m³,3
2025-10-04 22:00:00+00:00,Islamabad,37.72244457668728,µg/m³,3
2025-10-04 23:00:00+00:00,Islamabad,40.73283335367839,µg/m³,3
2025-10-05 00:00:00+00:00,Islamabad,41.744421393783,µg/m³,3
2025-10-05 01:00:00+00:00,Islamabad,40.5997501373291,µg/m³,3
2025-10-05 02:00:00+00:00,Islamabad,37.49624539834482,µg/m³,3
2025-10-05 03:00:00+00:00,Islamabad,41.95547676792851,µg/m³,3
2025-10-05 04:00:00+00:00,Islamabad,36.25626382562849,µg/m³,3
2025-10-05 05:00:00+00:00,Islamabad,31.967509222913673,µg/m³,3
2025-10-05 06:00:00+00:00,Islamabad,28.957708332273693,µg/m³,3
2025-10-05 07:00:00+00:00,Islamabad,25.048638916015623,µg/m³,3
2025-10-05 08:00:00+00:00,Islamabad,23.542347216606142,µg/m³,3
2025-10-05 09:00:00+00:00,Islamabad,23.96262499756283,µg/m³,3
2025-10-05 10:00:00+00:00,Islamabad,27.06963888450905,µg/m³,3
2025-10-05 11:00:00+00:00,Islamabad,27.7349444354022,µg/m³,3
2025-10-05 12:00:00+00:00,Islamabad,29.602263866530524,µg/m³,3
2025-10-05 13:00:00+00:00,Islamabad,27.683749985694885,µg/m³,3
2025-10-05 14:00:00+00:00,Islamabad,28.513583310445153,µg/m³,3
2025-10-05 15:00:00+00:00,Islamabad,29.951351783010693,µg/m³,3
2025-10-05 16:00:00+00:00,Islamabad,23.656958240049857,µg/m³,3
2025-10-05 17:00:00+00:00,Islamabad,9.618638892306222,µg/m³,3
2025-10-05 18:00:00+00:00,Islamabad,7.2122638922598625,µg/m³,3
2025-10-05 19:00:00+00:00,Islamabad,8.054421300910137,µg/m³,3
2025-10-05 20:00:00+00:00,Islamabad,7.76940740413136,µg/m³,3
2025-10-05 21:00:00+00:00,Islamabad,9.171097228262159,µg/m³,3
2025-10-05 22:00:00+00:00,Islamabad,8.253203697557803,µg/m³,3
2025-10-05 23:00:00+00:00,Islamabad,8.805976845599988,µg/m³,3
2025-10-06 00:00:00+00:00,Islamabad,8.79544444547759,µg/m³,3
2025-10-06 01:00:00+00:00,Islamabad,9.515615738983508,µg/m³,3
2025-10-06 02:00:00+00:00,Islamabad,16.33904629724997,µg/m³,3
2025-10-06 03:00:00+00:00,Islamabad,30.253393460203103,µg/m³,3
2025-10-06 04:00:00+00:00,Islamabad,25.3545531253622,µg/m³,3
2025-10-06 05:00:00+00:00,Islamabad,18.149998734133813,µg/m³,3
2025-10-06 06:00:00+00:00,Islamabad,10.12551389005449,µg/m³,3
2025-10-06 07:00:00+00:00,Islamabad,10.886080807868879,µg/m³,3
2025-10-06 08:00:00+00:00,Islamabad,9.247305552164713,µg/m³,3
2025-10-06 09:00:00+00:00,Islamabad,11.935087962503786,µg/m³,3
2025-10-06 10:00:00+00:00,Islamabad,9.673851861777129,µg/m³,3
2025-10-06 11:00:00+00:00,Islamabad,14.185347220632766,µg/m³,3
2025-10-06 12:00:00+00:00,Islamabad,10.419222222434149,µg/m³,3
2025-10-06 13:00:00+00:00,Islamabad,16.031736106342738,µg/m³,3
2025-10-06 14:00:00+00:00,Islamabad,14.196847222469472,µg/m³,3
2025-10-06 15:00:00+00:00,Islamabad,18.869986123508877,µg/m³,3
2025-10-06 16:00:00+00:00,Islamabad,20.10078703562419,µg/m³,3
2025-10-06 17:00:00+00:00,Islamabad,15.965722232394748,µg/m³,3
2025-10-06 18:00:00+00:00,Islamabad,14.047138886981543,µg/m³,3
2025-10-06 19:00:00+00:00,Islamabad,12.146944443384806,µg/m³,3
2025-10-06 20:00:00+00:00,Islamabad,14.050912033187018,µg/m³,3
2025-10-06 21:00:00+00:00,Islamabad,10.73608796066708,µg/m³,3
2025-10-06 22:00:00+00:00,Islamabad,10.425166670481364,µg/m³,3
2025-10-06 23:00:00+00:00,Islamabad,11.431412042511836,µg/m³,3
2025-10-07 00:00:00+00:00,Islamabad,13.078300929069519,µg/m³,3
2025-10-07 01:00:00+00:00,Islamabad,14.983708336618212,µg/m³,3
2025-10-07 02:00:00+00:00,Islamabad,25.269097230169507,µg/m³,3
2025-10-07 03:00:00+00:00,Islamabad,29.686310104970573,µg/m³,3
2025-10-07 04:00:00+00:00,Islamabad,34.57097222275204,µg/m³,3
2025-10-07 05:00:00+00:00,Islamabad,19.841379635422317,µg/m³,3
2025-10-07 06:00:00+00:00,Islamabad,25.670407408255116,µg/m³,3
2025-10-07 07:00:00+00:00,Islamabad,28.892990733959056,µg/m³,3
2025-10-07 08:00:00+00:00,Islamabad,25.207236116020766,µg/m³,3
2025-10-07 09:00:00+00:00,Islamabad,22.996212968119867,µg/m³,3
2025-10-07 10:00:00+00:00,Islamabad,24.71425926950243,µg/m³,3
2025-10-07 11:00:00+00:00,Islamabad,24.483513893021478,µg/m³,3
2025-10-07 12:00:00+00:00,Islamabad,27.814013865258957,µg/m³,3
2025-10-07 13:00:00+00:00,Islamabad,37.96262034840054,µg/m³,3
2025-10-07 14:00:00+00:00,Islamabad,38.739597188101875,µg/m³,3
2025-10-07 15:00:00+00:00,Islamabad,31.376513873206246,µg/m³,3
2025-10-07 16:00:00+00:00,Islamabad,19.96911574204763,µg/m³,3
2025-10-07 17:00:00+00:00,Islamabad,23.280398148077506,µg/m³,3
2025-10-07 18:00:00+00:00,Islamabad,19.113935170350253,µg/m³,3
2025-10-07 19:00:00+00:00,Islamabad,17.489194447905927,µg/m³,3
2025-10-07 20:00:00+00:00,Islamabad,13.8889583296246,µg/m³,3
2025-10-07 21:00:00+00:00,Islamabad,16.56481944455041,µg/m³,3
2025-10-07 22:00:00+00:00,Islamabad,11.52609722437682,µg/m³,3
2025-10-07 23:00:00+00:00,Islamabad,12.278791682808489,µg/m³,3
2025-10-08 00:00:00+00:00,Islamabad,11.785180555449593,µg/m³,3
2025-10-08 01:00:00+00:00,Islamabad,19.00101388030582,µg/m³,3
2025-10-08 02:00:00+00:00,Islamabad,40.0747547034864,µg/m³,3
2025-10-08 03:00:00+00:00,Islamabad,43.736032493026165,µg/m³,3
2025-10-08 04:00:00+00:00,Islamabad,38.31447671254475,µg/m³,3
2025-10-08 05:00:00+00:00,Islamabad,41.86648609638214,µg/m³,3
2025-10-08 06:00:00+00:00,Islamabad,39.43299533702709,µg/m³,3
2025-10-08 07:00:00+00:00,Islamabad,26.63134090924504,µg/m³,3
2025-10-08 08:00:00+00:00,Islamabad,20.998083337148028,µg/m³,3
2025-10-08 09:00:00+00:00,Islamabad,22.617412036436576,µg/m³,3
2025-10-08 10:00:00+00:00,Islamabad,25.477837966106552,µg/m³,3
2025-10-08 11:00:00+00:00,Islamabad,27.880546294318304,µg/m³,3
2025-10-08 12:00:00+00:00,Islamabad,40.69409262957396,µg/m³,3
2025-10-08 13:00:00+00:00,Islamabad,54.93138893975152,µg/m³,3
2025-10-08 14:00:00+00:00,Islamabad,46.618972171677484,µg/m³,3
2025-10-08 15:00:00+00:00,Islamabad,37.92714348722387,µg/m³,3
2025-10-08 16:00:00+00:00,Islamabad,41.0867732639666,µg/m³,3
2025-10-08 17:00:00+00:00,Islamabad,28.98423608409034,µg/m³,3
2025-10-08 18:00:00+00:00,Islamabad,30.85367129555455,µg/m³,3
2025-10-08 19:00:00+00:00,Islamabad,27.38861574685132,µg/m³,3
2025-10-08 20:00:00+00:00,Islamabad,26.54132406623275,µg/m³,3
2025-10-08 21:00:00+00:00,Islamabad,25.13120370441013,µg/m³,3
2025-10-08 22:00:00+00:00,Islamabad,25.54227313553845,µg/m³,3
2025-10-08 23:00:00+00:00,Islamabad,26.420337971051538,µg/m³,3
2025-10-09 00:00:00+00:00,Islamabad,22.996060178014968,µg/m³,3
2025-10-09 01:00:00+00:00,Islamabad,32.787124962276884,µg/m³,3
2025-10-09 02:00:00+00:00,Islamabad,35.29662493864695,µg/m³,3
2025-10-09 03:00:00+00:00,Islamabad,30.960046300181634,µg/m³,3
2025-10-09 04:00:00+00:00,Islamabad,34.52025001313951,µg/m³,3
2025-10-09 05:00:00+00:00,Islamabad,34.81216197278764,µg/m³,3
2025-10-09 06:00:00+00:00,Islamabad,31.351097126360298,µg/m³,3
2025-10-09 07:00:00+00:00,Islamabad,28.860611063462716,µg/m³,3
2025-10-09 08:00:00+00:00,Islamabad,28.850027786360844,µg/m³,3
2025-10-09 09:00:00+00:00,Islamabad,29.080291658860663,µg/m³,3
2025-10-09 10:00:00+00:00,Islamabad,29.388944496048822,µg/m³,3
2025-10-09 11:00:00+00:00,Islamabad,34.61864814758301,µg/m³,3
2025-10-09 12:00:00+00:00,Islamabad,41.18143987214123,µg/m³,3
2025-10-09 13:00:00+00:00,Islamabad,48.27221763752126,µg/m³,3
2025-10-09 14:00:00+00:00,Islamabad,40.487888971964516,µg/m³,3
2025-10-09 15:00:00+00:00,Islamabad,45.76650477162115,µg/m³,3
2025-10-09 16:00:00+00:00,Islamabad,46.90577317432121,µg/m³,3
2025-10-09 17:00:00+00:00,Islamabad,42.4597916815016,µg/m³,3
2025-10-09 18:00:00+00:00,Islamabad,32.69031479711886,µg/m³,3
2025-10-09 19:00:00+00:00,Islamabad,34.35972692613248,µg/m³,3
2025-10-09 20:00:00+00:00,Islamabad,32.23150008342884,µg/m³,3
2025-10-09 21:00:00+00:00,Islamabad,30.764060073428684,µg/m³,3
2025-10-09 22:00:00+00:00,Islamabad,32.49576392173767,µg/m³,3
2025-10-09 23:00:00+00:00,Islamabad,34.27837506665123,µg/m³,3
2025-10-10 00:00:00+00:00,Islamabad,30.797870244803253,µg/m³,3
2025-10-10 01:00:00+00:00,Islamabad,40.351467673866836,µg/m³,3
2025-10-10 02:00:00+00:00,Islamabad,51.42336582254481,µg/m³,3
2025-10-10 03:00:00+00:00,Islamabad,37.282110977172856,µg/m³,3
2025-10-10 04:00:00+00:00,Islamabad,41.56749088146069,µg/m³,3
2025-10-10 05:00:00+00:00,Islamabad,37.72430548579605,µg/m³,3
2025-10-10 06:00:00+00:00,Islamabad,38.51286549744782,µg/m³,3
2025-10-10 07:00:00+00:00,Islamabad,36.219374953375926,µg/m³,3
2025-10-10 08:00:00+00:00,Islamabad,34.183578710202816,µg/m³,3
2025-10-10 09:00:00+00:00,Islamabad,37.189124940059806,µg/m³,3
2025-10-10 10:00:00+00:00,Islamabad,37.26725933551788,µg/m³,3
2025-10-10 11:00:00+00:00,Islamabad,33.54046757751041,µg/m³,3
2025-10-10 12:00:00+00:00,Islamabad,45.8098054991828,µg/m³,3
2025-10-10 13:00:00+00:00,Islamabad,55.1151805082957,µg/m³,3
2025-10-10 14:00:00+00:00,Islamabad,48.30123624801636,µg/m³,3
2025-10-10 15:00:00+00:00,Islamabad,45.69228249302617,µg/m³,3
2025-10-10 16:00:00+00:00,Islamabad,50.8795045711376,µg/m³,3
2025-10-10 17:00:00+00:00,Islamabad,54.99787498050265,µg/m³,3
2025-10-10 18:00:00+00:00,Islamabad,60.528486103481725,µg/m³,3
2025-10-10 19:00:00+00:00,Islamabad,47.27386101616753,µg/m³,3
2025-10-10 20:00:00+00:00,Islamabad,45.87150001525879,µg/m³,3
2025-10-10 21:00:00+00:00,Islamabad,40.42476380666097,µg/m³,3
2025-10-10 22:00:00+00:00,Islamabad,38.5144582748413,µg/m³,3
2025-10-10 23:00:00+00:00,Islamabad,37.916624895731616,µg/m³,3
2025-10-11 00:00:00+00:00,Islamabad,37.79323151199906,µg/m³,3
2025-10-11 01:00:00+00:00,Islamabad,40.640175854718244,µg/m³,3
2025-10-11 02:00:00+00:00,Islamabad,62.05534708234999,µg/m³,3
2025-10-11 03:00:00+00:00,Islamabad,53.62393050723606,µg/m³,3
2025-10-11 04:00:00+00:00,Islamabad,55.14658805705883,µg/m³,3
2025-10-11 05:00:00+00:00,Islamabad,55.80947217146555,µg/m³,3
2025-10-11 06:00:00+00:00,Islamabad,44.130736112594604,µg/m³,3
2025-10-11 07:00:00+00:00,Islamabad,40.610953652417216,µg/m³,3
2025-10-11 08:00:00+00:00,Islamabad,36.36762957837846,µg/m³,3
2025-10-11 09:00:00+00:00,Islamabad,35.23984724680583,µg/m³,3
2025-10-11 10:00:00+00:00,Islamabad,33.1331574510645,µg/m³,3
2025-10-11 11:00:00+00:00,Islamabad,35.0,µg/m³,1
2025-10-11 12:00:00+00:00,Islamabad,47.512472237481006,µg/m³,3
2025-10-11 13:00:00+00:00,Islamabad,57.34787035341616,µg/m³,3
2025-10-11 14:00:00+00:00,Islamabad,60.37744912747983,µg/m³,3
2025-10-11 15:00:00+00:00,Islamabad,59.71458333333333,µg/m³,3
2025-10-11 16:00:00+00:00,Islamabad,62.81876400841606,µg/m³,3
2025-10-11 17:00:00+00:00,Islamabad,46.25204168955485,µg/m³,3
2025-10-11 18:00:00+00:00,Islamabad,48.90980548593732,µg/m³,3
2025-10-11 19:00:00+00:00,Islamabad,36.4469304950149,µg/m³,3
2025-10-11 20:00:00+00:00,Islamabad,33.43805103920125,µg/m³,3
2025-10-11 21:00:00+00:00,Islamabad,33.37156017268145,µg/m³,3
2025-10-11 22:00:00+00:00,Islamabad,35.255865824664085,µg/m³,3
2025-10-11 23:00:00+00:00,Islamabad,36.78459274857133,µg/m³,3
2025-10-12 00:00:00+00:00,Islamabad,35.45312493642171,µg/m³,3
2025-10-12 01:00:00+00:00,Islamabad,36.609819391038684,µg/m³,3
2025-10-12 02:00:00+00:00,Islamabad,43.861236042446556,µg/m³,3
2025-10-12 03:00:00+00:00,Islamabad,42.20809709760878,µg/m³,3
2025-10-12 04:00:00+00:00,Islamabad,36.6227778116862,µg/m³,3
2025-10-12 05:00:00+00:00,Islamabad,33.88546303024998,µg/m³,3
2025-10-12 06:00:00+00:00,Islamabad,32.3101389143202,µg/m³,3
2025-10-12 07:00:00+00:00,Islamabad,35.73120355959292,µg/m³,3
2025-10-12 08:00:00+00:00,Islamabad,38.288856499283405,µg/m³,3
2025-10-12 09:00:00+00:00,Islamabad,37.80975928129973,µg/m³,3
2025-10-12 10:00:00+00:00,Islamabad,35.074791653951,µg/m³,3
2025-10-12 11:00:00+00:00,Islamabad,39.01988430729619,µg/m³,3
2025-10-12 12:00:00+00:00,Islamabad,48.24151859989873,µg/m³,3
2025-10-12 13:00:00+00:00,Islamabad,60.23644409179687,µg/m³,3
2025-10-12 14:00:00+00:00,Islamabad,57.67709721459283,µg/m³,3
2025-10-12 15:00:00+00:00,Islamabad,53.3195416132609,µg/m³,3
2025-10-12 16:00:00+00:00,Islamabad,55.529254581310134,µg/m³,3
2025-10-12 17:00:00+00:00,Islamabad,51.016601717913595,µg/m³,3
2025-10-12 18:00:00+00:00,Islamabad,42.88474540004024,µg/m³,3
2025-10-12 19:00:00+00:00,Islamabad,35.54959718916152,µg/m³,3
2025-10-12 20:00:00+00:00,Islamabad,36.297999954223634,µg/m³,3
2025-10-12 21:00:00+00:00,Islamabad,42.10833324856228,µg/m³,3
2025-10-12 22:00:00+00:00,Islamabad,38.36399081194843,µg/m³,3
2025-10-12 23:00:00+00:00,Islamabad,36.69234710269504,µg/m³,3
2025-10-13 00:00:00+00:00,Islamabad,36.634874958462184,µg/m³,3
2025-10-13 01:00:00+00:00,Islamabad,43.08343050214979,µg/m³,3
2025-10-13 02:00:00+00:00,Islamabad,50.54834711286757,µg/m³,3
2025-10-13 03:00:00+00:00,Islamabad,39.70134261802391,µg/m³,3
2025-10-13 04:00:00+00:00,Islamabad,37.00734725528293,µg/m³,3
2025-10-13 05:00:00+00:00,Islamabad,37.29204621491609,µg/m³,3
2025-10-13 06:00:00+00:00,Islamabad,41.14372223748101,µg/m³,3
2025-10-13 07:00:00+00:00,Islamabad,41.098657339590574,µg/m³,3
2025-10-13 08:00:00+00:00,Islamabad,43.17791663275825,µg/m³,3
2025-10-13 09:00:00+00:00,Islamabad,43.61068974954111,µg/m³,3
2025-10-13 10:00:00+00:00,Islamabad,42.16596301043475,µg/m³,3
2025-10-13 11:00:00+00:00,Islamabad,48.33788880242241,µg/m³,3
2025-10-13 12:00:00+00:00,Islamabad,56.72534732818604,µg/m³,3
2025-10-13 13:00:00+00:00,Islamabad,63.86071301213017,µg/m³,3
2025-10-13 14:00:00+00:00,Islamabad,74.35092117168286,µg/m³,3
2025-10-13 15:00:00+00:00,Islamabad,59.06901399824354,µg/m³,3
2025-10-13 16:00:00+00:00,Islamabad,49.96306959788004,µg/m³,3
2025-10-13 17:00:00+00:00,Islamabad,48.96206496909812,µg/m³,3
2025-10-13 18:00:00+00:00,Islamabad,47.02775451518871,µg/m³,3
2025-10-13 19:00:00+00:00,Islamabad,47.178708330790194,µg/m³,3
2025-10-13 20:00:00+00:00,Islamabad,49.13926393720839,µg/m³,3
2025-10-13 21:00:00+00:00,Islamabad,53.28177315747297,µg/m³,3
2025-10-13 22:00:00+00:00,Islamabad,54.725972196790906,µg/m³,3
2025-10-13 23:00:00+00:00,Islamabad,48.74255090642858,µg/m³,3
2025-10-14 00:00:00+00:00,Islamabad,50.14504172007242,µg/m³,3
2025-10-14 01:00:00+00:00,Islamabad,52.98317130053485,µg/m³,3
2025-10-14 02:00:00+00:00,Islamabad,62.654555596245665,µg/m³,3
2025-10-14 03:00:00+00:00,Islamabad,53.492374907599554,µg/m³,3
2025-10-14 04:00:00+00:00,Islamabad,58.665527725219725,µg/m³,3
2025-10-14 05:00:00+00:00,Islamabad,54.190583292643225,µg/m³,3
2025-10-14 06:00:00+00:00,Islamabad,60.35537959911205,µg/m³,3
2025-10-14 07:00:00+00:00,Islamabad,65.30165275997587,µg/m³,3
2025-10-14 08:00:00+00:00,Islamabad,61.7670973671807,µg/m³,3
2025-10-14 09:00:00+00:00,Islamabad,54.32709262989186,µg/m³,3
2025-10-14 10:00:00+00:00,Islamabad,50.51341204466643,µg/m³,3
2025-10-14 11:00:00+00:00,Islamabad,52.35377773708768,µg/m³,3
2025-10-14 12:00:00+00:00,Islamabad,65.2783471637302,µg/m³,3
2025-10-14 13:00:00+00:00,Islamabad,62.1654907932988,µg/m³,3
2025-10-14 14:00:00+00:00,Islamabad,61.871639082166894,µg/m³,3
2025-10-14 15:00:00+00:00,Islamabad,55.32311104668511,µg/m³,3
2025-10-14 16:00:00+00:00,Islamabad,51.72112496693929,µg/m³,3
2025-10-14 17:00:00+00:00,Islamabad,51.63823600345188,µg/m³,3
2025-10-14 18:00:00+00:00,Islamabad,52.7089537443938,µg/m³,3
2025-10-14 19:00:00+00:00,Islamabad,51.47217599374277,µg/m³,3
2025-10-14 20:00:00+00:00,Islamabad,53.13845831553141,µg/m³,3
2025-10-14 21:00:00+00:00,Islamabad,53.66358324686686,µg/m³,3
2025-10-14 22:00:00+00:00,Islamabad,51.525249989827465,µg/m³,3
2025-10-14 23:00:00+00:00,Islamabad,50.07838430757875,µg/m³,3
2025-10-15 00:00:00+00:00,Islamabad,48.56958796889694,µg/m³,3
2025-10-15 01:00:00+00:00,Islamabad,58.473703610455544,µg/m³,3
2025-10-15 02:00:00+00:00,Islamabad,75.44484267058196,µg/m³,3
2025-10-15 03:00:00+00:00,Islamabad,69.38531937069361,µg/m³,3
2025-10-15 04:00:00+00:00,Islamabad,62.87571274086281,µg/m³,3
2025-10-15 05:00:00+00:00,Islamabad,63.18464806168168,µg/m³,3
2025-10-15 06:00:00+00:00,Islamabad,56.122777769300676,µg/m³,3
2025-10-15 07:00:00+00:00,Islamabad,50.56461109585232,µg/m³,3
2025-10-15 08:00:00+00:00,Islamabad,47.96401853208189,µg/m³,3
2025-10-15 09:00:00+00:00,Islamabad,46.0173101707741,µg/m³,3
2025-10-15 10:00:00+00:00,Islamabad,45.14228232348407,µg/m³,3
2025-10-15 11:00:00+00:00,Islamabad,45.63448611365425,µg/m³,3
2025-10-15 12:00:00+00:00,Islamabad,51.85195827484131,µg/m³,3
2025-10-15 13:00:00+00:00,Islamabad,52.663375027974446,µg/m³,3
2025-10-15 14:00:00+00:00,Islamabad,67.49015271928575,µg/m³,3
2025-10-15 15:00:00+00:00,Islamabad,58.102666600545255,µg/m³,3
2025-10-15 16:00:00+00:00,Islamabad,58.36418506481029,µg/m³,3
2025-10-15 17:00:00+00:00,Islamabad,52.65134261802391,µg/m³,3
2025-10-15 18:00:00+00:00,Islamabad,55.50120817820231,µg/m³,3
2025-10-15 19:00:00+00:00,Islamabad,51.29963883293999,µg/m³,3
2025-10-15 20:00:00+00:00,Islamabad,51.66985638229935,µg/m³,3
2025-10-15 21:00:00+00:00,Islamabad,48.464027701483836,µg/m³,3
2025-10-15 22:00:00+00:00,Islamabad,45.731708463033044,µg/m³,3
2025-10-15 23:00:00+00:00,Islamabad,45.39751385582818,µg/m³,3
2025-10-16 00:00:00+00:00,Islamabad,45.42231013686568,µg/m³,3
2025-10-16 01:00:00+00:00,Islamabad,50.125347412957076,µg/m³,3
2025-10-16 02:00:00+00:00,Islamabad,89.19418070051405,µg/m³,3
2025-10-16 03:00:00+00:00,Islamabad,78.31424992879232,µg/m³,3
2025-10-16 04:00:00+00:00,Islamabad,72.78790726838288,µg/m³,3
2025-10-16 05:00:00+00:00,Islamabad,76.81394916816994,µg/m³,3
2025-10-16 06:00:00+00:00,Islamabad,75.74018519366228,µg/m³,3
2025-10-16 07:00:00+00:00,Islamabad,72.14218515466762,µg/m³,3
2025-10-16 08:00:00+00:00,Islamabad,62.89654174380832,µg/m³,3
2025-10-16 09:00:00+00:00,Islamabad,54.325874900817865,µg/m³,3
2025-10-16 10:00:00+00:00,Islamabad,54.69358342488607,µg/m³,3
2025-10-16 11:00:00+00:00,Islamabad,55.84051851343225,µg/m³,3
2025-10-16 12:00:00+00:00,Islamabad,73.46436110602484,µg/m³,3
2025-10-16 13:00:00+00:00,Islamabad,99.7272916793823,µg/m³,3
2025-10-16 14:00:00+00:00,Islamabad,98.56995367827238,µg/m³,3
2025-10-16 15:00:00+00:00,Islamabad,77.05879179636638,µg/m³,3
2025-10-16 16:00:00+00:00,Islamabad,63.22131955888536,µg/m³,3
2025-10-16 17:00:00+00:00,Islamabad,67.86880085556595,µg/m³,3
2025-10-16 18:00:00+00:00,Islamabad,64.88308618397825,µg/m³,3
2025-10-16 19:00:00+00:00,Islamabad,60.450374921162926,µg/m³,3
2025-10-16 20:00:00+00:00,Islamabad,54.39580557081434,µg/m³,3
2025-10-16 21:00:00+00:00,Islamabad,64.9490924552635,µg/m³,3
2025-10-16 22:00:00+00:00,Islamabad,57.84152759975857,µg/m³,3
2025-10-16 23:00:00+00:00,Islamabad,55.46605550977918,µg/m³,3
2025-10-17 00:00:00+00:00,Islamabad,54.07183796211526,µg/m³,3
2025-10-17 01:00:00+00:00,Islamabad,59.597625033060716,µg/m³,3
2025-10-17 02:00:00+00:00,Islamabad,84.61338402783429,µg/m³,3
2025-10-17 03:00:00+00:00,Islamabad,63.87371299178513,µg/m³,3
2025-10-17 04:00:00+00:00,Islamabad,70.19976847613299,µg/m³,3
2025-10-17 05:00:00+00:00,Islamabad,78.67246762734874,µg/m³,3
2025-10-17 06:00:00+00:00,Islamabad,74.6308656975075,µg/m³,3
2025-10-17 07:00:00+00:00,Islamabad,76.73130098272252,µg/m³,3
2025-10-17 08:00:00+00:00,Islamabad,74.97197210523818,µg/m³,3
2025-10-17 09:00:00+00:00,Islamabad,66.70480562845866,µg/m³,3
2025-10-17 10:00:00+00:00,Islamabad,57.564235920376255,µg/m³,3
2025-10-17 11:00:00+00:00,Islamabad,57.159374936421706,µg/m³,3
2025-10-17 12:00:00+00:00,Islamabad,70.6091574633563,µg/m³,3
2025-10-17 13:00:00+00:00,Islamabad,82.54243043263753,µg/m³,3
2025-10-17 14:00:00+00:00,Islamabad,81.89783350626628,µg/m³,3
2025-10-17 15:00:00+00:00,Islamabad,73.26977772182887,µg/m³,3
2025-10-17 16:00:00+00:00,Islamabad,79.39881958431668,µg/m³,3
2025-10-17 17:00:00+00:00,Islamabad,69.31234730614555,µg/m³,3
2025-10-17 18:00:00+00:00,Islamabad,60.683810219941314,µg/m³,3
2025-10-17 19:00:00+00:00,Islamabad,61.20144904101337,µg/m³,3
2025-10-17 20:00:00+00:00,Islamabad,57.3582221561008,µg/m³,3
2025-10-17 21:00:00+00:00,Islamabad,56.30507858417653,µg/m³,3
2025-10-17 22:00:00+00:00,Islamabad,54.44527315916838,µg/m³,3
2025-10-17 23:00:00+00:00,Islamabad,48.65143974445485,µg/m³,3
2025-10-18 00:00:00+00:00,Islamabad,49.097749837239576,µg/m³,3
2025-10-18 01:00:00+00:00,Islamabad,55.050370421233,µg/m³,3
2025-10-18 02:00:00+00:00,Islamabad,64.11139811763057,µg/m³,3
2025-10-18 03:00:00+00:00,Islamabad,63.31935631787335,µg/m³,3
2025-10-18 04:00:00+00:00,Islamabad,59.1178333706326,µg/m³,3
2025-10-18 05:00:00+00:00,Islamabad,57.39782866725215,µg/m³,3
2025-10-18 06:00:00+00:00,Islamabad,62.019652790493446,µg/m³,3
2025-10-18 07:00:00+00:00,Islamabad,65.84755116921885,µg/m³,3
2025-10-18 08:00:00+00:00,Islamabad,70.08945840199789,µg/m³,3
2025-10-18 09:00:00+00:00,Islamabad,60.71093035803901,µg/m³,3
2025-10-18 10:00:00+00:00,Islamabad,55.488708559672034,µg/m³,3
2025-10-18 11:00:00+00:00,Islamabad,64.54681478429724,µg/m³,3
2025-10-18 12:00:00+00:00,Islamabad,76.02556025893601,µg/m³,3
2025-10-18 13:00:00+00:00,Islamabad,75.11776854903609,µg/m³,3
2025-10-18 14:00:00+00:00,Islamabad,80.99725002712673,µg/m³,3
2025-10-18 15:00:00+00:00,Islamabad,87.43997226291232,µg/m³,3
2025-10-18 16:00:00+00:00,Islamabad,68.71494437323675,µg/m³,3
2025-10-18 17:00:00+00:00,Islamabad,58.770356489110874,µg/m³,3
2025-10-18 18:00:00+00:00,Islamabad,56.88441670735677,µg/m³,3
2025-10-18 19:00:00+00:00,Islamabad,60.77546300534849,µg/m³,3
2025-10-18 20:00:00+00:00,Islamabad,73.64016672770181,µg/m³,3
2025-10-18 21:00:00+00:00,Islamabad,71.03815118359397,µg/m³,3
2025-10-18 22:00:00+00:00,Islamabad,67.23718047671848,µg/m³,3
2025-10-18 23:00:00+00:00,Islamabad,59.83093047671847,µg/m³,3
2025-10-19 00:00:00+00:00,Islamabad,60.59719433254666,µg/m³,3
2025-10-19 01:00:00+00:00,Islamabad,62.73302781846788,µg/m³,3
2025-10-19 02:00:00+00:00,Islamabad,58.44237023812753,µg/m³,3
2025-10-19 03:00:00+00:00,Islamabad,66.06690281762017,µg/m³,3
2025-10-19 04:00:00+00:00,Islamabad,63.55694444444445,µg/m³,3
2025-10-19 05:00:00+00:00,Islamabad,60.63568036821153,µg/m³,3
2025-10-19 06:00:00+00:00,Islamabad,63.3376342702795,µg/m³,3
2025-10-19 07:00:00+00:00,Islamabad,64.50564355497006,µg/m³,3
2025-10-19 08:00:00+00:00,Islamabad,52.68716209552906,µg/m³,3
2025-10-19 09:00:00+00:00,Islamabad,48.69023600684272,µg/m³,3
2025-10-19 10:00:00+00:00,Islamabad,47.158458137512206,µg/m³,3
2025-10-19 11:00:00+00:00,Islamabad,48.61375945762352,µg/m³,3
2025-10-19 12:00:00+00:00,Islamabad,63.90822211371528,µg/m³,3
2025-10-19 13:00:00+00:00,Islamabad,89.03088870578343,µg/m³,3
2025-10-19 14:00:00+00:00,Islamabad,55.9902452186302,µg/m³,3
2025-10-19 15:00:00+00:00,Islamabad,75.799851848461,µg/m³,3
2025-10-19 16:00:00+00:00,Islamabad,70.21908340454102,µg/m³,3
2025-10-19 17:00:00+00:00,Islamabad,73.96494912747984,µg/m³,3
2025-10-19 18:00:00+00:00,Islamabad,72.16268045637342,µg/m³,3
2025-10-19 19:00:00+00:00,Islamabad,65.6127961759214,µg/m³,3
2025-10-19 20:00:00+00:00,Islamabad,58.20908330281576,µg/m³,3
2025-10-19 21:00:00+00:00,Islamabad,53.4792639626397,µg/m³,3
2025-10-19 22:00:00+00:00,Islamabad,53.075287091290505,µg/m³,3
2025-10-19 23:00:00+00:00,Islamabad,47.09242584793656,µg/m³,3
2025-10-20 00:00:00+00:00,Islamabad,50.47554162343343,µg/m³,3
2025-10-20 01:00:00+00:00,Islamabad,57.70156476056135,µg/m³,3
2025-10-20 02:00:00+00:00,Islamabad,77.68037497202555,µg/m³,3
2025-10-20 03:00:00+00:00,Islamabad,69.80153699804235,µg/m³,3
2025-10-20 04:00:00+00:00,Islamabad,58.864319462246364,µg/m³,3
2025-10-20 05:00:00+00:00,Islamabad,50.0,µg/m³,1
2025-10-20 06:00:00+00:00,Islamabad,52.0,µg/m³,1
2025-10-20 07:00:00+00:00,Islamabad,51.0,µg/m³,1
2025-10-20 08:00:00+00:00,Islamabad,66.33281930287679,µg/m³,3
2025-10-20 09:00:00+00:00,Islamabad,54.72554170820448,µg/m³,3
2025-10-20 10:00:00+00:00,Islamabad,49.763069513108995,µg/m³,3
2025-10-20 11:00:00+00:00,Islamabad,55.58433775018762,µg/m³,3
2025-10-20 12:00:00+00:00,Islamabad,67.79059080644087,µg/m³,3
2025-10-20 13:00:00+00:00,Islamabad,80.40920823415121,µg/m³,3
2025-10-20 14:00:00+00:00,Islamabad,74.98061095343697,µg/m³,3
2025-10-20 15:00:00+00:00,Islamabad,67.36554156409369,µg/m³,3
2025-10-20 16:00:00+00:00,Islamabad,62.887458356221515,µg/m³,3
2025-10-20 17:00:00+00:00,Islamabad,74.75602764553494,µg/m³,3
2025-10-20 18:00:00+00:00,Islamabad,61.061013815138075,µg/m³,3
2025-10-20 19:00:00+00:00,Islamabad,54.70018058353,µg/m³,3
2025-10-20 20:00:00+00:00,Islamabad,48.561527803209096,µg/m³,3
2025-10-20 21:00:00+00:00,Islamabad,48.393365697507505,µg/m³,3
2025-10-20 22:00:00+00:00,Islamabad,48.82297677640562,µg/m³,3
2025-10-20 23:00:00+00:00,Islamabad,45.22613881429036,µg/m³,3
2025-10-21 00:00:00+00:00,Islamabad,45.90829640141239,µg/m³,3
2025-10-21 01:00:00+00:00,Islamabad,51.184564774124716,µg/m³,3
2025-10-21 02:00:00+00:00,Islamabad,74.45277310830575,µg/m³,3
2025-10-21 03:00:00+00:00,Islamabad,67.60259715186226,µg/m³,3
2025-10-21 04:00:00+00:00,Islamabad,57.491004654213235,µg/m³,3
2025-10-21 05:00:00+00:00,Islamabad,57.23110184846101,µg/m³,3
2025-10-21 06:00:00+00:00,Islamabad,55.62222689169425,µg/m³,3
2025-10-21 07:00:00+00:00,Islamabad,57.220884316055866,µg/m³,3
2025-10-21 08:00:00+00:00,Islamabad,55.1100416607327,µg/m³,3
2025-10-21 09:00:00+00:00,Islamabad,45.90622694933856,µg/m³,3
2025-10-21 10:00:00+00:00,Islamabad,36.16450458809181,µg/m³,3
2025-10-21 11:00:00+00:00,Islamabad,43.53999989827474,µg/m³,3
2025-10-21 12:00:00+00:00,Islamabad,51.890935120759174,µg/m³,3
2025-10-21 13:00:00+00:00,Islamabad,62.14883346557617,µg/m³,3
2025-10-21 14:00:00+00:00,Islamabad,61.48783790447093,µg/m³,3
2025-10-21 15:00:00+00:00,Islamabad,69.51268992247405,µg/m³,3
2025-10-21 16:00:00+00:00,Islamabad,62.14999078821253,µg/m³,3
2025-10-21 17:00:00+00:00,Islamabad,59.01062501271566,µg/m³,3
2025-10-21 18:00:00+00:00,Islamabad,61.17186130947537,µg/m³,3
2025-10-21 19:00:00+00:00,Islamabad,55.28206950293647,µg/m³,3
2025-10-21 20:00:00+00:00,Islamabad,65.16359725528294,µg/m³,3
2025-10-21 21:00:00+00:00,Islamabad,53.935342760439276,µg/m³,3
2025-10-21 22:00:00+00:00,Islamabad,51.10858332316081,µg/m³,3
2025-10-21 23:00:00+00:00,Islamabad,48.78127788967557,µg/m³,3
2025-10-22 00:00:00+00:00,Islamabad,47.310662114178704,µg/m³,3
2025-10-22 01:00:00+00:00,Islamabad,49.83867124628137,µg/m³,3
2025-10-22 02:00:00+00:00,Islamabad,60.98579184214274,µg/m³,3
2025-10-22 03:00:00+00:00,Islamabad,55.934536926834674,µg/m³,3
2025-10-22 04:00:00+00:00,Islamabad,58.187416504368635,µg/m³,3
2025-10-22 05:00:00+00:00,Islamabad,54.05183792820683,µg/m³,3
2025-10-22 06:00:00+00:00,Islamabad,52.19503250828495,µg/m³,3
2025-10-22 07:00:00+00:00,Islamabad,49.971872109307185,µg/m³,3
2025-10-22 08:00:00+00:00,Islamabad,48.29337026101572,µg/m³,3
2025-10-22 09:00:00+00:00,Islamabad,45.0107777065701,µg/m³,3
2025-10-22 10:00:00+00:00,Islamabad,40.58823236022332,µg/m³,3
2025-10-22 11:00:00+00:00,Islamabad,42.32661619860716,µg/m³,3
2025-10-22 12:00:00+00:00,Islamabad,50.78158340454102,µg/m³,3
2025-10-22 13:00:00+00:00,Islamabad,68.53906943003336,µg/m³,3
2025-10-22 14:00:00+00:00,Islamabad,72.80000916940195,µg/m³,3
2025-10-22 15:00:00+00:00,Islamabad,54.779314818205656,µg/m³,3
2025-10-22 16:00:00+00:00,Islamabad,44.5221896763201,µg/m³,3
2025-10-22 17:00:00+00:00,Islamabad,37.714314908451506,µg/m³,3
2025-10-22 18:00:00+00:00,Islamabad,39.69744445217981,µg/m³,3
2025-10-22 19:00:00+00:00,Islamabad,35.11681946648492,µg/m³,3
2025-10-22 20:00:00+00:00,Islamabad,34.175847220420835,µg/m³,3
2025-10-22 21:00:00+00:00,Islamabad,33.85893990551984,µg/m³,3
2025-10-22 22:00:00+00:00,Islamabad,35.96458333333333,µg/m³,3
2025-10-22 23:00:00+00:00,Islamabad,35.964763882425096,µg/m³,3
2025-10-23 00:00:00+00:00,Islamabad,36.462013943990065,µg/m³,3
2025-10-23 01:00:00+00:00,Islamabad,44.51239344985397,µg/m³,3
2025-10-23 02:00:00+00:00,Islamabad,59.06596767990678,µg/m³,3
2025-10-23 03:00:00+00:00,Islamabad,74.75923153912579,µg/m³,3
2025-10-23 04:00:00+00:00,Islamabad,60.384055655893654,µg/m³,3
2025-10-23 05:00:00+00:00,Islamabad,55.16355085726138,µg/m³,3
2025-10-23 06:00:00+00:00,Islamabad,48.772780401441786,µg/m³,3
2025-10-23 07:00:00+00:00,Islamabad,49.38062037715205,µg/m³,3
2025-10-23 08:00:00+00:00,Islamabad,49.98559077869762,µg/m³,3
2025-10-23 09:00:00+00:00,Islamabad,47.411041577657066,µg/m³,3
2025-10-23 10:00:00+00:00,Islamabad,50.31140741418909,µg/m³,3
2025-10-23 11:00:00+00:00,Islamabad,54.021189788535786,µg/m³,3
2025-10-23 12:00:00+00:00,Islamabad,65.96273602379694,µg/m³,3
2025-10-23 13:00:00+00:00,Islamabad,65.41024071022316,µg/m³,3
2025-10-23 14:00:00+00:00,Islamabad,69.29929167429607,µg/m³,3
2025-10-23 15:00:00+00:00,Islamabad,54.626986291673454,µg/m³,3
2025-10-23 16:00:00+00:00,Islamabad,63.03426401350233,µg/m³,3
2025-10-23 17:00:00+00:00,Islamabad,50.68447210523817,µg/m³,3
2025-10-23 18:00:00+00:00,Islamabad,49.763763915167914,µg/m³,3
2025-10-23 19:00:00+00:00,Islamabad,41.11470839182536,µg/m³,3
2025-10-23 20:00:00+00:00,Islamabad,38.65539814984357,µg/m³,3
2025-10-23 21:00:00+00:00,Islamabad,41.49524548142045,µg/m³,3
2025-10-23 22:00:00+00:00,Islamabad,42.9587639066908,µg/m³,3
2025-10-23 23:00:00+00:00,Islamabad,43.54476388295492,µg/m³,3
2025-10-24 00:00:00+00:00,Islamabad,41.68079153696696,µg/m³,3
2025-10-24 01:00:00+00:00,Islamabad,49.57318987669768,µg/m³,3
2025-10-24 02:00:00+00:00,Islamabad,55.674819416469994,µg/m³,3
2025-10-24 03:00:00+00:00,Islamabad,59.04259709252252,µg/m³,3
2025-10-24 04:00:00+00:00,Islamabad,50.85684710608589,µg/m³,3
2025-10-24 05:00:00+00:00,Islamabad,41.376148026077836,µg/m³,3
2025-10-24 06:00:00+00:00,Islamabad,40.88279629460087,µg/m³,3
2025-10-24 07:00:00+00:00,Islamabad,46.049342445090964,µg/m³,3
2025-10-24 08:00:00+00:00,Islamabad,50.695847214592824,µg/m³,3
2025-10-24 09:00:00+00:00,Islamabad,55.85093526486997,µg/m³,3
2025-10-24 10:00:00+00:00,Islamabad,55.561666742960604,µg/m³,3
2025-10-24 11:00:00+00:00,Islamabad,64.2078055911594,µg/m³,3
2025-10-24 12:00:00+00:00,Islamabad,59.9039444817437,µg/m³,3
2025-10-24 13:00:00+00:00,Islamabad,78.83433329264322,µg/m³,3
2025-10-24 14:00:00+00:00,Islamabad,64.96465299394397,µg/m³,3
2025-10-24 15:00:00+00:00,Islamabad,77.55784731970893,µg/m³,3
2025-10-24 16:00:00+00:00,Islamabad,69.35825013054742,µg/m³,3
2025-10-24 17:00:00+00:00,Islamabad,70.81950001186794,µg/m³,3
2025-10-24 18:00:00+00:00,Islamabad,61.31031007413511,µg/m³,3
2025-10-24 19:00:00+00:00,Islamabad,58.73429619118019,µg/m³,3
2025-10-24 20:00:00+00:00,Islamabad,51.21263889736599,µg/m³,3
2025-10-24 21:00:00+00:00,Islamabad,48.470786977697294,µg/m³,3
2025-10-24 22:00:00+00:00,Islamabad,47.582430542839894,µg/m³,3
2025-10-24 23:00:00+00:00,Islamabad,46.30061569920293,µg/m³,3
2025-10-25 00:00:00+00:00,Islamabad,45.00779175228542,µg/m³,3
2025-10-25 01:00:00+00:00,Islamabad,46.83141670227051,µg/m³,3
2025-10-25 02:00:00+00:00,Islamabad,57.374708239237464,µg/m³,3
2025-10-25 03:00:00+00:00,Islamabad,63.14897244771322,µg/m³,3
2025-10-25 04:00:00+00:00,Islamabad,58.95492126323558,µg/m³,3
2025-10-25 05:00:00+00:00,Islamabad,45.88464368890832,µg/m³,3
2025-10-25 06:00:00+00:00,Islamabad,43.29793067508274,µg/m³,3
2025-10-25 07:00:00+00:00,Islamabad,41.980152744717074,µg/m³,3
2025-10-25 08:00:00+00:00,Islamabad,44.38979167938232,µg/m³,3
2025-10-25 09:00:00+00:00,Islamabad,48.637453686749495,µg/m³,3
2025-10-25 10:00:00+00:00,Islamabad,51.58833325703939,µg/m³,3
2025-10-25 11:00:00+00:00,Islamabad,54.70037500593398,µg/m³,3
2025-10-25 12:00:00+00:00,Islamabad,71.58400001525878,µg/m³,3
2025-10-25 13:00:00+00:00,Islamabad,76.9511388990614,µg/m³,3
2025-10-25 14:00:00+00:00,Islamabad,71.92364354310212,µg/m³,3
2025-10-25 15:00:00+00:00,Islamabad,70.67436125013563,µg/m³,3
2025-10-25 16:00:00+00:00,Islamabad,69.42282399778014,µg/m³,3
2025-10-25 17:00:00+00:00,Islamabad,66.98676845409251,µg/m³,3
2025-10-25 18:00:00+00:00,Islamabad,62.27819446987576,µg/m³,3
2025-10-25 19:00:00+00:00,Islamabad,57.12837021439163,µg/m³,3
2025-10-25 20:00:00+00:00,Islamabad,54.98641662597657,µg/m³,3
2025-10-25 21:00:00+00:00,Islamabad,52.599754425331405,µg/m³,3
2025-10-25 22:00:00+00:00,Islamabad,47.0,µg/m³,1
2025-10-25 23:00:00+00:00,Islamabad,52.952486144171814,µg/m³,3
2025-10-26 00:00:00+00:00,Islamabad,54.45508792312057,µg/m³,3
2025-10-26 01:00:00+00:00,Islamabad,57.240078643516256,µg/m³,3
2025-10-26 02:00:00+00:00,Islamabad,57.74081952836779,µg/m³,3
2025-10-26 03:00:00+00:00,Islamabad,66.86602778964573,µg/m³,3
2025-10-26 04:00:00+00:00,Islamabad,52.339379529599796,µg/m³,3
2025-10-26 05:00:00+00:00,Islamabad,47.275601860328955,µg/m³,3
2025-10-26 06:00:00+00:00,Islamabad,48.664458401997884,µg/m³,3
2025-10-26 07:00:00+00:00,Islamabad,46.24362485673692,µg/m³,3
2025-10-26 08:00:00+00:00,Islamabad,45.69032409102829,µg/m³,3
2025-10-26 09:00:00+00:00,Islamabad,44.48841667175293,µg/m³,3
2025-10-26 10:00:00+00:00,Islamabad,43.790796350549776,µg/m³,3
2025-10-26 11:00:00+00:00,Islamabad,50.54229157765707,µg/m³,3
2025-10-26 12:00:00+00:00,Islamabad,65.12901384565565,µg/m³,3
2025-10-26 13:00:00+00:00,Islamabad,77.2600092711272,µg/m³,3
2025-10-26 14:00:00+00:00,Islamabad,70.94076387617324,µg/m³,3
2025-10-26 15:00:00+00:00,Islamabad,78.27304618270308,µg/m³,3
2025-10-26 16:00:00+00:00,Islamabad,80.56799540343108,µg/m³,3
2025-10-26 17:00:00+00:00,Islamabad,67.32158792990225,µg/m³,3
2025-10-26 18:00:00+00:00,Islamabad,54.46505100815384,µg/m³,3
2025-10-26 19:00:00+00:00,Islamabad,48.751208474901,µg/m³,3
2025-10-26 20:00:00+00:00,Islamabad,47.87148626115587,µg/m³,3
2025-10-26 21:00:00+00:00,Islamabad,49.724958483378096,µg/m³,3
2025-10-26 22:00:00+00:00,Islamabad,46.191263940599235,µg/m³,3
2025-10-26 23:00:00+00:00,Islamabad,49.710504666081185,µg/m³,3
2025-10-27 00:00:00+00:00,Islamabad,48.698963023998125,µg/m³,3
2025-10-27 01:00:00+00:00,Islamabad,53.837037079422565,µg/m³,3
2025-10-27 02:00:00+00:00,Islamabad,79.28206946055094,µg/m³,3
2025-10-27 03:00:00+00:00,Islamabad,63.91488910251193,µg/m³,3
2025-10-27 04:00:00+00:00,Islamabad,57.866305245293496,µg/m³,3
2025-10-27 05:00:00+00:00,Islamabad,55.633652899000374,µg/m³,3
2025-10-27 06:00:00+00:00,Islamabad,61.129819467332624,µg/m³,3
2025-10-27 07:00:00+00:00,Islamabad,60.577152697245275,µg/m³,3
2025-10-27 08:00:00+00:00,Islamabad,57.57331018094663,µg/m³,3
2025-10-27 09:00:00+00:00,Islamabad,62.112749905056425,µg/m³,3
2025-10-27 10:00:00+00:00,Islamabad,58.87277785407173,µg/m³,3
2025-10-27 11:00:00+00:00,Islamabad,61.73051853886358,µg/m³,3
2025-10-27 12:00:00+00:00,Islamabad,80.39894897319654,µg/m³,3
2025-10-27 13:00:00+00:00,Islamabad,91.01195837656657,µg/m³,3
2025-10-27 14:00:00+00:00,Islamabad,84.72526387108697,µg/m³,3
2025-10-27 15:00:00+00:00,Islamabad,84.42280548943414,µg/m³,3
2025-10-27 16:00:00+00:00,Islamabad,75.8006619700679,µg/m³,3
2025-10-27 17:00:00+00:00,Islamabad,63.42602772182889,µg/m³,3
2025-10-27 18:00:00+00:00,Islamabad,58.66117147516321,µg/m³,3
2025-10-27 19:00:00+00:00,Islamabad,51.22015272776286,µg/m³,3
2025-10-27 20:00:00+00:00,Islamabad,53.67818046145968,µg/m³,3
2025-10-27 21:00:00+00:00,Islamabad,54.5001113043891,µg/m³,3
2025-10-27 22:00:00+00:00,Islamabad,57.63215291765002,µg/m³,3
2025-10-27 23:00:00+00:00,Islamabad,56.92041659884983,µg/m³,3
2025-10-28 00:00:00+00:00,Islamabad,59.045935044465246,µg/m³,3
2025-10-28 01:00:00+00:00,Islamabad,62.21925010681152,µg/m³,3
2025-10-28 02:00:00+00:00,Islamabad,76.36554169125027,µg/m³,3
2025-10-28 03:00:00+00:00,Islamabad,76.92680999614574,µg/m³,3
2025-10-28 04:00:00+00:00,Islamabad,81.48437026694968,µg/m³,3
2025-10-28 05:00:00+00:00,Islamabad,62.870800858956805,µg/m³,3
2025-10-28 06:00:00+00:00,Islamabad,59.43659729427762,µg/m³,3
2025-10-28 07:00:00+00:00,Islamabad,65.77300916601111,µg/m³,3
2025-10-28 08:00:00+00:00,Islamabad,75.47743066151936,µg/m³,3
2025-10-28 09:00:00+00:00,Islamabad,69.75367127171269,µg/m³,3
2025-10-28 10:00:00+00:00,Islamabad,65.67158797228778,µg/m³,3
2025-10-28 11:00:00+00:00,Islamabad,70.06460192645038,µg/m³,3
2025-10-28 12:00:00+00:00,Islamabad,78.01383310953776,µg/m³,3
2025-10-28 13:00:00+00:00,Islamabad,95.00280087082474,µg/m³,3
2025-10-28 14:00:00+00:00,Islamabad,100.98473614586725,µg/m³,3
2025-10-28 15:00:00+00:00,Islamabad,90.84429637767651,µg/m³,3
2025-10-28 16:00:00+00:00,Islamabad,81.61605559455023,µg/m³,3
2025-10-28 17:00:00+00:00,Islamabad,71.03518531234175,µg/m³,3
2025-10-28 18:00:00+00:00,Islamabad,64.76138419398555,µg/m³,3
2025-10-28 19:00:00+00:00,Islamabad,64.56591669718425,µg/m³,3
2025-10-28 20:00:00+00:00,Islamabad,75.14544440375434,µg/m³,3
2025-10-28 21:00:00+00:00,Islamabad,73.42293063269722,µg/m³,3
2025-10-28 22:00:00+00:00,Islamabad,74.43182864012542,µg/m³,3
2025-10-28 23:00:00+00:00,Islamabad,78.92946305451568,µg/m³,3
2025-10-29 00:00:00+00:00,Islamabad,84.16391677856444,µg/m³,3
2025-10-29 01:00:00+00:00,Islamabad,96.91304629290545,µg/m³,3
2025-10-29 02:00:00+00:00,Islamabad,115.37459731631809,µg/m³,3
2025-10-29 03:00:00+00:00,Islamabad,100.89254177941217,µg/m³,3
2025-10-29 04:00:00+00:00,Islamabad,90.53061575006556,µg/m³,3
2025-10-29 05:00:00+00:00,Islamabad,81.59324535087302,µg/m³,3
2025-10-29 06:00:00+00:00,Islamabad,91.59543986143888,µg/m³,3
2025-10-29 07:00:00+00:00,Islamabad,94.66369442409939,µg/m³,3
2025-10-29 08:00:00+00:00,Islamabad,86.06646778671829,µg/m³,3
2025-10-29 09:00:00+00:00,Islamabad,68.92045841217042,µg/m³,3
2025-10-29 10:00:00+00:00,Islamabad,69.95908334520128,µg/m³,3
2025-10-29 11:00:00+00:00,Islamabad,76.08659716712104,µg/m³,3
2025-10-29 12:00:00+00:00,Islamabad,97.46073606279163,µg/m³,3
2025-10-29 13:00:00+00:00,Islamabad,103.48347690017134,µg/m³,3
2025-10-29 14:00:00+00:00,Islamabad,104.43824996948241,µg/m³,3
2025-10-29 15:00:00+00:00,Islamabad,87.71622229682073,µg/m³,3
2025-10-29 16:00:00+00:00,Islamabad,86.34822685100414,µg/m³,3
2025-10-29 17:00:00+00:00,Islamabad,79.34365283118355,µg/m³,3
2025-10-29 18:00:00+00:00,Islamabad,86.71293057335748,µg/m³,3
2025-10-29 19:00:00+00:00,Islamabad,82.39979165395101,µg/m³,3
2025-10-29 20:00:00+00:00,Islamabad,84.77068059709336,µg/m³,3
2025-10-29 21:00:00+00:00,Islamabad,85.47543057335747,µg/m³,3
2025-10-29 22:00:00+00:00,Islamabad,85.05448130854853,µg/m³,3
2025-10-29 23:00:00+00:00,Islamabad,80.11390748200593,µg/m³,3
2025-10-30 00:00:00+00:00,Islamabad,77.94586101108128,µg/m³,3
2025-10-30 01:00:00+00:00,Islamabad,91.7040648283782,µg/m³,3
2025-10-30 02:00:00+00:00,Islamabad,101.81706480803314,µg/m³,3
2025-10-30 03:00:00+00:00,Islamabad,97.98493078019884,µg/m³,3
2025-10-30 04:00:00+00:00,Islamabad,108.79405101493553,µg/m³,3
2025-10-30 05:00:00+00:00,Islamabad,101.22354170481363,µg/m³,3
2025-10-30 06:00:00+00:00,Islamabad,80.0076155839143,µg/m³,3
2025-10-30 07:00:00+00:00,Islamabad,61.600727335611985,µg/m³,3
2025-10-30 08:00:00+00:00,Islamabad,55.907550931859895,µg/m³,3
2025-10-30 09:00:00+00:00,Islamabad,52.39620371218081,µg/m³,3
2025-10-30 10:00:00+00:00,Islamabad,47.76338411260534,µg/m³,3
2025-10-30 11:00:00+00:00,Islamabad,56.252435330991396,µg/m³,3
2025-10-30 12:00:00+00:00,Islamabad,76.10001833880389,µg/m³,3
2025-10-30 13:00:00+00:00,Islamabad,87.17407407407406,µg/m³,3
2025-10-30 14:00:00+00:00,Islamabad,86.79368522078903,µg/m³,3
2025-10-30 15:00:00+00:00,Islamabad,76.59511099921332,µg/m³,3
2025-10-30 16:00:00+00:00,Islamabad,63.97744904270879,µg/m³,3
2025-10-30 17:00:00+00:00,Islamabad,61.34832873167815,µg/m³,3
2025-10-30 18:00:00+00:00,Islamabad,56.673601729781545,µg/m³,3
2025-10-30 19:00:00+00:00,Islamabad,55.33673614925808,µg/m³,3
2025-10-30 20:00:00+00:00,Islamabad,55.262106612876615,µg/m³,3
2025-10-30 21:00:00+00:00,Islamabad,55.05051377614339,µg/m³,3
2025-10-30 22:00:00+00:00,Islamabad,54.9767222934299,µg/m³,3
2025-10-30 23:00:00+00:00,Islamabad,54.259180598788795,µg/m³,3
2025-10-31 00:00:00+00:00,Islamabad,49.878189715632686,µg/m³,3
2025-10-31 01:00:00+00:00,Islamabad,58.513763957553444,µg/m³,3
2025-10-31 02:00:00+00:00,Islamabad,91.65933796211526,µg/m³,3
2025-10-31 03:00:00+00:00,Islamabad,83.96869447496202,µg/m³,3
2025-10-31 04:00:00+00:00,Islamabad,92.08585657896818,µg/m³,3
2025-10-31 05:00:00+00:00,Islamabad,73.92439809728552,µg/m³,3
2025-10-31 06:00:00+00:00,Islamabad,64.91789364991364,µg/m³,3
2025-10-31 07:00:00+00:00,Islamabad,72.46959263836897,µg/m³,3
2025-10-31 08:00:00+00:00,Islamabad,71.79837491777208,µg/m³,3
2025-10-31 09:00:00+00:00,Islamabad,64.54463436691849,µg/m³,3
2025-10-31 10:00:00+00:00,Islamabad,48.12226382361518,µg/m³,3
2025-10-31 11:00:00+00:00,Islamabad,52.2214259394893,µg/m³,3
2025-10-31 12:00:00+00:00,Islamabad,74.41341195989538,µg/m³,3
2025-10-31 13:00:00+00:00,Islamabad,85.2007130375615,µg/m³,3
2025-10-31 14:00:00+00:00,Islamabad,82.29674987792968,µg/m³,3
2025-10-31 15:00:00+00:00,Islamabad,101.36761101616754,µg/m³,3
2025-10-31 16:00:00+00:00,Islamabad,94.45626388125949,µg/m³,3
2025-10-31 17:00:00+00:00,Islamabad,84.57096764599835,µg/m³,3
2025-10-31 18:00:00+00:00,Islamabad,80.12611100938585,µg/m³,3
2025-10-31 19:00:00+00:00,Islamabad,71.2309166378445,µg/m³,3
2025-10-31 20:00:00+00:00,Islamabad,65.92779165903727,µg/m³,3
2025-10-31 21:00:00+00:00,Islamabad,64.08009717729357,µg/m³,3
2025-10-31 22:00:00+00:00,Islamabad,65.90262495676677,µg/m³,3
2025-10-31 23:00:00+00:00,Islamabad,65.42179190317789,µg/m³,3
2025-11-01 00:00:00+00:00,Islamabad,68.51037515004475,µg/m³,3
2025-11-01 01:00:00+00:00,Islamabad,74.3703935905739,µg/m³,3
2025-11-01 02:00:00+00:00,Islamabad,88.39387972796406,µg/m³,3
2025-11-01 03:00:00+00:00,Islamabad,98.05048134415239,µg/m³,3
2025-11-01 04:00:00+00:00,Islamabad,78.28319435119629,µg/m³,3
2025-11-01 05:00:00+00:00,Islamabad,92.85411576871518,µg/m³,3
2025-11-01 06:00:00+00:00,Islamabad,94.31026864228426,µg/m³,3
2025-11-01 07:00:00+00:00,Islamabad,100.13412036189327,µg/m³,3
2025-11-01 08:00:00+00:00,Islamabad,87.56248599158393,µg/m³,3
2025-11-01 09:00:00+00:00,Islamabad,71.86890282101102,µg/m³,3
2025-11-01 10:00:00+00:00,Islamabad,70.8205695046319,µg/m³,3
2025-11-01 11:00:00+00:00,Islamabad,77.8403890821669,µg/m³,3
2025-11-01 12:00:00+00:00,Islamabad,94.1079028447469,µg/m³,3
2025-11-01 13:00:00+00:00,Islamabad,110.55750466099492,µg/m³,3
2025-11-01 14:00:00+00:00,Islamabad,98.97212505340576,µg/m³,3
2025-11-01 15:00:00+00:00,Islamabad,92.53455097763627,µg/m³,3
2025-11-01 16:00:00+00:00,Islamabad,97.04087505340577,µg/m³,3
2025-11-01 17:00:00+00:00,Islamabad,87.71569446987576,µg/m³,3
2025-11-01 18:00:00+00:00,Islamabad,84.16989811084888,µg/m³,3
2025-11-01 19:00:00+00:00,Islamabad,84.18274993896485,µg/m³,3
2025-11-01 20:00:00+00:00,Islamabad,76.74204638445819,µg/m³,3
2025-11-01 21:00:00+00:00,Islamabad,69.47644437154135,µg/m³,3
2025-11-01 22:00:00+00:00,Islamabad,65.65144449869791,µg/m³,3
2025-11-01 23:00:00+00:00,Islamabad,61.91222224765354,µg/m³,3
2025-11-02 00:00:00+00:00,Islamabad,61.41862494150797,µg/m³,3
2025-11-02 01:00:00+00:00,Islamabad,68.3838331858317,µg/m³,3
2025-11-02 02:00:00+00:00,Islamabad,100.53482887833206,µg/m³,3
2025-11-02 03:00:00+00:00,Islamabad,106.52616678873699,µg/m³,3
2025-11-02 04:00:00+00:00,Islamabad,97.59877768622505,µg/m³,3
2025-11-02 05:00:00+00:00,Islamabad,91.81323137636538,µg/m³,3
2025-11-02 06:00:00+00:00,Islamabad,95.29881958431667,µg/m³,3
2025-11-02 07:00:00+00:00,Islamabad,92.26479019353418,µg/m³,3
2025-11-02 08:00:00+00:00,Islamabad,71.64688278951762,µg/m³,3
2025-11-02 09:00:00+00:00,Islamabad,68.16508794007477,µg/m³,3
2025-11-02 10:00:00+00:00,Islamabad,66.03961113823785,µg/m³,3
2025-11-02 11:00:00+00:00,Islamabad,69.56129169464111,µg/m³,3
2025-11-02 12:00:00+00:00,Islamabad,85.78146297313549,µg/m³,3
2025-11-02 13:00:00+00:00,Islamabad,90.7140417098999,µg/m³,3
2025-11-02 14:00:00+00:00,Islamabad,91.05954176584879,µg/m³,3
2025-11-02 15:00:00+00:00,Islamabad,97.4449027803209,µg/m³,3
2025-11-02 16:00:00+00:00,Islamabad,86.84870853424071,µg/m³,3
2025-11-02 17:00:00+00:00,Islamabad,99.54449538478144,µg/m³,3
2025-11-02 18:00:00+00:00,Islamabad,94.69981954362656,µg/m³,3
2025-11-02 19:00:00+00:00,Islamabad,90.44677776760524,µg/m³,3
2025-11-02 20:00:00+00:00,Islamabad,81.54524981180828,µg/m³,3
2025-11-02 21:00:00+00:00,Islamabad,71.04879169464112,µg/m³,3
2025-11-02 22:00:00+00:00,Islamabad,65.5199583053589,µg/m³,3
2025-11-02 23:00:00+00:00,Islamabad,64.49959718916152,µg/m³,3
2025-11-03 00:00:00+00:00,Islamabad,65.5058749516805,µg/m³,3
2025-11-03 01:00:00+00:00,Islamabad,69.50559244509095,µg/m³,3
2025-11-03 02:00:00+00:00,Islamabad,93.37690274980334,µg/m³,3
2025-11-03 03:00:00+00:00,Islamabad,112.70397220187716,µg/m³,3
2025-11-03 04:00:00+00:00,Islamabad,107.03177786933053,µg/m³,3
2025-11-03 05:00:00+00:00,Islamabad,92.95335187558776,µg/m³,3
2025-11-03 06:00:00+00:00,Islamabad,72.6475625038147,µg/m³,2
2025-11-03 07:00:00+00:00,Islamabad,78.6343409798362,µg/m³,2
2025-11-03 08:00:00+00:00,Islamabad,82.22616659800212,µg/m³,2
2025-11-03 09:00:00+00:00,Islamabad,58.73750019073486,µg/m³,2
2025-11-03 10:00:00+00:00,Islamabad,66.29550805409748,µg/m³,3
2025-11-03 11:00:00+00:00,Islamabad,72.45125007629395,µg/m³,3
2025-11-03 12:00:00+00:00,Islamabad,84.72824999491372,µg/m³,3
2025-11-03 13:00:00+00:00,Islamabad,84.36283327738444,µg/m³,3
2025-11-03 14:00:00+00:00,Islamabad,94.79762503306073,µg/m³,3
2025-11-03 15:00:00+00:00,Islamabad,96.43647232055663,µg/m³,3
2025-11-03 16:00:00+00:00,Islamabad,100.954596985711,µg/m³,3
2025-11-03 17:00:00+00:00,Islamabad,79.83027767605252,µg/m³,3
2025-11-03 18:00:00+00:00,Islamabad,83.80788887871635,µg/m³,3
2025-11-03 19:00:00+00:00,Islamabad,89.38948616451688,µg/m³,3
2025-11-03 20:00:00+00:00,Islamabad,97.93034708235,µg/m³,3
2025-11-03 21:00:00+00:00,Islamabad,103.1031388176812,µg/m³,3
2025-11-03 22:00:00+00:00,Islamabad,103.09969448513455,µg/m³,3
2025-11-03 23:00:00+00:00,Islamabad,102.56308339436849,µg/m³,3
2025-11-04 00:00:00+00:00,Islamabad,108.17769436306423,µg/m³,3
2025-11-04 01:00:00+00:00,Islamabad,111.62316665649415,µg/m³,3
2025-11-04 02:00:00+00:00,Islamabad,131.6649585088094,µg/m³,3
2025-11-04 03:00:00+00:00,Islamabad,110.40643045637341,µg/m³,3
2025-11-04 04:00:00+00:00,Islamabad,76.43093288498694,µg/m³,3
2025-11-04 05:00:00+00:00,Islamabad,71.77411109076606,µg/m³,3
2025-11-04 06:00:00+00:00,Islamabad,73.51126393212212,µg/m³,3
2025-11-04 07:00:00+00:00,Islamabad,97.56790286170111,µg/m³,3
2025-11-04 08:00:00+00:00,Islamabad,119.48254150814478,µg/m³,3
2025-11-04 09:00:00+00:00,Islamabad,178.5907916386922,µg/m³,3
2025-11-04 10:00:00+00:00,Islamabad,164.16531942155623,µg/m³,3
2025-11-04 11:00:00+00:00,Islamabad,108.80358806892677,µg/m³,3
2025-11-04 12:00:00+00:00,Islamabad,68.22006935543484,µg/m³,3
2025-11-04 13:00:00+00:00,Islamabad,68.39894451565213,µg/m³,3
2025-11-04 14:00:00+00:00,Islamabad,58.32034736209445,µg/m³,3
2025-11-04 15:00:00+00:00,Islamabad,46.37452765570746,µg/m³,3
2025-11-04 16:00:00+00:00,Islamabad,55.79643073611789,µg/m³,3
2025-11-04 17:00:00+00:00,Islamabad,65.43187503814697,µg/m³,3
2025-11-04 18:00:00+00:00,Islamabad,60.563277604844835,µg/m³,3
2025-11-04 19:00:00+00:00,Islamabad,51.78225008646647,µg/m³,3
2025-11-04 20:00:00+00:00,Islamabad,48.677666727701826,µg/m³,3
2025-11-04 21:00:00+00:00,Islamabad,47.471819284227166,µg/m³,3
2025-11-04 22:00:00+00:00,Islamabad,45.520069355434835,µg/m³,3
2025-11-04 23:00:00+00:00,Islamabad,43.86211119757758,µg/m³,3
2025-11-05 00:00:00+00:00,Islamabad,49.05751395755343,µg/m³,3
2025-11-05 01:00:00+00:00,Islamabad,60.68111118740506,µg/m³,3
2025-11-05 02:00:00+00:00,Islamabad,87.9527083714803,µg/m³,3
2025-11-05 03:00:00+00:00,Islamabad,88.21077770657008,µg/m³,3
2025-11-05 04:00:00+00:00,Islamabad,102.64620366979528,µg/m³,3
2025-11-05 05:00:00+00:00,Islamabad,87.47725016276043,µg/m³,3
2025-11-05 06:00:00+00:00,Islamabad,83.0,µg/m³,1
2025-11-05 07:00:00+00:00,Islamabad,54.07835650267425,µg/m³,3
2025-11-05 08:00:00+00:00,Islamabad,52.859611172146266,µg/m³,3
2025-11-05 09:00:00+00:00,Islamabad,46.91901399824354,µg/m³,3
2025-11-05 10:00:00+00:00,Islamabad,41.2189998626709,µg/m³,3
2025-11-05 11:00:00+00:00,Islamabad,40.47202775743273,µg/m³,3
2025-11-05 12:00:00+00:00,Islamabad,45.15912507375081,µg/m³,3
2025-11-05 13:00:00+00:00,Islamabad,43.378111055162215,µg/m³,3
2025-11-05 14:00:00+00:00,Islamabad,43.27120825449626,µg/m³,3
2025-11-05 15:00:00+00:00,Islamabad,64.0732777065701,µg/m³,3
2025-11-05 16:00:00+00:00,Islamabad,59.83391672770182,µg/m³,3
2025-11-05 17:00:00+00:00,Islamabad,55.667958386739095,µg/m³,3
2025-11-05 18:00:00+00:00,Islamabad,53.63036121792263,µg/m³,3
2025-11-05 19:00:00+00:00,Islamabad,49.07236116197374,µg/m³,3
2025-11-05 20:00:00+00:00,Islamabad,51.136027823554144,µg/m³,3
2025-11-05 21:00:00+00:00,Islamabad,40.334777747260205,µg/m³,3
2025-11-05 22:00:00+00:00,Islamabad,33.19866663614909,µg/m³,3
2025-11-05 23:00:00+00:00,Islamabad,34.37524998982747,µg/m³,3
2025-11-06 00:00:00+00:00,Islamabad,35.85770827134451,µg/m³,3
2025-11-06 01:00:00+00:00,Islamabad,40.14380562835269,µg/m³,3
2025-11-06 02:00:00+00:00,Islamabad,59.434874916076666,µg/m³,3
2025-11-06 03:00:00+00:00,Islamabad,52.737527762518994,µg/m³,3
2025-11-06 04:00:00+00:00,Islamabad,47.34876367780897,µg/m³,3
2025-11-06 05:00:00+00:00,Islamabad,37.914407419275356,µg/m³,3
2025-11-06 06:00:00+00:00,Islamabad,33.857263853814864,µg/m³,3
2025-11-06 07:00:00+00:00,Islamabad,36.27672224574619,µg/m³,3
2025-11-06 08:00:00+00:00,Islamabad,36.87319442696042,µg/m³,3
2025-11-06 09:00:00+00:00,Islamabad,32.79179169866774,µg/m³,3
2025-11-06 10:00:00+00:00,Islamabad,37.26451379987929,µg/m³,3
2025-11-06 11:00:00+00:00,Islamabad,41.18645826975504,µg/m³,3
2025-11-06 12:00:00+00:00,Islamabad,50.11515284644232,µg/m³,3
2025-11-06 13:00:00+00:00,Islamabad,62.05280554029676,µg/m³,3
2025-11-06 14:00:00+00:00,Islamabad,68.94669435289173,µg/m³,3
2025-11-06 15:00:00+00:00,Islamabad,65.87075004577636,µg/m³,3
2025-11-06 16:00:00+00:00,Islamabad,52.922763718499084,µg/m³,3
2025-11-06 17:00:00+00:00,Islamabad,47.201375007629395,µg/m³,3
2025-11-06 18:00:00+00:00,Islamabad,42.87681946224637,µg/m³,3
2025-11-06 19:00:00+00:00,Islamabad,45.825124931335445,µg/m³,3
2025-11-06 20:00:00+00:00,Islamabad,41.88133354187011,µg/m³,3
2025-11-06 21:00:00+00:00,Islamabad,50.75774993896484,µg/m³,3
2025-11-06 22:00:00+00:00,Islamabad,44.01649079499421,µg/m³,3
2025-11-06 23:00:00+00:00,Islamabad,38.71045820448134,µg/m³,3
2025-11-07 00:00:00+00:00,Islamabad,38.396555519104005,µg/m³,3
2025-11-07 01:00:00+00:00,Islamabad,45.72259738710191,µg/m³,3
2025-11-07 02:00:00+00:00,Islamabad,68.07615290747748,µg/m³,3
2025-11-07 03:00:00+00:00,Islamabad,72.76736098395453,µg/m³,3
2025-11-07 04:00:00+00:00,Islamabad,71.45198616451687,µg/m³,3
2025-11-07 05:00:00+00:00,Islamabad,75.33279158274333,µg/m³,3
2025-11-07 06:00:00+00:00,Islamabad,70.54550472542091,µg/m³,3
2025-11-07 07:00:00+00:00,Islamabad,46.24424997965496,µg/m³,3
2025-11-07 08:00:00+00:00,Islamabad,41.8607638253106,µg/m³,3
2025-11-07 09:00:00+00:00,Islamabad,41.13706942664253,µg/m³,3
2025-11-07 10:00:00+00:00,Islamabad,40.67356959448921,µg/m³,3
2025-11-07 11:00:00+00:00,Islamabad,47.89847217135959,µg/m³,3
2025-11-07 12:00:00+00:00,Islamabad,63.00906954871284,µg/m³,3
2025-11-07 13:00:00+00:00,Islamabad,63.978875160217285,µg/m³,3
2025-11-07 14:00:00+00:00,Islamabad,73.86539394494258,µg/m³,3
2025-11-07 15:00:00+00:00,Islamabad,75.67562478383381,µg/m³,3
2025-11-07 16:00:00+00:00,Islamabad,62.05404186248779,µg/m³,3
2025-11-07 17:00:00+00:00,Islamabad,70.72258326212564,µg/m³,3
2025-11-07 18:00:00+00:00,Islamabad,78.65588883294,µg/m³,3
2025-11-07 19:00:00+00:00,Islamabad,78.43592429883553,µg/m³,3
2025-11-07 20:00:00+00:00,Islamabad,49.99376375410292,µg/m³,3
2025-11-07 21:00:00+00:00,Islamabad,48.29041684468587,µg/m³,3
2025-11-07 22:00:00+00:00,Islamabad,45.86719453599718,µg/m³,3
2025-11-07 23:00:00+00:00,Islamabad,46.90930565728081,µg/m³,3
2025-11-08 00:00:00+00:00,Islamabad,44.52994452582465,µg/m³,3
2025-11-08 01:00:00+00:00,Islamabad,50.313138792249894,µg/m³,3
2025-11-08 02:00:00+00:00,Islamabad,70.47069430881078,µg/m³,3
2025-11-08 03:00:00+00:00,Islamabad,89.07884714338513,µg/m³,3
2025-11-08 04:00:00+00:00,Islamabad,69.10777782864041,µg/m³,3
2025-11-08 05:00:00+00:00,Islamabad,83.60062491099039,µg/m³,3
2025-11-08 06:00:00+00:00,Islamabad,74.67073616451688,µg/m³,3
2025-11-08 07:00:00+00:00,Islamabad,75.88136117723253,µg/m³,3
2025-11-08 08:00:00+00:00,Islamabad,60.943513796064586,µg/m³,3
2025-11-08 09:00:00+00:00,Islamabad,52.26298609839546,µg/m³,3
2025-11-08 10:00:00+00:00,Islamabad,44.57525924400047,µg/m³,3
2025-11-08 11:00:00+00:00,Islamabad,51.76455569797091,µg/m³,3
2025-11-08 12:00:00+00:00,Islamabad,66.59150009155273,µg/m³,3
2025-11-08 13:00:00+00:00,Islamabad,71.97411109076606,µg/m³,3
2025-11-08 14:00:00+00:00,Islamabad,66.13955569797092,µg/m³,3
2025-11-08 15:00:00+00:00,Islamabad,68.98235179759838,µg/m³,3
2025-11-08 16:00:00+00:00,Islamabad,71.05030551486546,µg/m³,3
2025-11-08 17:00:00+00:00,Islamabad,56.235055626763234,µg/m³,3
2025-11-08 18:00:00+00:00,Islamabad,58.281666564941396,µg/m³,3
2025-11-08 19:00:00+00:00,Islamabad,51.310166676839195,µg/m³,3
2025-11-08 20:00:00+00:00,Islamabad,44.95383326212565,µg/m³,3
2025-11-08 21:00:00+00:00,Islamabad,42.53322228325738,µg/m³,3
2025-11-08 22:00:00+00:00,Islamabad,41.372828582481105,µg/m³,3
2025-11-08 23:00:00+00:00,Islamabad,49.015347184075246,µg/m³,3
2025-11-09 00:00:00+00:00,Islamabad,47.68455539279514,µg/m³,3
2025-11-09 01:00:00+00:00,Islamabad,51.35922224256728,µg/m³,3
2025-11-09 02:00:00+00:00,Islamabad,64.81861106024847,µg/m³,3
2025-11-09 03:00:00+00:00,Islamabad,81.8118889702691,µg/m³,3
2025-11-09 04:00:00+00:00,Islamabad,63.70655551486545,µg/m³,3
2025-11-09 05:00:00+00:00,Islamabad,53.5141109890408,µg/m³,3
2025-11-09 06:00:00+00:00,Islamabad,64.82607416223597,µg/m³,3
2025-11-09 07:00:00+00:00,Islamabad,75.75645836724175,µg/m³,3
2025-11-09 08:00:00+00:00,Islamabad,66.85305545594957,µg/m³,3
2025-11-09 09:00:00+00:00,Islamabad,59.47944454616971,µg/m³,3
2025-11-09 10:00:00+00:00,Islamabad,55.811722140842015,µg/m³,3
2025-11-09 11:00:00+00:00,Islamabad,62.94893038007948,µg/m³,3
2025-11-09 12:00:00+00:00,Islamabad,71.75266672770182,µg/m³,3
2025-11-09 13:00:00+00:00,Islamabad,77.64416681925456,µg/m³,3
2025-11-09 14:00:00+00:00,Islamabad,86.33166656494141,µg/m³,3
2025-11-09 15:00:00+00:00,Islamabad,94.47572233412001,µg/m³,3
2025-11-09 16:00:00+00:00,Islamabad,85.24281931983099,µg/m³,3
2025-11-09 17:00:00+00:00,Islamabad,72.08083318074544,µg/m³,3
2025-11-09 18:00:00+00:00,Islamabad,76.01605538262261,µg/m³,3
2025-11-09 19:00:00+00:00,Islamabad,58.901722293429906,µg/m³,3
2025-11-09 20:00:00+00:00,Islamabad,55.201055484347876,µg/m³,3
2025-11-09 21:00:00+00:00,Islamabad,57.05755547417535,µg/m³,3
2025-11-09 22:00:00+00:00,Islamabad,50.33677792019315,µg/m³,3
2025-11-09 23:00:00+00:00,Islamabad,53.55072233412,µg/m³,3
2025-11-10 00:00:00+00:00,Islamabad,55.12388899061415,µg/m³,3
2025-11-10 01:00:00+00:00,Islamabad,60.98050003051757,µg/m³,3
2025-11-10 02:00:00+00:00,Islamabad,103.97661124335394,µg/m³,3
2025-11-10 03:00:00+00:00,Islamabad,109.89127799140083,µg/m³,3
2025-11-10 04:00:00+00:00,Islamabad,96.94984717898899,µg/m³,3
2025-11-10 05:00:00+00:00,Islamabad,95.94816665649414,µg/m³,3
2025-11-10 06:00:00+00:00,Islamabad,95.18444434271919,µg/m³,3
2025-11-10 07:00:00+00:00,Islamabad,94.23870830535888,µg/m³,3
2025-11-10 08:00:00+00:00,Islamabad,75.47688886854384,µg/m³,3
2025-11-10 09:00:00+00:00,Islamabad,73.53088896009656,µg/m³,3
2025-11-10 10:00:00+00:00,Islamabad,71.66394428677029,µg/m³,3
2025-11-10 11:00:00+00:00,Islamabad,80.60193038516576,µg/m³,3
2025-11-10 12:00:00+00:00,Islamabad,92.58759262650102,µg/m³,3
2025-11-10 13:00:00+00:00,Islamabad,105.50627788967557,µg/m³,3
2025-11-10 14:00:00+00:00,Islamabad,110.99886110093858,µg/m³,3
2025-11-10 15:00:00+00:00,Islamabad,125.94616673787435,µg/m³,3
2025-11-10 16:00:00+00:00,Islamabad,120.20627788967555,µg/m³,3
2025-11-10 17:00:00+00:00,Islamabad,116.51477779812284,µg/m³,3
2025-11-10 18:00:00+00:00,Islamabad,106.20483322143555,µg/m³,3
2025-11-10 19:00:00+00:00,Islamabad,96.4765740995054,µg/m³,3
2025-11-10 20:00:00+00:00,Islamabad,92.20388420246265,µg/m³,3
2025-11-10 21:00:00+00:00,Islamabad,87.12033335367836,µg/m³,3
2025-11-10 22:00:00+00:00,Islamabad,87.47888878716361,µg/m³,3
2025-11-10 23:00:00+00:00,Islamabad,86.46283340454102,µg/m³,3
2025-11-11 00:00:00+00:00,Islamabad,82.64177771674262,µg/m³,3
2025-11-11 01:00:00+00:00,Islamabad,88.31038877699109,µg/m³,3
2025-11-11 02:00:00+00:00,Islamabad,112.79811113145615,µg/m³,3
2025-11-11 03:00:00+00:00,Islamabad,114.21715263790554,µg/m³,3
2025-11-11 04:00:00+00:00,Islamabad,111.86053701330115,µg/m³,3
2025-11-11 05:00:00+00:00,Islamabad,113.23794445461697,µg/m³,3
2025-11-11 06:00:00+00:00,Islamabad,101.48912045514142,µg/m³,3
2025-11-11 07:00:00+00:00,Islamabad,82.51393053266737,µg/m³,3
2025-11-11 08:00:00+00:00,Islamabad,57.61733322143555,µg/m³,3
2025-11-11 09:00:00+00:00,Islamabad,51.14981016229701,µg/m³,3
2025-11-11 10:00:00+00:00,Islamabad,65.94515289730495,µg/m³,3
2025-11-11 11:00:00+00:00,Islamabad,71.6480556064182,µg/m³,3
2025-11-11 12:00:00+00:00,Islamabad,87.44956942664253,µg/m³,3
2025-11-11 13:00:00+00:00,Islamabad,96.5716389550103,µg/m³,3
2025-11-11 14:00:00+00:00,Islamabad,105.94561097886827,µg/m³,3
2025-11-11 15:00:00+00:00,Islamabad,97.70500005086262,µg/m³,3
2025-11-11 16:00:00+00:00,Islamabad,84.11326397789848,µg/m³,3
2025-11-11 17:00:00+00:00,Islamabad,62.179611121283635,µg/m³,3
2025-11-11 18:00:00+00:00,Islamabad,54.93255547417535,µg/m³,3
2025-11-11 19:00:00+00:00,Islamabad,60.03977779812283,µg/m³,3
2025-11-11 20:00:00+00:00,Islamabad,61.18261099921333,µg/m³,3
2025-11-11 21:00:00+00:00,Islamabad,58.17395826975504,µg/m³,3
2025-11-11 22:00:00+00:00,Islamabad,57.88583348592122,µg/m³,3
2025-11-11 23:00:00+00:00,Islamabad,58.39629192352296,µg/m³,3
2025-11-12 00:00:00+00:00,Islamabad,59.029194556342226,µg/m³,3
2025-11-12 01:00:00+00:00,Islamabad,70.87677781846789,µg/m³,3
2025-11-12 02:00:00+00:00,Islamabad,101.91377783881292,µg/m³,3
2025-11-12 03:00:00+00:00,Islamabad,102.48177761501735,µg/m³,3
2025-11-12 04:00:00+00:00,Islamabad,101.4702546932079,µg/m³,3
2025-11-12 05:00:00+00:00,Islamabad,124.83197233412004,µg/m³,3
2025-11-12 06:00:00+00:00,Islamabad,93.0,µg/m³,1
2025-11-12 07:00:00+00:00,Islamabad,97.0,µg/m³,1
2025-11-12 08:00:00+00:00,Islamabad,94.0,µg/m³,1
2025-11-12 09:00:00+00:00,Islamabad,86.0,µg/m³,1
2025-11-12 10:00:00+00:00,Islamabad,59.0,µg/m³,1
2025-11-12 11:00:00+00:00,Islamabad,71.0,µg/m³,1
2025-11-12 12:00:00+00:00,Islamabad,83.92405556572808,µg/m³,3
2025-11-12 13:00:00+00:00,Islamabad,93.8595971637302,µg/m³,3
2025-11-12 14:00:00+00:00,Islamabad,83.47133331298828,µg/m³,3
2025-11-12 15:00:00+00:00,Islamabad,98.32925008138022,µg/m³,3
2025-11-12 16:00:00+00:00,Islamabad,100.8779443528917,µg/m³,3
2025-11-12 17:00:00+00:00,Islamabad,81.50927776760524,µg/m³,3
2025-11-12 18:00:00+00:00,Islamabad,68.40841649373372,µg/m³,3
2025-11-12 19:00:00+00:00,Islamabad,62.37022230360244,µg/m³,3
2025-11-12 20:00:00+00:00,Islamabad,63.52027782864042,µg/m³,3
2025-11-12 21:00:00+00:00,Islamabad,65.75255567762586,µg/m³,3
2025-11-12 22:00:00+00:00,Islamabad,61.57894431220161,µg/m³,3
2025-11-12 23:00:00+00:00,Islamabad,64.4101666768392,µg/m³,3
2025-11-13 00:00:00+00:00,Islamabad,61.70938881768121,µg/m³,3
2025-11-13 01:00:00+00:00,Islamabad,74.06222212049697,µg/m³,3
2025-11-13 02:00:00+00:00,Islamabad,100.01111111111112,µg/m³,3
2025-11-13 03:00:00+00:00,Islamabad,117.93311123318142,µg/m³,3
2025-11-13 04:00:00+00:00,Islamabad,85.0907684608742,µg/m³,3
2025-11-13 05:00:00+00:00,Islamabad,69.0,µg/m³,1
2025-11-13 06:00:00+00:00,Islamabad,87.4482915878296,µg/m³,3
2025-11-13 07:00:00+00:00,Islamabad,82.07044440375434,µg/m³,3
2025-11-13 08:00:00+00:00,Islamabad,71.7822223239475,µg/m³,3
2025-11-13 09:00:00+00:00,Islamabad,77.61366666158041,µg/m³,3
2025-11-13 10:00:00+00:00,Islamabad,80.9666526582506,µg/m³,3
2025-11-13 11:00:00+00:00,Islamabad,80.74361089070636,µg/m³,3
2025-11-13 12:00:00+00:00,Islamabad,116.57399995591906,µg/m³,3
2025-11-13 13:00:00+00:00,Islamabad,104.9166111416287,µg/m³,3
2025-11-13 14:00:00+00:00,Islamabad,79.0681666056315,µg/m³,2
2025-11-13 15:00:00+00:00,Islamabad,124.96747228834363,µg/m³,3
2025-11-13 16:00:00+00:00,Islamabad,89.56158307393392,µg/m³,2
2025-11-13 17:00:00+00:00,Islamabad,89.81844448513455,µg/m³,3
2025-11-13 18:00:00+00:00,Islamabad,68.56650009155273,µg/m³,3
2025-11-13 19:00:00+00:00,Islamabad,65.49150009155274,µg/m³,3
2025-11-13 20:00:00+00:00,Islamabad,60.71659254851165,µg/m³,3
2025-11-13 21:00:00+00:00,Islamabad,60.69161114162869,µg/m³,3
2025-11-13 22:00:00+00:00,Islamabad,56.700909146395595,µg/m³,3
2025-11-13 23:00:00+00:00,Islamabad,54.639791552225745,µg/m³,3
2025-11-14 00:00:00+00:00,Islamabad,59.022166697184254,µg/m³,3
2025-11-14 02:00:00+00:00,Islamabad,102.3841667175293,µg/m³,3
2025-11-14 03:00:00+00:00,Islamabad,82.78311123318143,µg/m³,3
2025-11-14 04:00:00+00:00,Islamabad,89.54555545383027,µg/m³,3
2025-11-14 05:00:00+00:00,Islamabad,58.0,µg/m³,1
2025-11-14 06:00:00+00:00,Islamabad,56.0,µg/m³,1
2025-11-14 07:00:00+00:00,Islamabad,71.0,µg/m³,1
2025-11-14 08:00:00+00:00,Islamabad,66.0,µg/m³,1
2025-11-14 09:00:00+00:00,Islamabad,79.0,µg/m³,1
2025-11-14 10:00:00+00:00,Islamabad,81.0,µg/m³,1
2025-11-14 13:00:00+00:00,Islamabad,123.19583333333333,µg/m³,2
2025-11-14 14:00:00+00:00,Islamabad,151.67872221204968,µg/m³,3
2025-11-14 15:00:00+00:00,Islamabad,122.50008328755696,µg/m³,2
2025-11-14 16:00:00+00:00,Islamabad,120.87658322652183,µg/m³,2
2025-11-14 17:00:00+00:00,Islamabad,114.87909726036919,µg/m³,3
2025-11-14 18:00:00+00:00,Islamabad,88.5122501373291,µg/m³,2
2025-11-14 19:00:00+00:00,Islamabad,95.90177772599039,µg/m³,3
2025-11-14 20:00:00+00:00,Islamabad,96.83112506866455,µg/m³,2
2025-11-14 21:00:00+00:00,Islamabad,87.46576374901666,µg/m³,3
2025-11-14 22:00:00+00:00,Islamabad,86.81391665140788,µg/m³,2
2025-11-14 23:00:00+00:00,Islamabad,79.30400009155275,µg/m³,2
2025-11-15 00:00:00+00:00,Islamabad,77.13349990844726,µg/m³,2
2025-11-15 01:00:00+00:00,Islamabad,82.14858334859213,µg/m³,2
2025-11-15 02:00:00+00:00,Islamabad,87.95316645304362,µg/m³,2
2025-11-15 03:00:00+00:00,Islamabad,121.50299987792968,µg/m³,2
2025-11-15 04:00:00+00:00,Islamabad,115.44989608128867,µg/m³,2
2025-11-15 05:00:00+00:00,Islamabad,124.02379156748452,µg/m³,2
2025-11-15 06:00:00+00:00,Islamabad,136.43804175059,µg/m³,2
2025-11-15 07:00:00+00:00,Islamabad,126.79687112750429,µg/m³,2
2025-11-15 08:00:00+00:00,Islamabad,63.93191668192546,µg/m³,2
2025-11-15 09:00:00+00:00,Islamabad,53.37766672770183,µg/m³,1
2025-11-15 10:00:00+00:00,Islamabad,63.22516657511394,µg/m³,1
2025-11-15 11:00:00+00:00,Islamabad,113.60000000000002,µg/m³,2
2025-11-15 12:00:00+00:00,Islamabad,128.55233357747397,µg/m³,2
2025-11-15 13:00:00+00:00,Islamabad,120.51399993896484,µg/m³,2
2025-11-15 14:00:00+00:00,Islamabad,131.37616678873698,µg/m³,2
2025-11-15 15:00:00+00:00,Islamabad,132.5318333943685,µg/m³,2
2025-11-15 16:00:00+00:00,Islamabad,133.15391680399574,µg/m³,2
2025-11-15 17:00:00+00:00,Islamabad,118.09741655985513,µg/m³,2
2025-11-15 18:00:00+00:00,Islamabad,117.04874992370605,µg/m³,2
2025-11-15 19:00:00+00:00,Islamabad,106.76391665140787,µg/m³,2
2025-11-15 20:00:00+00:00,Islamabad,98.71283315022785,µg/m³,2
2025-11-15 21:00:00+00:00,Islamabad,93.06108334859212,µg/m³,2
2025-11-15 22:00:00+00:00,Islamabad,89.91650009155273,µg/m³,2
2025-11-15 23:00:00+00:00,Islamabad,89.15566660563152,µg/m³,2
2025-11-16 00:00:00+00:00,Islamabad,88.75741640726724,µg/m³,2
2025-11-16 01:00:00+00:00,Islamabad,93.32295850118001,µg/m³,2
2025-11-16 02:00:00+00:00,Islamabad,107.44183324178061,µg/m³,3
2025-11-16 03:00:00+00:00,Islamabad,112.0,µg/m³,1
2025-11-16 04:00:00+00:00,Islamabad,92.87400004069009,µg/m³,3
2025-11-16 05:00:00+00:00,Islamabad,97.49350001017253,µg/m³,3
2025-11-16 06:00:00+00:00,Islamabad,90.48149998982747,µg/m³,3
2025-11-16 07:00:00+00:00,Islamabad,90.79800008138021,µg/m³,3
2025-11-16 08:00:00+00:00,Islamabad,82.49816665649415,µg/m³,3
2025-11-16 09:00:00+00:00,Islamabad,83.20072233412002,µg/m³,3
2025-11-16 10:00:00+00:00,Islamabad,91.05789350580285,µg/m³,3
2025-11-16 11:00:00+00:00,Islamabad,109.75066655476887,µg/m³,3
2025-11-16 12:00:00+00:00,Islamabad,122.18050003051758,µg/m³,3
2025-11-16 13:00:00+00:00,Islamabad,133.611388736301,µg/m³,3
2025-11-16 14:00:00+00:00,Islamabad,130.33694449530708,µg/m³,3
2025-11-16 15:00:00+00:00,Islamabad,116.2699720594618,µg/m³,3
2025-11-16 16:00:00+00:00,Islamabad,84.12333348592122,µg/m³,2
2025-11-16 17:00:00+00:00,Islamabad,81.54983342488606,µg/m³,2
2025-11-16 18:00:00+00:00,Islamabad,84.6872223112318,µg/m³,2
2025-11-16 19:00:00+00:00,Islamabad,79.21816660563152,µg/m³,2
2025-11-16 20:00:00+00:00,Islamabad,83.1775416056315,µg/m³,2
2025-11-16 21:00:00+00:00,Islamabad,87.55008328755696,µg/m³,2
2025-11-16 22:00:00+00:00,Islamabad,89.06141649882,µg/m³,2
2025-11-16 23:00:00+00:00,Islamabad,89.10966669718425,µg/m³,2
2025-11-17 00:00:00+00:00,Islamabad,90.40933354695638,µg/m³,2
2025-11-17 01:00:00+00:00,Islamabad,90.32033360799153,µg/m³,2
2025-11-17 02:00:00+00:00,Islamabad,107.80510441462197,µg/m³,2
2025-11-17 03:00:00+00:00,Islamabad,135.89177077611288,µg/m³,2
2025-11-17 04:00:00+00:00,Islamabad,133.35077079137167,µg/m³,2
2025-11-17 05:00:00+00:00,Islamabad,108.90099995930989,µg/m³,3
2025-11-17 06:00:00+00:00,Islamabad,105.31886124081082,µg/m³,2
2025-11-17 09:00:00+00:00,Islamabad,102.8494792620341,µg/m³,2
2025-11-17 10:00:00+00:00,Islamabad,101.61479862001207,µg/m³,2
2025-11-17 11:00:00+00:00,Islamabad,108.43955550723604,µg/m³,2
2025-11-17 12:00:00+00:00,Islamabad,102.87770837148031,µg/m³,2
2025-11-17 13:00:00+00:00,Islamabad,109.13274993896485,µg/m³,2
2025-11-17 14:00:00+00:00,Islamabad,131.33233311971028,µg/m³,2
2025-11-17 15:00:00+00:00,Islamabad,118.69997917811075,µg/m³,2
2025-11-17 16:00:00+00:00,Islamabad,108.23458340962728,µg/m³,2
2025-11-17 17:00:00+00:00,Islamabad,113.61961101955838,µg/m³,3
2025-11-17 18:00:00+00:00,Islamabad,98.43638873630101,µg/m³,3
2025-11-17 19:00:00+00:00,Islamabad,93.93238889906142,µg/m³,3
2025-11-17 20:00:00+00:00,Islamabad,92.99683354695638,µg/m³,3
2025-11-17 21:00:00+00:00,Islamabad,94.47183354695638,µg/m³,2
2025-11-17 22:00:00+00:00,Islamabad,89.65950012207031,µg/m³,2
2025-11-17 23:00:00+00:00,Islamabad,94.10183334350585,µg/m³,3
2025-11-18 00:00:00+00:00,Islamabad,98.8712777879503,µg/m³,3
2025-11-18 01:00:00+00:00,Islamabad,98.3754997253418,µg/m³,2
2025-11-18 02:00:00+00:00,Islamabad,116.59788903130426,µg/m³,3
2025-11-18 03:00:00+00:00,Islamabad,149.6189722273085,µg/m³,3
2025-11-18 04:00:00+00:00,Islamabad,104.0,µg/m³,1
2025-11-18 05:00:00+00:00,Islamabad,123.89923602210149,µg/m³,3
2025-11-18 06:00:00+00:00,Islamabad,121.9298888736301,µg/m³,3
2025-11-18 07:00:00+00:00,Islamabad,117.47469435797797,µg/m³,3
2025-11-18 08:00:00+00:00,Islamabad,102.61832409611456,µg/m³,3
2025-11-18 09:00:00+00:00,Islamabad,83.26250025431315,µg/m³,2
2025-11-18 10:00:00+00:00,Islamabad,93.27747219933403,µg/m³,2
2025-11-18 11:00:00+00:00,Islamabad,117.16572223239474,µg/m³,3
2025-11-18 12:00:00+00:00,Islamabad,147.72394451565214,µg/m³,3
2025-11-18 13:00:00+00:00,Islamabad,143.58733342488608,µg/m³,6
2025-11-18 14:00:00+00:00,Islamabad,163.35927776760525,µg/m³,6
2025-11-18 15:00:00+00:00,Islamabad,168.81735719953264,µg/m³,7
2025-11-18 16:00:00+00:00,Islamabad,142.3250750350952,µg/m³,5
2025-11-18 17:00:00+00:00,Islamabad,158.47694439358182,µg/m³,6
2025-11-18 18:00:00+00:00,Islamabad,148.0408333551316,µg/m³,7
2025-11-18 19:00:00+00:00,Islamabad,123.96629168192544,µg/m³,8
2025-11-18 20:00:00+00:00,Islamabad,105.9100833892822,µg/m³,6
2025-11-18 21:00:00+00:00,Islamabad,111.50776667277019,µg/m³,5
2025-11-18 22:00:00+00:00,Islamabad,102.95827780829535,µg/m³,6
2025-11-18 23:00:00+00:00,Islamabad,102.08050003051757,µg/m³,6
2025-11-19 00:00:00+00:00,Islamabad,99.4273333231608,µg/m³,6
2025-11-19 01:00:00+00:00,Islamabad,98.99722222222222,µg/m³,6
2025-11-19 02:00:00+00:00,Islamabad,127.2402500152588,µg/m³,4
2025-11-19 03:00:00+00:00,Islamabad,140.35851044654845,µg/m³,4
2025-11-19 04:00:00+00:00,Islamabad,166.67547206878663,µg/m³,6
2025-11-19 05:00:00+00:00,Islamabad,139.27494445184266,µg/m³,6
2025-11-19 06:00:00+00:00,Islamabad,128.42836664835613,µg/m³,5
2025-11-19 07:00:00+00:00,Islamabad,151.7035416285197,µg/m³,5
2025-11-19 08:00:00+00:00,Islamabad,131.2759444342719,µg/m³,6
2025-11-19 09:00:00+00:00,Islamabad,129.5735486242506,µg/m³,6
2025-11-19 10:00:00+00:00,Islamabad,121.64869439866807,µg/m³,6
2025-11-19 11:00:00+00:00,Islamabad,125.92228710739703,µg/m³,6
2025-11-19 12:00:00+00:00,Islamabad,139.75615283118353,µg/m³,6
2025-11-19 13:00:00+00:00,Islamabad,167.26630950201124,µg/m³,7
2025-11-19 14:00:00+00:00,Islamabad,180.9911944495307,µg/m³,6
2025-11-19 15:00:00+00:00,Islamabad,146.76380553775363,µg/m³,6
2025-11-19 16:00:00+00:00,Islamabad,147.6319236225552,µg/m³,6
2025-11-19 17:00:00+00:00,Islamabad,142.33461899530317,µg/m³,7
2025-11-19 18:00:00+00:00,Islamabad,105.42762508392335,µg/m³,4
2025-11-19 19:00:00+00:00,Islamabad,86.23716669718424,µg/m³,5
2025-11-19 20:00:00+00:00,Islamabad,75.170433400472,µg/m³,5
2025-11-19 21:00:00+00:00,Islamabad,80.3841190519787,µg/m³,7
2025-11-19 22:00:00+00:00,Islamabad,75.26835708618164,µg/m³,7
2025-11-19 23:00:00+00:00,Islamabad,72.94967853001187,µg/m³,7
2025-11-20 00:00:00+00:00,Islamabad,77.49841677347818,µg/m³,6
2025-11-20 01:00:00+00:00,Islamabad,80.86208330790201,µg/m³,6
2025-11-20 02:00:00+00:00,Islamabad,93.4772666422526,µg/m³,5
2025-11-20 03:00:00+00:00,Islamabad,101.48943333943684,µg/m³,5
2025-11-20 04:00:00+00:00,Islamabad,103.34492496490479,µg/m³,5
2025-11-20 05:00:00+00:00,Islamabad,111.81616663614909,µg/m³,5
2025-11-20 06:00:00+00:00,Islamabad,115.67221177948846,µg/m³,4
2025-11-20 07:00:00+00:00,Islamabad,99.61437492370605,µg/m³,6
2025-11-20 08:00:00+00:00,Islamabad,110.05386935340034,µg/m³,5
2025-11-20 09:00:00+00:00,Islamabad,122.10572225782607,µg/m³,4
2025-11-20 10:00:00+00:00,Islamabad,121.19490005493162,µg/m³,5
2025-11-20 11:00:00+00:00,Islamabad,126.11436670939126,µg/m³,5
2025-11-20 12:00:00+00:00,Islamabad,128.75546386294894,µg/m³,5
2025-11-20 13:00:00+00:00,Islamabad,119.08365558200413,µg/m³,5
2025-11-20 14:00:00+00:00,Islamabad,117.57610000610353,µg/m³,5
2025-11-20 15:00:00+00:00,Islamabad,112.44440012613931,µg/m³,5
2025-11-20 16:00:00+00:00,Islamabad,102.58440002441407,µg/m³,5
2025-11-20 17:00:00+00:00,Islamabad,96.39261103736028,µg/m³,6
2025-11-20 18:00:00+00:00,Islamabad,91.28173809959775,µg/m³,7
2025-11-20 19:00:00+00:00,Islamabad,81.61676185244606,µg/m³,7
2025-11-20 20:00:00+00:00,Islamabad,84.64294587833024,µg/m³,7
2025-11-20 21:00:00+00:00,Islamabad,81.73869642530168,µg/m³,7
2025-11-20 22:00:00+00:00,Islamabad,85.74485720679873,µg/m³,7
2025-11-20 23:00:00+00:00,Islamabad,86.8079762413388,µg/m³,7
2025-11-21 00:00:00+00:00,Islamabad,88.93844443427191,µg/m³,6
2025-11-21 01:00:00+00:00,Islamabad,81.31269048055013,µg/m³,7
2025-11-21 02:00:00+00:00,Islamabad,92.23890475318545,µg/m³,7
2025-11-21 03:00:00+00:00,Islamabad,115.50554861492581,µg/m³,8
2025-11-21 04:00:00+00:00,Islamabad,112.78625236440587,µg/m³,6
2025-11-21 05:00:00+00:00,Islamabad,118.82325694825913,µg/m³,6
2025-11-21 06:00:00+00:00,Islamabad,119.57890973620947,µg/m³,6
2025-11-21 07:00:00+00:00,Islamabad,144.0792188167572,µg/m³,4
2025-11-21 08:00:00+00:00,Islamabad,131.6391333516439,µg/m³,5
2025-11-21 09:00:00+00:00,Islamabad,113.42287509918215,µg/m³,5
2025-11-21 10:00:00+00:00,Islamabad,101.85488332112631,µg/m³,5
2025-11-21 11:00:00+00:00,Islamabad,114.4469526969062,µg/m³,5
2025-11-21 12:00:00+00:00,Islamabad,133.3072749710083,µg/m³,5
2025-11-21 13:00:00+00:00,Islamabad,141.3732777065701,µg/m³,6
2025-11-21 14:00:00+00:00,Islamabad,140.36623326619466,µg/m³,5
2025-11-21 15:00:00+00:00,Islamabad,143.39359724256727,µg/m³,6
2025-11-21 16:00:00+00:00,Islamabad,135.17766672770182,µg/m³,6
2025-11-21 17:00:00+00:00,Islamabad,113.01006663004557,µg/m³,5
2025-11-21 18:00:00+00:00,Islamabad,105.26440002441407,µg/m³,5
2025-11-21 19:00:00+00:00,Islamabad,87.07688100905646,µg/m³,7
2025-11-21 20:00:00+00:00,Islamabad,88.30557141985211,µg/m³,7
2025-11-21 21:00:00+00:00,Islamabad,86.26462497711181,µg/m³,8
2025-11-21 22:00:00+00:00,Islamabad,87.34656248092651,µg/m³,8
2025-11-21 23:00:00+00:00,Islamabad,89.58308327992756,µg/m³,8
2025-11-22 00:00:00+00:00,Islamabad,94.2412381126767,µg/m³,7
2025-11-22 01:00:00+00:00,Islamabad,94.84243745803833,µg/m³,8
2025-11-22 02:00:00+00:00,Islamabad,121.63194444444444,µg/m³,6
2025-11-22 03:00:00+00:00,Islamabad,131.87272220187717,µg/m³,6
2025-11-22 04:00:00+00:00,Islamabad,123.95393330891928,µg/m³,5
2025-11-22 05:00:00+00:00,Islamabad,135.5998305214776,µg/m³,5
2025-11-22 06:00:00+00:00,Islamabad,146.69375,µg/m³,8
2025-11-22 07:00:00+00:00,Islamabad,144.19218647669234,µg/m³,7
2025-11-22 08:00:00+00:00,Islamabad,138.471875,µg/m³,8
2025-11-22 09:00:00+00:00,Islamabad,124.8153489669164,µg/m³,8
2025-11-22 10:00:00+00:00,Islamabad,108.751952398391,µg/m³,7
2025-11-22 11:00:00+00:00,Islamabad,104.26280946277437,µg/m³,7
2025-11-22 12:00:00+00:00,Islamabad,134.21129367767819,µg/m³,7
2025-11-22 13:00:00+00:00,Islamabad,150.4449067827255,µg/m³,7
2025-11-22 14:00:00+00:00,Islamabad,157.29585831960043,µg/m³,5
2025-11-22 15:00:00+00:00,Islamabad,155.8093888176812,µg/m³,5
2025-11-22 16:00:00+00:00,Islamabad,158.24644911730732,µg/m³,6
2025-11-22 17:00:00+00:00,Islamabad,139.24994447496204,µg/m³,6
2025-11-22 18:00:00+00:00,Islamabad,115.69061896914526,µg/m³,7
2025-11-22 19:00:00+00:00,Islamabad,115.76018459683372,µg/m³,7
2025-11-22 20:00:00+00:00,Islamabad,106.24061902364095,µg/m³,7
2025-11-22 21:00:00+00:00,Islamabad,105.80168759028118,µg/m³,6
2025-11-22 22:00:00+00:00,Islamabad,97.70124208965,µg/m³,7
2025-11-22 23:00:00+00:00,Islamabad,91.06434520539783,µg/m³,7
2025-11-23 00:00:00+00:00,Islamabad,93.86002386183966,µg/m³,7
2025-11-23 01:00:00+00:00,Islamabad,95.47795250302269,µg/m³,7
2025-11-23 02:00:00+00:00,Islamabad,115.1894999186198,µg/m³,6
2025-11-23 03:00:00+00:00,Islamabad,144.52260009765627,µg/m³,5
2025-11-23 04:00:00+00:00,Islamabad,147.88974168141684,µg/m³,5
2025-11-23 05:00:00+00:00,Islamabad,144.7748970497979,µg/m³,5
2025-11-23 06:00:00+00:00,Islamabad,127.97879989624023,µg/m³,5
2025-11-23 07:00:00+00:00,Islamabad,129.61116663614908,µg/m³,6
2025-11-23 08:00:00+00:00,Islamabad,114.81228572300503,µg/m³,7
2025-11-23 09:00:00+00:00,Islamabad,98.83175396389431,µg/m³,7
2025-11-23 10:00:00+00:00,Islamabad,92.64,µg/m³,5
2025-11-23 11:00:00+00:00,Islamabad,112.2,µg/m³,5
2025-11-23 12:00:00+00:00,Islamabad,134.25,µg/m³,4
2025-11-23 13:00:00+00:00,Islamabad,130.57131255467732,µg/m³,6
2025-11-23 14:00:00+00:00,Islamabad,172.7206428527832,µg/m³,7
2025-11-23 15:00:00+00:00,Islamabad,126.7502250289917,µg/m³,5
2025-11-23 16:00:00+00:00,Islamabad,120.20850896661932,µg/m³,5
2025-11-23 17:00:00+00:00,Islamabad,112.91874439663357,µg/m³,5
2025-11-23 18:00:00+00:00,Islamabad,120.79076734648811,µg/m³,8
2025-11-23 19:00:00+00:00,Islamabad,101.19166666666666,µg/m³,8
2025-11-23 20:00:00+00:00,Islamabad,90.09276197524298,µg/m³,7
2025-11-23 21:00:00+00:00,Islamabad,87.36623811267671,µg/m³,7
2025-11-23 22:00:00+00:00,Islamabad,87.97969051542736,µg/m³,7
2025-11-23 23:00:00+00:00,Islamabad,87.6015000479562,µg/m³,7
2025-11-24 00:00:00+00:00,Islamabad,84.03333333333333,µg/m³,7
2025-11-24 01:00:00+00:00,Islamabad,85.77865970399644,µg/m³,6
2025-11-24 02:00:00+00:00,Islamabad,122.69074999491373,µg/m³,6
2025-11-24 03:00:00+00:00,Islamabad,162.66666666666666,µg/m³,3
2025-11-24 04:00:00+00:00,Islamabad,122.55838618384469,µg/m³,5
2025-11-24 05:00:00+00:00,Islamabad,115.17577223036024,µg/m³,5
2025-11-24 06:00:00+00:00,Islamabad,108.53738894992405,µg/m³,6
2025-11-24 07:00:00+00:00,Islamabad,101.96493336995442,µg/m³,5
2025-11-24 08:00:00+00:00,Islamabad,103.63611448605855,µg/m³,4
2025-11-24 09:00:00+00:00,Islamabad,113.54574164072673,µg/m³,5
2025-11-24 10:00:00+00:00,Islamabad,113.33586112128364,µg/m³,5
2025-11-24 11:00:00+00:00,Islamabad,116.69495267656114,µg/m³,5
2025-11-24 12:00:00+00:00,Islamabad,134.14293324788412,µg/m³,5
2025-11-24 13:00:00+00:00,Islamabad,142.57687496185304,µg/m³,5
2025-11-24 14:00:00+00:00,Islamabad,148.7283555179172,µg/m³,5
2025-11-24 15:00:00+00:00,Islamabad,151.7565555657281,µg/m³,5
2025-11-24 16:00:00+00:00,Islamabad,136.56559717390272,µg/m³,4
2025-11-24 17:00:00+00:00,Islamabad,132.3544047401065,µg/m³,7
2025-11-24 18:00:00+00:00,Islamabad,126.40939582188923,µg/m³,8
2025-11-24 19:00:00+00:00,Islamabad,92.97807148524694,µg/m³,7
2025-11-24 20:00:00+00:00,Islamabad,94.22325000762939,µg/m³,8
2025-11-24 21:00:00+00:00,Islamabad,89.01421432495117,µg/m³,7
2025-11-24 22:00:00+00:00,Islamabad,89.47307139805386,µg/m³,7
2025-11-24 23:00:00+00:00,Islamabad,89.66140481858027,µg/m³,7
2025-11-25 00:00:00+00:00,Islamabad,81.49261810514662,µg/m³,6
2025-11-25 01:00:00+00:00,Islamabad,89.7174285888672,µg/m³,7
2025-11-25 02:00:00+00:00,Islamabad,137.13702778286404,µg/m³,6
2025-11-25 03:00:00+00:00,Islamabad,148.52310002644856,µg/m³,5
2025-11-25 04:00:00+00:00,Islamabad,116.13578814930386,µg/m³,4
2025-11-25 05:00:00+00:00,Islamabad,132.3736194652981,µg/m³,6
2025-11-25 06:00:00+00:00,Islamabad,135.4264139260186,µg/m³,5
2025-11-25 07:00:00+00:00,Islamabad,127.73468751907347,µg/m³,8
2025-11-25 08:00:00+00:00,Islamabad,126.18949995495025,µg/m³,7
2025-11-25 09:00:00+00:00,Islamabad,125.0489999771118,µg/m³,8
2025-11-25 10:00:00+00:00,Islamabad,108.57831343393478,µg/m³,7
2025-11-25 11:00:00+00:00,Islamabad,112.95410935878753,µg/m³,8
2025-11-25 12:00:00+00:00,Islamabad,121.58810416857402,µg/m³,8
2025-11-25 13:00:00+00:00,Islamabad,134.65688098725818,µg/m³,7
2025-11-25 14:00:00+00:00,Islamabad,160.0784524463472,µg/m³,7
2025-11-25 15:00:00+00:00,Islamabad,142.73020833333334,µg/m³,6
2025-11-25 16:00:00+00:00,Islamabad,154.81122028714137,µg/m³,7
2025-11-25 17:00:00+00:00,Islamabad,132.15972499847413,µg/m³,5
2025-11-25 18:00:00+00:00,Islamabad,143.05831548599969,µg/m³,7
2025-11-25 19:00:00+00:00,Islamabad,119.24325000217982,µg/m³,7
2025-11-25 20:00:00+00:00,Islamabad,122.93954168955486,µg/m³,8
2025-11-25 21:00:00+00:00,Islamabad,120.48158327738444,µg/m³,6
2025-11-25 22:00:00+00:00,Islamabad,106.37086313338507,µg/m³,7
2025-11-25 23:00:00+00:00,Islamabad,101.62704758417037,µg/m³,7
2025-11-26 00:00:00+00:00,Islamabad,98.38190280066594,µg/m³,6
2025-11-26 01:00:00+00:00,Islamabad,97.62042706807455,µg/m³,8
2025-11-26 02:00:00+00:00,Islamabad,143.70227779812282,µg/m³,6
2025-11-26 03:00:00+00:00,Islamabad,169.72897604079475,µg/m³,7
2025-11-26 04:00:00+00:00,Islamabad,156.96338661688347,µg/m³,6
2025-11-26 05:00:00+00:00,Islamabad,123.93513891432019,µg/m³,6
2025-11-26 06:00:00+00:00,Islamabad,109.9868125597636,µg/m³,6
2025-11-26 07:00:00+00:00,Islamabad,117.23500003814698,µg/m³,8
2025-11-26 08:00:00+00:00,Islamabad,109.24092064509315,µg/m³,7
2025-11-26 09:00:00+00:00,Islamabad,104.48401782626196,µg/m³,7
2025-11-26 10:00:00+00:00,Islamabad,99.41464884621756,µg/m³,7
2025-11-26 11:00:00+00:00,Islamabad,121.51545041099426,µg/m³,7
2025-11-26 12:00:00+00:00,Islamabad,147.35653564816428,µg/m³,7
2025-11-26 13:00:00+00:00,Islamabad,174.76716660999116,µg/m³,7
2025-11-26 14:00:00+00:00,Islamabad,195.60611311594647,µg/m³,7
2025-11-26 15:00:00+00:00,Islamabad,174.36863188213772,µg/m³,6
2025-11-26 16:00:00+00:00,Islamabad,147.18371216282702,µg/m³,5
2025-11-26 17:00:00+00:00,Islamabad,144.03605095898664,µg/m³,6
2025-11-26 18:00:00+00:00,Islamabad,122.40592858450752,µg/m³,7
2025-11-26 19:00:00+00:00,Islamabad,117.91623811267671,µg/m³,7
2025-11-26 20:00:00+00:00,Islamabad,116.83291670481364,µg/m³,8
2025-11-26 21:00:00+00:00,Islamabad,111.50909525553384,µg/m³,7
2025-11-26 22:00:00+00:00,Islamabad,102.52433331807455,µg/m³,8
2025-11-26 23:00:00+00:00,Islamabad,102.81240470522927,µg/m³,7
2025-11-27 00:00:00+00:00,Islamabad,99.76655561659071,µg/m³,6
2025-11-27 01:00:00+00:00,Islamabad,99.53941663106282,µg/m³,6
2025-11-27 02:00:00+00:00,Islamabad,132.01503331502278,µg/m³,5
2025-11-27 03:00:00+00:00,Islamabad,160.31833333333333,µg/m³,5
2025-11-27 04:00:00+00:00,Islamabad,164.540816599528,µg/m³,5
2025-11-27 05:00:00+00:00,Islamabad,149.06828832096522,µg/m³,4
2025-11-27 06:00:00+00:00,Islamabad,150.38333333333333,µg/m³,5
2025-11-27 07:00:00+00:00,Islamabad,151.06583333333333,µg/m³,5
2025-11-27 08:00:00+00:00,Islamabad,152.6982024238223,µg/m³,7
2025-11-27 09:00:00+00:00,Islamabad,139.09023435115813,µg/m³,8
2025-11-27 10:00:00+00:00,Islamabad,125.74171032981268,µg/m³,7
2025-11-27 11:00:00+00:00,Islamabad,136.4083402739631,µg/m³,8
2025-11-27 12:00:00+00:00,Islamabad,167.81733340308782,µg/m³,7
2025-11-27 13:00:00+00:00,Islamabad,196.08890475318546,µg/m³,7
2025-11-27 14:00:00+00:00,Islamabad,202.07383926936558,µg/m³,7
2025-11-27 15:00:00+00:00,Islamabad,160.66526387108698,µg/m³,5
2025-11-27 16:00:00+00:00,Islamabad,147.12409096457742,µg/m³,5
2025-11-27 17:00:00+00:00,Islamabad,140.6217059834798,µg/m³,5
2025-11-27 18:00:00+00:00,Islamabad,124.45210006713867,µg/m³,5
2025-11-27 19:00:00+00:00,Islamabad,132.95795237223305,µg/m³,7
2025-11-27 20:00:00+00:00,Islamabad,113.48099483648937,µg/m³,8
2025-11-27 21:00:00+00:00,Islamabad,107.544802125295,µg/m³,8
2025-11-27 22:00:00+00:00,Islamabad,114.90392859322684,µg/m³,7
2025-11-27 23:00:00+00:00,Islamabad,105.2865000406901,µg/m³,6
2025-11-28 00:00:00+00:00,Islamabad,101.34033330281575,µg/m³,6
2025-11-28 01:00:00+00:00,Islamabad,104.0486666361491,µg/m³,4
2025-11-28 02:00:00+00:00,Islamabad,126.17117265065511,µg/m³,7
2025-11-28 03:00:00+00:00,Islamabad,158.6518250656128,µg/m³,5
2025-11-28 04:00:00+00:00,Islamabad,142.4831944571601,µg/m³,6
2025-11-28 05:00:00+00:00,Islamabad,140.33632639778986,µg/m³,6
2025-11-28 06:00:00+00:00,Islamabad,160.78789482419455,µg/m³,7
2025-11-28 07:00:00+00:00,Islamabad,151.09438098725818,µg/m³,7
2025-11-28 08:00:00+00:00,Islamabad,128.2084166208903,µg/m³,6
2025-11-28 09:00:00+00:00,Islamabad,113.67304626747413,µg/m³,6
2025-11-28 10:00:00+00:00,Islamabad,121.415356459441,µg/m³,6
2025-11-28 11:00:00+00:00,Islamabad,134.4840583928426,µg/m³,5
2025-11-28 12:00:00+00:00,Islamabad,152.48149998982748,µg/m³,6
2025-11-28 13:00:00+00:00,Islamabad,146.83559997558592,µg/m³,5
2025-11-28 14:00:00+00:00,Islamabad,125.16331950293647,µg/m³,4
2025-11-28 15:00:00+00:00,Islamabad,124.99168755213421,µg/m³,4
2025-11-28 16:00:00+00:00,Islamabad,121.33740149989274,µg/m³,4
2025-11-28 17:00:00+00:00,Islamabad,174.23115280575223,µg/m³,6
2025-11-28 18:00:00+00:00,Islamabad,167.45337505340578,µg/m³,6
2025-11-28 19:00:00+00:00,Islamabad,134.9425555759006,µg/m³,6
2025-11-28 20:00:00+00:00,Islamabad,129.3722777472602,µg/m³,6
2025-11-28 21:00:00+00:00,Islamabad,120.27911114162869,µg/m³,6
2025-11-28 22:00:00+00:00,Islamabad,105.15595830281575,µg/m³,6
2025-11-28 23:00:00+00:00,Islamabad,100.13940002441407,µg/m³,5
2025-11-29 00:00:00+00:00,Islamabad,94.37490005493164,µg/m³,5
2025-11-29 01:00:00+00:00,Islamabad,91.29072498321533,µg/m³,5
2025-11-29 02:00:00+00:00,Islamabad,109.27487506866456,µg/m³,4
2025-11-29 03:00:00+00:00,Islamabad,129.13620834350587,µg/m³,4
2025-11-29 04:00:00+00:00,Islamabad,134.01198948224385,µg/m³,4
2025-11-29 05:00:00+00:00,Islamabad,142.51778140068055,µg/m³,4
2025-11-29 06:00:00+00:00,Islamabad,150.94404169718425,µg/m³,4
2025-11-29 07:00:00+00:00,Islamabad,159.18889999389648,µg/m³,5
2025-11-29 08:00:00+00:00,Islamabad,155.15030564202203,µg/m³,6
2025-11-29 09:00:00+00:00,Islamabad,136.43228706077295,µg/m³,6
2025-11-29 10:00:00+00:00,Islamabad,156.22933894687228,µg/m³,5
2025-11-29 11:00:00+00:00,Islamabad,146.68474998474122,µg/m³,6
2025-11-29 12:00:00+00:00,Islamabad,160.17993882073296,µg/m³,5
2025-11-29 13:00:00+00:00,Islamabad,147.72385827382408,µg/m³,5
2025-11-29 14:00:00+00:00,Islamabad,181.27392360899185,µg/m³,6
2025-11-29 15:00:00+00:00,Islamabad,192.93233337402344,µg/m³,6
2025-11-29 16:00:00+00:00,Islamabad,194.22840275234648,µg/m³,6
2025-11-29 17:00:00+00:00,Islamabad,190.5594166437785,µg/m³,6
2025-11-29 18:00:00+00:00,Islamabad,179.5013888253106,µg/m³,6
2025-11-29 19:00:00+00:00,Islamabad,153.24857634438408,µg/m³,6
2025-11-29 20:00:00+00:00,Islamabad,114.48241666158039,µg/m³,6
2025-11-29 21:00:00+00:00,Islamabad,109.35904165903726,µg/m³,6
2025-11-29 22:00:00+00:00,Islamabad,111.45186110602485,µg/m³,6
2025-11-29 23:00:00+00:00,Islamabad,107.84074999491372,µg/m³,6
2025-11-30 00:00:00+00:00,Islamabad,106.77630560133191,µg/m³,6
2025-11-30 01:00:00+00:00,Islamabad,103.59509994506837,µg/m³,5
2025-11-30 02:00:00+00:00,Islamabad,105.14905556572808,µg/m³,3
2025-11-30 03:00:00+00:00,Islamabad,112.45277777777778,µg/m³,3
2025-11-30 04:00:00+00:00,Islamabad,137.77359375953674,µg/m³,4
2025-11-30 05:00:00+00:00,Islamabad,142.3513750076294,µg/m³,4
2025-11-30 06:00:00+00:00,Islamabad,141.21402770148384,µg/m³,6
2025-11-30 07:00:00+00:00,Islamabad,147.8385694419013,µg/m³,5
2025-11-30 08:00:00+00:00,Islamabad,122.55351388719346,µg/m³,6
2025-11-30 09:00:00+00:00,Islamabad,108.27545143763224,µg/m³,6
2025-11-30 10:00:00+00:00,Islamabad,108.78527772691514,µg/m³,6
2025-11-30 11:00:00+00:00,Islamabad,113.44313884311252,µg/m³,6
2025-11-30 12:00:00+00:00,Islamabad,136.77833330559008,µg/m³,6
2025-11-30 13:00:00+00:00,Islamabad,162.98682404270878,µg/m³,6
2025-11-30 14:00:00+00:00,Islamabad,133.98333333333335,µg/m³,4
2025-11-30 15:00:00+00:00,Islamabad,126.46604162851969,µg/m³,4
2025-11-30 16:00:00+00:00,Islamabad,107.69174995422364,µg/m³,4
2025-11-30 17:00:00+00:00,Islamabad,107.22541681925455,µg/m³,4
2025-11-30 18:00:00+00:00,Islamabad,173.88711115519206,µg/m³,6
2025-11-30 19:00:00+00:00,Islamabad,162.28105557759602,µg/m³,6
2025-11-30 20:00:00+00:00,Islamabad,142.87450002034504,µg/m³,6
2025-11-30 21:00:00+00:00,Islamabad,135.8935277726915,µg/m³,6
2025-11-30 22:00:00+00:00,Islamabad,105.84399998982747,µg/m³,6
2025-11-30 23:00:00+00:00,Islamabad,101.2205554538303,µg/m³,6
2025-12-01 00:00:00+00:00,Islamabad,93.62826670328776,µg/m³,5
2025-12-01 01:00:00+00:00,Islamabad,91.01530554029677,µg/m³,6
2025-12-01 02:00:00+00:00,Islamabad,128.75152088801067,µg/m³,6
2025-12-01 03:00:00+00:00,Islamabad,110.18266665140787,µg/m³,4
2025-12-01 04:00:00+00:00,Islamabad,114.29045832951863,µg/m³,4
2025-12-01 05:00:00+00:00,Islamabad,119.56195834477742,µg/m³,4
2025-12-01 06:00:00+00:00,Islamabad,139.76248611874053,µg/m³,5
2025-12-01 07:00:00+00:00,Islamabad,142.72783330281575,µg/m³,6
2025-12-01 08:00:00+00:00,Islamabad,145.5,µg/m³,4
2025-12-01 09:00:00+00:00,Islamabad,116.40704861746894,µg/m³,6
2025-12-01 10:00:00+00:00,Islamabad,126.98315835316976,µg/m³,5
2025-12-01 11:00:00+00:00,Islamabad,135.5535972595215,µg/m³,6
2025-12-01 12:00:00+00:00,Islamabad,155.53725690841677,µg/m³,6
2025-12-01 13:00:00+00:00,Islamabad,197.16519459618462,µg/m³,6
2025-12-01 14:00:00+00:00,Islamabad,231.70293777253892,µg/m³,6
2025-12-01 15:00:00+00:00,Islamabad,160.70443754196168,µg/m³,4
2025-12-01 16:00:00+00:00,Islamabad,143.51344787279766,µg/m³,4
2025-12-01 17:00:00+00:00,Islamabad,166.29737504323325,µg/m³,6
2025-12-01 18:00:00+00:00,Islamabad,174.09592368867663,µg/m³,6
2025-12-01 19:00:00+00:00,Islamabad,151.10827780829536,µg/m³,6
2025-12-01 20:00:00+00:00,Islamabad,133.32547221713597,µg/m³,6
2025-12-01 21:00:00+00:00,Islamabad,117.70783335367838,µg/m³,6
2025-12-01 22:00:00+00:00,Islamabad,114.48325004577636,µg/m³,6
2025-12-01 23:00:00+00:00,Islamabad,111.66358324686685,µg/m³,6
2025-12-02 00:00:00+00:00,Islamabad,111.3483999633789,µg/m³,5
2025-12-02 01:00:00+00:00,Islamabad,100.8125,µg/m³,6
2025-12-02 02:00:00+00:00,Islamabad,105.12858327229817,µg/m³,4
2025-12-02 03:00:00+00:00,Islamabad,137.662863852761,µg/m³,4
2025-12-02 04:00:00+00:00,Islamabad,134.43032648298475,µg/m³,4
2025-12-02 05:00:00+00:00,Islamabad,137.46940264172025,µg/m³,4
2025-12-02 06:00:00+00:00,Islamabad,123.37694210123134,µg/m³,6
2025-12-02 07:00:00+00:00,Islamabad,104.14934724171957,µg/m³,6
2025-12-02 08:00:00+00:00,Islamabad,82.69634719424778,µg/m³,6
2025-12-02 09:00:00+00:00,Islamabad,74.12837498982748,µg/m³,6
2025-12-02 10:00:00+00:00,Islamabad,82.62529443528918,µg/m³,5
2025-12-02 11:00:00+00:00,Islamabad,96.78917491912841,µg/m³,5
2025-12-02 12:00:00+00:00,Islamabad,120.05315745318376,µg/m³,6
2025-12-02 13:00:00+00:00,Islamabad,141.53672223331952,µg/m³,6
2025-12-02 14:00:00+00:00,Islamabad,130.31725006103517,µg/m³,4
2025-12-02 15:00:00+00:00,Islamabad,135.09712505340576,µg/m³,4
2025-12-02 16:00:00+00:00,Islamabad,134.62158330281574,µg/m³,4
2025-12-02 17:00:00+00:00,Islamabad,129.97554175059,µg/m³,4
2025-12-02 18:00:00+00:00,Islamabad,121.59104850557115,µg/m³,6
2025-12-02 19:00:00+00:00,Islamabad,120.00374997456869,µg/m³,6
2025-12-02 20:00:00+00:00,Islamabad,116.86863882276747,µg/m³,6
2025-12-02 21:00:00+00:00,Islamabad,118.35956659952801,µg/m³,5
2025-12-02 22:00:00+00:00,Islamabad,87.4304722679986,µg/m³,6
2025-12-02 23:00:00+00:00,Islamabad,98.23097224765354,µg/m³,6
2025-12-03 00:00:00+00:00,Islamabad,97.76530554029677,µg/m³,6
2025-12-03 01:00:00+00:00,Islamabad,97.20783335367838,µg/m³,6
2025-12-03 02:00:00+00:00,Islamabad,99.17087497711182,µg/m³,4
2025-12-03 03:00:00+00:00,Islamabad,113.71590628623962,µg/m³,4
2025-12-03 04:00:00+00:00,Islamabad,142.35352074305217,µg/m³,4
2025-12-03 05:00:00+00:00,Islamabad,168.76737511952717,µg/m³,4
2025-12-03 06:00:00+00:00,Islamabad,165.8349479834239,µg/m³,4
2025-12-03 07:00:00+00:00,Islamabad,168.27405552334255,µg/m³,6
2025-12-03 08:00:00+00:00,Islamabad,155.40054152170816,µg/m³,5
2025-12-03 09:00:00+00:00,Islamabad,148.9764166514079,µg/m³,6
2025-12-03 10:00:00+00:00,Islamabad,150.55130560133193,µg/m³,6
2025-12-03 11:00:00+00:00,Islamabad,186.1043889363607,µg/m³,6
2025-12-03 12:00:00+00:00,Islamabad,187.88297216627333,µg/m³,6
2025-12-03 13:00:00+00:00,Islamabad,207.53166666666667,µg/m³,5
2025-12-03 14:00:00+00:00,Islamabad,163.45931941138375,µg/m³,3
2025-12-03 15:00:00+00:00,Islamabad,174.76458333333335,µg/m³,4
2025-12-03 16:00:00+00:00,Islamabad,171.78762493133547,µg/m³,4
2025-12-03 17:00:00+00:00,Islamabad,155.7470001220703,µg/m³,3
2025-12-03 18:00:00+00:00,Islamabad,147.51879164377848,µg/m³,4
2025-12-03 19:00:00+00:00,Islamabad,189.65522215101456,µg/m³,6
2025-12-03 20:00:00+00:00,Islamabad,202.32993336995443,µg/m³,5
2025-12-03 21:00:00+00:00,Islamabad,154.09858334859211,µg/m³,6
2025-12-03 22:00:00+00:00,Islamabad,167.66813884311253,µg/m³,6
2025-12-03 23:00:00+00:00,Islamabad,157.8627666727702,µg/m³,5
2025-12-04 00:00:00+00:00,Islamabad,121.6148333231608,µg/m³,6
2025-12-04 01:00:00+00:00,Islamabad,119.26996668497722,µg/m³,5
2025-12-04 02:00:00+00:00,Islamabad,171.54541664123533,µg/m³,6
2025-12-04 03:00:00+00:00,Islamabad,195.24677776760527,µg/m³,6
2025-12-04 04:00:00+00:00,Islamabad,182.16794781684877,µg/m³,4
2025-12-04 05:00:00+00:00,Islamabad,200.36612491607664,µg/m³,4
2025-12-04 06:00:00+00:00,Islamabad,188.94312496185302,µg/m³,4
2025-12-04 07:00:00+00:00,Islamabad,181.39980209668477,µg/m³,4
2025-12-04 08:00:00+00:00,Islamabad,172.5799722883436,µg/m³,6
2025-12-04 09:00:00+00:00,Islamabad,176.56470834943983,µg/m³,6
2025-12-04 10:00:00+00:00,Islamabad,147.40883331298826,µg/m³,6
2025-12-04 11:00:00+00:00,Islamabad,149.58199990590413,µg/m³,6
2025-12-04 12:00:00+00:00,Islamabad,154.68788878122965,µg/m³,6
2025-12-04 13:00:00+00:00,Islamabad,162.73106253941853,µg/m³,6
2025-12-04 14:00:00+00:00,Islamabad,181.01299997965495,µg/m³,6
2025-12-04 15:00:00+00:00,Islamabad,160.69816665649415,µg/m³,3
2025-12-04 16:00:00+00:00,Islamabad,153.96474990844726,µg/m³,4
2025-12-04 17:00:00+00:00,Islamabad,164.5054583867391,µg/m³,4
2025-12-04 18:00:00+00:00,Islamabad,165.4450833638509,µg/m³,4
2025-12-04 19:00:00+00:00,Islamabad,162.6798749923706,µg/m³,4
2025-12-04 20:00:00+00:00,Islamabad,177.5902777777778,µg/m³,6
2025-12-04 21:00:00+00:00,Islamabad,168.371902762519,µg/m³,6
2025-12-04 22:00:00+00:00,Islamabad,169.35663192537098,µg/m³,6
2025-12-04 23:00:00+00:00,Islamabad,161.22541669209798,µg/m³,6
2025-12-05 00:00:00+00:00,Islamabad,155.5550278133816,µg/m³,6
2025-12-05 01:00:00+00:00,Islamabad,162.15491676330566,µg/m³,6
2025-12-05 02:00:00+00:00,Islamabad,156.298170126809,µg/m³,4
2025-12-05 03:00:00+00:00,Islamabad,167.54308331807454,µg/m³,4
2025-12-05 04:00:00+00:00,Islamabad,191.9380661699507,µg/m³,4
2025-12-05 05:00:00+00:00,Islamabad,166.96859358151755,µg/m³,4
2025-12-05 06:00:00+00:00,Islamabad,136.0022083600362,µg/m³,4
2025-12-05 07:00:00+00:00,Islamabad,120.66846871376038,µg/m³,4
2025-12-05 08:00:00+00:00,Islamabad,93.10499999999999,µg/m³,5
2025-12-05 09:00:00+00:00,Islamabad,90.92877773708767,µg/m³,3
2025-12-05 10:00:00+00:00,Islamabad,107.89346659342448,µg/m³,5
2025-12-05 11:00:00+00:00,Islamabad,126.97996668497721,µg/m³,5
2025-12-05 12:00:00+00:00,Islamabad,159.86100006103516,µg/m³,6
2025-12-05 13:00:00+00:00,Islamabad,188.39677785237632,µg/m³,6
2025-12-05 14:00:00+00:00,Islamabad,155.10012493133547,µg/m³,4
2025-12-05 15:00:00+00:00,Islamabad,138.76016670862833,µg/m³,4
2025-12-05 16:00:00+00:00,Islamabad,142.0486249923706,µg/m³,4
2025-12-05 17:00:00+00:00,Islamabad,159.07970841725665,µg/m³,4
2025-12-05 18:00:00+00:00,Islamabad,217.87138883802626,µg/m³,6
2025-12-05 19:00:00+00:00,Islamabad,198.53244438171387,µg/m³,6
2025-12-05 20:00:00+00:00,Islamabad,182.03697213066948,µg/m³,6
2025-12-05 21:00:00+00:00,Islamabad,173.64816665649414,µg/m³,6
2025-12-05 22:00:00+00:00,Islamabad,172.10636117723251,µg/m³,6
2025-12-05 23:00:00+00:00,Islamabad,166.4520334370931,µg/m³,5
2025-12-06 00:00:00+00:00,Islamabad,140.7788666788737,µg/m³,5
2025-12-06 01:00:00+00:00,Islamabad,154.17022230360243,µg/m³,6
2025-12-06 02:00:00+00:00,Islamabad,160.96619444953072,µg/m³,6
2025-12-06 03:00:00+00:00,Islamabad,167.0523331960042,µg/m³,4
2025-12-06 04:00:00+00:00,Islamabad,175.18462505340577,µg/m³,4
2025-12-06 05:00:00+00:00,Islamabad,165.74737491607667,µg/m³,4
2025-12-06 06:00:00+00:00,Islamabad,165.82350006103513,µg/m³,4
2025-12-06 07:00:00+00:00,Islamabad,137.07762508392335,µg/m³,4
2025-12-06 08:00:00+00:00,Islamabad,119.9784652180142,µg/m³,6
2025-12-06 09:00:00+00:00,Islamabad,116.29403469297621,µg/m³,6
2025-12-06 10:00:00+00:00,Islamabad,114.88199996948242,µg/m³,6
2025-12-06 11:00:00+00:00,Islamabad,122.35974998474121,µg/m³,6
2025-12-06 12:00:00+00:00,Islamabad,120.02683334350586,µg/m³,6
2025-12-06 13:00:00+00:00,Islamabad,133.99241665734186,µg/m³,6
2025-12-06 14:00:00+00:00,Islamabad,145.0512917200724,µg/m³,4
2025-12-06 15:00:00+00:00,Islamabad,150.5646666208903,µg/m³,4
2025-12-06 16:00:00+00:00,Islamabad,156.85404173533124,µg/m³,4
2025-12-06 17:00:00+00:00,Islamabad,155.15641657511395,µg/m³,4
2025-12-06 18:00:00+00:00,Islamabad,144.58745835622153,µg/m³,4
2025-12-06 19:00:00+00:00,Islamabad,152.39375012715658,µg/m³,6
2025-12-06 20:00:00+00:00,Islamabad,146.28227784898544,µg/m³,6
2025-12-06 21:00:00+00:00,Islamabad,138.3392500559489,µg/m³,6
2025-12-06 22:00:00+00:00,Islamabad,125.71158332824707,µg/m³,6
2025-12-06 23:00:00+00:00,Islamabad,116.56008338928223,µg/m³,6
2025-12-07 00:00:00+00:00,Islamabad,106.00836109585232,µg/m³,6
2025-12-07 01:00:00+00:00,Islamabad,100.54344448513454,µg/m³,6
2025-12-07 02:00:00+00:00,Islamabad,110.55152770148383,µg/m³,6
2025-12-07 03:00:00+00:00,Islamabad,95.24466654459636,µg/m³,4
2025-12-07 04:00:00+00:00,Islamabad,129.0393751144409,µg/m³,4
2025-12-07 05:00:00+00:00,Islamabad,143.99041659037272,µg/m³,4
2025-12-07 06:00:00+00:00,Islamabad,142.08412494659424,µg/m³,4
2025-12-07 07:00:00+00:00,Islamabad,142.68713883294,µg/m³,6
2025-12-07 08:00:00+00:00,Islamabad,109.90658312479655,µg/m³,6
2025-12-07 09:00:00+00:00,Islamabad,89.38058331807454,µg/m³,4
2025-12-07 10:00:00+00:00,Islamabad,73.74169998168945,µg/m³,5
2025-12-07 11:00:00+00:00,Islamabad,69.34106669108073,µg/m³,5
2025-12-07 12:00:00+00:00,Islamabad,78.8077176977087,µg/m³,6
2025-12-07 13:00:00+00:00,Islamabad,83.50516662597657,µg/m³,6
2025-12-07 14:00:00+00:00,Islamabad,95.24016665140788,µg/m³,5
2025-12-07 15:00:00+00:00,Islamabad,100.5606088814912,µg/m³,6
2025-12-07 16:00:00+00:00,Islamabad,111.94095834096272,µg/m³,6
2025-12-07 17:00:00+00:00,Islamabad,118.98069910120081,µg/m³,6
2025-12-07 18:00:00+00:00,Islamabad,119.80649998982749,µg/m³,6
2025-12-07 19:00:00+00:00,Islamabad,117.74074999491374,µg/m³,6
2025-12-07 20:00:00+00:00,Islamabad,118.02681563020957,µg/m³,6
2025-12-07 21:00:00+00:00,Islamabad,110.92773335774739,µg/m³,5
2025-12-07 22:00:00+00:00,Islamabad,100.43610000610352,µg/m³,5
2025-12-07 23:00:00+00:00,Islamabad,97.17802764044866,µg/m³,6
2025-12-08 00:00:00+00:00,Islamabad,93.12016657511393,µg/m³,5
2025-12-08 01:00:00+00:00,Islamabad,98.49858334859213,µg/m³,6
2025-12-08 02:00:00+00:00,Islamabad,118.93113882276748,µg/m³,6
2025-12-08 03:00:00+00:00,Islamabad,103.64531947241888,µg/m³,3
2025-12-08 04:00:00+00:00,Islamabad,125.31270474857754,µg/m³,4
2025-12-08 05:00:00+00:00,Islamabad,145.18241669336956,µg/m³,4
2025-12-08 06:00:00+00:00,Islamabad,150.05308335622152,µg/m³,4
2025-12-08 07:00:00+00:00,Islamabad,140.03814818770798,µg/m³,6
2025-12-08 08:00:00+00:00,Islamabad,110.76883328755697,µg/m³,4
2025-12-08 09:00:00+00:00,Islamabad,94.60443333943685,µg/m³,5
2025-12-08 10:00:00+00:00,Islamabad,93.23106669108073,µg/m³,5
2025-12-08 11:00:00+00:00,Islamabad,101.4977903000032,µg/m³,6
2025-12-08 12:00:00+00:00,Islamabad,111.00550003051758,µg/m³,5
2025-12-08 13:00:00+00:00,Islamabad,128.72583312988283,µg/m³,6
2025-12-08 14:00:00+00:00,Islamabad,109.56258328755698,µg/m³,4
2025-12-08 15:00:00+00:00,Islamabad,114.65540903264827,µg/m³,4
2025-12-08 16:00:00+00:00,Islamabad,114.67295831044515,µg/m³,4
2025-12-08 17:00:00+00:00,Islamabad,109.80154158274333,µg/m³,4
2025-12-08 18:00:00+00:00,Islamabad,116.94650001525878,µg/m³,4
2025-12-08 19:00:00+00:00,Islamabad,154.35747218661837,µg/m³,6
2025-12-08 20:00:00+00:00,Islamabad,145.65833333333333,µg/m³,6
2025-12-08 21:00:00+00:00,Islamabad,142.53208325703937,µg/m³,6
2025-12-08 22:00:00+00:00,Islamabad,125.51688876681857,µg/m³,6
2025-12-08 23:00:00+00:00,Islamabad,135.7591667175293,µg/m³,6
2025-12-09 00:00:00+00:00,Islamabad,125.57371528413562,µg/m³,6
2025-12-09 01:00:00+00:00,Islamabad,140.249909708235,µg/m³,6
2025-12-09 02:00:00+00:00,Islamabad,122.93691660563151,µg/m³,4
2025-12-09 03:00:00+00:00,Islamabad,138.16304175059003,µg/m³,4
2025-12-09 04:00:00+00:00,Islamabad,144.54460417429607,µg/m³,4
2025-12-09 05:00:00+00:00,Islamabad,141.30378127098083,µg/m³,4
2025-12-09 06:00:00+00:00,Islamabad,134.6679583867391,µg/m³,4
2025-12-09 07:00:00+00:00,Islamabad,125.27591933356392,µg/m³,6
2025-12-09 08:00:00+00:00,Islamabad,145.6097662862142,µg/m³,5
2025-12-09 09:00:00+00:00,Islamabad,153.55553806446218,µg/m³,6
2025-12-09 10:00:00+00:00,Islamabad,103.99196524090236,µg/m³,6
2025-12-09 11:00:00+00:00,Islamabad,106.83902782864043,µg/m³,6
2025-12-09 12:00:00+00:00,Islamabad,123.32516670227051,µg/m³,6
2025-12-09 13:00:00+00:00,Islamabad,133.6855556064182,µg/m³,6
2025-12-09 14:00:00+00:00,Islamabad,144.7875,µg/m³,6
2025-12-09 15:00:00+00:00,Islamabad,139.05095818837484,µg/m³,4
2025-12-09 16:00:00+00:00,Islamabad,138.3041805797153,µg/m³,4
2025-12-09 17:00:00+00:00,Islamabad,128.39985411961874,µg/m³,4
2025-12-09 18:00:00+00:00,Islamabad,122.01179167429606,µg/m³,4
2025-12-09 19:00:00+00:00,Islamabad,144.92955559624565,µg/m³,6
2025-12-09 20:00:00+00:00,Islamabad,154.85427771674262,µg/m³,6
2025-12-09 21:00:00+00:00,Islamabad,143.15366668701174,µg/m³,6
2025-12-09 22:00:00+00:00,Islamabad,143.85280554029677,µg/m³,6
2025-12-09 23:00:00+00:00,Islamabad,148.92100009918212,µg/m³,6
2025-12-10 00:00:00+00:00,Islamabad,130.18366673787435,µg/m³,6
2025-12-10 01:00:00+00:00,Islamabad,130.36244447496202,µg/m³,6
2025-12-10 02:00:00+00:00,Islamabad,148.40730561150446,µg/m³,6
2025-12-10 03:00:00+00:00,Islamabad,160.84230211575826,µg/m³,4
2025-12-10 04:00:00+00:00,Islamabad,158.20111113654244,µg/m³,3
2025-12-10 05:00:00+00:00,Islamabad,162.55256596141393,µg/m³,4
2025-12-10 06:00:00+00:00,Islamabad,175.89730550977916,µg/m³,6
2025-12-10 07:00:00+00:00,Islamabad,176.0229930135939,µg/m³,6
2025-12-10 08:00:00+00:00,Islamabad,150.39222221374513,µg/m³,6
2025-12-10 09:00:00+00:00,Islamabad,116.83311575430412,µg/m³,6
2025-12-10 10:00:00+00:00,Islamabad,105.77233333587647,µg/m³,6
2025-12-10 11:00:00+00:00,Islamabad,114.14076393975152,µg/m³,6
2025-12-10 12:00:00+00:00,Islamabad,133.99261101616753,µg/m³,6
2025-12-10 13:00:00+00:00,Islamabad,141.78330557081435,µg/m³,6
2025-12-10 14:00:00+00:00,Islamabad,140.91978125572206,µg/m³,4
2025-12-10 15:00:00+00:00,Islamabad,146.3096251487732,µg/m³,4
2025-12-10 16:00:00+00:00,Islamabad,147.43107642067804,µg/m³,4
2025-12-10 17:00:00+00:00,Islamabad,141.76119439866807,µg/m³,4
2025-12-10 18:00:00+00:00,Islamabad,160.8786666870117,µg/m³,6
2025-12-10 19:00:00+00:00,Islamabad,161.7100902663337,µg/m³,6
2025-12-10 20:00:00+00:00,Islamabad,145.99536111619736,µg/m³,6
2025-12-10 21:00:00+00:00,Islamabad,149.08019438849556,µg/m³,6
2025-12-10 22:00:00+00:00,Islamabad,146.78197220696345,µg/m³,6
2025-12-10 23:00:00+00:00,Islamabad,142.46899998982747,µg/m³,6
2025-12-11 00:00:00+00:00,Islamabad,135.5843888176812,µg/m³,6
2025-12-11 01:00:00+00:00,Islamabad,140.55652775234645,µg/m³,6
2025-12-11 02:00:00+00:00,Islamabad,138.87718744277953,µg/m³,4
2025-12-11 03:00:00+00:00,Islamabad,149.7652500152588,µg/m³,4
2025-12-11 04:00:00+00:00,Islamabad,171.29736460049946,µg/m³,4
2025-12-11 05:00:00+00:00,Islamabad,172.89385401407878,µg/m³,4
2025-12-11 06:00:00+00:00,Islamabad,160.57581243515014,µg/m³,4
2025-12-11 07:00:00+00:00,Islamabad,189.19521527820166,µg/m³,6
2025-12-11 08:00:00+00:00,Islamabad,151.47267355389064,µg/m³,6
2025-12-11 09:00:00+00:00,Islamabad,132.071627302523,µg/m³,6
2025-12-11 10:00:00+00:00,Islamabad,143.87522910435993,µg/m³,6
2025-12-11 11:00:00+00:00,Islamabad,153.24757405033816,µg/m³,6
2025-12-11 12:00:00+00:00,Islamabad,168.85101855242695,µg/m³,6
2025-12-11 13:00:00+00:00,Islamabad,162.82619995117187,µg/m³,5
2025-12-11 14:00:00+00:00,Islamabad,140.4826250076294,µg/m³,4
2025-12-11 15:00:00+00:00,Islamabad,139.59486113654242,µg/m³,4
2025-12-11 16:00:00+00:00,Islamabad,144.26516672770182,µg/m³,4
2025-12-11 17:00:00+00:00,Islamabad,175.4050833384196,µg/m³,6
2025-12-11 18:00:00+00:00,Islamabad,181.20233332316081,µg/m³,6
2025-12-11 19:00:00+00:00,Islamabad,187.67044440375435,µg/m³,6
2025-12-11 20:00:00+00:00,Islamabad,175.9679445054796,µg/m³,6
2025-12-11 21:00:00+00:00,Islamabad,163.5291389041477,µg/m³,6
2025-12-11 22:00:00+00:00,Islamabad,132.26373341878258,µg/m³,5
2025-12-11 23:00:00+00:00,Islamabad,170.04547216627333,µg/m³,6
2025-12-12 00:00:00+00:00,Islamabad,155.99676382276746,µg/m³,6
2025-12-12 01:00:00+00:00,Islamabad,162.65977774726022,µg/m³,6
2025-12-12 02:00:00+00:00,Islamabad,139.40742710431417,µg/m³,4
2025-12-12 03:00:00+00:00,Islamabad,154.97937488555908,µg/m³,4
2025-12-12 04:00:00+00:00,Islamabad,214.478061158922,µg/m³,5
2025-12-12 05:00:00+00:00,Islamabad,197.46327081256445,µg/m³,6
2025-12-12 06:00:00+00:00,Islamabad,205.2170069694519,µg/m³,6
2025-12-12 07:00:00+00:00,Islamabad,201.48569441901313,µg/m³,6
2025-12-12 08:00:00+00:00,Islamabad,179.97219445970322,µg/m³,6
2025-12-12 09:00:00+00:00,Islamabad,179.72760395473904,µg/m³,6
2025-12-12 10:00:00+00:00,Islamabad,192.34929169548886,µg/m³,6
2025-12-12 11:00:00+00:00,Islamabad,205.12131848576095,µg/m³,6
2025-12-12 12:00:00+00:00,Islamabad,224.6552847226461,µg/m³,6
2025-12-12 13:00:00+00:00,Islamabad,228.9333450599953,µg/m³,6
2025-12-12 14:00:00+00:00,Islamabad,199.97482290267942,µg/m³,4
2025-12-12 15:00:00+00:00,Islamabad,174.89799995422365,µg/m³,4
2025-12-12 16:00:00+00:00,Islamabad,169.44343038135105,µg/m³,4
2025-12-12 17:00:00+00:00,Islamabad,158.69729162851968,µg/m³,4
2025-12-12 18:00:00+00:00,Islamabad,160.3967082341512,µg/m³,4
2025-12-12 19:00:00+00:00,Islamabad,156.80283330281574,µg/m³,4
2025-12-12 20:00:00+00:00,Islamabad,146.58879172007244,µg/m³,4
2025-12-12 21:00:00+00:00,Islamabad,149.35833333333335,µg/m³,4
2025-12-12 22:00:00+00:00,Islamabad,154.63541666666666,µg/m³,4
2025-12-12 23:00:00+00:00,Islamabad,147.69166666666666,µg/m³,4
2025-12-13 00:00:00+00:00,Islamabad,151.05362491607667,µg/m³,4
2025-12-13 01:00:00+00:00,Islamabad,125.95329176584879,µg/m³,4
2025-12-13 02:00:00+00:00,Islamabad,146.9396249771118,µg/m³,4
2025-12-13 03:00:00+00:00,Islamabad,143.3209166208903,µg/m³,4
2025-12-13 04:00:00+00:00,Islamabad,177.2309166908264,µg/m³,4
2025-12-13 05:00:00+00:00,Islamabad,185.33133322397867,µg/m³,4
2025-12-13 06:00:00+00:00,Islamabad,163.25973947842914,µg/m³,4
2025-12-13 07:00:00+00:00,Islamabad,151.96439940664504,µg/m³,4
2025-12-13 08:00:00+00:00,Islamabad,156.2228750228882,µg/m³,4
2025-12-13 09:00:00+00:00,Islamabad,166.0085380713145,µg/m³,4
2025-12-13 10:00:00+00:00,Islamabad,155.4077951166365,µg/m³,4
2025-12-13 11:00:00+00:00,Islamabad,165.4976876894633,µg/m³,4
2025-12-13 12:00:00+00:00,Islamabad,176.13070824941,µg/m³,4
2025-12-13 13:00:00+00:00,Islamabad,161.54714577992758,µg/m³,4
2025-12-13 14:00:00+00:00,Islamabad,137.687527762519,µg/m³,3
2025-12-13 15:00:00+00:00,Islamabad,150.3515555911594,µg/m³,4
2025-12-13 16:00:00+00:00,Islamabad,141.79346884091694,µg/m³,4
2025-12-13 17:00:00+00:00,Islamabad,107.65004164377848,µg/m³,4
2025-12-13 18:00:00+00:00,Islamabad,107.11766649881999,µg/m³,4
2025-12-13 19:00:00+00:00,Islamabad,96.64516665140788,µg/m³,4
2025-12-13 20:00:00+00:00,Islamabad,94.07095826466877,µg/m³,4
2025-12-13 21:00:00+00:00,Islamabad,81.11687488555908,µg/m³,4
2025-12-13 22:00:00+00:00,Islamabad,90.5088229338328,µg/m³,4
2025-12-13 23:00:00+00:00,Islamabad,98.39558347066243,µg/m³,4
2025-12-14 00:00:00+00:00,Islamabad,92.82995827992758,µg/m³,4
2025-12-14 01:00:00+00:00,Islamabad,90.90082500457763,µg/m³,5
2025-12-14 02:00:00+00:00,Islamabad,119.58283335367838,µg/m³,6
2025-12-14 03:00:00+00:00,Islamabad,148.29816665649415,µg/m³,6
2025-12-14 04:00:00+00:00,Islamabad,128.27106669108073,µg/m³,5
2025-12-14 05:00:00+00:00,Islamabad,115.47143346150715,µg/m³,5
2025-12-14 06:00:00+00:00,Islamabad,110.65066660563153,µg/m³,5
2025-12-14 07:00:00+00:00,Islamabad,104.2519242257783,µg/m³,6
2025-12-14 08:00:00+00:00,Islamabad,136.34244439866808,µg/m³,6
2025-12-14 09:00:00+00:00,Islamabad,182.18744988759357,µg/m³,5
2025-12-14 10:00:00+00:00,Islamabad,166.7158026928372,µg/m³,5
2025-12-14 11:00:00+00:00,Islamabad,166.74869439866805,µg/m³,6
2025-12-14 12:00:00+00:00,Islamabad,195.23916651407876,µg/m³,5
2025-12-14 13:00:00+00:00,Islamabad,199.24249998728433,µg/m³,6
2025-12-14 14:00:00+00:00,Islamabad,196.55877778795033,µg/m³,6
2025-12-14 15:00:00+00:00,Islamabad,203.6479165395101,µg/m³,6
2025-12-14 16:00:00+00:00,Islamabad,209.0652361975776,µg/m³,6
2025-12-14 17:00:00+00:00,Islamabad,202.90879984537762,µg/m³,5
2025-12-14 18:00:00+00:00,Islamabad,192.5542998758952,µg/m³,5
2025-12-14 19:00:00+00:00,Islamabad,155.4763611263699,µg/m³,6
2025-12-14 20:00:00+00:00,Islamabad,119.79786661783855,µg/m³,5
2025-12-14 21:00:00+00:00,Islamabad,103.38290833791098,µg/m³,5
2025-12-14 22:00:00+00:00,Islamabad,101.06279998779296,µg/m³,5
2025-12-14 23:00:00+00:00,Islamabad,104.60803475909763,µg/m³,6
2025-12-15 00:00:00+00:00,Islamabad,95.84927501678467,µg/m³,5
2025-12-15 01:00:00+00:00,Islamabad,97.17311113145615,µg/m³,6
2025-12-15 02:00:00+00:00,Islamabad,129.56556666056315,µg/m³,5
2025-12-15 03:00:00+00:00,Islamabad,152.82619995117187,µg/m³,5
2025-12-15 04:00:00+00:00,Islamabad,156.7286944495307,µg/m³,6
2025-12-15 05:00:00+00:00,Islamabad,153.89069408840604,µg/m³,6
2025-12-15 06:00:00+00:00,Islamabad,156.2217222213745,µg/m³,6
2025-12-15 07:00:00+00:00,Islamabad,154.87361106872558,µg/m³,6
2025-12-15 08:00:00+00:00,Islamabad,155.77836664835613,µg/m³,5
2025-12-15 09:00:00+00:00,Islamabad,148.58422911961873,µg/m³,6
2025-12-15 10:00:00+00:00,Islamabad,164.10325822194417,µg/m³,5
2025-12-15 11:00:00+00:00,Islamabad,168.57079856660633,µg/m³,6
2025-12-15 12:00:00+00:00,Islamabad,179.97849304411147,µg/m³,6
2025-12-15 13:00:00+00:00,Islamabad,191.68927781846787,µg/m³,6
2025-12-15 14:00:00+00:00,Islamabad,206.10880555046933,µg/m³,6
2025-12-15 15:00:00+00:00,Islamabad,215.45127498626707,µg/m³,5
2025-12-15 16:00:00+00:00,Islamabad,216.86712029068556,µg/m³,6
2025-12-15 17:00:00+00:00,Islamabad,200.98061339413678,µg/m³,6
2025-12-15 18:00:00+00:00,Islamabad,151.79623326619466,µg/m³,5
2025-12-15 19:00:00+00:00,Islamabad,137.70896662394205,µg/m³,5
2025-12-15 20:00:00+00:00,Islamabad,139.18663885328505,µg/m³,6
2025-12-15 21:00:00+00:00,Islamabad,129.37991676330566,µg/m³,6
2025-12-15 22:00:00+00:00,Islamabad,123.57436802122328,µg/m³,6
2025-12-15 23:00:00+00:00,Islamabad,117.97830001831055,µg/m³,5
2025-12-16 00:00:00+00:00,Islamabad,117.90380004882813,µg/m³,5
2025-12-16 01:00:00+00:00,Islamabad,126.91779998779296,µg/m³,5
2025-12-16 02:00:00+00:00,Islamabad,133.51627773708768,µg/m³,6
2025-12-16 03:00:00+00:00,Islamabad,168.6915665690104,µg/m³,5
2025-12-16 04:00:00+00:00,Islamabad,205.11087510426842,µg/m³,5
2025-12-16 05:00:00+00:00,Islamabad,209.78718283264723,µg/m³,6
2025-12-16 06:00:00+00:00,Islamabad,198.62984157562255,µg/m³,5
2025-12-16 07:00:00+00:00,Islamabad,170.06386641184488,µg/m³,5
2025-12-16 08:00:00+00:00,Islamabad,185.103900197347,µg/m³,5
2025-12-16 09:00:00+00:00,Islamabad,190.12038896348744,µg/m³,6
2025-12-16 10:00:00+00:00,Islamabad,196.46676948971216,µg/m³,5
2025-12-16 11:00:00+00:00,Islamabad,184.93598052554663,µg/m³,5
2025-12-16 12:00:00+00:00,Islamabad,196.49889994303385,µg/m³,5
2025-12-16 13:00:00+00:00,Islamabad,197.24336664835613,µg/m³,5
2025-12-16 14:00:00+00:00,Islamabad,218.44861089918348,µg/m³,6
2025-12-16 15:00:00+00:00,Islamabad,210.53948601616753,µg/m³,6
2025-12-16 16:00:00+00:00,Islamabad,189.36454184214273,µg/m³,5
2025-12-16 17:00:00+00:00,Islamabad,190.12424982706705,µg/m³,5
2025-12-16 18:00:00+00:00,Islamabad,176.56156481990106,µg/m³,6
2025-12-16 19:00:00+00:00,Islamabad,164.5795332845052,µg/m³,5
2025-12-16 20:00:00+00:00,Islamabad,150.58433334350585,µg/m³,5
2025-12-16 21:00:00+00:00,Islamabad,138.76518338521322,µg/m³,5
2025-12-16 22:00:00+00:00,Islamabad,129.42169998168944,µg/m³,5
2025-12-16 23:00:00+00:00,Islamabad,129.51593343098958,µg/m³,5
2025-12-17 00:00:00+00:00,Islamabad,120.89986673990884,µg/m³,5
2025-12-17 01:00:00+00:00,Islamabad,141.26623346964521,µg/m³,5
2025-12-17 02:00:00+00:00,Islamabad,135.09699999491374,µg/m³,6
2025-12-17 03:00:00+00:00,Islamabad,186.73804164886474,µg/m³,5
2025-12-17 04:00:00+00:00,Islamabad,186.8910333251953,µg/m³,5
2025-12-17 05:00:00+00:00,Islamabad,153.8613666788737,µg/m³,5
2025-12-17 06:00:00+00:00,Islamabad,142.4952583440145,µg/m³,5
2025-12-17 07:00:00+00:00,Islamabad,163.8467999267578,µg/m³,5
2025-12-17 08:00:00+00:00,Islamabad,148.0,µg/m³,3
2025-12-17 09:00:00+00:00,Islamabad,192.8295002237956,µg/m³,5
2025-12-17 10:00:00+00:00,Islamabad,190.54977083206177,µg/m³,6
2025-12-17 11:00:00+00:00,Islamabad,216.3811913172404,µg/m³,5
2025-12-17 12:00:00+00:00,Islamabad,210.72962772793238,µg/m³,5
2025-12-17 13:00:00+00:00,Islamabad,191.15787522633872,µg/m³,5
2025-12-17 14:00:00+00:00,Islamabad,176.25369169871013,µg/m³,5
2025-12-17 15:00:00+00:00,Islamabad,166.11691903361566,µg/m³,6
2025-12-17 16:00:00+00:00,Islamabad,153.75341669718424,µg/m³,5
2025-12-17 17:00:00+00:00,Islamabad,145.6295278125339,µg/m³,6
2025-12-17 18:00:00+00:00,Islamabad,140.20364170074464,µg/m³,5
2025-12-17 19:00:00+00:00,Islamabad,124.71259029176501,µg/m³,6
2025-12-17 20:00:00+00:00,Islamabad,119.61573323567708,µg/m³,5
2025-12-17 21:00:00+00:00,Islamabad,110.9787499745687,µg/m³,6
2025-12-17 22:00:00+00:00,Islamabad,108.55106669108072,µg/m³,5
2025-12-17 23:00:00+00:00,Islamabad,106.38673329671224,µg/m³,5
2025-12-18 00:00:00+00:00,Islamabad,105.76176661173504,µg/m³,5
2025-12-18 01:00:00+00:00,Islamabad,118.02363636363637,µg/m³,5
2025-12-18 02:00:00+00:00,Islamabad,124.81556666056315,µg/m³,5
2025-12-18 03:00:00+00:00,Islamabad,150.0767915980021,µg/m³,5
2025-12-18 04:00:00+00:00,Islamabad,163.60163335164387,µg/m³,5
2025-12-18 05:00:00+00:00,Islamabad,160.49651396009656,µg/m³,6
2025-12-18 06:00:00+00:00,Islamabad,176.30597218407524,µg/m³,6
2025-12-18 07:00:00+00:00,Islamabad,215.12355504816227,µg/m³,5
2025-12-18 08:00:00+00:00,Islamabad,222.96819997151692,µg/m³,5
2025-12-18 09:00:00+00:00,Islamabad,202.1454583697849,µg/m³,6
2025-12-18 10:00:00+00:00,Islamabad,197.98391660054526,µg/m³,6
2025-12-18 11:00:00+00:00,Islamabad,203.2834791501363,µg/m³,6
2025-12-18 12:00:00+00:00,Islamabad,223.05619995117186,µg/m³,5
2025-12-18 13:00:00+00:00,Islamabad,217.91774163564045,µg/m³,5
2025-12-18 14:00:00+00:00,Islamabad,220.52386810514665,µg/m³,6
2025-12-18 15:00:00+00:00,Islamabad,221.74035652301927,µg/m³,6
2025-12-18 16:00:00+00:00,Islamabad,182.0562331644694,µg/m³,5
2025-12-18 17:00:00+00:00,Islamabad,196.37827763027613,µg/m³,6
2025-12-18 18:00:00+00:00,Islamabad,192.75860864273227,µg/m³,6
2025-12-18 19:00:00+00:00,Islamabad,182.45830001831055,µg/m³,5
2025-12-18 20:00:00+00:00,Islamabad,174.96509994506837,µg/m³,5
2025-12-18 21:00:00+00:00,Islamabad,177.53770004272462,µg/m³,5
2025-12-18 22:00:00+00:00,Islamabad,158.49210006713867,µg/m³,5
2025-12-18 23:00:00+00:00,Islamabad,186.1225001525879,µg/m³,5
2025-12-19 00:00:00+00:00,Islamabad,163.06816675821938,µg/m³,5
2025-12-19 01:00:00+00:00,Islamabad,187.52839996337892,µg/m³,5
2025-12-19 02:00:00+00:00,Islamabad,194.7359334309896,µg/m³,5
2025-12-19 03:00:00+00:00,Islamabad,214.1994999779595,µg/m³,6
2025-12-19 04:00:00+00:00,Islamabad,221.7478242520933,µg/m³,6
2025-12-19 05:00:00+00:00,Islamabad,195.5632584253947,µg/m³,5
2025-12-19 06:00:00+00:00,Islamabad,193.60502781338164,µg/m³,6
2025-12-19 07:00:00+00:00,Islamabad,205.48105987619473,µg/m³,6
2025-12-19 08:00:00+00:00,Islamabad,194.37027757432725,µg/m³,6
2025-12-19 09:00:00+00:00,Islamabad,194.8909667078654,µg/m³,5
2025-12-19 10:00:00+00:00,Islamabad,201.1870762930976,µg/m³,6
2025-12-19 11:00:00+00:00,Islamabad,221.5637253570557,µg/m³,5
2025-12-19 12:00:00+00:00,Islamabad,242.84308340284556,µg/m³,6
2025-12-19 13:00:00+00:00,Islamabad,229.03566665649416,µg/m³,6
2025-12-19 14:00:00+00:00,Islamabad,222.61483319600424,µg/m³,6
2025-12-19 15:00:00+00:00,Islamabad,216.86356670379638,µg/m³,5
2025-12-19 16:00:00+00:00,Islamabad,219.91903368632,µg/m³,5
2025-12-19 17:00:00+00:00,Islamabad,203.4729097896152,µg/m³,6
2025-12-19 18:00:00+00:00,Islamabad,193.77441673278807,µg/m³,6
2025-12-19 19:00:00+00:00,Islamabad,184.18266647338868,µg/m³,5
2025-12-19 20:00:00+00:00,Islamabad,165.8956332906087,µg/m³,5
2025-12-19 21:00:00+00:00,Islamabad,160.70088890923395,µg/m³,6
2025-12-19 22:00:00+00:00,Islamabad,154.55383336385088,µg/m³,5
2025-12-19 23:00:00+00:00,Islamabad,145.91814584732057,µg/m³,6
2025-12-20 00:00:00+00:00,Islamabad,138.40297236972387,µg/m³,6
2025-12-20 01:00:00+00:00,Islamabad,128.01173329671224,µg/m³,5
2025-12-20 02:00:00+00:00,Islamabad,130.50597224765355,µg/m³,6
2025-12-20 03:00:00+00:00,Islamabad,164.84027777777777,µg/m³,6
2025-12-20 04:00:00+00:00,Islamabad,179.2379465350398,µg/m³,6
2025-12-20 05:00:00+00:00,Islamabad,176.08326670328776,µg/m³,5
2025-12-20 06:00:00+00:00,Islamabad,172.6011333211263,µg/m³,5
2025-12-20 07:00:00+00:00,Islamabad,179.42226944393582,µg/m³,5
2025-12-20 08:00:00+00:00,Islamabad,165.21152079900108,µg/m³,6
2025-12-20 09:00:00+00:00,Islamabad,168.2320667521159,µg/m³,5
2025-12-20 10:00:00+00:00,Islamabad,174.85769996643066,µg/m³,5
2025-12-20 11:00:00+00:00,Islamabad,170.76133108845465,µg/m³,6
2025-12-20 12:00:00+00:00,Islamabad,183.38749999999996,µg/m³,6
2025-12-20 13:00:00+00:00,Islamabad,190.64858343336314,µg/m³,6
2025-12-20 14:00:00+00:00,Islamabad,195.2597453152692,µg/m³,6
2025-12-20 15:00:00+00:00,Islamabad,200.46282865029795,µg/m³,6
2025-12-20 16:00:00+00:00,Islamabad,202.1295555750529,µg/m³,6
2025-12-20 17:00:00+00:00,Islamabad,191.67647524515786,µg/m³,5
2025-12-20 18:00:00+00:00,Islamabad,202.0944166395399,µg/m³,6
2025-12-20 19:00:00+00:00,Islamabad,189.4324442969428,µg/m³,6
2025-12-20 20:00:00+00:00,Islamabad,183.74488881429036,µg/m³,6
2025-12-20 21:00:00+00:00,Islamabad,163.4148334248861,µg/m³,5
2025-12-20 22:00:00+00:00,Islamabad,167.9083610958523,µg/m³,6
2025-12-20 23:00:00+00:00,Islamabad,149.6092500050863,µg/m³,6
2025-12-21 00:00:00+00:00,Islamabad,141.7786666870117,µg/m³,6
2025-12-21 01:00:00+00:00,Islamabad,144.71472227308485,µg/m³,6
2025-12-21 02:00:00+00:00,Islamabad,148.69396662394206,µg/m³,5
2025-12-21 03:00:00+00:00,Islamabad,156.16899993896484,µg/m³,5
2025-12-21 04:00:00+00:00,Islamabad,154.53925005594888,µg/m³,6
2025-12-21 05:00:00+00:00,Islamabad,171.83238889906139,µg/m³,6
2025-12-21 06:00:00+00:00,Islamabad,153.78933334350586,µg/m³,6
2025-12-21 07:00:00+00:00,Islamabad,126.01763341267903,µg/m³,5
2025-12-21 08:00:00+00:00,Islamabad,114.76596674601237,µg/m³,5
2025-12-21 09:00:00+00:00,Islamabad,102.78337273337624,µg/m³,5
2025-12-21 10:00:00+00:00,Islamabad,83.03829161326091,µg/m³,4
2025-12-21 11:00:00+00:00,Islamabad,71.32129179636637,µg/m³,4
2025-12-21 12:00:00+00:00,Islamabad,62.16654173533121,µg/m³,4
2025-12-21 13:00:00+00:00,Islamabad,62.18370010375976,µg/m³,5
2025-12-21 14:00:00+00:00,Islamabad,84.37637500762939,µg/m³,4
2025-12-21 15:00:00+00:00,Islamabad,82.04369784990945,µg/m³,4
2025-12-21 16:00:00+00:00,Islamabad,42.983257017532985,µg/m³,4
2025-12-21 17:00:00+00:00,Islamabad,52.25809722476535,µg/m³,4
2025-12-21 18:00:00+00:00,Islamabad,61.87854162851969,µg/m³,4
2025-12-21 19:00:00+00:00,Islamabad,59.56393330891926,µg/m³,5
2025-12-21 20:00:00+00:00,Islamabad,69.04344448513454,µg/m³,6
2025-12-21 21:00:00+00:00,Islamabad,66.34300003051756,µg/m³,6
2025-12-21 22:00:00+00:00,Islamabad,78.31563329060873,µg/m³,5
2025-12-21 23:00:00+00:00,Islamabad,91.72493336995444,µg/m³,5
2025-12-22 00:00:00+00:00,Islamabad,82.49494442409939,µg/m³,6
2025-12-22 01:00:00+00:00,Islamabad,68.74136102464463,µg/m³,6
2025-12-22 02:00:00+00:00,Islamabad,67.88619439866808,µg/m³,6
2025-12-22 03:00:00+00:00,Islamabad,52.644861136542424,µg/m³,6
2025-12-22 04:00:00+00:00,Islamabad,70.47361111111111,µg/m³,6
2025-12-22 05:00:00+00:00,Islamabad,69.02393050723606,µg/m³,6
2025-12-22 06:00:00+00:00,Islamabad,44.74826670328776,µg/m³,5
2025-12-22 07:00:00+00:00,Islamabad,40.573555586073134,µg/m³,6
2025-12-22 08:00:00+00:00,Islamabad,35.77305095813893,µg/m³,6
2025-12-22 09:00:00+00:00,Islamabad,40.078655582004124,µg/m³,5
2025-12-22 10:00:00+00:00,Islamabad,48.00426661173502,µg/m³,5
2025-12-22 11:00:00+00:00,Islamabad,49.305650024414064,µg/m³,5
2025-12-22 12:00:00+00:00,Islamabad,62.7311444261339,µg/m³,5
2025-12-22 13:00:00+00:00,Islamabad,61.82169998168945,µg/m³,5
2025-12-22 14:00:00+00:00,Islamabad,64.26066652933757,µg/m³,4
2025-12-22 15:00:00+00:00,Islamabad,83.74970836639405,µg/m³,4
2025-12-22 16:00:00+00:00,Islamabad,63.192933247884106,µg/m³,5
2025-12-22 17:00:00+00:00,Islamabad,56.029900054931645,µg/m³,5
2025-12-22 18:00:00+00:00,Islamabad,59.05045846303304,µg/m³,4
2025-12-22 19:00:00+00:00,Islamabad,49.70009994506835,µg/m³,5
2025-12-22 20:00:00+00:00,Islamabad,45.4716000366211,µg/m³,5
2025-12-22 21:00:00+00:00,Islamabad,41.20487504800161,µg/m³,4
2025-12-22 22:00:00+00:00,Islamabad,49.15056664148966,µg/m³,5
2025-12-22 23:00:00+00:00,Islamabad,49.48950002034506,µg/m³,5
2025-12-23 00:00:00+00:00,Islamabad,44.24937499364218,µg/m³,4
2025-12-23 01:00:00+00:00,Islamabad,41.77403329849243,µg/m³,5
2025-12-23 02:00:00+00:00,Islamabad,48.312733313242596,µg/m³,5
2025-12-23 03:00:00+00:00,Islamabad,55.44503333409627,µg/m³,5
2025-12-23 04:00:00+00:00,Islamabad,47.84729158878326,µg/m³,4
2025-12-23 05:00:00+00:00,Islamabad,48.13999997456868,µg/m³,5
2025-12-23 06:00:00+00:00,Islamabad,47.09804166952769,µg/m³,5
2025-12-23 07:00:00+00:00,Islamabad,39.919908357196384,µg/m³,5
2025-12-23 08:00:00+00:00,Islamabad,34.441555404663085,µg/m³,4
2025-12-23 09:00:00+00:00,Islamabad,33.13669157663981,µg/m³,4
2025-12-23 10:00:00+00:00,Islamabad,35.929999923706056,µg/m³,4
2025-12-23 11:00:00+00:00,Islamabad,39.916500091552734,µg/m³,4
2025-12-23 12:00:00+00:00,Islamabad,45.41898964246114,µg/m³,4
2025-12-23 13:00:00+00:00,Islamabad,49.359604136149095,µg/m³,4
2025-12-23 14:00:00+00:00,Islamabad,60.00745843251546,µg/m³,4
2025-12-23 15:00:00+00:00,Islamabad,67.95341669718425,µg/m³,4
2025-12-23 16:00:00+00:00,Islamabad,67.12512493133545,µg/m³,4
2025-12-23 17:00:00+00:00,Islamabad,63.97995827992757,µg/m³,4
2025-12-23 18:00:00+00:00,Islamabad,68.09308331807455,µg/m³,4
2025-12-23 19:00:00+00:00,Islamabad,59.06175003051757,µg/m³,4
2025-12-23 20:00:00+00:00,Islamabad,59.8589583714803,µg/m³,4
2025-12-23 21:00:00+00:00,Islamabad,58.41254164377849,µg/m³,4
2025-12-23 22:00:00+00:00,Islamabad,61.75974998474122,µg/m³,4
2025-12-23 23:00:00+00:00,Islamabad,59.37370827992757,µg/m³,4
2025-12-24 00:00:00+00:00,Islamabad,49.82145837148031,µg/m³,4
2025-12-24 01:00:00+00:00,Islamabad,51.129166666666656,µg/m³,4
2025-12-24 02:00:00+00:00,Islamabad,61.81158345540365,µg/m³,4
2025-12-24 03:00:00+00:00,Islamabad,75.60400009950003,µg/m³,4
2025-12-24 04:00:00+00:00,Islamabad,55.1442084312439,µg/m³,4
2025-12-24 05:00:00+00:00,Islamabad,43.366833241780604,µg/m³,4
2025-12-24 06:00:00+00:00,Islamabad,44.36112505594889,µg/m³,4
2025-12-24 07:00:00+00:00,Islamabad,43.812541651725766,µg/m³,4
2025-12-24 08:00:00+00:00,Islamabad,35.65766666730245,µg/m³,4
2025-12-24 09:00:00+00:00,Islamabad,39.76312503814697,µg/m³,4
2025-12-24 10:00:00+00:00,Islamabad,37.076458295186356,µg/m³,4
2025-12-24 11:00:00+00:00,Islamabad,39.946291796366374,µg/m³,4
2025-12-24 12:00:00+00:00,Islamabad,58.333916727701826,µg/m³,4
2025-12-24 13:00:00+00:00,Islamabad,86.09466265476111,µg/m³,4
2025-12-24 14:00:00+00:00,Islamabad,82.06883328755697,µg/m³,4
2025-12-24 15:00:00+00:00,Islamabad,79.33183339436849,µg/m³,4
2025-12-24 16:00:00+00:00,Islamabad,81.30480202039082,µg/m³,4
2025-12-24 17:00:00+00:00,Islamabad,70.22208340962727,µg/m³,4
2025-12-24 18:00:00+00:00,Islamabad,57.54095834096273,µg/m³,4
2025-12-24 19:00:00+00:00,Islamabad,54.46929175059,µg/m³,4
2025-12-24 20:00:00+00:00,Islamabad,52.1554583867391,µg/m³,4
2025-12-24 21:00:00+00:00,Islamabad,47.29366671244304,µg/m³,4
2025-12-24 22:00:00+00:00,Islamabad,46.329916636149086,µg/m³,4
2025-12-24 23:00:00+00:00,Islamabad,47.28554159800211,µg/m³,4
2025-12-25 00:00:00+00:00,Islamabad,45.90770829518636,µg/m³,4
2025-12-25 01:00:00+00:00,Islamabad,50.18424987792969,µg/m³,4
2025-12-25 02:00:00+00:00,Islamabad,51.16054159800212,µg/m³,4
2025-12-25 03:00:00+00:00,Islamabad,72.62708333333333,µg/m³,4
2025-12-25 04:00:00+00:00,Islamabad,106.59245815277099,µg/m³,4
2025-12-25 05:00:00+00:00,Islamabad,83.54758332570394,µg/m³,4
2025-12-25 06:00:00+00:00,Islamabad,84.46029173533121,µg/m³,4
2025-12-25 07:00:00+00:00,Islamabad,75.4763750076294,µg/m³,4
2025-12-25 08:00:00+00:00,Islamabad,66.13207642767165,µg/m³,4
2025-12-25 09:00:00+00:00,Islamabad,70.47152774598862,µg/m³,4
2025-12-25 10:00:00+00:00,Islamabad,70.74592700004578,µg/m³,4
2025-12-25 11:00:00+00:00,Islamabad,79.53993743260702,µg/m³,4
2025-12-25 12:00:00+00:00,Islamabad,82.46783345540365,µg/m³,4
2025-12-25 13:00:00+00:00,Islamabad,84.74571871757507,µg/m³,4
2025-12-25 14:00:00+00:00,Islamabad,124.67593343098959,µg/m³,5
2025-12-25 15:00:00+00:00,Islamabad,98.08307296435038,µg/m³,4
2025-12-25 16:00:00+00:00,Islamabad,86.7988958676656,µg/m³,4
2025-12-25 17:00:00+00:00,Islamabad,85.7786019925718,µg/m³,3
2025-12-25 18:00:00+00:00,Islamabad,83.49108327229817,µg/m³,4
2025-12-25 19:00:00+00:00,Islamabad,70.49154173533123,µg/m³,4
2025-12-25 20:00:00+00:00,Islamabad,60.93883336385091,µg/m³,4
2025-12-25 21:00:00+00:00,Islamabad,61.44245827992757,µg/m³,4
2025-12-25 22:00:00+00:00,Islamabad,64.79595826466878,µg/m³,4
2025-12-25 23:00:00+00:00,Islamabad,62.660458310445144,µg/m³,4
2025-12-26 00:00:00+00:00,Islamabad,66.56295846303304,µg/m³,4
2025-12-26 01:00:00+00:00,Islamabad,68.60212497711181,µg/m³,4
2025-12-26 02:00:00+00:00,Islamabad,75.28408330281576,µg/m³,4
2025-12-26 03:00:00+00:00,Islamabad,96.0195416132609,µg/m³,4
2025-12-26 04:00:00+00:00,Islamabad,90.99244796435038,µg/m³,4
2025-12-26 05:00:00+00:00,Islamabad,91.99351035753887,µg/m³,4
2025-12-26 06:00:00+00:00,Islamabad,103.21448253525628,µg/m³,4
2025-12-26 07:00:00+00:00,Islamabad,94.04136812422011,µg/m³,4
2025-12-26 08:00:00+00:00,Islamabad,94.45486346158114,µg/m³,4
2025-12-26 09:00:00+00:00,Islamabad,85.21455210049947,µg/m³,4
2025-12-26 10:00:00+00:00,Islamabad,83.14815621376037,µg/m³,4
2025-12-26 11:00:00+00:00,Islamabad,99.49133342107137,µg/m³,4
2025-12-26 12:00:00+00:00,Islamabad,120.01209368705749,µg/m³,4
2025-12-26 13:00:00+00:00,Islamabad,123.44412479400634,µg/m³,4
2025-12-26 14:00:00+00:00,Islamabad,123.73349990844727,µg/m³,4
2025-12-26 15:00:00+00:00,Islamabad,124.89095834096274,µg/m³,4
2025-12-26 16:00:00+00:00,Islamabad,108.31701392067802,µg/m³,4
2025-12-26 17:00:00+00:00,Islamabad,109.65745843251547,µg/m³,4
2025-12-26 18:00:00+00:00,Islamabad,104.276291624705,µg/m³,4
2025-12-26 19:00:00+00:00,Islamabad,100.36366678873698,µg/m³,4
2025-12-26 20:00:00+00:00,Islamabad,99.66862506866455,µg/m³,4
2025-12-26 21:00:00+00:00,Islamabad,81.42591654459636,µg/m³,4
2025-12-26 22:00:00+00:00,Islamabad,80.50145829518635,µg/m³,4
2025-12-26 23:00:00+00:00,Islamabad,80.4478333791097,µg/m³,4
2025-12-27 00:00:00+00:00,Islamabad,81.04516665140788,µg/m³,4
2025-12-27 01:00:00+00:00,Islamabad,78.94145567152235,µg/m³,5
2025-12-27 02:00:00+00:00,Islamabad,106.78664588928223,µg/m³,4
2025-12-27 03:00:00+00:00,Islamabad,131.51335401535033,µg/m³,4
2025-12-27 04:00:00+00:00,Islamabad,165.45766696929934,µg/m³,4
2025-12-27 05:00:00+00:00,Islamabad,158.50264581044513,µg/m³,4
2025-12-27 06:00:00+00:00,Islamabad,145.54864590962728,µg/m³,4
2025-12-27 07:00:00+00:00,Islamabad,146.58421883583068,µg/m³,4
2025-12-27 08:00:00+00:00,Islamabad,145.0228333791097,µg/m³,4
2025-12-27 09:00:00+00:00,Islamabad,147.5338998921712,µg/m³,5
2025-12-27 10:00:00+00:00,Islamabad,148.2550833384196,µg/m³,4
2025-12-27 11:00:00+00:00,Islamabad,167.60908330281575,µg/m³,4
2025-12-27 12:00:00+00:00,Islamabad,180.0736249923706,µg/m³,4
2025-12-27 13:00:00+00:00,Islamabad,172.31595834096274,µg/m³,4
2025-12-27 14:00:00+00:00,Islamabad,158.02026054064433,µg/m³,4
2025-12-27 15:00:00+00:00,Islamabad,153.27291673024496,µg/m³,4
2025-12-27 16:00:00+00:00,Islamabad,166.94779173533124,µg/m³,4
2025-12-27 17:00:00+00:00,Islamabad,151.67350006103516,µg/m³,4
2025-12-27 18:00:00+00:00,Islamabad,115.6165833791097,µg/m³,4
2025-12-27 19:00:00+00:00,Islamabad,100.11183331807455,µg/m³,4
2025-12-27 20:00:00+00:00,Islamabad,90.59029165903728,µg/m³,4
2025-12-27 21:00:00+00:00,Islamabad,89.52720826466877,µg/m³,4
2025-12-27 22:00:00+00:00,Islamabad,97.48909373283387,µg/m³,4
2025-12-27 23:00:00+00:00,Islamabad,100.36962490081787,µg/m³,4
2025-12-28 00:00:00+00:00,Islamabad,89.78412494659423,µg/m³,4
2025-12-28 01:00:00+00:00,Islamabad,93.6398854414622,µg/m³,4
2025-12-28 02:00:00+00:00,Islamabad,104.77370827992758,µg/m³,4
2025-12-28 03:00:00+00:00,Islamabad,116.6709166208903,µg/m³,4
2025-12-28 04:00:00+00:00,Islamabad,121.62810417811076,µg/m³,4
2025-12-28 05:00:00+00:00,Islamabad,120.52141672770183,µg/m³,4
2025-12-28 06:00:00+00:00,Islamabad,106.28804175059,µg/m³,4
2025-12-28 07:00:00+00:00,Islamabad,104.40358327229818,µg/m³,4
2025-12-28 08:00:00+00:00,Islamabad,88.73054167429606,µg/m³,4
2025-12-28 09:00:00+00:00,Islamabad,99.69073958396912,µg/m³,4
2025-12-28 10:00:00+00:00,Islamabad,115.23804175059001,µg/m³,4
2025-12-28 11:00:00+00:00,Islamabad,130.101888900333,µg/m³,4
2025-12-28 12:00:00+00:00,Islamabad,130.98620827992758,µg/m³,4
2025-12-28 13:00:00+00:00,Islamabad,146.26722923914593,µg/m³,4
2025-12-28 14:00:00+00:00,Islamabad,174.951291624705,µg/m³,4
2025-12-28 15:00:00+00:00,Islamabad,163.84099998474125,µg/m³,4
2025-12-28 16:00:00+00:00,Islamabad,157.64770844777425,µg/m³,4
2025-12-28 17:00:00+00:00,Islamabad,148.6540833791097,µg/m³,4
2025-12-28 18:00:00+00:00,Islamabad,153.56529165903729,µg/m³,4
2025-12-28 19:00:00+00:00,Islamabad,153.97512493133544,µg/m³,4
2025-12-28 20:00:00+00:00,Islamabad,129.79025001525878,µg/m³,4
2025-12-28 21:00:00+00:00,Islamabad,119.62658322652182,µg/m³,4
2025-12-28 22:00:00+00:00,Islamabad,111.2234332784017,µg/m³,5
2025-12-28 23:00:00+00:00,Islamabad,103.96604162851969,µg/m³,4
2025-12-29 00:00:00+00:00,Islamabad,102.96399993896483,µg/m³,4
2025-12-29 01:00:00+00:00,Islamabad,101.178843832016,µg/m³,4
2025-12-29 02:00:00+00:00,Islamabad,112.77793059878879,µg/m³,4
2025-12-29 03:00:00+00:00,Islamabad,130.7930000305176,µg/m³,4
2025-12-29 04:00:00+00:00,Islamabad,151.54627059300742,µg/m³,4
2025-12-29 05:00:00+00:00,Islamabad,156.46755207379658,µg/m³,4
2025-12-29 06:00:00+00:00,Islamabad,171.12729155222576,µg/m³,4
2025-12-29 07:00:00+00:00,Islamabad,201.59462490081788,µg/m³,4
2025-12-29 08:00:00+00:00,Islamabad,208.32256231307983,µg/m³,4
2025-12-29 09:00:00+00:00,Islamabad,249.1845493740506,µg/m³,4
2025-12-29 10:00:00+00:00,Islamabad,226.01329193115237,µg/m³,4
2025-12-29 11:00:00+00:00,Islamabad,231.06691665649416,µg/m³,4
2025-12-29 12:00:00+00:00,Islamabad,262.70004177093506,µg/m³,4
2025-12-29 13:00:00+00:00,Islamabad,294.13226420084635,µg/m³,4
2025-12-29 14:00:00+00:00,Islamabad,260.1299385070801,µg/m³,4
2025-12-29 15:00:00+00:00,Islamabad,215.19733333587646,µg/m³,4
2025-12-29 16:00:00+00:00,Islamabad,185.67389999389644,µg/m³,5
2025-12-29 17:00:00+00:00,Islamabad,192.22966651916505,µg/m³,4
2025-12-29 18:00:00+00:00,Islamabad,184.04160828908283,µg/m³,5
2025-12-29 19:00:00+00:00,Islamabad,154.42687511444092,µg/m³,4
2025-12-29 20:00:00+00:00,Islamabad,140.02287502288817,µg/m³,4
2025-12-29 21:00:00+00:00,Islamabad,125.7924166361491,µg/m³,4
2025-12-29 22:00:00+00:00,Islamabad,115.9895729223887,µg/m³,4
2025-12-29 23:00:00+00:00,Islamabad,104.97353119850159,µg/m³,4
2025-12-30 00:00:00+00:00,Islamabad,96.70994788805643,µg/m³,4
2025-12-30 01:00:00+00:00,Islamabad,92.56112499237061,µg/m³,4
2025-12-30 02:00:00+00:00,Islamabad,99.6497349247788,µg/m³,4
2025-12-30 03:00:00+00:00,Islamabad,135.50858319600425,µg/m³,4
2025-12-30 04:00:00+00:00,Islamabad,170.5,µg/m³,2
2025-12-30 05:00:00+00:00,Islamabad,197.64144781430562,µg/m³,4
2025-12-30 06:00:00+00:00,Islamabad,201.75071867307028,µg/m³,4
2025-12-30 07:00:00+00:00,Islamabad,218.9203748703003,µg/m³,4
2025-12-30 08:00:00+00:00,Islamabad,157.3118958791097,µg/m³,4
2025-12-30 09:00:00+00:00,Islamabad,176.3230832417806,µg/m³,4
2025-12-30 10:00:00+00:00,Islamabad,157.41035420099897,µg/m³,4
2025-12-30 11:00:00+00:00,Islamabad,169.9426736301846,µg/m³,4
2025-12-30 12:00:00+00:00,Islamabad,185.28792499542234,µg/m³,5
2025-12-30 13:00:00+00:00,Islamabad,208.43670819600425,µg/m³,4
2025-12-30 14:00:00+00:00,Islamabad,199.12954184214274,µg/m³,4
2025-12-30 15:00:00+00:00,Islamabad,209.0195416132609,µg/m³,4
2025-12-30 16:00:00+00:00,Islamabad,205.1131144364675,µg/m³,4
2025-12-30 17:00:00+00:00,Islamabad,188.1578958829244,µg/m³,4
2025-12-30 18:00:00+00:00,Islamabad,124.0,µg/m³,2
2025-12-30 19:00:00+00:00,Islamabad,157.50695832570395,µg/m³,4
2025-12-30 20:00:00+00:00,Islamabad,157.8242083867391,µg/m³,4
2025-12-30 21:00:00+00:00,Islamabad,149.42970841725668,µg/m³,4
2025-12-30 22:00:00+00:00,Islamabad,122.2566563129425,µg/m³,4
2025-12-30 23:00:00+00:00,Islamabad,110.27224998474124,µg/m³,4
2025-12-31 00:00:00+00:00,Islamabad,118.46937503814698,µg/m³,4
2025-12-31 01:00:00+00:00,Islamabad,122.13987483978275,µg/m³,4
2025-12-31 02:00:00+00:00,Islamabad,135.73762505849203,µg/m³,4
2025-12-31 03:00:00+00:00,Islamabad,137.4766248703003,µg/m³,4
2025-12-31 04:00:00+00:00,Islamabad,164.8028752009074,µg/m³,4
2025-12-31 05:00:00+00:00,Islamabad,169.30739221043055,µg/m³,4
2025-12-31 06:00:00+00:00,Islamabad,163.79586459795635,µg/m³,4
2025-12-31 07:00:00+00:00,Islamabad,165.7895521322886,µg/m³,4
2025-12-31 08:00:00+00:00,Islamabad,135.1619171142578,µg/m³,4
2025-12-31 09:00:00+00:00,Islamabad,137.93124993642172,µg/m³,4
2025-12-31 10:00:00+00:00,Islamabad,173.87874994277954,µg/m³,4
2025-12-31 11:00:00+00:00,Islamabad,146.53515629768373,µg/m³,4
2025-12-31 12:00:00+00:00,Islamabad,126.78341671625775,µg/m³,4
2025-12-31 13:00:00+00:00,Islamabad,155.97579861746894,µg/m³,4
2025-12-31 14:00:00+00:00,Islamabad,156.8630001068115,µg/m³,4
2025-12-31 15:00:00+00:00,Islamabad,130.82900009155273,µg/m³,4
2025-12-31 16:00:00+00:00,Islamabad,119.09006252288819,µg/m³,4
2025-12-31 17:00:00+00:00,Islamabad,99.99416666666667,µg/m³,4
2025-12-31 18:00:00+00:00,Islamabad,54.06408322652181,µg/m³,4
2025-12-31 19:00:00+00:00,Islamabad,70.37216669718424,µg/m³,4
2025-12-31 20:00:00+00:00,Islamabad,68.39162502288818,µg/m³,4
2025-12-31 21:00:00+00:00,Islamabad,29.596708234151208,µg/m³,4
2025-12-31 22:00:00+00:00,Islamabad,26.849208386739093,µg/m³,4
2025-12-31 23:00:00+00:00,Islamabad,28.861208279927574,µg/m³,4
2026-01-01 00:00:00+00:00,Islamabad,31.81996668497721,µg/m³,5
2026-01-01 01:00:00+00:00,Islamabad,35.49012508392334,µg/m³,4
2026-01-01 02:00:00+00:00,Islamabad,38.09716669718424,µg/m³,4
2026-01-01 03:00:00+00:00,Islamabad,43.034541575113934,µg/m³,4
2026-01-01 04:00:00+00:00,Islamabad,46.99516665140788,µg/m³,4
2026-01-01 05:00:00+00:00,Islamabad,39.93754164377848,µg/m³,4
2026-01-01 06:00:00+00:00,Islamabad,52.92441660563151,µg/m³,4
2026-01-01 07:00:00+00:00,Islamabad,58.86599998474121,µg/m³,4
2026-01-01 08:00:00+00:00,Islamabad,63.12291666666667,µg/m³,4
2026-01-01 09:00:00+00:00,Islamabad,72.32720826466878,µg/m³,4
2026-01-01 10:00:00+00:00,Islamabad,70.1977813243866,µg/m³,4
2026-01-01 11:00:00+00:00,Islamabad,68.81263649680398,µg/m³,4
2026-01-01 12:00:00+00:00,Islamabad,65.19085413614908,µg/m³,4
2026-01-01 13:00:00+00:00,Islamabad,82.29791666666665,µg/m³,4
2026-01-01 14:00:00+00:00,Islamabad,74.34454161326092,µg/m³,4
2026-01-01 15:00:00+00:00,Islamabad,72.54320824940999,µg/m³,4
2026-01-01 16:00:00+00:00,Islamabad,73.37920831044515,µg/m³,4
2026-01-01 17:00:00+00:00,Islamabad,60.224125099182125,µg/m³,4
2026-01-01 18:00:00+00:00,Islamabad,53.400041643778486,µg/m³,4
2026-01-01 19:00:00+00:00,Islamabad,53.3959166208903,µg/m³,4
2026-01-01 20:00:00+00:00,Islamabad,48.92833340962728,µg/m³,4
2026-01-01 21:00:00+00:00,Islamabad,43.82106669108073,µg/m³,5
2026-01-01 22:00:00+00:00,Islamabad,39.85166651407877,µg/m³,4
2026-01-01 23:00:00+00:00,Islamabad,45.758416620890294,µg/m³,4
2026-01-02 00:00:00+00:00,Islamabad,48.044541613260904,µg/m³,4
2026-01-02 01:00:00+00:00,Islamabad,47.669333394368486,µg/m³,4
2026-01-02 02:00:00+00:00,Islamabad,53.25608342488607,µg/m³,4
2026-01-02 03:00:00+00:00,Islamabad,97.90957290331524,µg/m³,4
2026-01-02 04:00:00+00:00,Islamabad,87.38886112636989,µg/m³,3
2026-01-02 05:00:00+00:00,Islamabad,76.59555545383029,µg/m³,3
2026-01-02 06:00:00+00:00,Islamabad,72.07233329349094,µg/m³,3
2026-01-02 07:00:00+00:00,Islamabad,56.44133389790853,µg/m³,4
2026-01-02 08:00:00+00:00,Islamabad,94.02827763027615,µg/m³,4
2026-01-02 09:00:00+00:00,Islamabad,66.1603298134274,µg/m³,4
2026-01-02 10:00:00+00:00,Islamabad,61.465788200166486,µg/m³,4
2026-01-02 11:00:00+00:00,Islamabad,61.62901050249735,µg/m³,4
2026-01-02 12:00:00+00:00,Islamabad,77.60770829518637,µg/m³,4
2026-01-02 13:00:00+00:00,Islamabad,82.58187503814696,µg/m³,4
2026-01-02 14:00:00+00:00,Islamabad,67.60972733931108,µg/m³,4
2026-01-02 15:00:00+00:00,Islamabad,110.7450833638509,µg/m³,3
