datetime,city,pm25_value,pm25_unit,pm25_locations
2025-10-04 16:00:00+00:00,Karachi,18.354847213074013,µg/m³,3
2025-10-04 17:00:00+00:00,Karachi,23.153518528408473,µg/m³,3
2025-10-04 18:00:00+00:00,Karachi,17.43305554919773,µg/m³,3
2025-10-04 19:00:00+00:00,Karachi,12.64821760301237,µg/m³,3
2025-10-04 20:00:00+00:00,Karachi,16.092635421620475,µg/m³,4
2025-10-04 21:00:00+00:00,Karachi,17.35245831145181,µg/m³,4
2025-10-04 22:00:00+00:00,Karachi,20.339802066485092,µg/m³,4
2025-10-04 23:00:00+00:00,Karachi,18.866524280442132,µg/m³,4
2025-10-05 00:00:00+00:00,Karachi,20.691802102327344,µg/m³,4
2025-10-05 01:00:00+00:00,Karachi,22.237395838896433,µg/m³,4
2025-10-05 02:00:00+00:00,Karachi,25.191906248860892,µg/m³,4
2025-10-05 03:00:00+00:00,Karachi,22.574434529410468,µg/m³,4
2025-10-05 04:00:00+00:00,Karachi,24.029499977827072,µg/m³,4
2025-10-05 05:00:00+00:00,Karachi,24.605861112806533,µg/m³,4
2025-10-05 06:00:00+00:00,Karachi,24.876506939199235,µg/m³,4
2025-10-05 07:00:00+00:00,Karachi,21.009385416905086,µg/m³,4
2025-10-05 08:00:00+00:00,Karachi,20.715843748384057,µg/m³,4
2025-10-05 09:00:00+00:00,Karachi,18.86688540379206,µg/m³,4
2025-10-05 10:00:00+00:00,Karachi,17.45401386949751,µg/m³,4
2025-10-05 11:00:00+00:00,Karachi,18.47126044366095,µg/m³,4
2025-10-05 12:00:00+00:00,Karachi,21.255298618475596,µg/m³,4
2025-10-05 13:00:00+00:00,Karachi,25.048875021934506,µg/m³,4
2025-10-05 14:00:00+00:00,Karachi,24.18084373474121,µg/m³,4
2025-10-05 15:00:00+00:00,Karachi,21.184416671593983,µg/m³,4
2025-10-05 16:00:00+00:00,Karachi,21.459798605574502,µg/m³,4
2025-10-05 17:00:00+00:00,Karachi,23.22044097516272,µg/m³,4
2025-10-05 18:00:00+00:00,Karachi,22.951343773470985,µg/m³,4
2025-10-05 19:00:00+00:00,Karachi,20.696520845095318,µg/m³,4
2025-10-05 20:00:00+00:00,Karachi,16.60940624806616,µg/m³,4
2025-10-05 21:00:00+00:00,Karachi,14.701003472672568,µg/m³,4
2025-10-05 22:00:00+00:00,Karachi,13.396666673819224,µg/m³,4
2025-10-05 23:00:00+00:00,Karachi,13.671333336830141,µg/m³,4
2025-10-06 00:00:00+00:00,Karachi,14.817656248807907,µg/m³,4
2025-10-06 01:00:00+00:00,Karachi,17.411184025473066,µg/m³,4
2025-10-06 02:00:00+00:00,Karachi,21.659786121315424,µg/m³,4
2025-10-06 03:00:00+00:00,Karachi,21.476139824980432,µg/m³,4
2025-10-06 04:00:00+00:00,Karachi,21.343093764119676,µg/m³,4
2025-10-06 05:00:00+00:00,Karachi,23.441288184457356,µg/m³,4
2025-10-06 06:00:00+00:00,Karachi,26.85057636300723,µg/m³,4
2025-10-06 07:00:00+00:00,Karachi,27.215371593501835,µg/m³,4
2025-10-06 08:00:00+00:00,Karachi,27.18132290641467,µg/m³,4
2025-10-06 09:00:00+00:00,Karachi,27.0616389075915,µg/m³,4
2025-10-06 10:00:00+00:00,Karachi,26.03126034537951,µg/m³,4
2025-10-06 11:00:00+00:00,Karachi,27.05376049876213,µg/m³,4
2025-10-06 12:00:00+00:00,Karachi,34.25298951864243,µg/m³,4
2025-10-06 13:00:00+00:00,Karachi,30.166590303182602,µg/m³,4
2025-10-06 14:00:00+00:00,Karachi,30.549020777808295,µg/m³,4
2025-10-06 15:00:00+00:00,Karachi,28.875190907054478,µg/m³,4
2025-10-06 16:00:00+00:00,Karachi,30.997586852974365,µg/m³,4
2025-10-06 17:00:00+00:00,Karachi,26.590958295265835,µg/m³,4
2025-10-06 18:00:00+00:00,Karachi,23.620281225442884,µg/m³,4
2025-10-06 19:00:00+00:00,Karachi,22.570750006039937,µg/m³,4
2025-10-06 20:00:00+00:00,Karachi,22.86632290482521,µg/m³,4
2025-10-06 21:00:00+00:00,Karachi,21.815291674931842,µg/m³,4
2025-10-06 22:00:00+00:00,Karachi,21.693114556868867,µg/m³,4
2025-10-06 23:00:00+00:00,Karachi,18.902520835399628,µg/m³,4
2025-10-07 00:00:00+00:00,Karachi,20.257812501324548,µg/m³,4
2025-10-07 01:00:00+00:00,Karachi,22.903281197945276,µg/m³,4
2025-10-07 02:00:00+00:00,Karachi,27.78818741242091,µg/m³,4
2025-10-07 03:00:00+00:00,Karachi,37.30493747525745,µg/m³,4
2025-10-07 04:00:00+00:00,Karachi,39.37815250820584,µg/m³,4
2025-10-07 05:00:00+00:00,Karachi,42.4393647034963,µg/m³,4
2025-10-07 06:00:00+00:00,Karachi,41.12584371074798,µg/m³,5
2025-10-07 07:00:00+00:00,Karachi,38.94090005185869,µg/m³,5
2025-10-07 08:00:00+00:00,Karachi,35.729922207726375,µg/m³,5
2025-10-07 09:00:00+00:00,Karachi,31.169511105749336,µg/m³,5
2025-10-07 10:00:00+00:00,Karachi,30.418363951047258,µg/m³,5
2025-10-07 11:00:00+00:00,Karachi,24.757683997684055,µg/m³,4
2025-10-07 12:00:00+00:00,Karachi,25.09878120621045,µg/m³,4
2025-10-07 13:00:00+00:00,Karachi,35.58193220893542,µg/m³,4
2025-10-07 14:00:00+00:00,Karachi,40.15842000246048,µg/m³,4
2025-10-07 15:00:00+00:00,Karachi,32.27808328469594,µg/m³,4
2025-10-07 16:00:00+00:00,Karachi,32.80786461432775,µg/m³,4
2025-10-07 17:00:00+00:00,Karachi,28.605649299754035,µg/m³,4
2025-10-07 18:00:00+00:00,Karachi,23.047541715039145,µg/m³,4
2025-10-07 19:00:00+00:00,Karachi,20.466302082935968,µg/m³,4
2025-10-07 20:00:00+00:00,Karachi,25.874493079715307,µg/m³,4
2025-10-07 21:00:00+00:00,Karachi,25.771954844395317,µg/m³,4
2025-10-07 22:00:00+00:00,Karachi,30.856173598766325,µg/m³,4
2025-10-07 23:00:00+00:00,Karachi,38.51057645016246,µg/m³,4
2025-10-08 00:00:00+00:00,Karachi,45.7000382747915,µg/m³,4
2025-10-08 01:00:00+00:00,Karachi,46.89981251557668,µg/m³,4
2025-10-08 02:00:00+00:00,Karachi,58.968774196836684,µg/m³,4
2025-10-08 03:00:00+00:00,Karachi,51.005534566773306,µg/m³,4
2025-10-08 04:00:00+00:00,Karachi,44.634816039836764,µg/m³,5
2025-10-08 05:00:00+00:00,Karachi,46.472738910251195,µg/m³,5
2025-10-08 06:00:00+00:00,Karachi,40.928802984025744,µg/m³,5
2025-10-08 07:00:00+00:00,Karachi,38.60125841935476,µg/m³,5
2025-10-08 08:00:00+00:00,Karachi,33.373179350852965,µg/m³,5
2025-10-08 09:00:00+00:00,Karachi,30.24372777620951,µg/m³,5
2025-10-08 10:00:00+00:00,Karachi,26.677902694808118,µg/m³,5
2025-10-08 11:00:00+00:00,Karachi,26.314041685528224,µg/m³,5
2025-10-08 12:00:00+00:00,Karachi,26.420341630511814,µg/m³,5
2025-10-08 13:00:00+00:00,Karachi,31.658666768074035,µg/m³,5
2025-10-08 14:00:00+00:00,Karachi,52.63777501106263,µg/m³,5
2025-10-08 15:00:00+00:00,Karachi,39.73208057721456,µg/m³,5
2025-10-08 16:00:00+00:00,Karachi,51.2508159506923,µg/m³,5
2025-10-08 17:00:00+00:00,Karachi,34.90651040275891,µg/m³,4
2025-10-08 18:00:00+00:00,Karachi,31.302010321617125,µg/m³,4
2025-10-08 19:00:00+00:00,Karachi,36.912670136160315,µg/m³,4
2025-10-08 20:00:00+00:00,Karachi,45.36513543327649,µg/m³,4
2025-10-08 21:00:00+00:00,Karachi,45.0799375474453,µg/m³,4
2025-10-08 22:00:00+00:00,Karachi,39.44387858841154,µg/m³,4
2025-10-08 23:00:00+00:00,Karachi,44.77986113097933,µg/m³,4
2025-10-09 00:00:00+00:00,Karachi,52.23338533639908,µg/m³,4
2025-10-09 01:00:00+00:00,Karachi,41.06690627932549,µg/m³,4
2025-10-09 02:00:00+00:00,Karachi,43.003506927357776,µg/m³,4
2025-10-09 03:00:00+00:00,Karachi,46.041833100716275,µg/m³,4
2025-10-09 04:00:00+00:00,Karachi,46.62495833396911,µg/m³,5
2025-10-09 05:00:00+00:00,Karachi,44.344441698922054,µg/m³,5
2025-10-09 06:00:00+00:00,Karachi,40.91765835232205,µg/m³,5
2025-10-09 07:00:00+00:00,Karachi,35.34170136253039,µg/m³,4
2025-10-09 08:00:00+00:00,Karachi,28.163479097684224,µg/m³,4
2025-10-09 09:00:00+00:00,Karachi,26.66460409429338,µg/m³,4
2025-10-09 10:00:00+00:00,Karachi,24.176885347896153,µg/m³,4
2025-10-09 11:00:00+00:00,Karachi,23.797038195530575,µg/m³,4
2025-10-09 12:00:00+00:00,Karachi,26.82516662491692,µg/m³,5
2025-10-09 13:00:00+00:00,Karachi,32.66664171218872,µg/m³,5
2025-10-09 14:00:00+00:00,Karachi,34.19447507063548,µg/m³,5
2025-10-09 15:00:00+00:00,Karachi,30.619388925234478,µg/m³,5
2025-10-09 16:00:00+00:00,Karachi,29.42667699654897,µg/m³,4
2025-10-09 17:00:00+00:00,Karachi,31.31758681734403,µg/m³,4
2025-10-09 18:00:00+00:00,Karachi,33.94682287573814,µg/m³,4
2025-10-09 19:00:00+00:00,Karachi,32.53575000365575,µg/m³,4
2025-10-09 20:00:00+00:00,Karachi,37.66144781774945,µg/m³,4
2025-10-09 21:00:00+00:00,Karachi,39.4644060989221,µg/m³,4
2025-10-09 22:00:00+00:00,Karachi,45.378312645355855,µg/m³,4
2025-10-09 23:00:00+00:00,Karachi,44.895270752906804,µg/m³,4
2025-10-10 00:00:00+00:00,Karachi,45.338815960619186,µg/m³,4
2025-10-10 01:00:00+00:00,Karachi,48.11731262405713,µg/m³,4
2025-10-10 02:00:00+00:00,Karachi,51.01746870676676,µg/m³,4
2025-10-10 03:00:00+00:00,Karachi,39.058312614758805,µg/m³,4
2025-10-10 04:00:00+00:00,Karachi,33.0272333650589,µg/m³,5
2025-10-10 05:00:00+00:00,Karachi,28.77524168544345,µg/m³,5
2025-10-10 06:00:00+00:00,Karachi,25.44605557322502,µg/m³,4
2025-10-10 07:00:00+00:00,Karachi,24.56132295330365,µg/m³,4
2025-10-10 08:00:00+00:00,Karachi,23.673437506622736,µg/m³,4
2025-10-10 09:00:00+00:00,Karachi,24.540380914945796,µg/m³,4
2025-10-10 10:00:00+00:00,Karachi,24.401343749629124,µg/m³,4
2025-10-10 11:00:00+00:00,Karachi,27.189593717786998,µg/m³,4
2025-10-10 12:00:00+00:00,Karachi,26.934352519536258,µg/m³,4
2025-10-10 13:00:00+00:00,Karachi,28.06602783799171,µg/m³,4
2025-10-10 14:00:00+00:00,Karachi,31.458263836304347,µg/m³,4
2025-10-10 15:00:00+00:00,Karachi,32.295406287908555,µg/m³,4
2025-10-10 16:00:00+00:00,Karachi,33.67676385596946,µg/m³,3
2025-10-10 17:00:00+00:00,Karachi,29.667134269078574,µg/m³,3
2025-10-10 18:00:00+00:00,Karachi,28.504708429177605,µg/m³,2
2025-10-10 19:00:00+00:00,Karachi,37.53449983596801,µg/m³,3
2025-10-10 20:00:00+00:00,Karachi,47.57698066163945,µg/m³,3
2025-10-10 21:00:00+00:00,Karachi,49.113893499197786,µg/m³,3
2025-10-10 22:00:00+00:00,Karachi,31.239611032274038,µg/m³,3
2025-10-10 23:00:00+00:00,Karachi,30.629935211605495,µg/m³,3
2025-10-11 00:00:00+00:00,Karachi,31.024847282303707,µg/m³,3
2025-10-11 01:00:00+00:00,Karachi,35.75166662798987,µg/m³,3
2025-10-11 02:00:00+00:00,Karachi,37.751749960581456,µg/m³,3
2025-10-11 03:00:00+00:00,Karachi,27.116393472530223,µg/m³,3
2025-10-11 04:00:00+00:00,Karachi,24.614333330260383,µg/m³,3
2025-10-11 05:00:00+00:00,Karachi,23.87547218534681,µg/m³,3
2025-10-11 06:00:00+00:00,Karachi,26.894398147971543,µg/m³,3
2025-10-11 07:00:00+00:00,Karachi,23.983884134115996,µg/m³,3
2025-10-11 08:00:00+00:00,Karachi,28.569513883414093,µg/m³,3
2025-10-11 09:00:00+00:00,Karachi,25.727791628131158,µg/m³,3
2025-10-11 10:00:00+00:00,Karachi,24.192208298047387,µg/m³,3
2025-10-11 12:00:00+00:00,Karachi,25.833134328877488,µg/m³,3
2025-10-11 13:00:00+00:00,Karachi,28.825365833882927,µg/m³,3
2025-10-11 14:00:00+00:00,Karachi,29.58186570538415,µg/m³,3
2025-10-11 15:00:00+00:00,Karachi,32.43572215769026,µg/m³,3
2025-10-11 16:00:00+00:00,Karachi,30.55752310752868,µg/m³,3
2025-10-11 17:00:00+00:00,Karachi,30.751768488354156,µg/m³,3
2025-10-11 18:00:00+00:00,Karachi,34.69051379627652,µg/m³,3
2025-10-11 19:00:00+00:00,Karachi,42.28912045337536,µg/m³,3
2025-10-11 20:00:00+00:00,Karachi,46.759694491492375,µg/m³,3
2025-10-11 21:00:00+00:00,Karachi,37.9307175371382,µg/m³,3
2025-10-11 22:00:00+00:00,Karachi,30.822097351815966,µg/m³,3
2025-10-11 23:00:00+00:00,Karachi,40.39543052249484,µg/m³,3
2025-10-12 00:00:00+00:00,Karachi,37.20912963284386,µg/m³,3
2025-10-12 01:00:00+00:00,Karachi,29.933592556141036,µg/m³,3
2025-10-12 02:00:00+00:00,Karachi,34.62390276855893,µg/m³,3
2025-10-12 03:00:00+00:00,Karachi,39.19212496015761,µg/m³,3
2025-10-12 04:00:00+00:00,Karachi,36.6831294130396,µg/m³,3
2025-10-12 05:00:00+00:00,Karachi,38.32473897298177,µg/m³,3
2025-10-12 06:00:00+00:00,Karachi,32.275652742385866,µg/m³,3
2025-10-12 07:00:00+00:00,Karachi,31.557083304723104,µg/m³,3
2025-10-12 08:00:00+00:00,Karachi,22.91130554146237,µg/m³,3
2025-10-12 09:00:00+00:00,Karachi,22.18288425162986,µg/m³,3
2025-10-12 10:00:00+00:00,Karachi,21.47101391421424,µg/m³,3
2025-10-12 11:00:00+00:00,Karachi,22.120106494868242,µg/m³,3
2025-10-12 12:00:00+00:00,Karachi,24.281624997986686,µg/m³,3
2025-10-12 13:00:00+00:00,Karachi,30.04426385826535,µg/m³,3
2025-10-12 14:00:00+00:00,Karachi,32.80484253388864,µg/m³,3
2025-10-12 15:00:00+00:00,Karachi,37.457087922979284,µg/m³,3
2025-10-12 16:00:00+00:00,Karachi,39.588291809293956,µg/m³,3
2025-10-12 17:00:00+00:00,Karachi,37.99479182296329,µg/m³,3
2025-10-12 18:00:00+00:00,Karachi,45.70563882191976,µg/m³,3
2025-10-12 19:00:00+00:00,Karachi,37.292689972453644,µg/m³,3
2025-10-12 20:00:00+00:00,Karachi,37.174685207119694,µg/m³,3
2025-10-12 21:00:00+00:00,Karachi,33.77820826106601,µg/m³,3
2025-10-12 22:00:00+00:00,Karachi,31.869999941190088,µg/m³,3
2025-10-12 23:00:00+00:00,Karachi,33.859736180305475,µg/m³,3
2025-10-13 00:00:00+00:00,Karachi,40.70215738791006,µg/m³,3
2025-10-13 01:00:00+00:00,Karachi,42.46161096625858,µg/m³,3
2025-10-13 02:00:00+00:00,Karachi,44.361111323038735,µg/m³,3
2025-10-13 03:00:00+00:00,Karachi,42.27184254858229,µg/m³,3
2025-10-13 04:00:00+00:00,Karachi,33.649975840912916,µg/m³,4
2025-10-13 05:00:00+00:00,Karachi,29.28867011335161,µg/m³,4
2025-10-13 06:00:00+00:00,Karachi,32.2087152812216,µg/m³,4
2025-10-13 07:00:00+00:00,Karachi,29.442208308643764,µg/m³,4
2025-10-13 08:00:00+00:00,Karachi,28.106163212988115,µg/m³,4
2025-10-13 09:00:00+00:00,Karachi,26.07580901649263,µg/m³,4
2025-10-13 10:00:00+00:00,Karachi,26.43782984084553,µg/m³,4
2025-10-13 11:00:00+00:00,Karachi,26.429114506642023,µg/m³,4
2025-10-13 12:00:00+00:00,Karachi,27.25616668065389,µg/m³,4
2025-10-13 13:00:00+00:00,Karachi,29.265944472286435,µg/m³,4
2025-10-13 14:00:00+00:00,Karachi,34.84707300861677,µg/m³,4
2025-10-13 15:00:00+00:00,Karachi,41.143893513856106,µg/m³,3
2025-10-13 16:00:00+00:00,Karachi,46.061736162503564,µg/m³,3
2025-10-13 17:00:00+00:00,Karachi,63.55540740401656,µg/m³,3
2025-10-13 18:00:00+00:00,Karachi,80.12243999198631,µg/m³,3
2025-10-13 19:00:00+00:00,Karachi,54.97306933932833,µg/m³,3
2025-10-13 20:00:00+00:00,Karachi,52.86413875244282,µg/m³,3
2025-10-13 21:00:00+00:00,Karachi,85.59089817559277,µg/m³,3
2025-10-13 22:00:00+00:00,Karachi,68.80876365237766,µg/m³,3
2025-10-13 23:00:00+00:00,Karachi,40.72655070975974,µg/m³,3
2025-10-14 00:00:00+00:00,Karachi,45.04267147028887,µg/m³,3
2025-10-14 01:00:00+00:00,Karachi,47.502185086850766,µg/m³,3
2025-10-14 02:00:00+00:00,Karachi,53.5704722934299,µg/m³,3
2025-10-14 03:00:00+00:00,Karachi,47.36724948883056,µg/m³,4
2025-10-14 04:00:00+00:00,Karachi,40.73905213872591,µg/m³,4
2025-10-14 05:00:00+00:00,Karachi,32.6491305451923,µg/m³,5
2025-10-14 06:00:00+00:00,Karachi,28.910638817681207,µg/m³,5
2025-10-14 07:00:00+00:00,Karachi,28.71104996840159,µg/m³,5
2025-10-14 08:00:00+00:00,Karachi,27.176988869243196,µg/m³,5
2025-10-14 09:00:00+00:00,Karachi,26.837888907326594,µg/m³,5
2025-10-14 10:00:00+00:00,Karachi,27.028375029563904,µg/m³,5
2025-10-14 11:00:00+00:00,Karachi,27.720086147520277,µg/m³,5
2025-10-14 12:00:00+00:00,Karachi,28.947374995549524,µg/m³,5
2025-10-14 13:00:00+00:00,Karachi,36.03587496386634,µg/m³,5
2025-10-14 14:00:00+00:00,Karachi,41.35281269749006,µg/m³,4
2025-10-14 15:00:00+00:00,Karachi,39.423020786046976,µg/m³,4
2025-10-14 16:00:00+00:00,Karachi,36.614423588249416,µg/m³,4
2025-10-14 17:00:00+00:00,Karachi,53.63631599280569,µg/m³,4
2025-10-14 18:00:00+00:00,Karachi,51.085829920238915,µg/m³,4
2025-10-14 19:00:00+00:00,Karachi,41.78295137617323,µg/m³,4
2025-10-14 20:00:00+00:00,Karachi,40.22897918224335,µg/m³,4
2025-10-14 21:00:00+00:00,Karachi,36.25256601174672,µg/m³,4
2025-10-14 22:00:00+00:00,Karachi,34.1294686794281,µg/m³,4
2025-10-14 23:00:00+00:00,Karachi,39.719625091552736,µg/m³,4
2025-10-15 00:00:00+00:00,Karachi,41.53162142899301,µg/m³,4
2025-10-15 01:00:00+00:00,Karachi,53.69778113365173,µg/m³,4
2025-10-15 02:00:00+00:00,Karachi,53.22875707414415,µg/m³,4
2025-10-15 03:00:00+00:00,Karachi,53.971156263351446,µg/m³,4
2025-10-15 04:00:00+00:00,Karachi,47.825107571813795,µg/m³,4
2025-10-15 05:00:00+00:00,Karachi,42.413173760308155,µg/m³,4
2025-10-15 06:00:00+00:00,Karachi,33.79338896009657,µg/m³,4
2025-10-15 07:00:00+00:00,Karachi,28.14574642446306,µg/m³,4
2025-10-15 08:00:00+00:00,Karachi,26.60870835251279,µg/m³,4
2025-10-15 09:00:00+00:00,Karachi,27.88716668950187,µg/m³,4
2025-10-15 10:00:00+00:00,Karachi,26.48216317825847,µg/m³,4
2025-10-15 11:00:00+00:00,Karachi,28.67301046318478,µg/m³,4
2025-10-15 12:00:00+00:00,Karachi,29.146569408973058,µg/m³,4
2025-10-15 13:00:00+00:00,Karachi,42.15655214389165,µg/m³,4
2025-10-15 14:00:00+00:00,Karachi,74.51984393596649,µg/m³,4
2025-10-15 15:00:00+00:00,Karachi,75.76403129498165,µg/m³,4
2025-10-15 16:00:00+00:00,Karachi,67.27716652552287,µg/m³,4
2025-10-15 17:00:00+00:00,Karachi,46.420822858148156,µg/m³,4
2025-10-15 18:00:00+00:00,Karachi,46.20150338742468,µg/m³,4
2025-10-15 19:00:00+00:00,Karachi,37.2404409163528,µg/m³,4
2025-10-15 20:00:00+00:00,Karachi,42.61863533655803,µg/m³,4
2025-10-15 21:00:00+00:00,Karachi,47.4592188358307,µg/m³,4
2025-10-15 22:00:00+00:00,Karachi,47.98232283592223,µg/m³,4
2025-10-15 23:00:00+00:00,Karachi,39.937673545546,µg/m³,4
2025-10-16 00:00:00+00:00,Karachi,44.32300342453851,µg/m³,4
2025-10-16 01:00:00+00:00,Karachi,48.33411100175646,µg/m³,4
2025-10-16 02:00:00+00:00,Karachi,55.084458414713545,µg/m³,4
2025-10-16 03:00:00+00:00,Karachi,74.97771524853177,µg/m³,4
2025-10-16 04:00:00+00:00,Karachi,66.95955899026659,µg/m³,4
2025-10-16 05:00:00+00:00,Karachi,56.93547910054525,µg/m³,4
2025-10-16 06:00:00+00:00,Karachi,53.431037368597806,µg/m³,3
2025-10-16 07:00:00+00:00,Karachi,66.19628741299664,µg/m³,3
2025-10-16 08:00:00+00:00,Karachi,55.053277884589306,µg/m³,3
2025-10-16 09:00:00+00:00,Karachi,37.07197220855289,µg/m³,3
2025-10-16 10:00:00+00:00,Karachi,30.477500049273175,µg/m³,3
2025-10-16 11:00:00+00:00,Karachi,31.012788354347048,µg/m³,3
2025-10-16 12:00:00+00:00,Karachi,32.92544890774621,µg/m³,3
2025-10-16 13:00:00+00:00,Karachi,41.65272233486176,µg/m³,3
2025-10-16 14:00:00+00:00,Karachi,56.06874550007007,µg/m³,3
2025-10-16 15:00:00+00:00,Karachi,64.63324091875995,µg/m³,3
2025-10-16 16:00:00+00:00,Karachi,63.646921461599845,µg/m³,3
2025-10-16 17:00:00+00:00,Karachi,69.02613889906142,µg/m³,3
2025-10-16 18:00:00+00:00,Karachi,81.444166692098,µg/m³,3
2025-10-16 19:00:00+00:00,Karachi,73.00263896518284,µg/m³,3
2025-10-16 20:00:00+00:00,Karachi,80.00469440884059,µg/m³,3
2025-10-16 21:00:00+00:00,Karachi,97.4656111823188,µg/m³,3
2025-10-16 22:00:00+00:00,Karachi,93.14493512754088,µg/m³,3
2025-10-16 23:00:00+00:00,Karachi,88.90544900540952,µg/m³,3
2025-10-17 00:00:00+00:00,Karachi,89.72990275488958,µg/m³,3
2025-10-17 01:00:00+00:00,Karachi,140.61981002666332,µg/m³,3
2025-10-17 02:00:00+00:00,Karachi,91.53877811431884,µg/m³,3
2025-10-17 03:00:00+00:00,Karachi,46.67945380034269,µg/m³,3
2025-10-17 04:00:00+00:00,Karachi,51.724583307902016,µg/m³,3
2025-10-17 05:00:00+00:00,Karachi,72.59495384781448,µg/m³,3
2025-10-17 06:00:00+00:00,Karachi,65.43709718916152,µg/m³,3
2025-10-17 07:00:00+00:00,Karachi,61.36865738409537,µg/m³,3
2025-10-17 08:00:00+00:00,Karachi,58.10122686668678,µg/m³,3
2025-10-17 09:00:00+00:00,Karachi,39.38258326141922,µg/m³,3
2025-10-17 10:00:00+00:00,Karachi,32.08190290398068,µg/m³,2
2025-10-17 11:00:00+00:00,Karachi,34.06954176425934,µg/m³,2
2025-10-17 12:00:00+00:00,Karachi,35.07300011316935,µg/m³,2
2025-10-17 13:00:00+00:00,Karachi,46.49127066930135,µg/m³,2
2025-10-17 14:00:00+00:00,Karachi,51.268062305450435,µg/m³,2
2025-10-17 15:00:00+00:00,Karachi,64.05190274980333,µg/m³,2
2025-10-17 16:00:00+00:00,Karachi,64.68145821889243,µg/m³,2
2025-10-17 17:00:00+00:00,Karachi,66.25970815022787,µg/m³,2
2025-10-17 18:00:00+00:00,Karachi,56.91449985504151,µg/m³,2
2025-10-17 19:00:00+00:00,Karachi,67.04745801289876,µg/m³,2
2025-10-17 20:00:00+00:00,Karachi,57.917000198364256,µg/m³,2
2025-10-17 21:00:00+00:00,Karachi,52.11106214523315,µg/m³,2
2025-10-17 22:00:00+00:00,Karachi,41.41084013647503,µg/m³,2
2025-10-17 23:00:00+00:00,Karachi,39.87799987792969,µg/m³,2
2025-10-18 00:00:00+00:00,Karachi,58.43602069218954,µg/m³,2
2025-10-18 01:00:00+00:00,Karachi,55.10717373953925,µg/m³,2
2025-10-18 02:00:00+00:00,Karachi,67.83347889582316,µg/m³,2
2025-10-18 03:00:00+00:00,Karachi,78.25687522888182,µg/m³,2
2025-10-18 04:00:00+00:00,Karachi,67.72067363527087,µg/m³,2
2025-10-18 05:00:00+00:00,Karachi,70.00104185740152,µg/m³,1
2025-10-18 06:00:00+00:00,Karachi,66.90712490081788,µg/m³,1
2025-10-18 07:00:00+00:00,Karachi,62.87187480926514,µg/m³,1
2025-10-18 08:00:00+00:00,Karachi,49.4757916132609,µg/m³,1
2025-10-18 09:00:00+00:00,Karachi,36.09783341089884,µg/m³,1
2025-10-18 10:00:00+00:00,Karachi,31.369055416848926,µg/m³,1
2025-10-18 11:00:00+00:00,Karachi,31.608416398366288,µg/m³,1
2025-10-18 12:00:00+00:00,Karachi,30.668777841991844,µg/m³,1
2025-10-18 13:00:00+00:00,Karachi,39.36274983088176,µg/m³,1
2025-10-18 14:00:00+00:00,Karachi,53.69754187266032,µg/m³,1
2025-10-18 15:00:00+00:00,Karachi,52.74059749179416,µg/m³,2
2025-10-18 16:00:00+00:00,Karachi,54.336145814259844,µg/m³,2
2025-10-18 17:00:00+00:00,Karachi,54.040618122948544,µg/m³,2
2025-10-18 18:00:00+00:00,Karachi,48.81666685740153,µg/m³,2
2025-10-18 19:00:00+00:00,Karachi,45.951833470662436,µg/m³,2
2025-10-18 20:00:00+00:00,Karachi,46.596229139963796,µg/m³,2
2025-10-18 21:00:00+00:00,Karachi,41.495812511444086,µg/m³,2
2025-10-18 22:00:00+00:00,Karachi,42.10954174598058,µg/m³,2
2025-10-18 23:00:00+00:00,Karachi,49.5057497660319,µg/m³,2
2025-10-19 00:00:00+00:00,Karachi,47.46081247329712,µg/m³,2
2025-10-19 01:00:00+00:00,Karachi,62.680520852406815,µg/m³,2
2025-10-19 02:00:00+00:00,Karachi,56.59106245040894,µg/m³,2
2025-10-19 03:00:00+00:00,Karachi,51.161270745595296,µg/m³,2
2025-10-19 04:00:00+00:00,Karachi,56.06647907892863,µg/m³,2
2025-10-19 05:00:00+00:00,Karachi,50.564999930063884,µg/m³,1
2025-10-19 06:00:00+00:00,Karachi,33.578861143853935,µg/m³,2
2025-10-19 07:00:00+00:00,Karachi,25.237555546230737,µg/m³,1
2025-10-19 08:00:00+00:00,Karachi,26.810416674613954,µg/m³,2
2025-10-19 09:00:00+00:00,Karachi,25.949749986330673,µg/m³,2
2025-10-19 10:00:00+00:00,Karachi,25.12875003019969,µg/m³,2
2025-10-19 11:00:00+00:00,Karachi,25.195083289676248,µg/m³,2
2025-10-19 12:00:00+00:00,Karachi,25.644645829995476,µg/m³,2
2025-10-19 13:00:00+00:00,Karachi,42.33657645516925,µg/m³,2
2025-10-19 14:00:00+00:00,Karachi,42.92670836846034,µg/m³,2
2025-10-19 15:00:00+00:00,Karachi,47.527604055404666,µg/m³,2
2025-10-19 16:00:00+00:00,Karachi,48.633701186709935,µg/m³,2
2025-10-19 17:00:00+00:00,Karachi,42.42960392634074,µg/m³,2
2025-10-19 18:00:00+00:00,Karachi,42.00543049706353,µg/m³,2
2025-10-19 19:00:00+00:00,Karachi,43.59158356984456,µg/m³,2
2025-10-19 20:00:00+00:00,Karachi,45.00818738937379,µg/m³,2
2025-10-19 21:00:00+00:00,Karachi,36.07952096064885,µg/m³,2
2025-10-19 22:00:00+00:00,Karachi,31.631666711966197,µg/m³,2
2025-10-19 23:00:00+00:00,Karachi,35.6775137397978,µg/m³,2
2025-10-20 00:00:00+00:00,Karachi,40.51322913169861,µg/m³,2
2025-10-20 01:00:00+00:00,Karachi,59.08748599158393,µg/m³,2
2025-10-20 02:00:00+00:00,Karachi,75.48297936121622,µg/m³,2
2025-10-20 03:00:00+00:00,Karachi,105.26910416285196,µg/m³,2
2025-10-20 04:00:00+00:00,Karachi,100.17020848592122,µg/m³,2
2025-10-20 08:00:00+00:00,Karachi,45.32448596424527,µg/m³,2
2025-10-20 09:00:00+00:00,Karachi,44.721395758787786,µg/m³,2
2025-10-20 10:00:00+00:00,Karachi,40.93381256262462,µg/m³,2
2025-10-20 11:00:00+00:00,Karachi,39.29466656843821,µg/m³,2
2025-10-20 12:00:00+00:00,Karachi,35.09681792692704,µg/m³,1
2025-10-20 13:00:00+00:00,Karachi,37.88233336607615,µg/m³,1
2025-10-20 14:00:00+00:00,Karachi,35.198624992370604,µg/m³,1
2025-10-20 15:00:00+00:00,Karachi,44.40052774217393,µg/m³,1
2025-10-20 16:00:00+00:00,Karachi,59.96094428168402,µg/m³,1
2025-10-20 17:00:00+00:00,Karachi,80.17573596106637,µg/m³,1
2025-10-20 18:00:00+00:00,Karachi,51.47793072594536,µg/m³,1
2025-10-20 19:00:00+00:00,Karachi,37.66047206454807,µg/m³,1
2025-10-20 20:00:00+00:00,Karachi,54.31529146830242,µg/m³,2
2025-10-20 21:00:00+00:00,Karachi,51.38751358323627,µg/m³,2
2025-10-20 22:00:00+00:00,Karachi,41.60673635270861,µg/m³,2
2025-10-20 23:00:00+00:00,Karachi,55.09346530702379,µg/m³,2
2025-10-21 00:00:00+00:00,Karachi,85.4454999923706,µg/m³,2
2025-10-21 01:00:00+00:00,Karachi,120.94995109770032,µg/m³,2
2025-10-21 02:00:00+00:00,Karachi,80.3270835240682,µg/m³,2
2025-10-21 03:00:00+00:00,Karachi,93.91663196351793,µg/m³,2
2025-10-21 04:00:00+00:00,Karachi,90.4462639066908,µg/m³,2
2025-10-21 05:00:00+00:00,Karachi,70.67647224002414,µg/m³,2
2025-10-21 06:00:00+00:00,Karachi,54.102618270450165,µg/m³,2
2025-10-21 07:00:00+00:00,Karachi,72.4139165242513,µg/m³,2
2025-10-21 08:00:00+00:00,Karachi,84.40795834859212,µg/m³,2
2025-10-21 09:00:00+00:00,Karachi,91.75624987284343,µg/m³,2
2025-10-21 10:00:00+00:00,Karachi,67.02547240787082,µg/m³,2
2025-10-21 11:00:00+00:00,Karachi,61.800353844960526,µg/m³,2
2025-10-21 12:00:00+00:00,Karachi,67.10051367017958,µg/m³,2
2025-10-21 13:00:00+00:00,Karachi,86.16601367526584,µg/m³,2
2025-10-21 14:00:00+00:00,Karachi,108.71410392125449,µg/m³,2
2025-10-21 15:00:00+00:00,Karachi,122.10013434381196,µg/m³,2
2025-10-21 16:00:00+00:00,Karachi,104.36486796273125,µg/m³,2
2025-10-21 17:00:00+00:00,Karachi,85.95288870069714,µg/m³,2
2025-10-21 18:00:00+00:00,Karachi,89.2488471561008,µg/m³,2
2025-10-21 19:00:00+00:00,Karachi,100.86547956466674,µg/m³,2
2025-10-21 20:00:00+00:00,Karachi,99.37555556827121,µg/m³,2
2025-10-21 21:00:00+00:00,Karachi,91.59496492809718,µg/m³,2
2025-10-21 22:00:00+00:00,Karachi,72.31479155222576,µg/m³,2
2025-10-21 23:00:00+00:00,Karachi,67.90531282424928,µg/m³,2
2025-10-22 00:00:00+00:00,Karachi,65.06541659037272,µg/m³,2
2025-10-22 01:00:00+00:00,Karachi,67.76347901026408,µg/m³,2
2025-10-22 02:00:00+00:00,Karachi,63.264729022979736,µg/m³,2
2025-10-22 03:00:00+00:00,Karachi,68.07401379479303,µg/m³,2
2025-10-22 04:00:00+00:00,Karachi,66.68780564202203,µg/m³,2
2025-10-22 05:00:00+00:00,Karachi,60.07057653003269,µg/m³,2
2025-10-22 06:00:00+00:00,Karachi,58.86529156366984,µg/m³,2
2025-10-22 07:00:00+00:00,Karachi,50.91378300984701,µg/m³,2
2025-10-22 08:00:00+00:00,Karachi,47.163201321495904,µg/m³,2
2025-10-22 09:00:00+00:00,Karachi,43.75627082188924,µg/m³,2
2025-10-22 10:00:00+00:00,Karachi,44.470795475352894,µg/m³,2
2025-10-22 11:00:00+00:00,Karachi,52.115045374090016,µg/m³,2
2025-10-22 12:00:00+00:00,Karachi,55.20080581241184,µg/m³,2
2025-10-22 13:00:00+00:00,Karachi,68.74453467263116,µg/m³,2
2025-10-22 14:00:00+00:00,Karachi,80.46734022564358,µg/m³,2
2025-10-22 15:00:00+00:00,Karachi,87.9347915649414,µg/m³,2
2025-10-22 16:00:00+00:00,Karachi,94.59411110348171,µg/m³,2
2025-10-22 17:00:00+00:00,Karachi,101.31210432052612,µg/m³,2
2025-10-22 18:00:00+00:00,Karachi,109.58907647662693,µg/m³,2
2025-10-22 19:00:00+00:00,Karachi,132.01822219424776,µg/m³,2
2025-10-22 20:00:00+00:00,Karachi,136.16118733088175,µg/m³,2
2025-10-22 21:00:00+00:00,Karachi,124.18154876497057,µg/m³,2
2025-10-22 22:00:00+00:00,Karachi,116.0250416437785,µg/m³,2
2025-10-22 23:00:00+00:00,Karachi,93.46747910181682,µg/m³,2
2025-10-23 00:00:00+00:00,Karachi,76.91115269131132,µg/m³,2
2025-10-23 01:00:00+00:00,Karachi,68.39895814259847,µg/m³,2
2025-10-23 02:00:00+00:00,Karachi,76.54135414759318,µg/m³,2
2025-10-23 03:00:00+00:00,Karachi,94.66472927729288,µg/m³,2
2025-10-23 04:00:00+00:00,Karachi,84.47293736139933,µg/m³,2
2025-10-23 05:00:00+00:00,Karachi,70.05765245225695,µg/m³,2
2025-10-23 06:00:00+00:00,Karachi,52.90764570236206,µg/m³,2
2025-10-23 07:00:00+00:00,Karachi,51.52895838419596,µg/m³,2
2025-10-23 08:00:00+00:00,Karachi,56.86487129673813,µg/m³,2
2025-10-23 09:00:00+00:00,Karachi,61.1915900654263,µg/m³,2
2025-10-23 10:00:00+00:00,Karachi,59.864784802330874,µg/m³,2
2025-10-23 11:00:00+00:00,Karachi,53.964708137512204,µg/m³,2
2025-10-23 12:00:00+00:00,Karachi,51.98420842488608,µg/m³,2
2025-10-23 13:00:00+00:00,Karachi,71.35488893720837,µg/m³,2
2025-10-23 14:00:00+00:00,Karachi,121.60966657002767,µg/m³,2
2025-10-23 15:00:00+00:00,Karachi,108.30914583206177,µg/m³,2
2025-10-23 16:00:00+00:00,Karachi,134.09718758265177,µg/m³,2
2025-10-23 17:00:00+00:00,Karachi,199.82362511952718,µg/m³,2
2025-10-23 18:00:00+00:00,Karachi,218.8333474053277,µg/m³,2
2025-10-23 19:00:00+00:00,Karachi,231.0489375114441,µg/m³,2
2025-10-23 20:00:00+00:00,Karachi,247.61856307983396,µg/m³,2
2025-10-23 21:00:00+00:00,Karachi,239.96675004959107,µg/m³,2
2025-10-23 22:00:00+00:00,Karachi,179.93306226730346,µg/m³,2
2025-10-23 23:00:00+00:00,Karachi,123.8489862230089,µg/m³,2
2025-10-24 00:00:00+00:00,Karachi,98.28295853932698,µg/m³,2
2025-10-24 01:00:00+00:00,Karachi,79.97268762588502,µg/m³,2
2025-10-24 02:00:00+00:00,Karachi,76.3328958829244,µg/m³,2
2025-10-24 03:00:00+00:00,Karachi,72.81024302376642,µg/m³,2
2025-10-24 04:00:00+00:00,Karachi,67.50989611943562,µg/m³,2
2025-10-24 05:00:00+00:00,Karachi,63.88997933069865,µg/m³,2
2025-10-24 06:00:00+00:00,Karachi,79.28677779303656,µg/m³,2
2025-10-24 07:00:00+00:00,Karachi,68.72082620196872,µg/m³,2
2025-10-24 08:00:00+00:00,Karachi,62.0159025616116,µg/m³,2
2025-10-24 09:00:00+00:00,Karachi,54.63470146391127,µg/m³,2
2025-10-24 10:00:00+00:00,Karachi,49.52474306954278,µg/m³,2
2025-10-24 11:00:00+00:00,Karachi,49.55654844707912,µg/m³,2
2025-10-24 12:00:00+00:00,Karachi,58.755770715077716,µg/m³,2
2025-10-24 13:00:00+00:00,Karachi,113.3228955904643,µg/m³,2
2025-10-24 14:00:00+00:00,Karachi,123.96709711286756,µg/m³,2
2025-10-24 15:00:00+00:00,Karachi,149.77974286609225,µg/m³,2
2025-10-24 16:00:00+00:00,Karachi,162.16173602210154,µg/m³,2
2025-10-24 17:00:00+00:00,Karachi,143.4942641788059,µg/m³,2
2025-10-24 18:00:00+00:00,Karachi,150.0898750305176,µg/m³,2
2025-10-24 19:00:00+00:00,Karachi,171.5905208905538,µg/m³,2
2025-10-24 20:00:00+00:00,Karachi,213.45530537499326,µg/m³,2
2025-10-24 21:00:00+00:00,Karachi,163.00537535349525,µg/m³,2
2025-10-24 22:00:00+00:00,Karachi,74.82067363527086,µg/m³,2
2025-10-24 23:00:00+00:00,Karachi,65.74706239700318,µg/m³,2
2025-10-25 00:00:00+00:00,Karachi,64.2481248855591,µg/m³,2
2025-10-25 01:00:00+00:00,Karachi,58.42089579900106,µg/m³,2
2025-10-25 02:00:00+00:00,Karachi,48.84566694895426,µg/m³,2
2025-10-25 03:00:00+00:00,Karachi,52.688937473297116,µg/m³,2
2025-10-25 04:00:00+00:00,Karachi,56.04829865561591,µg/m³,2
2025-10-25 05:00:00+00:00,Karachi,63.734166781107575,µg/m³,2
2025-10-25 06:00:00+00:00,Karachi,56.37093763351441,µg/m³,2
2025-10-25 07:00:00+00:00,Karachi,52.67170817057291,µg/m³,2
2025-10-25 08:00:00+00:00,Karachi,43.49286815855238,µg/m³,2
2025-10-25 09:00:00+00:00,Karachi,44.80685421625773,µg/m³,2
2025-10-25 10:00:00+00:00,Karachi,46.63147923151652,µg/m³,2
2025-10-25 11:00:00+00:00,Karachi,46.82449995676676,µg/m³,2
2025-10-25 12:00:00+00:00,Karachi,54.25137500762939,µg/m³,2
2025-10-25 13:00:00+00:00,Karachi,96.23069430457221,µg/m³,2
2025-10-25 14:00:00+00:00,Karachi,115.08372213575576,µg/m³,2
2025-10-25 15:00:00+00:00,Karachi,101.24887498219809,µg/m³,2
2025-10-25 16:00:00+00:00,Karachi,100.16851408216688,µg/m³,2
2025-10-25 17:00:00+00:00,Karachi,79.22892368104723,µg/m³,2
2025-10-25 18:00:00+00:00,Karachi,87.05505563947891,µg/m³,2
2025-10-25 19:00:00+00:00,Karachi,81.39595138761732,µg/m³,2
2025-10-25 20:00:00+00:00,Karachi,60.07002070744832,µg/m³,2
2025-10-25 21:00:00+00:00,Karachi,59.75150012969971,µg/m³,2
2025-10-25 23:00:00+00:00,Karachi,60.86475003560384,µg/m³,2
2025-10-26 00:00:00+00:00,Karachi,62.9189511511061,µg/m³,2
2025-10-26 01:00:00+00:00,Karachi,68.06239589055379,µg/m³,2
2025-10-26 02:00:00+00:00,Karachi,74.88961128658718,µg/m³,2
2025-10-26 03:00:00+00:00,Karachi,74.60518751144409,µg/m³,2
2025-10-26 04:00:00+00:00,Karachi,65.4710207303365,µg/m³,2
2025-10-26 05:00:00+00:00,Karachi,51.605146058400464,µg/m³,2
2025-10-26 06:00:00+00:00,Karachi,47.408166758219394,µg/m³,2
2025-10-26 07:00:00+00:00,Karachi,46.426312351226805,µg/m³,2
2025-10-26 08:00:00+00:00,Karachi,44.06499321195815,µg/m³,2
2025-10-26 09:00:00+00:00,Karachi,40.72574996948242,µg/m³,2
2025-10-26 10:00:00+00:00,Karachi,41.110791842142746,µg/m³,2
2025-10-26 11:00:00+00:00,Karachi,42.652416674296056,µg/m³,2
2025-10-26 12:00:00+00:00,Karachi,43.9000830968221,µg/m³,2
2025-10-26 13:00:00+00:00,Karachi,49.08253465228611,µg/m³,2
2025-10-26 14:00:00+00:00,Karachi,55.18950017293294,µg/m³,2
2025-10-26 15:00:00+00:00,Karachi,58.68006238937378,µg/m³,2
2025-10-26 16:00:00+00:00,Karachi,62.62562529246013,µg/m³,2
2025-10-26 17:00:00+00:00,Karachi,60.63935422897339,µg/m³,2
2025-10-26 18:00:00+00:00,Karachi,54.513750076293945,µg/m³,2
2025-10-26 19:00:00+00:00,Karachi,53.712020905812594,µg/m³,2
2025-10-26 20:00:00+00:00,Karachi,52.188666598002115,µg/m³,2
2025-10-26 21:00:00+00:00,Karachi,59.427770646413165,µg/m³,2
2025-10-26 22:00:00+00:00,Karachi,60.31980561150445,µg/m³,2
2025-10-26 23:00:00+00:00,Karachi,59.89897934595743,µg/m³,2
2025-10-27 00:00:00+00:00,Karachi,59.54004185994466,µg/m³,2
2025-10-27 01:00:00+00:00,Karachi,58.541166941324875,µg/m³,2
2025-10-27 02:00:00+00:00,Karachi,61.17768716812134,µg/m³,2
2025-10-27 03:00:00+00:00,Karachi,62.27102073033651,µg/m³,2
2025-10-27 04:00:00+00:00,Karachi,51.618208440144855,µg/m³,2
2025-10-27 05:00:00+00:00,Karachi,45.25091667175293,µg/m³,2
2025-10-27 06:00:00+00:00,Karachi,44.765312735239675,µg/m³,2
2025-10-27 07:00:00+00:00,Karachi,43.769424149484344,µg/m³,2
2025-10-27 08:00:00+00:00,Karachi,42.888111753174755,µg/m³,2
2025-10-27 09:00:00+00:00,Karachi,44.19387518564861,µg/m³,2
2025-10-27 10:00:00+00:00,Karachi,44.28813853793674,µg/m³,1
2025-10-27 11:00:00+00:00,Karachi,49.30929152170818,µg/m³,1
2025-10-27 12:00:00+00:00,Karachi,52.86054159800211,µg/m³,1
2025-10-27 13:00:00+00:00,Karachi,55.17016626993814,µg/m³,1
2025-10-27 14:00:00+00:00,Karachi,63.838249969482426,µg/m³,1
2025-10-27 15:00:00+00:00,Karachi,58.9627498626709,µg/m³,1
2025-10-27 16:00:00+00:00,Karachi,52.44575004577637,µg/m³,1
2025-10-27 17:00:00+00:00,Karachi,62.11625022888183,µg/m³,1
2025-10-27 18:00:00+00:00,Karachi,60.11774978637695,µg/m³,1
2025-10-27 19:00:00+00:00,Karachi,65.55204168955485,µg/m³,1
2025-10-27 20:00:00+00:00,Karachi,72.20351412031386,µg/m³,1
2025-10-27 21:00:00+00:00,Karachi,74.42075004577636,µg/m³,1
2025-10-27 22:00:00+00:00,Karachi,73.21470788319905,µg/m³,1
2025-10-27 23:00:00+00:00,Karachi,73.10775032043456,µg/m³,1
2025-10-28 00:00:00+00:00,Karachi,80.67649993896485,µg/m³,1
2025-10-28 01:00:00+00:00,Karachi,78.0758752822876,µg/m³,1
2025-10-28 02:00:00+00:00,Karachi,82.42856951819525,µg/m³,1
2025-10-28 03:00:00+00:00,Karachi,78.06258328755698,µg/m³,1
2025-10-28 04:00:00+00:00,Karachi,66.80558331807454,µg/m³,1
2025-10-28 05:00:00+00:00,Karachi,67.92906249364216,µg/m³,3
2025-10-28 06:00:00+00:00,Karachi,62.40541228541621,µg/m³,3
2025-10-28 07:00:00+00:00,Karachi,54.964356309396244,µg/m³,3
2025-10-28 08:00:00+00:00,Karachi,52.98106474699798,µg/m³,3
2025-10-28 09:00:00+00:00,Karachi,54.23732417071307,µg/m³,3
2025-10-28 10:00:00+00:00,Karachi,53.583430586920834,µg/m³,3
2025-10-28 11:00:00+00:00,Karachi,52.359111192491326,µg/m³,3
2025-10-28 12:00:00+00:00,Karachi,53.579407402321145,µg/m³,3
2025-10-28 13:00:00+00:00,Karachi,62.35316670735676,µg/m³,3
2025-10-28 14:00:00+00:00,Karachi,67.53537948043258,µg/m³,3
2025-10-28 15:00:00+00:00,Karachi,73.02172198825413,µg/m³,3
2025-10-28 16:00:00+00:00,Karachi,79.72591671413845,µg/m³,3
2025-10-28 17:00:00+00:00,Karachi,81.012550940337,µg/m³,3
2025-10-28 18:00:00+00:00,Karachi,81.80597700189661,µg/m³,3
2025-10-28 19:00:00+00:00,Karachi,78.73709731631808,µg/m³,3
2025-10-28 20:00:00+00:00,Karachi,77.07533807401303,µg/m³,3
2025-10-28 21:00:00+00:00,Karachi,74.58360420862833,µg/m³,2
2025-10-28 22:00:00+00:00,Karachi,75.31977778540718,µg/m³,2
2025-10-28 23:00:00+00:00,Karachi,71.19970811208088,µg/m³,2
2025-10-29 00:00:00+00:00,Karachi,68.59602111180624,µg/m³,2
2025-10-29 01:00:00+00:00,Karachi,70.06479136149088,µg/m³,2
2025-10-29 02:00:00+00:00,Karachi,71.85232631895278,µg/m³,2
2025-10-29 03:00:00+00:00,Karachi,64.5611876487732,µg/m³,2
2025-10-29 04:00:00+00:00,Karachi,55.422166506449386,µg/m³,2
2025-10-29 05:00:00+00:00,Karachi,51.745666567484534,µg/m³,2
2025-10-29 06:00:00+00:00,Karachi,52.26920827229819,µg/m³,2
2025-10-29 07:00:00+00:00,Karachi,50.48405566745333,µg/m³,2
2025-10-29 08:00:00+00:00,Karachi,49.66010433832805,µg/m³,2
2025-10-29 09:00:00+00:00,Karachi,50.028124999999996,µg/m³,2
2025-10-29 10:00:00+00:00,Karachi,50.1805902587043,µg/m³,2
2025-10-29 11:00:00+00:00,Karachi,49.201750183105474,µg/m³,1
2025-10-29 12:00:00+00:00,Karachi,45.947666803995766,µg/m³,1
2025-10-29 13:00:00+00:00,Karachi,47.56895815531412,µg/m³,2
2025-10-29 14:00:00+00:00,Karachi,61.37768805821736,µg/m³,2
2025-10-29 15:00:00+00:00,Karachi,71.295791943868,µg/m³,1
2025-10-29 16:00:00+00:00,Karachi,82.9961668650309,µg/m³,1
2025-10-29 17:00:00+00:00,Karachi,83.45462512969969,µg/m³,2
2025-10-29 18:00:00+00:00,Karachi,80.56533330281576,µg/m³,2
2025-10-29 19:00:00+00:00,Karachi,78.25725689993965,µg/m³,2
2025-10-29 20:00:00+00:00,Karachi,78.46716658274332,µg/m³,2
2025-10-29 21:00:00+00:00,Karachi,76.78695844014484,µg/m³,2
2025-10-29 22:00:00+00:00,Karachi,74.92608331044515,µg/m³,2
2025-10-29 23:00:00+00:00,Karachi,75.5611737675137,µg/m³,2
2025-10-30 00:00:00+00:00,Karachi,76.57070107989841,µg/m³,2
2025-10-30 01:00:00+00:00,Karachi,77.12304159800212,µg/m³,2
2025-10-30 02:00:00+00:00,Karachi,83.09379196166992,µg/m³,2
2025-10-30 03:00:00+00:00,Karachi,82.04426398807101,µg/m³,2
2025-10-30 04:00:00+00:00,Karachi,73.63614581425985,µg/m³,2
2025-10-30 05:00:00+00:00,Karachi,65.18371500439113,µg/m³,2
2025-10-30 06:00:00+00:00,Karachi,57.38280992154722,µg/m³,3
2025-10-30 07:00:00+00:00,Karachi,56.04708584101513,µg/m³,3
2025-10-30 08:00:00+00:00,Karachi,51.415912070097754,µg/m³,3
2025-10-30 09:00:00+00:00,Karachi,53.58987492455376,µg/m³,3
2025-10-30 10:00:00+00:00,Karachi,55.823027504814995,µg/m³,3
2025-10-30 11:00:00+00:00,Karachi,57.30570366470902,µg/m³,3
2025-10-30 12:00:00+00:00,Karachi,53.73562980934426,µg/m³,3
2025-10-30 13:00:00+00:00,Karachi,63.98870817820231,µg/m³,3
2025-10-30 14:00:00+00:00,Karachi,70.96597222222222,µg/m³,3
2025-10-30 15:00:00+00:00,Karachi,81.0199629748309,µg/m³,3
2025-10-30 16:00:00+00:00,Karachi,74.11141662597656,µg/m³,3
2025-10-30 17:00:00+00:00,Karachi,68.82448601192898,µg/m³,3
2025-10-30 18:00:00+00:00,Karachi,61.57672216627333,µg/m³,3
2025-10-30 19:00:00+00:00,Karachi,54.450249989827476,µg/m³,3
2025-10-30 20:00:00+00:00,Karachi,57.67620830535889,µg/m³,3
2025-10-30 21:00:00+00:00,Karachi,55.96112503475613,µg/m³,3
2025-10-30 22:00:00+00:00,Karachi,55.22918967494258,µg/m³,3
2025-10-30 23:00:00+00:00,Karachi,59.53153229466191,µg/m³,3
2025-10-31 00:00:00+00:00,Karachi,64.00030551486545,µg/m³,3
2025-10-31 01:00:00+00:00,Karachi,67.03254172007242,µg/m³,3
2025-10-31 02:00:00+00:00,Karachi,74.38826385074191,µg/m³,3
2025-10-31 03:00:00+00:00,Karachi,85.80041669209798,µg/m³,3
2025-10-31 04:00:00+00:00,Karachi,96.21806480972856,µg/m³,3
2025-10-31 05:00:00+00:00,Karachi,111.9338009233828,µg/m³,3
2025-10-31 06:00:00+00:00,Karachi,129.64454165564644,µg/m³,3
2025-10-31 07:00:00+00:00,Karachi,125.9478704381872,µg/m³,3
2025-10-31 08:00:00+00:00,Karachi,107.44665742097078,µg/m³,3
2025-10-31 09:00:00+00:00,Karachi,105.56398618486192,µg/m³,3
2025-10-31 10:00:00+00:00,Karachi,124.46512508392334,µg/m³,3
2025-10-31 11:00:00+00:00,Karachi,127.45143974445483,µg/m³,3
2025-10-31 12:00:00+00:00,Karachi,135.56309706370038,µg/m³,3
2025-10-31 13:00:00+00:00,Karachi,126.93897217644586,µg/m³,3
2025-10-31 14:00:00+00:00,Karachi,128.82864809389469,µg/m³,3
2025-10-31 15:00:00+00:00,Karachi,126.91583799432824,µg/m³,3
2025-10-31 16:00:00+00:00,Karachi,132.48846294261793,µg/m³,3
2025-10-31 17:00:00+00:00,Karachi,183.46525481188738,µg/m³,3
2025-10-31 18:00:00+00:00,Karachi,176.93343943843135,µg/m³,3
2025-10-31 19:00:00+00:00,Karachi,144.21622221204967,µg/m³,3
2025-10-31 20:00:00+00:00,Karachi,108.88634709252251,µg/m³,3
2025-10-31 21:00:00+00:00,Karachi,86.84972212049696,µg/m³,3
2025-10-31 22:00:00+00:00,Karachi,109.95523615943063,µg/m³,3
2025-10-31 23:00:00+00:00,Karachi,80.1547221713596,µg/m³,3
2025-11-01 00:00:00+00:00,Karachi,67.52872246636285,µg/m³,3
2025-11-01 01:00:00+00:00,Karachi,74.30459711286757,µg/m³,3
2025-11-01 02:00:00+00:00,Karachi,87.64849522202103,µg/m³,3
2025-11-01 03:00:00+00:00,Karachi,102.25624999999998,µg/m³,3
2025-11-01 04:00:00+00:00,Karachi,133.08391660054522,µg/m³,3
2025-11-01 05:00:00+00:00,Karachi,123.008014149136,µg/m³,3
2025-11-01 06:00:00+00:00,Karachi,125.46513875325523,µg/m³,3
2025-11-01 07:00:00+00:00,Karachi,107.62495372913502,µg/m³,3
2025-11-01 08:00:00+00:00,Karachi,104.09255570305719,µg/m³,3
2025-11-01 09:00:00+00:00,Karachi,105.11920383594652,µg/m³,3
2025-11-01 10:00:00+00:00,Karachi,106.68833338419596,µg/m³,3
2025-11-01 11:00:00+00:00,Karachi,112.0341668446859,µg/m³,3
2025-11-01 12:00:00+00:00,Karachi,129.51448149504486,µg/m³,3
2025-11-01 13:00:00+00:00,Karachi,140.57748627132838,µg/m³,3
2025-11-01 14:00:00+00:00,Karachi,141.9520508589568,µg/m³,3
2025-11-01 15:00:00+00:00,Karachi,166.8764305326674,µg/m³,3
2025-11-01 16:00:00+00:00,Karachi,175.49236586535423,µg/m³,3
2025-11-01 17:00:00+00:00,Karachi,194.2189813119394,µg/m³,3
2025-11-01 18:00:00+00:00,Karachi,212.17827779981826,µg/m³,3
2025-11-01 19:00:00+00:00,Karachi,212.6831991478249,µg/m³,3
2025-11-01 20:00:00+00:00,Karachi,243.31616703316016,µg/m³,3
2025-11-01 21:00:00+00:00,Karachi,190.29932062360976,µg/m³,3
2025-11-01 22:00:00+00:00,Karachi,129.64675925925926,µg/m³,3
2025-11-01 23:00:00+00:00,Karachi,162.04208335876464,µg/m³,3
2025-11-02 00:00:00+00:00,Karachi,151.43719002759016,µg/m³,3
2025-11-02 01:00:00+00:00,Karachi,165.55068056318495,µg/m³,3
2025-11-02 02:00:00+00:00,Karachi,148.77211579923278,µg/m³,3
2025-11-02 03:00:00+00:00,Karachi,141.13178236926043,µg/m³,3
2025-11-02 04:00:00+00:00,Karachi,141.02238429740623,µg/m³,3
2025-11-02 05:00:00+00:00,Karachi,110.8219676900793,µg/m³,3
2025-11-02 06:00:00+00:00,Karachi,107.8212083392673,µg/m³,3
2025-11-02 07:00:00+00:00,Karachi,124.26372152257848,µg/m³,3
2025-11-02 08:00:00+00:00,Karachi,61.218178916271825,µg/m³,3
2025-11-02 09:00:00+00:00,Karachi,47.0036342550207,µg/m³,3
2025-11-02 10:00:00+00:00,Karachi,43.105208269755046,µg/m³,3
2025-11-02 11:00:00+00:00,Karachi,41.81045831044515,µg/m³,3
2025-11-02 12:00:00+00:00,Karachi,46.59393071068658,µg/m³,3
2025-11-02 13:00:00+00:00,Karachi,65.71519449022081,µg/m³,3
2025-11-02 14:00:00+00:00,Karachi,106.72056029284443,µg/m³,3
2025-11-02 15:00:00+00:00,Karachi,115.35361128913031,µg/m³,3
2025-11-02 16:00:00+00:00,Karachi,98.68116658528646,µg/m³,3
2025-11-02 17:00:00+00:00,Karachi,81.20793052249483,µg/m³,3
2025-11-02 18:00:00+00:00,Karachi,102.57493033938938,µg/m³,3
2025-11-02 19:00:00+00:00,Karachi,101.29791666666667,µg/m³,3
2025-11-02 20:00:00+00:00,Karachi,72.1496803495619,µg/m³,3
2025-11-02 21:00:00+00:00,Karachi,61.42277785407172,µg/m³,3
2025-11-02 22:00:00+00:00,Karachi,50.12712484995524,µg/m³,3
2025-11-02 23:00:00+00:00,Karachi,60.04911109076605,µg/m³,3
2025-11-03 00:00:00+00:00,Karachi,50.12980545891656,µg/m³,3
2025-11-03 01:00:00+00:00,Karachi,51.14011107550727,µg/m³,3
2025-11-03 02:00:00+00:00,Karachi,64.19266662597656,µg/m³,3
2025-11-03 03:00:00+00:00,Karachi,92.73647227817112,µg/m³,3
2025-11-03 04:00:00+00:00,Karachi,55.06329135894776,µg/m³,3
2025-11-03 05:00:00+00:00,Karachi,40.146527801619634,µg/m³,3
2025-11-03 06:00:00+00:00,Karachi,39.4374722427792,µg/m³,3
2025-11-03 07:00:00+00:00,Karachi,37.21992419560751,µg/m³,3
2025-11-03 08:00:00+00:00,Karachi,35.85579169591268,µg/m³,3
2025-11-03 09:00:00+00:00,Karachi,35.490550805021215,µg/m³,3
2025-11-03 10:00:00+00:00,Karachi,34.75131938722399,µg/m³,3
2025-11-03 11:00:00+00:00,Karachi,32.72838904327816,µg/m³,3
2025-11-03 12:00:00+00:00,Karachi,32.84358336925507,µg/m³,3
2025-11-03 13:00:00+00:00,Karachi,33.68432400138289,µg/m³,3
2025-11-03 14:00:00+00:00,Karachi,36.583777809143065,µg/m³,3
2025-11-03 15:00:00+00:00,Karachi,43.03352317103633,µg/m³,3
2025-11-03 16:00:00+00:00,Karachi,38.96190272437202,µg/m³,3
2025-11-03 17:00:00+00:00,Karachi,36.287791551484,µg/m³,3
2025-11-03 18:00:00+00:00,Karachi,34.918583310974974,µg/m³,3
2025-11-03 19:00:00+00:00,Karachi,34.433222119013465,µg/m³,3
2025-11-03 20:00:00+00:00,Karachi,35.020986146397064,µg/m³,3
2025-11-03 21:00:00+00:00,Karachi,37.90612494150798,µg/m³,3
2025-11-03 22:00:00+00:00,Karachi,47.84966672261556,µg/m³,3
2025-11-03 23:00:00+00:00,Karachi,59.94431951310899,µg/m³,3
2025-11-04 00:00:00+00:00,Karachi,71.76095829010009,µg/m³,3
2025-11-04 01:00:00+00:00,Karachi,89.17784731123182,µg/m³,3
2025-11-04 02:00:00+00:00,Karachi,110.47849310768974,µg/m³,3
2025-11-04 03:00:00+00:00,Karachi,87.37545820871988,µg/m³,3
2025-11-04 04:00:00+00:00,Karachi,75.51893058353001,µg/m³,3
2025-11-04 05:00:00+00:00,Karachi,45.76486109097798,µg/m³,3
2025-11-04 06:00:00+00:00,Karachi,33.49638881948259,µg/m³,3
2025-11-04 07:00:00+00:00,Karachi,32.930194352291245,µg/m³,3
2025-11-04 08:00:00+00:00,Karachi,30.535532421535915,µg/m³,3
2025-11-04 09:00:00+00:00,Karachi,27.339972217877705,µg/m³,3
2025-11-04 10:00:00+00:00,Karachi,28.315055566363863,µg/m³,3
2025-11-04 11:00:00+00:00,Karachi,33.227583424250284,µg/m³,2
2025-11-04 12:00:00+00:00,Karachi,33.7416998910904,µg/m³,3
2025-11-04 13:00:00+00:00,Karachi,46.97188894483778,µg/m³,3
2025-11-04 14:00:00+00:00,Karachi,68.0210694419013,µg/m³,3
2025-11-04 15:00:00+00:00,Karachi,72.56337490081786,µg/m³,3
2025-11-04 16:00:00+00:00,Karachi,57.11315267350938,µg/m³,3
2025-11-04 17:00:00+00:00,Karachi,45.73745835622152,µg/m³,3
2025-11-04 18:00:00+00:00,Karachi,45.735333379109704,µg/m³,3
2025-11-04 19:00:00+00:00,Karachi,45.65129172007243,µg/m³,3
2025-11-04 20:00:00+00:00,Karachi,46.689166641235346,µg/m³,3
2025-11-04 21:00:00+00:00,Karachi,43.23476399315729,µg/m³,3
2025-11-04 22:00:00+00:00,Karachi,35.33179146183863,µg/m³,3
2025-11-04 23:00:00+00:00,Karachi,31.78937503761715,µg/m³,3
2025-11-05 00:00:00+00:00,Karachi,33.978486312760246,µg/m³,3
2025-11-05 01:00:00+00:00,Karachi,31.055305629306364,µg/m³,3
2025-11-05 02:00:00+00:00,Karachi,35.1904722266727,µg/m³,3
2025-11-05 03:00:00+00:00,Karachi,43.80783322652181,µg/m³,3
2025-11-05 04:00:00+00:00,Karachi,39.85170824262831,µg/m³,3
2025-11-05 05:00:00+00:00,Karachi,40.37876374191708,µg/m³,3
2025-11-05 07:00:00+00:00,Karachi,25.23687507576413,µg/m³,3
2025-11-05 08:00:00+00:00,Karachi,25.31748605039385,µg/m³,3
2025-11-05 09:00:00+00:00,Karachi,27.803305578231814,µg/m³,3
2025-11-05 10:00:00+00:00,Karachi,30.88270848327213,µg/m³,3
2025-11-05 11:00:00+00:00,Karachi,43.11470827791427,µg/m³,3
2025-11-05 12:00:00+00:00,Karachi,44.71468075646295,µg/m³,3
2025-11-05 13:00:00+00:00,Karachi,51.850527869330506,µg/m³,3
2025-11-05 14:00:00+00:00,Karachi,78.06711112128365,µg/m³,3
2025-11-05 15:00:00+00:00,Karachi,101.75863872104223,µg/m³,3
2025-11-05 16:00:00+00:00,Karachi,124.79130562676325,µg/m³,3
2025-11-05 17:00:00+00:00,Karachi,116.07131931516858,µg/m³,3
2025-11-05 18:00:00+00:00,Karachi,72.73375002543132,µg/m³,3
2025-11-05 19:00:00+00:00,Karachi,77.86470817989773,µg/m³,3
2025-11-05 20:00:00+00:00,Karachi,80.81194449530709,µg/m³,3
2025-11-05 21:00:00+00:00,Karachi,96.35220826466877,µg/m³,3
2025-11-05 22:00:00+00:00,Karachi,116.34766667683918,µg/m³,3
2025-11-05 23:00:00+00:00,Karachi,96.92113487606957,µg/m³,3
2025-11-06 00:00:00+00:00,Karachi,81.15961104498969,µg/m³,3
2025-11-06 01:00:00+00:00,Karachi,67.74951390160454,µg/m³,3
2025-11-06 02:00:00+00:00,Karachi,58.544277615017364,µg/m³,3
2025-11-06 03:00:00+00:00,Karachi,58.38622228834364,µg/m³,3
2025-11-06 04:00:00+00:00,Karachi,58.03940274980332,µg/m³,3
2025-11-06 05:00:00+00:00,Karachi,59.22910487820403,µg/m³,3
2025-11-06 06:00:00+00:00,Karachi,70.45702098210653,µg/m³,2
2025-11-06 07:00:00+00:00,Karachi,79.70633328755697,µg/m³,2
2025-11-06 08:00:00+00:00,Karachi,65.13106260299683,µg/m³,2
2025-11-06 09:00:00+00:00,Karachi,51.613437747955324,µg/m³,2
2025-11-06 10:00:00+00:00,Karachi,52.983152749803324,µg/m³,2
2025-11-06 11:00:00+00:00,Karachi,58.97679889467028,µg/m³,2
2025-11-06 12:00:00+00:00,Karachi,66.73250020345051,µg/m³,2
2025-11-06 13:00:00+00:00,Karachi,50.845937442779544,µg/m³,2
2025-11-06 14:00:00+00:00,Karachi,54.55475006103515,µg/m³,2
2025-11-06 15:00:00+00:00,Karachi,56.77239592870076,µg/m³,2
2025-11-06 16:00:00+00:00,Karachi,55.84422482191915,µg/m³,3
2025-11-06 17:00:00+00:00,Karachi,60.551749928792326,µg/m³,3
2025-11-06 18:00:00+00:00,Karachi,83.70365267859565,µg/m³,3
2025-11-06 19:00:00+00:00,Karachi,100.66837507883707,µg/m³,3
2025-11-06 20:00:00+00:00,Karachi,88.94991671244304,µg/m³,3
2025-11-06 21:00:00+00:00,Karachi,72.70273638831243,µg/m³,3
2025-11-06 22:00:00+00:00,Karachi,74.87465284135607,µg/m³,3
2025-11-06 23:00:00+00:00,Karachi,73.97197235955132,µg/m³,3
2025-11-07 00:00:00+00:00,Karachi,78.44075012207031,µg/m³,3
2025-11-07 01:00:00+00:00,Karachi,110.36591669718423,µg/m³,3
2025-11-07 02:00:00+00:00,Karachi,143.21559730105932,µg/m³,3
2025-11-07 03:00:00+00:00,Karachi,162.53170795440673,µg/m³,3
2025-11-07 04:00:00+00:00,Karachi,105.36806956397163,µg/m³,3
2025-11-07 05:00:00+00:00,Karachi,81.49387493133544,µg/m³,3
2025-11-07 06:00:00+00:00,Karachi,61.2246803495619,µg/m³,3
2025-11-07 07:00:00+00:00,Karachi,47.0592221154107,µg/m³,3
2025-11-07 08:00:00+00:00,Karachi,35.8738610320621,µg/m³,3
2025-11-07 09:00:00+00:00,Karachi,37.241069581773544,µg/m³,3
2025-11-07 10:00:00+00:00,Karachi,31.218397961722477,µg/m³,3
2025-11-07 11:00:00+00:00,Karachi,29.503430551952786,µg/m³,3
2025-11-07 12:00:00+00:00,Karachi,35.75004151397281,µg/m³,3
2025-11-07 13:00:00+00:00,Karachi,48.54441655476888,µg/m³,3
2025-11-07 14:00:00+00:00,Karachi,77.00172729492188,µg/m³,3
2025-11-07 15:00:00+00:00,Karachi,91.12693051232232,µg/m³,3
2025-11-07 16:00:00+00:00,Karachi,74.54258346557617,µg/m³,3
2025-11-07 17:00:00+00:00,Karachi,60.15058339436849,µg/m³,3
2025-11-07 18:00:00+00:00,Karachi,61.51855578952365,µg/m³,3
2025-11-07 19:00:00+00:00,Karachi,108.70254530473188,µg/m³,3
2025-11-07 20:00:00+00:00,Karachi,60.78122236463758,µg/m³,3
2025-11-07 21:00:00+00:00,Karachi,54.31662502288819,µg/m³,3
2025-11-07 22:00:00+00:00,Karachi,57.09433326721191,µg/m³,3
2025-11-07 23:00:00+00:00,Karachi,71.31020857493083,µg/m³,3
2025-11-08 00:00:00+00:00,Karachi,102.85133349100748,µg/m³,3
2025-11-08 01:00:00+00:00,Karachi,83.13359707726373,µg/m³,3
2025-11-08 02:00:00+00:00,Karachi,97.43722224765354,µg/m³,3
2025-11-08 03:00:00+00:00,Karachi,69.82838913599652,µg/m³,3
2025-11-08 04:00:00+00:00,Karachi,26.024652772479588,µg/m³,3
2025-11-08 05:00:00+00:00,Karachi,20.41588886049059,µg/m³,3
2025-11-08 06:00:00+00:00,Karachi,11.974944448471069,µg/m³,3
2025-11-08 07:00:00+00:00,Karachi,12.836263887087503,µg/m³,3
2025-11-08 08:00:00+00:00,Karachi,12.714777776930068,µg/m³,3
2025-11-08 09:00:00+00:00,Karachi,13.091750005439474,µg/m³,3
2025-11-08 10:00:00+00:00,Karachi,14.124208341704476,µg/m³,3
2025-11-08 11:00:00+00:00,Karachi,12.69051851519832,µg/m³,3
2025-11-08 12:00:00+00:00,Karachi,16.05958332485623,µg/m³,3
2025-11-08 13:00:00+00:00,Karachi,24.838486123085023,µg/m³,3
2025-11-08 14:00:00+00:00,Karachi,23.56999998092651,µg/m³,3
2025-11-08 15:00:00+00:00,Karachi,29.142537025169087,µg/m³,3
2025-11-08 16:00:00+00:00,Karachi,33.01085168344003,µg/m³,3
2025-11-08 17:00:00+00:00,Karachi,35.67505558861626,µg/m³,3
2025-11-08 18:00:00+00:00,Karachi,52.10374992158679,µg/m³,3
2025-11-08 19:00:00+00:00,Karachi,51.12011126412285,µg/m³,3
2025-11-08 20:00:00+00:00,Karachi,36.670111105177135,µg/m³,3
2025-11-08 21:00:00+00:00,Karachi,63.68433329264323,µg/m³,3
2025-11-08 22:00:00+00:00,Karachi,65.00272216796876,µg/m³,3
2025-11-08 23:00:00+00:00,Karachi,115.8103336758084,µg/m³,3
2025-11-09 00:00:00+00:00,Karachi,79.73155551486546,µg/m³,3
2025-11-09 01:00:00+00:00,Karachi,81.06094453599718,µg/m³,3
2025-11-09 02:00:00+00:00,Karachi,99.64138904147677,µg/m³,3
2025-11-09 03:00:00+00:00,Karachi,93.62372241550024,µg/m³,3
2025-11-09 04:00:00+00:00,Karachi,50.241833241780604,µg/m³,3
2025-11-09 05:00:00+00:00,Karachi,27.139277913835315,µg/m³,3
2025-11-09 06:00:00+00:00,Karachi,30.1491666369968,µg/m³,3
2025-11-09 07:00:00+00:00,Karachi,36.65299987792969,µg/m³,3
2025-11-09 08:00:00+00:00,Karachi,31.694444370269775,µg/m³,3
2025-11-09 09:00:00+00:00,Karachi,12.178388871086966,µg/m³,3
2025-11-09 10:00:00+00:00,Karachi,6.6006666618916725,µg/m³,3
2025-11-09 11:00:00+00:00,Karachi,5.844611113601261,µg/m³,3
2025-11-09 12:00:00+00:00,Karachi,8.891277774175009,µg/m³,3
2025-11-09 13:00:00+00:00,Karachi,18.38511110941569,µg/m³,3
2025-11-09 14:00:00+00:00,Karachi,22.36566668616401,µg/m³,3
2025-11-09 15:00:00+00:00,Karachi,34.45941664377848,µg/m³,2
2025-11-09 16:00:00+00:00,Karachi,31.769749959309898,µg/m³,2
2025-11-09 17:00:00+00:00,Karachi,27.503750038146975,µg/m³,2
2025-11-09 18:00:00+00:00,Karachi,27.735666672388714,µg/m³,2
2025-11-09 19:00:00+00:00,Karachi,48.07025028864543,µg/m³,2
2025-11-09 20:00:00+00:00,Karachi,53.0245002746582,µg/m³,2
2025-11-09 21:00:00+00:00,Karachi,49.425083287556966,µg/m³,2
2025-11-09 22:00:00+00:00,Karachi,63.32766660054525,µg/m³,2
2025-11-09 23:00:00+00:00,Karachi,75.20158335367839,µg/m³,2
2025-11-10 00:00:00+00:00,Karachi,69.8249169031779,µg/m³,2
2025-11-10 01:00:00+00:00,Karachi,88.15322896639505,µg/m³,2
2025-11-10 02:00:00+00:00,Karachi,71.10841662089028,µg/m³,2
2025-11-10 03:00:00+00:00,Karachi,98.60966669718425,µg/m³,2
2025-11-10 04:00:00+00:00,Karachi,28.952666664123537,µg/m³,2
2025-11-10 05:00:00+00:00,Karachi,16.189000019431113,µg/m³,2
2025-11-10 06:00:00+00:00,Karachi,17.292833280563357,µg/m³,2
2025-11-10 07:00:00+00:00,Karachi,16.519583398103713,µg/m³,2
2025-11-10 08:00:00+00:00,Karachi,9.175000016887983,µg/m³,2
2025-11-10 09:00:00+00:00,Karachi,8.110999981562296,µg/m³,2
2025-11-10 10:00:00+00:00,Karachi,12.236000061035154,µg/m³,2
2025-11-10 11:00:00+00:00,Karachi,12.54833327929179,µg/m³,2
2025-11-10 12:00:00+00:00,Karachi,51.64466667175293,µg/m³,2
2025-11-10 13:00:00+00:00,Karachi,27.23072218365139,µg/m³,3
2025-11-10 14:00:00+00:00,Karachi,22.788833395640054,µg/m³,2
2025-11-10 15:00:00+00:00,Karachi,22.600249958038326,µg/m³,2
2025-11-10 16:00:00+00:00,Karachi,27.71391671498617,µg/m³,2
2025-11-10 17:00:00+00:00,Karachi,20.876333300272623,µg/m³,2
2025-11-10 18:00:00+00:00,Karachi,17.30983331998189,µg/m³,2
2025-11-10 19:00:00+00:00,Karachi,27.021833372116085,µg/m³,2
2025-11-10 20:00:00+00:00,Karachi,53.795916668574016,µg/m³,2
2025-11-10 21:00:00+00:00,Karachi,74.3461664835612,µg/m³,2
2025-11-10 22:00:00+00:00,Karachi,76.53633321126301,µg/m³,2
2025-11-10 23:00:00+00:00,Karachi,122.98483314514161,µg/m³,2
2025-11-11 00:00:00+00:00,Karachi,100.6401458422343,µg/m³,2
2025-11-11 01:00:00+00:00,Karachi,91.69691683451336,µg/m³,2
2025-11-11 02:00:00+00:00,Karachi,107.61466700236002,µg/m³,2
2025-11-11 03:00:00+00:00,Karachi,113.92924995422364,µg/m³,2
2025-11-11 04:00:00+00:00,Karachi,85.26808331807455,µg/m³,2
2025-11-11 05:00:00+00:00,Karachi,64.9957500298818,µg/m³,2
2025-11-11 06:00:00+00:00,Karachi,49.86399993896484,µg/m³,2
2025-11-11 07:00:00+00:00,Karachi,44.51958327293397,µg/m³,2
2025-11-11 08:00:00+00:00,Karachi,43.957083257039386,µg/m³,2
2025-11-11 09:00:00+00:00,Karachi,40.02681245803833,µg/m³,2
2025-11-11 10:00:00+00:00,Karachi,34.59433336257934,µg/m³,2
2025-11-11 11:00:00+00:00,Karachi,29.947250032424925,µg/m³,2
2025-11-11 12:00:00+00:00,Karachi,26.416861004299587,µg/m³,2
2025-11-11 13:00:00+00:00,Karachi,28.23858331044515,µg/m³,2
2025-11-11 14:00:00+00:00,Karachi,27.201333332061765,µg/m³,2
2025-11-11 15:00:00+00:00,Karachi,27.331750011444093,µg/m³,2
2025-11-11 16:00:00+00:00,Karachi,26.47597915728887,µg/m³,2
2025-11-11 17:00:00+00:00,Karachi,32.122166585922244,µg/m³,2
2025-11-11 18:00:00+00:00,Karachi,41.93191669782003,µg/m³,2
2025-11-11 19:00:00+00:00,Karachi,68.87808340390524,µg/m³,2
2025-11-11 20:00:00+00:00,Karachi,73.53199996948243,µg/m³,2
2025-11-11 21:00:00+00:00,Karachi,88.75991655985514,µg/m³,2
2025-11-11 22:00:00+00:00,Karachi,115.74324989318849,µg/m³,2
2025-11-11 23:00:00+00:00,Karachi,118.4055000305176,µg/m³,2
2025-11-12 00:00:00+00:00,Karachi,83.27600021362304,µg/m³,2
2025-11-12 01:00:00+00:00,Karachi,71.34558347066243,µg/m³,2
2025-11-12 02:00:00+00:00,Karachi,76.58991686503094,µg/m³,2
2025-11-12 03:00:00+00:00,Karachi,76.26375007629395,µg/m³,2
2025-11-12 04:00:00+00:00,Karachi,71.34599990844728,µg/m³,2
2025-11-12 05:00:00+00:00,Karachi,67.17641665140788,µg/m³,2
2025-11-12 12:00:00+00:00,Karachi,32.4732501745224,µg/m³,2
2025-11-12 13:00:00+00:00,Karachi,35.49308330217997,µg/m³,2
2025-11-12 14:00:00+00:00,Karachi,36.72771295618128,µg/m³,2
2025-11-12 15:00:00+00:00,Karachi,40.15808347066243,µg/m³,2
2025-11-12 16:00:00+00:00,Karachi,52.0083401468065,µg/m³,2
2025-11-12 17:00:00+00:00,Karachi,63.394583257039386,µg/m³,2
2025-11-12 18:00:00+00:00,Karachi,99.4084166208903,µg/m³,2
2025-11-12 19:00:00+00:00,Karachi,101.32483342488607,µg/m³,2
2025-11-12 20:00:00+00:00,Karachi,96.85312519073486,µg/m³,2
2025-11-12 21:00:00+00:00,Karachi,82.27958310445149,µg/m³,2
2025-11-12 22:00:00+00:00,Karachi,74.52091662089029,µg/m³,2
2025-11-12 23:00:00+00:00,Karachi,90.6470001220703,µg/m³,2
2025-11-13 00:00:00+00:00,Karachi,69.49291674296062,µg/m³,2
2025-11-13 01:00:00+00:00,Karachi,78.82900009155273,µg/m³,2
2025-11-13 02:00:00+00:00,Karachi,73.06631269454957,µg/m³,2
2025-11-13 03:00:00+00:00,Karachi,91.2301668802897,µg/m³,1
2025-11-13 04:00:00+00:00,Karachi,90.3159332784017,µg/m³,2
2025-11-13 06:00:00+00:00,Karachi,50.52600021362305,µg/m³,2
2025-11-13 07:00:00+00:00,Karachi,45.084666681289676,µg/m³,2
2025-11-13 08:00:00+00:00,Karachi,44.192833455403644,µg/m³,2
2025-11-13 09:00:00+00:00,Karachi,42.6305624961853,µg/m³,2
2025-11-13 10:00:00+00:00,Karachi,40.771667003631585,µg/m³,2
2025-11-13 11:00:00+00:00,Karachi,30.899666659037273,µg/m³,2
2025-11-13 12:00:00+00:00,Karachi,33.53033334414164,µg/m³,2
2025-11-13 13:00:00+00:00,Karachi,32.70691658655803,µg/m³,2
2025-11-13 14:00:00+00:00,Karachi,35.41558318138123,µg/m³,2
2025-11-13 15:00:00+00:00,Karachi,58.18175010681152,µg/m³,2
2025-11-13 16:00:00+00:00,Karachi,112.18850021362303,µg/m³,2
2025-11-13 17:00:00+00:00,Karachi,112.91674995422363,µg/m³,2
2025-11-13 18:00:00+00:00,Karachi,87.02374992370606,µg/m³,2
2025-11-13 19:00:00+00:00,Karachi,76.79733327229819,µg/m³,1
2025-11-13 20:00:00+00:00,Karachi,74.69716669718426,µg/m³,1
2025-11-13 21:00:00+00:00,Karachi,113.99850006103517,µg/m³,2
2025-11-13 22:00:00+00:00,Karachi,120.16354550448331,µg/m³,2
2025-11-13 23:00:00+00:00,Karachi,119.10741640726725,µg/m³,2
2025-11-14 00:00:00+00:00,Karachi,94.66241671244303,µg/m³,2
2025-11-14 02:00:00+00:00,Karachi,95.92333348592122,µg/m³,2
2025-11-14 03:00:00+00:00,Karachi,77.4456667582194,µg/m³,2
2025-11-14 04:00:00+00:00,Karachi,71.1713831837972,µg/m³,2
2025-11-14 13:00:00+00:00,Karachi,42.87931261062622,µg/m³,2
2025-11-14 14:00:00+00:00,Karachi,49.76066691080729,µg/m³,2
2025-11-14 15:00:00+00:00,Karachi,75.99425010681153,µg/m³,2
2025-11-14 16:00:00+00:00,Karachi,114.38916651407877,µg/m³,2
2025-11-14 17:00:00+00:00,Karachi,140.44866663614908,µg/m³,2
2025-11-14 18:00:00+00:00,Karachi,101.97633336385093,µg/m³,2
2025-11-14 19:00:00+00:00,Karachi,71.8038335164388,µg/m³,2
2025-11-14 20:00:00+00:00,Karachi,88.20983327229817,µg/m³,2
2025-11-14 21:00:00+00:00,Karachi,95.1584166208903,µg/m³,2
2025-11-14 22:00:00+00:00,Karachi,91.47466684977215,µg/m³,2
2025-11-14 23:00:00+00:00,Karachi,81.11783345540364,µg/m³,2
2025-11-15 00:00:00+00:00,Karachi,73.06900024414062,µg/m³,2
2025-11-15 01:00:00+00:00,Karachi,52.12208340962728,µg/m³,2
2025-11-15 02:00:00+00:00,Karachi,47.19349975585938,µg/m³,2
2025-11-15 03:00:00+00:00,Karachi,63.30602076848347,µg/m³,2
2025-11-15 04:00:00+00:00,Karachi,68.85525016784669,µg/m³,2
2025-11-15 05:00:00+00:00,Karachi,53.76016642252604,µg/m³,2
2025-11-15 06:00:00+00:00,Karachi,44.26499977111817,µg/m³,2
2025-11-15 07:00:00+00:00,Karachi,37.89293169541792,µg/m³,2
2025-11-15 08:00:00+00:00,Karachi,41.08875007629395,µg/m³,2
2025-11-15 09:00:00+00:00,Karachi,42.49131670633952,µg/m³,2
2025-11-15 10:00:00+00:00,Karachi,38.141749922434485,µg/m³,2
2025-11-15 11:00:00+00:00,Karachi,34.81674997011821,µg/m³,2
2025-11-15 12:00:00+00:00,Karachi,38.73891665140788,µg/m³,2
2025-11-15 13:00:00+00:00,Karachi,48.3831667582194,µg/m³,2
2025-11-15 14:00:00+00:00,Karachi,80.13749999999999,µg/m³,2
2025-11-15 15:00:00+00:00,Karachi,120.5637082417806,µg/m³,2
2025-11-15 16:00:00+00:00,Karachi,181.66741625467935,µg/m³,2
2025-11-15 17:00:00+00:00,Karachi,170.79576855412233,µg/m³,2
2025-11-15 18:00:00+00:00,Karachi,146.43099232297956,µg/m³,2
2025-11-15 19:00:00+00:00,Karachi,107.23871721903484,µg/m³,2
2025-11-15 20:00:00+00:00,Karachi,93.27971283241556,µg/m³,2
2025-11-15 21:00:00+00:00,Karachi,92.38058331807454,µg/m³,2
2025-11-15 22:00:00+00:00,Karachi,77.01149978637696,µg/m³,2
2025-11-15 23:00:00+00:00,Karachi,61.388916651407875,µg/m³,2
2025-11-16 00:00:00+00:00,Karachi,60.59458325703938,µg/m³,2
2025-11-16 01:00:00+00:00,Karachi,56.65833333333333,µg/m³,2
2025-11-16 02:00:00+00:00,Karachi,50.81808331807454,µg/m³,2
2025-11-16 04:00:00+00:00,Karachi,87.39150009155273,µg/m³,2
2025-11-16 05:00:00+00:00,Karachi,55.438833363850904,µg/m³,2
2025-11-16 06:00:00+00:00,Karachi,47.78308347066244,µg/m³,2
2025-11-16 07:00:00+00:00,Karachi,39.67774999936422,µg/m³,2
2025-11-16 08:00:00+00:00,Karachi,36.10400005976359,µg/m³,2
2025-11-16 09:00:00+00:00,Karachi,35.0111665725708,µg/m³,2
2025-11-16 10:00:00+00:00,Karachi,39.1380808926592,µg/m³,3
2025-11-16 11:00:00+00:00,Karachi,42.37594443427192,µg/m³,3
2025-11-16 12:00:00+00:00,Karachi,44.207277848985456,µg/m³,3
2025-11-16 13:00:00+00:00,Karachi,46.21100006103515,µg/m³,3
2025-11-16 14:00:00+00:00,Karachi,68.5175555759006,µg/m³,3
2025-11-16 15:00:00+00:00,Karachi,81.59077775743272,µg/m³,3
2025-11-16 16:00:00+00:00,Karachi,88.59588911268446,µg/m³,3
2025-11-16 17:00:00+00:00,Karachi,106.60205544365778,µg/m³,3
2025-11-16 18:00:00+00:00,Karachi,113.14616673787434,µg/m³,3
2025-11-16 19:00:00+00:00,Karachi,100.90900014241537,µg/m³,3
2025-11-16 20:00:00+00:00,Karachi,119.11022220187715,µg/m³,3
2025-11-16 21:00:00+00:00,Karachi,134.97194459703235,µg/m³,3
2025-11-16 22:00:00+00:00,Karachi,137.1888888888889,µg/m³,3
2025-11-16 23:00:00+00:00,Karachi,107.72488894992404,µg/m³,3
2025-11-17 00:00:00+00:00,Karachi,109.23883336385093,µg/m³,3
2025-11-17 01:00:00+00:00,Karachi,129.5704997592502,µg/m³,3
2025-11-17 02:00:00+00:00,Karachi,106.51488884819878,µg/m³,3
2025-11-17 03:00:00+00:00,Karachi,104.70266672770184,µg/m³,3
2025-11-17 04:00:00+00:00,Karachi,121.19833323160806,µg/m³,3
2025-11-17 05:00:00+00:00,Karachi,76.86272243923612,µg/m³,3
2025-11-17 06:00:00+00:00,Karachi,67.46594433254666,µg/m³,3
2025-11-17 09:00:00+00:00,Karachi,40.05822228325738,µg/m³,3
2025-11-17 10:00:00+00:00,Karachi,40.304222446017796,µg/m³,3
2025-11-17 11:00:00+00:00,Karachi,42.91151392194959,µg/m³,3
2025-11-17 12:00:00+00:00,Karachi,43.55085185015643,µg/m³,3
2025-11-17 13:00:00+00:00,Karachi,49.20465276506212,µg/m³,3
2025-11-17 14:00:00+00:00,Karachi,51.865722232394745,µg/m³,3
2025-11-17 15:00:00+00:00,Karachi,74.39616673787434,µg/m³,3
2025-11-17 16:00:00+00:00,Karachi,76.30377773708769,µg/m³,3
2025-11-17 17:00:00+00:00,Karachi,98.875,µg/m³,3
2025-11-17 18:00:00+00:00,Karachi,131.41250025431316,µg/m³,3
2025-11-17 19:00:00+00:00,Karachi,150.29094433254662,µg/m³,3
2025-11-17 20:00:00+00:00,Karachi,183.37788882785375,µg/m³,3
2025-11-17 21:00:00+00:00,Karachi,193.36366661919487,µg/m³,3
2025-11-17 22:00:00+00:00,Karachi,195.1982221815321,µg/m³,3
2025-11-17 23:00:00+00:00,Karachi,204.7896667480468,µg/m³,3
2025-11-18 00:00:00+00:00,Karachi,160.25622236463758,µg/m³,3
2025-11-18 01:00:00+00:00,Karachi,129.80287031950772,µg/m³,3
2025-11-18 02:00:00+00:00,Karachi,123.43899993896481,µg/m³,3
2025-11-18 03:00:00+00:00,Karachi,124.9677776760525,µg/m³,3
2025-11-18 05:00:00+00:00,Karachi,81.33411119249132,µg/m³,3
2025-11-18 06:00:00+00:00,Karachi,57.56477779812283,µg/m³,3
2025-11-18 07:00:00+00:00,Karachi,53.07599995930989,µg/m³,3
2025-11-18 08:00:00+00:00,Karachi,59.820055728488505,µg/m³,3
2025-11-18 09:00:00+00:00,Karachi,60.795388878716345,µg/m³,3
2025-11-18 10:00:00+00:00,Karachi,51.624222140842015,µg/m³,3
2025-11-18 11:00:00+00:00,Karachi,47.37760009765625,µg/m³,4
2025-11-18 12:00:00+00:00,Karachi,49.93033345540365,µg/m³,4
2025-11-18 13:00:00+00:00,Karachi,54.84291674296062,µg/m³,4
2025-11-18 14:00:00+00:00,Karachi,68.8077333577474,µg/m³,5
2025-11-18 15:00:00+00:00,Karachi,91.48163335164388,µg/m³,5
2025-11-18 16:00:00+00:00,Karachi,101.10789993286133,µg/m³,5
2025-11-18 17:00:00+00:00,Karachi,130.9277000427246,µg/m³,5
2025-11-18 18:00:00+00:00,Karachi,144.23125000000002,µg/m³,4
2025-11-18 19:00:00+00:00,Karachi,179.9577666727702,µg/m³,5
2025-11-18 20:00:00+00:00,Karachi,203.4915833155314,µg/m³,4
2025-11-18 21:00:00+00:00,Karachi,193.0143333943685,µg/m³,5
2025-11-18 22:00:00+00:00,Karachi,150.1494999694824,µg/m³,5
2025-11-18 23:00:00+00:00,Karachi,130.4493000793457,µg/m³,5
2025-11-19 00:00:00+00:00,Karachi,144.7141000874837,µg/m³,5
2025-11-19 01:00:00+00:00,Karachi,124.88279998779296,µg/m³,5
2025-11-19 02:00:00+00:00,Karachi,118.61739990234375,µg/m³,5
2025-11-19 03:00:00+00:00,Karachi,146.5102668253581,µg/m³,5
2025-11-19 04:00:00+00:00,Karachi,144.3417999267578,µg/m³,5
2025-11-19 05:00:00+00:00,Karachi,110.07279993693032,µg/m³,5
2025-11-19 06:00:00+00:00,Karachi,73.52000000000001,µg/m³,5
2025-11-19 07:00:00+00:00,Karachi,57.11237491607667,µg/m³,5
2025-11-19 08:00:00+00:00,Karachi,47.11137495676677,µg/m³,5
2025-11-19 09:00:00+00:00,Karachi,44.02786646525065,µg/m³,5
2025-11-19 10:00:00+00:00,Karachi,41.37553334554036,µg/m³,5
2025-11-19 11:00:00+00:00,Karachi,43.63223332722983,µg/m³,5
2025-11-19 12:00:00+00:00,Karachi,54.317266642252605,µg/m³,5
2025-11-19 13:00:00+00:00,Karachi,59.413433278401705,µg/m³,5
2025-11-19 14:00:00+00:00,Karachi,59.46270004272461,µg/m³,5
2025-11-19 15:00:00+00:00,Karachi,67.31329168955486,µg/m³,5
2025-11-19 16:00:00+00:00,Karachi,90.94,µg/m³,5
2025-11-19 17:00:00+00:00,Karachi,85.92673329671223,µg/m³,5
2025-11-19 18:00:00+00:00,Karachi,90.4116000366211,µg/m³,5
2025-11-19 19:00:00+00:00,Karachi,91.5673749923706,µg/m³,4
2025-11-19 20:00:00+00:00,Karachi,99.61345818837484,µg/m³,4
2025-11-19 21:00:00+00:00,Karachi,123.15009994506836,µg/m³,5
2025-11-19 22:00:00+00:00,Karachi,149.5624583562215,µg/m³,5
2025-11-19 23:00:00+00:00,Karachi,160.59023351033528,µg/m³,5
2025-11-20 00:00:00+00:00,Karachi,159.8499666849772,µg/m³,5
2025-11-20 01:00:00+00:00,Karachi,122.97849990844728,µg/m³,5
2025-11-20 02:00:00+00:00,Karachi,102.26830001831055,µg/m³,5
2025-11-20 03:00:00+00:00,Karachi,100.85326670328777,µg/m³,5
2025-11-20 04:00:00+00:00,Karachi,92.26383336385092,µg/m³,5
2025-11-20 05:00:00+00:00,Karachi,86.85720001220703,µg/m³,5
2025-11-20 06:00:00+00:00,Karachi,73.63279998779296,µg/m³,5
2025-11-20 07:00:00+00:00,Karachi,72.51506663004558,µg/m³,5
2025-11-20 08:00:00+00:00,Karachi,67.85106669108072,µg/m³,5
2025-11-20 09:00:00+00:00,Karachi,52.8727222527398,µg/m³,5
2025-11-20 10:00:00+00:00,Karachi,46.783458417256675,µg/m³,5
2025-11-20 11:00:00+00:00,Karachi,49.255366770426434,µg/m³,5
2025-11-20 12:00:00+00:00,Karachi,50.92849990844727,µg/m³,5
2025-11-20 13:00:00+00:00,Karachi,53.6406999206543,µg/m³,5
2025-11-20 14:00:00+00:00,Karachi,62.24736658732097,µg/m³,5
2025-11-20 15:00:00+00:00,Karachi,97.86393330891927,µg/m³,5
2025-11-20 16:00:00+00:00,Karachi,125.80016657511392,µg/m³,5
2025-11-20 17:00:00+00:00,Karachi,111.299214150565,µg/m³,5
2025-11-20 18:00:00+00:00,Karachi,102.56596674601238,µg/m³,5
2025-11-20 19:00:00+00:00,Karachi,114.78123326619466,µg/m³,5
2025-11-20 20:00:00+00:00,Karachi,126.50866686503093,µg/m³,4
2025-11-20 21:00:00+00:00,Karachi,101.66143346150716,µg/m³,5
2025-11-20 22:00:00+00:00,Karachi,96.26679992675781,µg/m³,5
2025-11-20 23:00:00+00:00,Karachi,106.29083302815756,µg/m³,4
2025-11-21 00:00:00+00:00,Karachi,101.75079986572266,µg/m³,5
2025-11-21 01:00:00+00:00,Karachi,103.15503331502278,µg/m³,5
2025-11-21 02:00:00+00:00,Karachi,107.49729162851968,µg/m³,4
2025-11-21 03:00:00+00:00,Karachi,115.04537487030031,µg/m³,4
2025-11-21 04:00:00+00:00,Karachi,137.11595884958905,µg/m³,4
2025-11-21 05:00:00+00:00,Karachi,136.81870835622152,µg/m³,4
2025-11-21 06:00:00+00:00,Karachi,124.31262493133545,µg/m³,4
2025-11-21 07:00:00+00:00,Karachi,103.52048964500428,µg/m³,4
2025-11-21 08:00:00+00:00,Karachi,84.30398958524067,µg/m³,4
2025-11-21 09:00:00+00:00,Karachi,102.72895844777425,µg/m³,4
2025-11-21 10:00:00+00:00,Karachi,98.04770825703939,µg/m³,4
2025-11-21 11:00:00+00:00,Karachi,85.87900005687366,µg/m³,4
2025-11-21 12:00:00+00:00,Karachi,97.54847507476808,µg/m³,4
2025-11-21 13:00:00+00:00,Karachi,116.26041666666667,µg/m³,4
2025-11-21 14:00:00+00:00,Karachi,123.08104159037272,µg/m³,4
2025-11-21 15:00:00+00:00,Karachi,158.783083597819,µg/m³,4
2025-11-21 16:00:00+00:00,Karachi,175.86462497711182,µg/m³,4
2025-11-21 17:00:00+00:00,Karachi,178.90829168955486,µg/m³,4
2025-11-21 18:00:00+00:00,Karachi,179.6217498779297,µg/m³,4
2025-11-21 19:00:00+00:00,Karachi,191.68870843251545,µg/m³,4
2025-11-21 20:00:00+00:00,Karachi,192.52438537279767,µg/m³,4
2025-11-21 21:00:00+00:00,Karachi,210.04949989318845,µg/m³,4
2025-11-21 22:00:00+00:00,Karachi,172.68958333333333,µg/m³,4
2025-11-21 23:00:00+00:00,Karachi,173.97854162851968,µg/m³,4
2025-11-22 00:00:00+00:00,Karachi,147.63074989318847,µg/m³,4
2025-11-22 01:00:00+00:00,Karachi,140.5958749771118,µg/m³,4
2025-11-22 02:00:00+00:00,Karachi,181.44633348253038,µg/m³,3
2025-11-22 03:00:00+00:00,Karachi,181.83712533315023,µg/m³,4
2025-11-22 04:00:00+00:00,Karachi,149.74604155222573,µg/m³,4
2025-11-22 05:00:00+00:00,Karachi,144.03008321126302,µg/m³,4
2025-11-22 06:00:00+00:00,Karachi,130.58960405985513,µg/m³,4
2025-11-22 07:00:00+00:00,Karachi,117.76654173533122,µg/m³,4
2025-11-22 08:00:00+00:00,Karachi,130.4136667251587,µg/m³,4
2025-11-22 09:00:00+00:00,Karachi,131.49516665140789,µg/m³,4
2025-11-22 10:00:00+00:00,Karachi,114.28504187266032,µg/m³,4
2025-11-22 11:00:00+00:00,Karachi,105.10070832570393,µg/m³,4
2025-11-22 12:00:00+00:00,Karachi,114.60074996948244,µg/m³,4
2025-11-22 13:00:00+00:00,Karachi,114.15533345540365,µg/m³,4
2025-11-22 14:00:00+00:00,Karachi,128.49858334859212,µg/m³,4
2025-11-22 15:00:00+00:00,Karachi,143.26795835494994,µg/m³,4
2025-11-22 16:00:00+00:00,Karachi,147.06029179890947,µg/m³,4
2025-11-22 17:00:00+00:00,Karachi,165.17154165903727,µg/m³,4
2025-11-22 18:00:00+00:00,Karachi,202.56120866139727,µg/m³,4
2025-11-22 19:00:00+00:00,Karachi,209.4561243693034,µg/m³,4
2025-11-22 20:00:00+00:00,Karachi,216.75004177093507,µg/m³,4
2025-11-22 21:00:00+00:00,Karachi,228.99158261617026,µg/m³,4
2025-11-22 22:00:00+00:00,Karachi,273.4201046625773,µg/m³,4
2025-11-22 23:00:00+00:00,Karachi,222.75695845286052,µg/m³,4
2025-11-23 00:00:00+00:00,Karachi,203.2602917353312,µg/m³,4
2025-11-23 01:00:00+00:00,Karachi,189.13966662089032,µg/m³,4
2025-11-23 02:00:00+00:00,Karachi,178.22683347066243,µg/m³,4
2025-11-23 03:00:00+00:00,Karachi,160.57933324178057,µg/m³,4
2025-11-23 04:00:00+00:00,Karachi,131.9639582951864,µg/m³,4
2025-11-23 05:00:00+00:00,Karachi,109.11787509918211,µg/m³,4
2025-11-23 06:00:00+00:00,Karachi,88.98422224256727,µg/m³,3
2025-11-23 07:00:00+00:00,Karachi,68.47287502288819,µg/m³,4
2025-11-23 08:00:00+00:00,Karachi,68.20195840199789,µg/m³,4
2025-11-23 09:00:00+00:00,Karachi,71.55912494659424,µg/m³,4
2025-11-23 10:00:00+00:00,Karachi,56.0,µg/m³,1
2025-11-23 11:00:00+00:00,Karachi,45.0,µg/m³,1
2025-11-23 12:00:00+00:00,Karachi,48.0,µg/m³,1
2025-11-23 13:00:00+00:00,Karachi,49.10716654459635,µg/m³,4
2025-11-23 14:00:00+00:00,Karachi,50.84641672770183,µg/m³,4
2025-11-23 15:00:00+00:00,Karachi,66.43466669718424,µg/m³,4
2025-11-23 16:00:00+00:00,Karachi,86.93058331807454,µg/m³,4
2025-11-23 17:00:00+00:00,Karachi,119.12237491607665,µg/m³,4
2025-11-23 18:00:00+00:00,Karachi,119.55340628623964,µg/m³,4
2025-11-23 19:00:00+00:00,Karachi,127.94044460720487,µg/m³,3
2025-11-23 20:00:00+00:00,Karachi,134.74383328755695,µg/m³,4
2025-11-23 21:00:00+00:00,Karachi,137.75120843251545,µg/m³,4
2025-11-23 22:00:00+00:00,Karachi,135.33804175059,µg/m³,4
2025-11-23 23:00:00+00:00,Karachi,141.366767305798,µg/m³,4
2025-11-24 00:00:00+00:00,Karachi,127.29874992370607,µg/m³,4
2025-11-24 01:00:00+00:00,Karachi,125.54679152170817,µg/m³,4
2025-11-24 02:00:00+00:00,Karachi,140.55562496185303,µg/m³,4
2025-11-24 04:00:00+00:00,Karachi,124.28609726164075,µg/m³,4
2025-11-24 05:00:00+00:00,Karachi,104.46659379005432,µg/m³,4
2025-11-24 06:00:00+00:00,Karachi,88.35182633929783,µg/m³,4
2025-11-24 07:00:00+00:00,Karachi,68.71691652933757,µg/m³,4
2025-11-24 08:00:00+00:00,Karachi,60.741749954223636,µg/m³,4
2025-11-24 09:00:00+00:00,Karachi,54.0894167582194,µg/m³,4
2025-11-24 10:00:00+00:00,Karachi,59.923291524251304,µg/m³,4
2025-11-24 11:00:00+00:00,Karachi,73.45962505340577,µg/m³,4
2025-11-24 12:00:00+00:00,Karachi,103.15325012207032,µg/m³,4
2025-11-24 13:00:00+00:00,Karachi,94.6757916132609,µg/m³,4
2025-11-24 14:00:00+00:00,Karachi,108.5370419184367,µg/m³,4
2025-11-24 15:00:00+00:00,Karachi,103.15691668192544,µg/m³,4
2025-11-24 16:00:00+00:00,Karachi,103.3576250076294,µg/m³,4
2025-11-24 17:00:00+00:00,Karachi,97.2839583714803,µg/m³,4
2025-11-24 18:00:00+00:00,Karachi,107.84338542620341,µg/m³,4
2025-11-24 19:00:00+00:00,Karachi,98.99591662089028,µg/m³,4
2025-11-24 20:00:00+00:00,Karachi,88.62712497711182,µg/m³,4
2025-11-24 21:00:00+00:00,Karachi,85.79722222222222,µg/m³,3
2025-11-24 22:00:00+00:00,Karachi,77.43716659545898,µg/m³,3
2025-11-24 23:00:00+00:00,Karachi,67.27938902113173,µg/m³,3
2025-11-25 00:00:00+00:00,Karachi,72.36766662597655,µg/m³,3
2025-11-25 01:00:00+00:00,Karachi,74.81872211032443,µg/m³,3
2025-11-25 02:00:00+00:00,Karachi,84.52816663799864,µg/m³,3
2025-11-25 03:00:00+00:00,Karachi,100.89516677856447,µg/m³,3
2025-11-25 04:00:00+00:00,Karachi,93.99605568779839,µg/m³,3
2025-11-25 05:00:00+00:00,Karachi,83.79266662597655,µg/m³,3
2025-11-25 06:00:00+00:00,Karachi,74.8071667989095,µg/m³,3
2025-11-25 07:00:00+00:00,Karachi,62.868277910020616,µg/m³,3
2025-11-25 08:00:00+00:00,Karachi,54.16827791002063,µg/m³,3
2025-11-25 09:00:00+00:00,Karachi,57.74277767605252,µg/m³,3
2025-11-25 10:00:00+00:00,Karachi,60.8804445054796,µg/m³,3
2025-11-25 11:00:00+00:00,Karachi,69.23972227308485,µg/m³,3
2025-11-25 12:00:00+00:00,Karachi,71.37333340962728,µg/m³,4
2025-11-25 13:00:00+00:00,Karachi,81.42406944698757,µg/m³,3
2025-11-25 14:00:00+00:00,Karachi,89.22241668701172,µg/m³,4
2025-11-25 15:00:00+00:00,Karachi,85.93066660563152,µg/m³,3
2025-11-25 16:00:00+00:00,Karachi,90.28262500762939,µg/m³,4
2025-11-25 17:00:00+00:00,Karachi,84.4215000152588,µg/m³,4
2025-11-25 18:00:00+00:00,Karachi,81.99316660563152,µg/m³,4
2025-11-25 19:00:00+00:00,Karachi,83.74804159800212,µg/m³,4
2025-11-25 20:00:00+00:00,Karachi,84.53133328755696,µg/m³,4
2025-11-25 21:00:00+00:00,Karachi,83.14099998474121,µg/m³,4
2025-11-25 22:00:00+00:00,Karachi,70.7779582341512,µg/m³,4
2025-11-25 23:00:00+00:00,Karachi,72.9290833791097,µg/m³,4
2025-11-26 00:00:00+00:00,Karachi,69.61124992370605,µg/m³,4
2025-11-26 01:00:00+00:00,Karachi,70.73633321126302,µg/m³,4
2025-11-26 02:00:00+00:00,Karachi,90.66007198564935,µg/m³,4
2025-11-26 03:00:00+00:00,Karachi,106.51847773279464,µg/m³,4
2025-11-26 04:00:00+00:00,Karachi,108.20016670227051,µg/m³,3
2025-11-26 05:00:00+00:00,Karachi,93.25287494659423,µg/m³,4
2025-11-26 06:00:00+00:00,Karachi,65.90383326212564,µg/m³,3
2025-11-26 07:00:00+00:00,Karachi,60.1412811756134,µg/m³,4
2025-11-26 08:00:00+00:00,Karachi,51.72714598973592,µg/m³,4
2025-11-26 09:00:00+00:00,Karachi,51.24967526378054,µg/m³,4
2025-11-26 10:00:00+00:00,Karachi,66.5128701171875,µg/m³,5
2025-11-26 11:00:00+00:00,Karachi,70.91430007934571,µg/m³,5
2025-11-26 12:00:00+00:00,Karachi,76.42046671549478,µg/m³,5
2025-11-26 13:00:00+00:00,Karachi,90.85896940019396,µg/m³,5
2025-11-26 14:00:00+00:00,Karachi,123.23946650187175,µg/m³,5
2025-11-26 15:00:00+00:00,Karachi,136.99963353474936,µg/m³,5
2025-11-26 16:00:00+00:00,Karachi,96.79119995117188,µg/m³,5
2025-11-26 17:00:00+00:00,Karachi,104.69846659342447,µg/m³,5
2025-11-26 18:00:00+00:00,Karachi,106.33066660563149,µg/m³,5
2025-11-26 19:00:00+00:00,Karachi,104.84336664835612,µg/m³,5
2025-11-26 20:00:00+00:00,Karachi,87.00053324381511,µg/m³,5
2025-11-26 21:00:00+00:00,Karachi,78.90728352864582,µg/m³,5
2025-11-26 22:00:00+00:00,Karachi,75.729075050354,µg/m³,5
2025-11-26 23:00:00+00:00,Karachi,68.88733327229818,µg/m³,5
2025-11-27 00:00:00+00:00,Karachi,70.17396662394205,µg/m³,5
2025-11-27 01:00:00+00:00,Karachi,73.6183666483561,µg/m³,5
2025-11-27 02:00:00+00:00,Karachi,80.59308331807453,µg/m³,4
2025-11-27 03:00:00+00:00,Karachi,89.12239990234374,µg/m³,5
2025-11-27 04:00:00+00:00,Karachi,81.52223332722983,µg/m³,5
2025-11-27 05:00:00+00:00,Karachi,76.16871105617948,µg/m³,5
2025-11-27 06:00:00+00:00,Karachi,72.83563061608207,µg/m³,5
2025-11-27 07:00:00+00:00,Karachi,65.3870334370931,µg/m³,5
2025-11-27 08:00:00+00:00,Karachi,61.67040008544923,µg/m³,5
2025-11-27 09:00:00+00:00,Karachi,60.67552421107437,µg/m³,5
2025-11-27 10:00:00+00:00,Karachi,61.911854139963786,µg/m³,4
2025-11-27 11:00:00+00:00,Karachi,65.88525009155273,µg/m³,4
2025-11-27 12:00:00+00:00,Karachi,70.50217712720236,µg/m³,4
2025-11-27 13:00:00+00:00,Karachi,74.02825012207032,µg/m³,4
2025-11-27 14:00:00+00:00,Karachi,88.81188543637593,µg/m³,4
2025-11-27 15:00:00+00:00,Karachi,80.71895821889241,µg/m³,4
2025-11-27 16:00:00+00:00,Karachi,78.4988748550415,µg/m³,4
2025-11-27 17:00:00+00:00,Karachi,76.33677085240681,µg/m³,4
2025-11-27 18:00:00+00:00,Karachi,77.51512508392334,µg/m³,4
2025-11-27 19:00:00+00:00,Karachi,81.5099998474121,µg/m³,4
2025-11-27 20:00:00+00:00,Karachi,86.36604162851968,µg/m³,4
2025-11-27 21:00:00+00:00,Karachi,88.0572914759318,µg/m³,4
2025-11-27 22:00:00+00:00,Karachi,85.48675003051757,µg/m³,4
2025-11-27 23:00:00+00:00,Karachi,82.34025001525879,µg/m³,4
2025-11-28 00:00:00+00:00,Karachi,85.76674995422364,µg/m³,4
2025-11-28 01:00:00+00:00,Karachi,83.74680553012425,µg/m³,4
2025-11-28 02:00:00+00:00,Karachi,84.91891657511393,µg/m³,4
2025-11-28 03:00:00+00:00,Karachi,96.23229147593182,µg/m³,4
2025-11-28 04:00:00+00:00,Karachi,105.91604162851968,µg/m³,4
2025-11-28 05:00:00+00:00,Karachi,108.40479170481363,µg/m³,4
2025-11-28 06:00:00+00:00,Karachi,90.52574996948242,µg/m³,4
2025-11-28 07:00:00+00:00,Karachi,79.53883326848347,µg/m³,4
2025-11-28 08:00:00+00:00,Karachi,73.19399986267089,µg/m³,4
2025-11-28 09:00:00+00:00,Karachi,63.45004164377848,µg/m³,4
2025-11-28 10:00:00+00:00,Karachi,68.78791681925455,µg/m³,4
2025-11-28 11:00:00+00:00,Karachi,74.15104185740154,µg/m³,4
2025-11-28 12:00:00+00:00,Karachi,77.42848895602756,µg/m³,5
2025-11-28 13:00:00+00:00,Karachi,78.0538916651408,µg/m³,5
2025-11-28 14:00:00+00:00,Karachi,78.51506112840441,µg/m³,5
2025-11-28 15:00:00+00:00,Karachi,84.78856684366862,µg/m³,5
2025-11-28 16:00:00+00:00,Karachi,88.52896662394207,µg/m³,5
2025-11-28 17:00:00+00:00,Karachi,94.29540008544923,µg/m³,5
2025-11-28 18:00:00+00:00,Karachi,82.57508328755696,µg/m³,4
2025-11-28 19:00:00+00:00,Karachi,79.67229995727538,µg/m³,5
2025-11-28 20:00:00+00:00,Karachi,83.02949996948243,µg/m³,5
2025-11-28 21:00:00+00:00,Karachi,83.31553334554037,µg/m³,5
2025-11-28 22:00:00+00:00,Karachi,80.11116663614908,µg/m³,5
2025-11-28 23:00:00+00:00,Karachi,78.23666666666665,µg/m³,5
2025-11-29 00:00:00+00:00,Karachi,73.16476679484049,µg/m³,5
2025-11-29 01:00:00+00:00,Karachi,73.77239990234375,µg/m³,5
2025-11-29 02:00:00+00:00,Karachi,78.61539326985677,µg/m³,5
2025-11-29 03:00:00+00:00,Karachi,89.27056666056316,µg/m³,5
2025-11-29 04:00:00+00:00,Karachi,85.6149164835612,µg/m³,4
2025-11-29 05:00:00+00:00,Karachi,87.68393330891928,µg/m³,5
2025-11-29 06:00:00+00:00,Karachi,81.64616663614909,µg/m³,5
2025-11-29 07:00:00+00:00,Karachi,70.04849990844727,µg/m³,5
2025-11-29 08:00:00+00:00,Karachi,61.01465836842855,µg/m³,5
2025-11-29 09:00:00+00:00,Karachi,58.15320847829183,µg/m³,4
2025-11-29 10:00:00+00:00,Karachi,58.104599914550775,µg/m³,5
2025-11-29 11:00:00+00:00,Karachi,59.31380004882813,µg/m³,5
2025-11-29 12:00:00+00:00,Karachi,69.07319976806642,µg/m³,5
2025-11-29 13:00:00+00:00,Karachi,87.07906672159831,µg/m³,5
2025-11-29 14:00:00+00:00,Karachi,102.45049297544692,µg/m³,4
2025-11-29 15:00:00+00:00,Karachi,109.23600006103516,µg/m³,4
2025-11-29 16:00:00+00:00,Karachi,106.38604170481365,µg/m³,4
2025-11-29 17:00:00+00:00,Karachi,117.34587497711182,µg/m³,4
2025-11-29 18:00:00+00:00,Karachi,118.0146666208903,µg/m³,4
2025-11-29 19:00:00+00:00,Karachi,111.79241663614908,µg/m³,4
2025-11-29 20:00:00+00:00,Karachi,107.62649993896484,µg/m³,4
2025-11-29 21:00:00+00:00,Karachi,94.90341669718424,µg/m³,4
2025-11-29 22:00:00+00:00,Karachi,89.18741671244302,µg/m³,4
2025-11-29 23:00:00+00:00,Karachi,90.9339583714803,µg/m³,4
2025-11-30 00:00:00+00:00,Karachi,78.42220834096274,µg/m³,4
2025-11-30 01:00:00+00:00,Karachi,78.30125007629395,µg/m³,4
2025-11-30 02:00:00+00:00,Karachi,75.70495827992757,µg/m³,4
2025-11-30 03:00:00+00:00,Karachi,88.65912494659423,µg/m³,4
2025-11-30 04:00:00+00:00,Karachi,95.02766672770181,µg/m³,4
2025-11-30 05:00:00+00:00,Karachi,98.31566670735675,µg/m³,3
2025-11-30 06:00:00+00:00,Karachi,78.22977769639756,µg/m³,3
2025-11-30 07:00:00+00:00,Karachi,62.75733337402343,µg/m³,3
2025-11-30 08:00:00+00:00,Karachi,49.41861106024849,µg/m³,3
2025-11-30 09:00:00+00:00,Karachi,43.73083318074544,µg/m³,2
2025-11-30 10:00:00+00:00,Karachi,49.04994447496202,µg/m³,3
2025-11-30 11:00:00+00:00,Karachi,51.423277706570104,µg/m³,3
2025-11-30 12:00:00+00:00,Karachi,52.82836359197443,µg/m³,3
2025-11-30 13:00:00+00:00,Karachi,57.031444464789494,µg/m³,3
2025-11-30 14:00:00+00:00,Karachi,62.749750137329094,µg/m³,2
2025-11-30 15:00:00+00:00,Karachi,64.89966668023003,µg/m³,3
2025-11-30 16:00:00+00:00,Karachi,83.63741671244301,µg/m³,2
2025-11-30 17:00:00+00:00,Karachi,111.45168060726589,µg/m³,3
2025-11-30 18:00:00+00:00,Karachi,131.33144446478948,µg/m³,3
2025-11-30 19:00:00+00:00,Karachi,169.08977771335176,µg/m³,3
2025-11-30 20:00:00+00:00,Karachi,202.67127795749238,µg/m³,3
2025-11-30 21:00:00+00:00,Karachi,163.1047221713596,µg/m³,3
2025-11-30 22:00:00+00:00,Karachi,180.27988874647352,µg/m³,3
2025-11-30 23:00:00+00:00,Karachi,211.62244449191624,µg/m³,3
2025-12-01 00:00:00+00:00,Karachi,185.819319513109,µg/m³,3
2025-12-01 01:00:00+00:00,Karachi,160.40649998982747,µg/m³,3
2025-12-01 02:00:00+00:00,Karachi,146.41216659545898,µg/m³,3
2025-12-01 03:00:00+00:00,Karachi,130.89366658528647,µg/m³,3
2025-12-01 04:00:00+00:00,Karachi,139.85111100938585,µg/m³,3
2025-12-01 05:00:00+00:00,Karachi,107.78894441392686,µg/m³,3
2025-12-01 06:00:00+00:00,Karachi,59.64466656049092,µg/m³,2
2025-12-01 07:00:00+00:00,Karachi,55.448916514714554,µg/m³,2
2025-12-01 08:00:00+00:00,Karachi,27.0,µg/m³,1
2025-12-01 09:00:00+00:00,Karachi,27.513055578867593,µg/m³,3
2025-12-01 10:00:00+00:00,Karachi,23.544305557674832,µg/m³,3
2025-12-01 11:00:00+00:00,Karachi,24.06077777014838,µg/m³,3
2025-12-01 12:00:00+00:00,Karachi,35.15911102294922,µg/m³,3
2025-12-01 13:00:00+00:00,Karachi,40.59250000847711,µg/m³,3
2025-12-01 14:00:00+00:00,Karachi,53.41661114162869,µg/m³,3
2025-12-01 15:00:00+00:00,Karachi,60.39983342488606,µg/m³,3
2025-12-01 16:00:00+00:00,Karachi,73.11641680399576,µg/m³,4
2025-12-01 17:00:00+00:00,Karachi,98.47106246948243,µg/m³,4
2025-12-01 18:00:00+00:00,Karachi,100.17283337910969,µg/m³,4
2025-12-01 19:00:00+00:00,Karachi,96.62158330281575,µg/m³,4
2025-12-01 20:00:00+00:00,Karachi,113.87091655731201,µg/m³,4
2025-12-01 21:00:00+00:00,Karachi,112.05637493133545,µg/m³,4
2025-12-01 22:00:00+00:00,Karachi,103.88629156748453,µg/m³,4
2025-12-01 23:00:00+00:00,Karachi,94.14641672770182,µg/m³,4
2025-12-02 00:00:00+00:00,Karachi,90.21875000000001,µg/m³,4
2025-12-02 01:00:00+00:00,Karachi,92.4160416285197,µg/m³,4
2025-12-02 02:00:00+00:00,Karachi,98.05708325703938,µg/m³,4
2025-12-02 03:00:00+00:00,Karachi,122.88986379450017,µg/m³,4
2025-12-02 04:00:00+00:00,Karachi,110.25036447842916,µg/m³,4
2025-12-02 05:00:00+00:00,Karachi,92.83287525177,µg/m³,4
2025-12-02 06:00:00+00:00,Karachi,67.66408322652181,µg/m³,4
2025-12-02 07:00:00+00:00,Karachi,55.55266672770182,µg/m³,3
2025-12-02 08:00:00+00:00,Karachi,50.398624992370614,µg/m³,4
2025-12-02 09:00:00+00:00,Karachi,49.861649184756814,µg/m³,4
2025-12-02 10:00:00+00:00,Karachi,60.21083348592122,µg/m³,4
2025-12-02 11:00:00+00:00,Karachi,46.63158340454101,µg/m³,4
2025-12-02 12:00:00+00:00,Karachi,50.78033345540365,µg/m³,4
2025-12-02 13:00:00+00:00,Karachi,74.72004172007243,µg/m³,4
2025-12-02 14:00:00+00:00,Karachi,105.31733341217041,µg/m³,4
2025-12-02 15:00:00+00:00,Karachi,142.1577638838026,µg/m³,4
2025-12-02 16:00:00+00:00,Karachi,90.8959166208903,µg/m³,4
2025-12-02 17:00:00+00:00,Karachi,89.34150009155273,µg/m³,4
2025-12-02 18:00:00+00:00,Karachi,96.67141672770182,µg/m³,4
2025-12-02 19:00:00+00:00,Karachi,106.36754166285196,µg/m³,4
2025-12-02 20:00:00+00:00,Karachi,108.92545846303305,µg/m³,4
2025-12-02 21:00:00+00:00,Karachi,81.81804167429605,µg/m³,4
2025-12-02 22:00:00+00:00,Karachi,73.02245820363362,µg/m³,4
2025-12-02 23:00:00+00:00,Karachi,65.68899993896484,µg/m³,4
2025-12-03 00:00:00+00:00,Karachi,54.21620820363363,µg/m³,4
2025-12-03 01:00:00+00:00,Karachi,51.85787487030029,µg/m³,4
2025-12-03 02:00:00+00:00,Karachi,63.294416681925455,µg/m³,4
2025-12-03 03:00:00+00:00,Karachi,77.40480211575826,µg/m³,4
2025-12-03 04:00:00+00:00,Karachi,65.78795846303304,µg/m³,4
2025-12-03 05:00:00+00:00,Karachi,57.82145837148031,µg/m³,4
2025-12-03 06:00:00+00:00,Karachi,44.62162494659424,µg/m³,4
2025-12-03 07:00:00+00:00,Karachi,34.477874946594234,µg/m³,4
2025-12-03 08:00:00+00:00,Karachi,33.85550007025401,µg/m³,4
2025-12-03 09:00:00+00:00,Karachi,34.580565879080034,µg/m³,4
2025-12-03 10:00:00+00:00,Karachi,32.03029154737791,µg/m³,4
2025-12-03 11:00:00+00:00,Karachi,39.8027638832728,µg/m³,4
2025-12-03 12:00:00+00:00,Karachi,63.24777100880941,µg/m³,4
2025-12-03 13:00:00+00:00,Karachi,65.84041659037273,µg/m³,4
2025-12-03 14:00:00+00:00,Karachi,64.74927085240682,µg/m³,4
2025-12-03 15:00:00+00:00,Karachi,61.03429152170817,µg/m³,4
2025-12-03 16:00:00+00:00,Karachi,55.46720841725667,µg/m³,4
2025-12-03 17:00:00+00:00,Karachi,46.51312503814697,µg/m³,4
2025-12-03 18:00:00+00:00,Karachi,48.96187496185303,µg/m³,4
2025-12-03 19:00:00+00:00,Karachi,46.36162509918212,µg/m³,4
2025-12-03 20:00:00+00:00,Karachi,48.056291643778486,µg/m³,4
2025-12-03 21:00:00+00:00,Karachi,44.3658332824707,µg/m³,3
2025-12-03 22:00:00+00:00,Karachi,42.246833165486656,µg/m³,4
2025-12-03 23:00:00+00:00,Karachi,43.56529165903727,µg/m³,4
2025-12-04 00:00:00+00:00,Karachi,46.08875007629395,µg/m³,4
2025-12-04 01:00:00+00:00,Karachi,44.88175010681152,µg/m³,4
2025-12-04 02:00:00+00:00,Karachi,56.642458279927574,µg/m³,4
2025-12-04 03:00:00+00:00,Karachi,66.02333348592123,µg/m³,4
2025-12-04 04:00:00+00:00,Karachi,64.85904165903727,µg/m³,4
2025-12-04 05:00:00+00:00,Karachi,57.642916742960615,µg/m³,4
2025-12-04 06:00:00+00:00,Karachi,54.49137516021729,µg/m³,4
2025-12-04 07:00:00+00:00,Karachi,52.02841669718425,µg/m³,4
2025-12-04 08:00:00+00:00,Karachi,49.84831247329711,µg/m³,4
2025-12-04 09:00:00+00:00,Karachi,52.71281009956642,µg/m³,3
2025-12-04 10:00:00+00:00,Karachi,47.788458338237945,µg/m³,4
2025-12-04 11:00:00+00:00,Karachi,49.838649921417236,µg/m³,4
2025-12-04 12:00:00+00:00,Karachi,60.54908345540365,µg/m³,4
2025-12-04 13:00:00+00:00,Karachi,81.36861106024848,µg/m³,3
2025-12-04 14:00:00+00:00,Karachi,106.23172208997937,µg/m³,3
2025-12-04 15:00:00+00:00,Karachi,133.3076666937934,µg/m³,3
2025-12-04 16:00:00+00:00,Karachi,105.12545833587646,µg/m³,4
2025-12-04 17:00:00+00:00,Karachi,99.29174995422362,µg/m³,4
2025-12-04 18:00:00+00:00,Karachi,107.1771666208903,µg/m³,4
2025-12-04 19:00:00+00:00,Karachi,105.43424987792967,µg/m³,4
2025-12-04 20:00:00+00:00,Karachi,110.92116686503093,µg/m³,4
2025-12-04 21:00:00+00:00,Karachi,125.58547903696696,µg/m³,4
2025-12-04 22:00:00+00:00,Karachi,121.09008344014485,µg/m³,4
2025-12-04 23:00:00+00:00,Karachi,128.09466654459635,µg/m³,3
2025-12-05 00:00:00+00:00,Karachi,123.42075004577637,µg/m³,4
2025-12-05 01:00:00+00:00,Karachi,108.34404150644937,µg/m³,4
2025-12-05 02:00:00+00:00,Karachi,110.44783337910971,µg/m³,4
2025-12-05 03:00:00+00:00,Karachi,115.94179159800213,µg/m³,4
2025-12-05 04:00:00+00:00,Karachi,111.21474990844726,µg/m³,4
2025-12-05 05:00:00+00:00,Karachi,85.17696174515619,µg/m³,4
2025-12-05 06:00:00+00:00,Karachi,67.13222910563151,µg/m³,4
2025-12-05 07:00:00+00:00,Karachi,56.528412154868796,µg/m³,3
2025-12-05 08:00:00+00:00,Karachi,66.11252082188923,µg/m³,4
2025-12-05 09:00:00+00:00,Karachi,72.13505199750264,µg/m³,4
2025-12-05 10:00:00+00:00,Karachi,58.49150009155274,µg/m³,4
2025-12-05 11:00:00+00:00,Karachi,58.68612499237061,µg/m³,4
2025-12-05 12:00:00+00:00,Karachi,68.88537502288818,µg/m³,4
2025-12-05 13:00:00+00:00,Karachi,104.4368992858463,µg/m³,4
2025-12-05 14:00:00+00:00,Karachi,111.71023608313668,µg/m³,3
2025-12-05 15:00:00+00:00,Karachi,129.2313957532247,µg/m³,4
2025-12-05 16:00:00+00:00,Karachi,121.0832708676656,µg/m³,4
2025-12-05 17:00:00+00:00,Karachi,127.57150001525879,µg/m³,4
2025-12-05 18:00:00+00:00,Karachi,114.77104155222575,µg/m³,4
2025-12-05 19:00:00+00:00,Karachi,104.41766662597657,µg/m³,3
2025-12-05 20:00:00+00:00,Karachi,99.2562083562215,µg/m³,4
2025-12-05 21:00:00+00:00,Karachi,95.36258328755696,µg/m³,4
2025-12-05 22:00:00+00:00,Karachi,104.27866668701172,µg/m³,3
2025-12-05 23:00:00+00:00,Karachi,98.94225006103515,µg/m³,4
2025-12-06 00:00:00+00:00,Karachi,104.47654158274332,µg/m³,4
2025-12-06 01:00:00+00:00,Karachi,98.3853333791097,µg/m³,4
2025-12-06 02:00:00+00:00,Karachi,83.3277083714803,µg/m³,4
2025-12-06 03:00:00+00:00,Karachi,76.46879164377847,µg/m³,4
2025-12-06 04:00:00+00:00,Karachi,71.78316675821941,µg/m³,4
2025-12-06 05:00:00+00:00,Karachi,71.26512508392334,µg/m³,4
2025-12-06 06:00:00+00:00,Karachi,64.07694439358181,µg/m³,3
2025-12-06 07:00:00+00:00,Karachi,67.28137493133545,µg/m³,4
2025-12-06 08:00:00+00:00,Karachi,63.9695416132609,µg/m³,4
2025-12-06 09:00:00+00:00,Karachi,64.3183646996816,µg/m³,4
2025-12-06 10:00:00+00:00,Karachi,61.264458401997885,µg/m³,4
2025-12-06 11:00:00+00:00,Karachi,64.23050003051758,µg/m³,4
2025-12-06 12:00:00+00:00,Karachi,74.25675010681152,µg/m³,4
2025-12-06 13:00:00+00:00,Karachi,86.45208333333335,µg/m³,4
2025-12-06 14:00:00+00:00,Karachi,95.29112491607667,µg/m³,4
2025-12-06 15:00:00+00:00,Karachi,106.99816665649412,µg/m³,3
2025-12-06 16:00:00+00:00,Karachi,121.23904158274333,µg/m³,4
2025-12-06 17:00:00+00:00,Karachi,106.80499992370605,µg/m³,4
2025-12-06 18:00:00+00:00,Karachi,104.19387493133544,µg/m³,4
2025-12-06 19:00:00+00:00,Karachi,101.53838865492078,µg/m³,3
2025-12-06 20:00:00+00:00,Karachi,99.37491671244302,µg/m³,4
2025-12-06 21:00:00+00:00,Karachi,90.11462497711182,µg/m³,4
2025-12-06 22:00:00+00:00,Karachi,88.0698331197103,µg/m³,4
2025-12-06 23:00:00+00:00,Karachi,82.34258321126302,µg/m³,4
2025-12-07 00:00:00+00:00,Karachi,83.52437496185303,µg/m³,4
2025-12-07 01:00:00+00:00,Karachi,90.04283345540365,µg/m³,4
2025-12-07 02:00:00+00:00,Karachi,83.07520821889241,µg/m³,4
2025-12-07 03:00:00+00:00,Karachi,97.78133328755698,µg/m³,4
2025-12-07 04:00:00+00:00,Karachi,87.97704168955485,µg/m³,4
2025-12-07 05:00:00+00:00,Karachi,87.46266657511393,µg/m³,4
2025-12-07 06:00:00+00:00,Karachi,67.79308331807454,µg/m³,4
2025-12-07 07:00:00+00:00,Karachi,54.77355533175998,µg/m³,3
2025-12-07 08:00:00+00:00,Karachi,45.19462490081788,µg/m³,4
2025-12-07 09:00:00+00:00,Karachi,47.457555474175344,µg/m³,3
2025-12-07 10:00:00+00:00,Karachi,46.529722171359595,µg/m³,3
2025-12-07 11:00:00+00:00,Karachi,50.86091677347819,µg/m³,4
2025-12-07 12:00:00+00:00,Karachi,74.29929167429606,µg/m³,4
2025-12-07 13:00:00+00:00,Karachi,70.7798749923706,µg/m³,4
2025-12-07 14:00:00+00:00,Karachi,83.56729170481364,µg/m³,4
2025-12-07 15:00:00+00:00,Karachi,110.3042708714803,µg/m³,4
2025-12-07 16:00:00+00:00,Karachi,168.62349974314373,µg/m³,4
2025-12-07 17:00:00+00:00,Karachi,173.30142709414162,µg/m³,4
2025-12-07 18:00:00+00:00,Karachi,171.06261461575826,µg/m³,4
2025-12-07 19:00:00+00:00,Karachi,156.25566660563152,µg/m³,4
2025-12-07 20:00:00+00:00,Karachi,134.24354178110758,µg/m³,4
2025-12-07 21:00:00+00:00,Karachi,144.11111111111111,µg/m³,3
2025-12-07 22:00:00+00:00,Karachi,147.17374992370605,µg/m³,4
2025-12-07 23:00:00+00:00,Karachi,117.3823958714803,µg/m³,4
2025-12-08 00:00:00+00:00,Karachi,108.22295831044515,µg/m³,4
2025-12-08 01:00:00+00:00,Karachi,90.97633326848349,µg/m³,4
2025-12-08 02:00:00+00:00,Karachi,98.95400009155274,µg/m³,4
2025-12-08 03:00:00+00:00,Karachi,101.16516672770182,µg/m³,4
2025-12-08 04:00:00+00:00,Karachi,108.37645829518637,µg/m³,4
2025-12-08 05:00:00+00:00,Karachi,91.4861249923706,µg/m³,4
2025-12-08 06:00:00+00:00,Karachi,73.5757916132609,µg/m³,4
2025-12-08 07:00:00+00:00,Karachi,50.236916605631514,µg/m³,4
2025-12-08 08:00:00+00:00,Karachi,51.08395837148031,µg/m³,4
2025-12-08 09:00:00+00:00,Karachi,49.92900009155274,µg/m³,4
2025-12-08 10:00:00+00:00,Karachi,50.06104170481363,µg/m³,4
2025-12-08 11:00:00+00:00,Karachi,48.59254156748454,µg/m³,4
2025-12-08 12:00:00+00:00,Karachi,59.85745843251546,µg/m³,4
2025-12-08 13:00:00+00:00,Karachi,107.6590000152588,µg/m³,4
2025-12-08 14:00:00+00:00,Karachi,97.30229155222574,µg/m³,4
2025-12-08 15:00:00+00:00,Karachi,74.42224241314513,µg/m³,3
2025-12-08 16:00:00+00:00,Karachi,79.34422234429253,µg/m³,3
2025-12-08 17:00:00+00:00,Karachi,92.66725006103516,µg/m³,4
2025-12-08 18:00:00+00:00,Karachi,88.48766657511393,µg/m³,4
2025-12-08 19:00:00+00:00,Karachi,75.10416666666666,µg/m³,4
2025-12-08 20:00:00+00:00,Karachi,62.74095834096272,µg/m³,4
2025-12-08 21:00:00+00:00,Karachi,57.18970826466879,µg/m³,4
2025-12-08 22:00:00+00:00,Karachi,66.78891665140787,µg/m³,4
2025-12-08 23:00:00+00:00,Karachi,61.108444383409285,µg/m³,3
2025-12-09 00:00:00+00:00,Karachi,77.36662502288819,µg/m³,4
2025-12-09 01:00:00+00:00,Karachi,74.13781251907349,µg/m³,4
2025-12-09 02:00:00+00:00,Karachi,71.98264166514079,µg/m³,4
2025-12-09 03:00:00+00:00,Karachi,83.6084166208903,µg/m³,4
2025-12-09 04:00:00+00:00,Karachi,84.64287509918213,µg/m³,4
2025-12-09 05:00:00+00:00,Karachi,92.64148965941534,µg/m³,4
2025-12-09 06:00:00+00:00,Karachi,75.20333302815756,µg/m³,4
2025-12-09 07:00:00+00:00,Karachi,57.82827801174587,µg/m³,3
2025-12-09 08:00:00+00:00,Karachi,56.569208463033036,µg/m³,4
2025-12-09 09:00:00+00:00,Karachi,49.95093755722046,µg/m³,4
2025-12-09 10:00:00+00:00,Karachi,73.28146522310045,µg/m³,4
2025-12-09 11:00:00+00:00,Karachi,68.42823958396912,µg/m³,4
2025-12-09 12:00:00+00:00,Karachi,63.3803957303365,µg/m³,4
2025-12-09 13:00:00+00:00,Karachi,80.84316660563151,µg/m³,4
2025-12-09 14:00:00+00:00,Karachi,84.12240968280368,µg/m³,4
2025-12-09 15:00:00+00:00,Karachi,95.96847212049697,µg/m³,4
2025-12-09 16:00:00+00:00,Karachi,96.67222222222222,µg/m³,3
2025-12-09 17:00:00+00:00,Karachi,160.31577775743273,µg/m³,3
2025-12-09 18:00:00+00:00,Karachi,189.02287508646648,µg/m³,4
2025-12-09 19:00:00+00:00,Karachi,225.44541708628336,µg/m³,4
2025-12-09 20:00:00+00:00,Karachi,255.87074998219808,µg/m³,4
2025-12-09 21:00:00+00:00,Karachi,291.7077500025431,µg/m³,4
2025-12-09 22:00:00+00:00,Karachi,291.5687494913737,µg/m³,4
2025-12-09 23:00:00+00:00,Karachi,274.374249903361,µg/m³,4
2025-12-10 00:00:00+00:00,Karachi,275.72004152933755,µg/m³,4
2025-12-10 01:00:00+00:00,Karachi,228.50770829518635,µg/m³,4
2025-12-10 02:00:00+00:00,Karachi,197.8258889092339,µg/m³,3
2025-12-10 03:00:00+00:00,Karachi,192.132958094279,µg/m³,4
2025-12-10 04:00:00+00:00,Karachi,173.43733317057294,µg/m³,3
2025-12-10 05:00:00+00:00,Karachi,125.9970556471083,µg/m³,3
2025-12-10 06:00:00+00:00,Karachi,147.94177780151367,µg/m³,3
2025-12-10 07:00:00+00:00,Karachi,102.41674982706705,µg/m³,2
2025-12-10 08:00:00+00:00,Karachi,35.49997478061252,µg/m³,3
2025-12-10 09:00:00+00:00,Karachi,33.74356591237916,µg/m³,4
2025-12-10 10:00:00+00:00,Karachi,34.9042667388916,µg/m³,4
2025-12-10 11:00:00+00:00,Karachi,38.67309258072465,µg/m³,3
2025-12-10 12:00:00+00:00,Karachi,47.837472237481016,µg/m³,3
2025-12-10 13:00:00+00:00,Karachi,52.17791659037273,µg/m³,2
2025-12-10 14:00:00+00:00,Karachi,66.23050003051758,µg/m³,3
2025-12-10 15:00:00+00:00,Karachi,66.38705554538302,µg/m³,3
2025-12-10 16:00:00+00:00,Karachi,68.29155561659071,µg/m³,3
2025-12-10 17:00:00+00:00,Karachi,83.13249994913737,µg/m³,3
2025-12-10 18:00:00+00:00,Karachi,113.05416666666667,µg/m³,2
2025-12-10 19:00:00+00:00,Karachi,168.1481666564941,µg/m³,3
2025-12-10 20:00:00+00:00,Karachi,211.55094401041666,µg/m³,3
2025-12-10 21:00:00+00:00,Karachi,226.85950054592558,µg/m³,3
2025-12-10 22:00:00+00:00,Karachi,229.64672198825414,µg/m³,3
2025-12-10 23:00:00+00:00,Karachi,229.02972225613064,µg/m³,3
2025-12-11 00:00:00+00:00,Karachi,201.36116689046221,µg/m³,3
2025-12-11 01:00:00+00:00,Karachi,189.9929167429606,µg/m³,2
2025-12-11 02:00:00+00:00,Karachi,158.29366658528645,µg/m³,3
2025-12-11 03:00:00+00:00,Karachi,185.86091753641765,µg/m³,4
2025-12-11 04:00:00+00:00,Karachi,219.8375415166219,µg/m³,4
2025-12-11 05:00:00+00:00,Karachi,161.3738927503427,µg/m³,4
2025-12-11 06:00:00+00:00,Karachi,67.63383340570662,µg/m³,3
2025-12-11 07:00:00+00:00,Karachi,67.91133321126301,µg/m³,4
2025-12-11 08:00:00+00:00,Karachi,55.86512490113576,µg/m³,4
2025-12-11 09:00:00+00:00,Karachi,28.861354128519693,µg/m³,4
2025-12-11 10:00:00+00:00,Karachi,21.752468774716057,µg/m³,4
2025-12-11 11:00:00+00:00,Karachi,25.77279156049093,µg/m³,4
2025-12-11 12:00:00+00:00,Karachi,21.871999941931833,µg/m³,3
2025-12-11 13:00:00+00:00,Karachi,27.64679165151384,µg/m³,3
2025-12-11 14:00:00+00:00,Karachi,31.779833396275833,µg/m³,4
2025-12-11 15:00:00+00:00,Karachi,33.60691665013631,µg/m³,4
2025-12-11 16:00:00+00:00,Karachi,39.65855544408162,µg/m³,3
2025-12-11 17:00:00+00:00,Karachi,47.22970840930939,µg/m³,4
2025-12-11 18:00:00+00:00,Karachi,57.1839583714803,µg/m³,4
2025-12-11 19:00:00+00:00,Karachi,78.45987491607666,µg/m³,4
2025-12-11 20:00:00+00:00,Karachi,70.78120835622153,µg/m³,4
2025-12-11 21:00:00+00:00,Karachi,47.22791660626729,µg/m³,4
2025-12-11 22:00:00+00:00,Karachi,47.6994166135788,µg/m³,4
2025-12-11 23:00:00+00:00,Karachi,60.77183316548665,µg/m³,4
2025-12-12 00:00:00+00:00,Karachi,79.74041659037272,µg/m³,4
2025-12-12 01:00:00+00:00,Karachi,104.80275002320607,µg/m³,4
2025-12-12 02:00:00+00:00,Karachi,142.68420823415119,µg/m³,4
2025-12-12 03:00:00+00:00,Karachi,169.65334372520445,µg/m³,4
2025-12-12 04:00:00+00:00,Karachi,154.96162509918213,µg/m³,4
2025-12-12 05:00:00+00:00,Karachi,73.01695820490518,µg/m³,4
2025-12-12 06:00:00+00:00,Karachi,52.64897920687994,µg/m³,4
2025-12-12 07:00:00+00:00,Karachi,30.128104241689048,µg/m³,4
2025-12-12 08:00:00+00:00,Karachi,14.517624967628054,µg/m³,4
2025-12-12 09:00:00+00:00,Karachi,12.849333339267305,µg/m³,3
2025-12-12 10:00:00+00:00,Karachi,17.146531250079473,µg/m³,4
2025-12-12 11:00:00+00:00,Karachi,17.187916660308836,µg/m³,4
2025-12-12 12:00:00+00:00,Karachi,21.047371510002346,µg/m³,4
2025-12-12 13:00:00+00:00,Karachi,25.550069403648376,µg/m³,4
2025-12-12 14:00:00+00:00,Karachi,29.62799999713898,µg/m³,4
2025-12-12 15:00:00+00:00,Karachi,33.62629174391429,µg/m³,4
2025-12-12 16:00:00+00:00,Karachi,36.97158320744832,µg/m³,4
2025-12-12 17:00:00+00:00,Karachi,36.222583309809366,µg/m³,4
2025-12-12 18:00:00+00:00,Karachi,42.72970836957296,µg/m³,4
2025-12-12 19:00:00+00:00,Karachi,44.77305553224352,µg/m³,3
2025-12-12 20:00:00+00:00,Karachi,35.13591672579447,µg/m³,4
2025-12-12 21:00:00+00:00,Karachi,31.679208326339722,µg/m³,4
2025-12-12 22:00:00+00:00,Karachi,30.609916663169862,µg/m³,4
2025-12-12 23:00:00+00:00,Karachi,35.12099995613098,µg/m³,4
2025-12-13 00:00:00+00:00,Karachi,43.90711131625705,µg/m³,3
2025-12-13 01:00:00+00:00,Karachi,74.76555556191337,µg/m³,3
2025-12-13 02:00:00+00:00,Karachi,99.41521528032091,µg/m³,4
2025-12-13 03:00:00+00:00,Karachi,137.43699989318847,µg/m³,4
2025-12-13 04:00:00+00:00,Karachi,101.67535404364268,µg/m³,4
2025-12-13 05:00:00+00:00,Karachi,23.502916673819225,µg/m³,4
2025-12-13 06:00:00+00:00,Karachi,22.35195833047231,µg/m³,4
2025-12-13 07:00:00+00:00,Karachi,16.52237499554952,µg/m³,4
2025-12-13 08:00:00+00:00,Karachi,16.13308332761129,µg/m³,4
2025-12-13 09:00:00+00:00,Karachi,15.802583328882854,µg/m³,4
2025-12-13 10:00:00+00:00,Karachi,15.680041654904684,µg/m³,4
2025-12-13 11:00:00+00:00,Karachi,17.042333332697552,µg/m³,4
2025-12-13 12:00:00+00:00,Karachi,20.764458330472312,µg/m³,4
2025-12-13 13:00:00+00:00,Karachi,22.927750012079876,µg/m³,5
2025-12-13 14:00:00+00:00,Karachi,28.28816674550374,µg/m³,5
2025-12-13 15:00:00+00:00,Karachi,38.076083201169965,µg/m³,4
2025-12-13 16:00:00+00:00,Karachi,42.25433339436849,µg/m³,5
2025-12-13 17:00:00+00:00,Karachi,50.17016099717882,µg/m³,5
2025-12-13 18:00:00+00:00,Karachi,62.96978054894341,µg/m³,5
2025-12-13 19:00:00+00:00,Karachi,62.44282497406006,µg/m³,5
2025-12-13 20:00:00+00:00,Karachi,93.79326670328776,µg/m³,5
2025-12-13 21:00:00+00:00,Karachi,107.43062496185303,µg/m³,4
2025-12-13 22:00:00+00:00,Karachi,60.138683293660485,µg/m³,5
2025-12-13 23:00:00+00:00,Karachi,53.44629989624023,µg/m³,5
2025-12-14 00:00:00+00:00,Karachi,49.35833333333333,µg/m³,5
2025-12-14 01:00:00+00:00,Karachi,56.21,µg/m³,5
2025-12-14 02:00:00+00:00,Karachi,80.90073354085288,µg/m³,5
2025-12-14 03:00:00+00:00,Karachi,129.75160003662108,µg/m³,5
2025-12-14 04:00:00+00:00,Karachi,155.28006663004558,µg/m³,5
2025-12-14 05:00:00+00:00,Karachi,154.3534583409627,µg/m³,4
2025-12-14 06:00:00+00:00,Karachi,123.63716669718424,µg/m³,5
2025-12-14 07:00:00+00:00,Karachi,97.11734558105468,µg/m³,5
2025-12-14 08:00:00+00:00,Karachi,80.21917491912842,µg/m³,5
2025-12-14 09:00:00+00:00,Karachi,78.36029998779297,µg/m³,5
2025-12-14 10:00:00+00:00,Karachi,83.29223332722981,µg/m³,5
2025-12-14 11:00:00+00:00,Karachi,91.22803349812826,µg/m³,5
2025-12-14 12:00:00+00:00,Karachi,102.390433400472,µg/m³,5
2025-12-14 13:00:00+00:00,Karachi,124.00883336385091,µg/m³,5
2025-12-14 14:00:00+00:00,Karachi,140.47443333943687,µg/m³,5
2025-12-14 15:00:00+00:00,Karachi,161.42218755086262,µg/m³,4
2025-12-14 16:00:00+00:00,Karachi,142.2093000793457,µg/m³,5
2025-12-14 17:00:00+00:00,Karachi,128.77794180552164,µg/m³,5
2025-12-14 18:00:00+00:00,Karachi,130.28773335774738,µg/m³,5
2025-12-14 19:00:00+00:00,Karachi,141.22750005086263,µg/m³,5
2025-12-14 20:00:00+00:00,Karachi,142.34933339436847,µg/m³,5
2025-12-14 21:00:00+00:00,Karachi,138.7247366892497,µg/m³,5
2025-12-14 22:00:00+00:00,Karachi,129.90506663004558,µg/m³,5
2025-12-14 23:00:00+00:00,Karachi,125.05110000610352,µg/m³,5
2025-12-15 00:00:00+00:00,Karachi,125.3463859600491,µg/m³,5
2025-12-15 01:00:00+00:00,Karachi,126.62912502288819,µg/m³,4
2025-12-15 02:00:00+00:00,Karachi,141.3677000427246,µg/m³,5
2025-12-15 03:00:00+00:00,Karachi,164.77430013020836,µg/m³,5
2025-12-15 04:00:00+00:00,Karachi,151.51004172007242,µg/m³,5
2025-12-15 05:00:00+00:00,Karachi,127.56999999999998,µg/m³,5
2025-12-15 06:00:00+00:00,Karachi,118.06924839828953,µg/m³,5
2025-12-15 07:00:00+00:00,Karachi,86.97650009155274,µg/m³,5
2025-12-15 08:00:00+00:00,Karachi,90.73772500356039,µg/m³,5
2025-12-15 09:00:00+00:00,Karachi,83.98913330078126,µg/m³,5
2025-12-15 10:00:00+00:00,Karachi,84.83879151662191,µg/m³,5
2025-12-15 11:00:00+00:00,Karachi,99.97197781032988,µg/m³,5
2025-12-15 12:00:00+00:00,Karachi,123.81620820363364,µg/m³,4
2025-12-15 13:00:00+00:00,Karachi,139.06141649882,µg/m³,4
2025-12-15 14:00:00+00:00,Karachi,127.82896670023601,µg/m³,5
2025-12-15 15:00:00+00:00,Karachi,125.37600006103517,µg/m³,5
2025-12-15 16:00:00+00:00,Karachi,132.78256678263347,µg/m³,5
2025-12-15 17:00:00+00:00,Karachi,128.78745835622152,µg/m³,4
2025-12-15 18:00:00+00:00,Karachi,126.59270004272462,µg/m³,5
2025-12-15 19:00:00+00:00,Karachi,121.88149986267089,µg/m³,4
2025-12-15 20:00:00+00:00,Karachi,120.04556666056314,µg/m³,5
2025-12-15 21:00:00+00:00,Karachi,115.94996668497723,µg/m³,5
2025-12-15 22:00:00+00:00,Karachi,109.61218343098957,µg/m³,5
2025-12-15 23:00:00+00:00,Karachi,96.94113332112632,µg/m³,5
2025-12-16 00:00:00+00:00,Karachi,91.37833333333333,µg/m³,5
2025-12-16 01:00:00+00:00,Karachi,87.79056666056314,µg/m³,5
2025-12-16 02:00:00+00:00,Karachi,105.54016657511393,µg/m³,5
2025-12-16 03:00:00+00:00,Karachi,117.01559997558593,µg/m³,5
2025-12-16 04:00:00+00:00,Karachi,110.3911999511719,µg/m³,5
2025-12-16 05:00:00+00:00,Karachi,109.5256999206543,µg/m³,5
2025-12-16 06:00:00+00:00,Karachi,102.32333333333332,µg/m³,5
2025-12-16 07:00:00+00:00,Karachi,87.23499999999999,µg/m³,5
2025-12-16 08:00:00+00:00,Karachi,75.345325050354,µg/m³,5
2025-12-16 09:00:00+00:00,Karachi,72.85279998779296,µg/m³,5
2025-12-16 10:00:00+00:00,Karachi,72.07416683832804,µg/m³,4
2025-12-16 11:00:00+00:00,Karachi,81.19256678263346,µg/m³,5
2025-12-16 12:00:00+00:00,Karachi,90.74872657267254,µg/m³,5
2025-12-16 13:00:00+00:00,Karachi,92.41832667032877,µg/m³,5
2025-12-16 14:00:00+00:00,Karachi,97.65889999389648,µg/m³,5
2025-12-16 15:00:00+00:00,Karachi,93.36328330993652,µg/m³,5
2025-12-16 16:00:00+00:00,Karachi,100.7138748550415,µg/m³,5
2025-12-16 17:00:00+00:00,Karachi,105.43129164377848,µg/m³,4
2025-12-16 18:00:00+00:00,Karachi,107.55783322652181,µg/m³,4
2025-12-16 19:00:00+00:00,Karachi,101.62893330891926,µg/m³,5
2025-12-16 20:00:00+00:00,Karachi,94.71733327229818,µg/m³,5
2025-12-16 21:00:00+00:00,Karachi,84.78120010375976,µg/m³,5
2025-12-16 22:00:00+00:00,Karachi,78.46830001831054,µg/m³,5
2025-12-16 23:00:00+00:00,Karachi,76.89174995422363,µg/m³,4
2025-12-17 00:00:00+00:00,Karachi,84.795,µg/m³,5
2025-12-17 01:00:00+00:00,Karachi,80.45000000000002,µg/m³,4
2025-12-17 02:00:00+00:00,Karachi,98.65940002441405,µg/m³,5
2025-12-17 03:00:00+00:00,Karachi,118.11376673380532,µg/m³,5
2025-12-17 04:00:00+00:00,Karachi,110.6329332478841,µg/m³,5
2025-12-17 05:00:00+00:00,Karachi,96.8156999206543,µg/m³,5
2025-12-17 06:00:00+00:00,Karachi,95.36108334859213,µg/m³,5
2025-12-17 07:00:00+00:00,Karachi,82.17936670939127,µg/m³,5
2025-12-17 08:00:00+00:00,Karachi,81.0,µg/m³,1
2025-12-17 09:00:00+00:00,Karachi,69.84139991760253,µg/m³,5
2025-12-17 10:00:00+00:00,Karachi,71.1172666422526,µg/m³,5
2025-12-17 11:00:00+00:00,Karachi,74.11873341878255,µg/m³,5
2025-12-17 12:00:00+00:00,Karachi,78.36741663614909,µg/m³,4
2025-12-17 13:00:00+00:00,Karachi,100.369197956721,µg/m³,4
2025-12-17 14:00:00+00:00,Karachi,99.20933329264322,µg/m³,3
2025-12-17 15:00:00+00:00,Karachi,121.62545846303304,µg/m³,4
2025-12-17 16:00:00+00:00,Karachi,134.01572223239475,µg/m³,3
2025-12-17 17:00:00+00:00,Karachi,153.3994443681505,µg/m³,4
2025-12-17 18:00:00+00:00,Karachi,180.10915567080178,µg/m³,4
2025-12-17 19:00:00+00:00,Karachi,136.97258338928222,µg/m³,4
2025-12-17 20:00:00+00:00,Karachi,124.3106190127418,µg/m³,5
2025-12-17 21:00:00+00:00,Karachi,108.89509994506837,µg/m³,5
2025-12-17 22:00:00+00:00,Karachi,111.57395814259849,µg/m³,4
2025-12-17 23:00:00+00:00,Karachi,98.65936670939126,µg/m³,5
2025-12-18 00:00:00+00:00,Karachi,86.7436418024699,µg/m³,5
2025-12-18 01:00:00+00:00,Karachi,88.54963639692826,µg/m³,5
2025-12-18 02:00:00+00:00,Karachi,102.33569992065429,µg/m³,5
2025-12-18 03:00:00+00:00,Karachi,114.27943333943685,µg/m³,5
2025-12-18 04:00:00+00:00,Karachi,123.87289993286133,µg/m³,5
2025-12-18 05:00:00+00:00,Karachi,104.58167514801025,µg/m³,5
2025-12-18 06:00:00+00:00,Karachi,85.15779998779297,µg/m³,5
2025-12-18 07:00:00+00:00,Karachi,69.09663613059304,µg/m³,4
2025-12-18 08:00:00+00:00,Karachi,62.05537274447354,µg/m³,5
2025-12-18 09:00:00+00:00,Karachi,64.80183347066244,µg/m³,4
2025-12-18 10:00:00+00:00,Karachi,78.77137508392335,µg/m³,4
2025-12-18 11:00:00+00:00,Karachi,135.81998161033346,µg/m³,3
2025-12-18 12:00:00+00:00,Karachi,123.90349998474122,µg/m³,4
2025-12-18 13:00:00+00:00,Karachi,134.21611595860233,µg/m³,3
2025-12-18 14:00:00+00:00,Karachi,144.0902500152588,µg/m³,4
2025-12-18 15:00:00+00:00,Karachi,153.85738889906142,µg/m³,3
2025-12-18 16:00:00+00:00,Karachi,177.03875007629395,µg/m³,4
2025-12-18 17:00:00+00:00,Karachi,215.85466664632162,µg/m³,4
2025-12-18 18:00:00+00:00,Karachi,249.85304203033445,µg/m³,4
2025-12-18 19:00:00+00:00,Karachi,246.524055396186,µg/m³,3
2025-12-18 20:00:00+00:00,Karachi,154.73412494659422,µg/m³,4
2025-12-18 21:00:00+00:00,Karachi,113.23970826466876,µg/m³,4
2025-12-18 22:00:00+00:00,Karachi,94.93899993896484,µg/m³,4
2025-12-18 23:00:00+00:00,Karachi,87.9222916285197,µg/m³,4
2025-12-19 00:00:00+00:00,Karachi,76.00900001525878,µg/m³,4
2025-12-19 01:00:00+00:00,Karachi,71.96820824941,µg/m³,4
2025-12-19 02:00:00+00:00,Karachi,79.87504164377847,µg/m³,4
2025-12-19 03:00:00+00:00,Karachi,91.65204512808057,µg/m³,4
2025-12-19 04:00:00+00:00,Karachi,102.9506839381324,µg/m³,4
2025-12-19 05:00:00+00:00,Karachi,98.9729688167572,µg/m³,4
2025-12-19 06:00:00+00:00,Karachi,81.90270837148032,µg/m³,4
2025-12-19 07:00:00+00:00,Karachi,63.57728123664856,µg/m³,4
2025-12-19 08:00:00+00:00,Karachi,55.29245827992757,µg/m³,4
2025-12-19 09:00:00+00:00,Karachi,61.69375,µg/m³,4
2025-12-19 10:00:00+00:00,Karachi,66.25204168955486,µg/m³,4
2025-12-19 11:00:00+00:00,Karachi,76.78462498982748,µg/m³,4
2025-12-19 12:00:00+00:00,Karachi,71.0771666208903,µg/m³,4
2025-12-19 13:00:00+00:00,Karachi,88.27983334859212,µg/m³,4
2025-12-19 14:00:00+00:00,Karachi,101.88970826466878,µg/m³,4
2025-12-19 15:00:00+00:00,Karachi,103.10912494659425,µg/m³,4
2025-12-19 16:00:00+00:00,Karachi,130.02522210015192,µg/m³,3
2025-12-19 17:00:00+00:00,Karachi,145.97554175059,µg/m³,4
2025-12-19 18:00:00+00:00,Karachi,169.085610877143,µg/m³,3
2025-12-19 19:00:00+00:00,Karachi,149.6679583867391,µg/m³,4
2025-12-19 20:00:00+00:00,Karachi,128.6132916132609,µg/m³,4
2025-12-19 21:00:00+00:00,Karachi,133.59241663614907,µg/m³,4
2025-12-19 22:00:00+00:00,Karachi,138.19733327229818,µg/m³,4
2025-12-19 23:00:00+00:00,Karachi,125.12241655985514,µg/m³,4
2025-12-20 00:00:00+00:00,Karachi,150.866708056132,µg/m³,4
2025-12-20 01:00:00+00:00,Karachi,169.17779165903727,µg/m³,4
2025-12-20 02:00:00+00:00,Karachi,157.7812916437785,µg/m³,4
2025-12-20 03:00:00+00:00,Karachi,198.38875007629395,µg/m³,4
2025-12-20 04:00:00+00:00,Karachi,222.5107085545858,µg/m³,4
2025-12-20 05:00:00+00:00,Karachi,216.0767079671224,µg/m³,4
2025-12-20 06:00:00+00:00,Karachi,168.2867083867391,µg/m³,4
2025-12-20 07:00:00+00:00,Karachi,126.72338875664605,µg/m³,3
2025-12-20 08:00:00+00:00,Karachi,94.68608334859212,µg/m³,4
2025-12-20 09:00:00+00:00,Karachi,98.95204168955485,µg/m³,4
2025-12-20 10:00:00+00:00,Karachi,118.53151046435039,µg/m³,4
2025-12-20 11:00:00+00:00,Karachi,132.70543281526278,µg/m³,4
2025-12-20 12:00:00+00:00,Karachi,126.92512493133546,µg/m³,4
2025-12-20 13:00:00+00:00,Karachi,124.89449996948242,µg/m³,4
2025-12-20 14:00:00+00:00,Karachi,133.26205571492514,µg/m³,3
2025-12-20 15:00:00+00:00,Karachi,125.1,µg/m³,4
2025-12-20 16:00:00+00:00,Karachi,140.2599582036336,µg/m³,4
2025-12-20 17:00:00+00:00,Karachi,133.45601035753884,µg/m³,4
2025-12-20 18:00:00+00:00,Karachi,121.9818333943685,µg/m³,4
2025-12-20 19:00:00+00:00,Karachi,123.6326250076294,µg/m³,4
2025-12-20 20:00:00+00:00,Karachi,115.55895837148032,µg/m³,4
2025-12-20 21:00:00+00:00,Karachi,106.1049166361491,µg/m³,4
2025-12-20 22:00:00+00:00,Karachi,114.54191652933757,µg/m³,4
2025-12-20 23:00:00+00:00,Karachi,128.62295837402343,µg/m³,4
2025-12-21 00:00:00+00:00,Karachi,155.35320847829183,µg/m³,4
2025-12-21 01:00:00+00:00,Karachi,160.97991663614908,µg/m³,4
2025-12-21 02:00:00+00:00,Karachi,159.12983334859211,µg/m³,4
2025-12-21 03:00:00+00:00,Karachi,158.5520831425985,µg/m³,4
2025-12-21 04:00:00+00:00,Karachi,201.0764170328776,µg/m³,4
2025-12-21 05:00:00+00:00,Karachi,159.66095835367838,µg/m³,4
2025-12-21 06:00:00+00:00,Karachi,157.49441655476886,µg/m³,4
2025-12-21 07:00:00+00:00,Karachi,79.97291666666666,µg/m³,4
2025-12-21 08:00:00+00:00,Karachi,51.51658338705698,µg/m³,4
2025-12-21 09:00:00+00:00,Karachi,42.218722110324435,µg/m³,3
2025-12-21 10:00:00+00:00,Karachi,33.0631666580836,µg/m³,4
2025-12-21 11:00:00+00:00,Karachi,28.55295820236206,µg/m³,4
2025-12-21 12:00:00+00:00,Karachi,31.712250089645384,µg/m³,4
2025-12-21 13:00:00+00:00,Karachi,32.57362498442332,µg/m³,4
2025-12-21 14:00:00+00:00,Karachi,34.82445825735728,µg/m³,4
2025-12-21 15:00:00+00:00,Karachi,38.12895845572153,µg/m³,4
2025-12-21 16:00:00+00:00,Karachi,40.16829153696696,µg/m³,4
2025-12-21 17:00:00+00:00,Karachi,38.58529171148936,µg/m³,4
2025-12-21 18:00:00+00:00,Karachi,37.69877786636352,µg/m³,3
2025-12-21 19:00:00+00:00,Karachi,38.68358317216237,µg/m³,4
2025-12-21 20:00:00+00:00,Karachi,43.241777727339006,µg/m³,3
2025-12-21 21:00:00+00:00,Karachi,33.922041765848796,µg/m³,4
2025-12-21 22:00:00+00:00,Karachi,37.5269531160593,µg/m³,4
2025-12-21 23:00:00+00:00,Karachi,58.347636972154895,µg/m³,4
2025-12-22 00:00:00+00:00,Karachi,68.05200004577637,µg/m³,4
2025-12-22 01:00:00+00:00,Karachi,55.86608327229817,µg/m³,4
2025-12-22 02:00:00+00:00,Karachi,55.740374946594244,µg/m³,4
2025-12-22 03:00:00+00:00,Karachi,58.22454153696697,µg/m³,4
2025-12-22 04:00:00+00:00,Karachi,64.56179167429606,µg/m³,4
2025-12-22 05:00:00+00:00,Karachi,70.56276033719381,µg/m³,4
2025-12-22 06:00:00+00:00,Karachi,58.50829168955485,µg/m³,4
2025-12-22 07:00:00+00:00,Karachi,58.417458279927565,µg/m³,4
2025-12-22 08:00:00+00:00,Karachi,63.32758344014486,µg/m³,4
2025-12-22 09:00:00+00:00,Karachi,87.26575012207032,µg/m³,4
2025-12-22 10:00:00+00:00,Karachi,101.34561123318142,µg/m³,4
2025-12-22 11:00:00+00:00,Karachi,82.3176979223887,µg/m³,4
2025-12-22 12:00:00+00:00,Karachi,63.58620827992757,µg/m³,4
2025-12-22 13:00:00+00:00,Karachi,51.20141665140788,µg/m³,4
2025-12-22 14:00:00+00:00,Karachi,50.36800003051758,µg/m³,4
2025-12-22 15:00:00+00:00,Karachi,67.03383344014486,µg/m³,4
2025-12-22 16:00:00+00:00,Karachi,112.07929159800211,µg/m³,4
2025-12-22 17:00:00+00:00,Karachi,132.64925003051758,µg/m³,4
2025-12-22 18:00:00+00:00,Karachi,138.15770829518635,µg/m³,4
2025-12-22 19:00:00+00:00,Karachi,140.90087496439617,µg/m³,4
2025-12-22 20:00:00+00:00,Karachi,135.7613748550415,µg/m³,4
2025-12-22 21:00:00+00:00,Karachi,126.93970826466878,µg/m³,4
2025-12-22 22:00:00+00:00,Karachi,114.87924995422362,µg/m³,4
2025-12-22 23:00:00+00:00,Karachi,113.15208333333332,µg/m³,4
2025-12-23 00:00:00+00:00,Karachi,112.3611666361491,µg/m³,4
2025-12-23 01:00:00+00:00,Karachi,110.21745827992758,µg/m³,4
2025-12-23 02:00:00+00:00,Karachi,107.72983334859212,µg/m³,4
2025-12-23 03:00:00+00:00,Karachi,116.60750007629396,µg/m³,4
2025-12-23 04:00:00+00:00,Karachi,114.63754164377848,µg/m³,4
2025-12-23 05:00:00+00:00,Karachi,99.06195824941001,µg/m³,4
2025-12-23 06:00:00+00:00,Karachi,73.01674314075046,µg/m³,4
2025-12-23 07:00:00+00:00,Karachi,61.32507866047047,µg/m³,3
2025-12-23 08:00:00+00:00,Karachi,53.706208144293896,µg/m³,3
2025-12-23 09:00:00+00:00,Karachi,49.700874900817865,µg/m³,4
2025-12-23 10:00:00+00:00,Karachi,50.048083241780596,µg/m³,4
2025-12-23 11:00:00+00:00,Karachi,52.65635761155022,µg/m³,4
2025-12-23 12:00:00+00:00,Karachi,56.86837520599365,µg/m³,4
2025-12-23 13:00:00+00:00,Karachi,57.533625125885,µg/m³,4
2025-12-23 14:00:00+00:00,Karachi,62.652770932515466,µg/m³,4
2025-12-23 15:00:00+00:00,Karachi,64.51012516021729,µg/m³,4
2025-12-23 16:00:00+00:00,Karachi,69.03972227308486,µg/m³,3
2025-12-23 17:00:00+00:00,Karachi,73.57016665140787,µg/m³,4
2025-12-23 18:00:00+00:00,Karachi,80.93516680399577,µg/m³,4
2025-12-23 19:00:00+00:00,Karachi,88.54505572848849,µg/m³,3
2025-12-23 20:00:00+00:00,Karachi,85.07008336385091,µg/m³,4
2025-12-23 21:00:00+00:00,Karachi,88.34291674296063,µg/m³,4
2025-12-23 22:00:00+00:00,Karachi,85.8953332265218,µg/m³,4
2025-12-23 23:00:00+00:00,Karachi,72.85879179636638,µg/m³,4
2025-12-24 00:00:00+00:00,Karachi,64.78662509918213,µg/m³,4
2025-12-24 01:00:00+00:00,Karachi,66.52966677347818,µg/m³,4
2025-12-24 02:00:00+00:00,Karachi,83.50570818583171,µg/m³,4
2025-12-24 03:00:00+00:00,Karachi,86.93529173533122,µg/m³,4
2025-12-24 04:00:00+00:00,Karachi,96.93787523905435,µg/m³,4
2025-12-24 05:00:00+00:00,Karachi,103.35908323923746,µg/m³,4
2025-12-24 06:00:00+00:00,Karachi,103.40087490081787,µg/m³,4
2025-12-24 07:00:00+00:00,Karachi,59.733145840962734,µg/m³,4
2025-12-24 08:00:00+00:00,Karachi,51.017916742960615,µg/m³,4
2025-12-24 09:00:00+00:00,Karachi,59.27445824941,µg/m³,4
2025-12-24 10:00:00+00:00,Karachi,62.71900030771891,µg/m³,4
2025-12-24 11:00:00+00:00,Karachi,99.60112469991049,µg/m³,4
2025-12-24 12:00:00+00:00,Karachi,98.38834369977315,µg/m³,4
2025-12-24 13:00:00+00:00,Karachi,97.20687503814696,µg/m³,4
2025-12-24 14:00:00+00:00,Karachi,88.29337482452392,µg/m³,4
2025-12-24 15:00:00+00:00,Karachi,113.22695155673557,µg/m³,4
2025-12-24 16:00:00+00:00,Karachi,128.0047256734636,µg/m³,4
2025-12-24 17:00:00+00:00,Karachi,128.8470417658488,µg/m³,4
2025-12-24 18:00:00+00:00,Karachi,143.43137493133545,µg/m³,4
2025-12-24 19:00:00+00:00,Karachi,173.62437496185302,µg/m³,4
2025-12-24 20:00:00+00:00,Karachi,164.30641657511393,µg/m³,4
2025-12-24 21:00:00+00:00,Karachi,175.42700004577637,µg/m³,4
2025-12-24 22:00:00+00:00,Karachi,156.20416673024496,µg/m³,4
2025-12-24 23:00:00+00:00,Karachi,160.07145818074545,µg/m³,4
2025-12-25 00:00:00+00:00,Karachi,161.9858890109592,µg/m³,3
2025-12-25 01:00:00+00:00,Karachi,118.97359697553846,µg/m³,4
2025-12-25 02:00:00+00:00,Karachi,112.74524993896483,µg/m³,4
2025-12-25 03:00:00+00:00,Karachi,132.74283320109052,µg/m³,3
2025-12-25 04:00:00+00:00,Karachi,130.9680499267578,µg/m³,4
2025-12-25 05:00:00+00:00,Karachi,135.12006251017252,µg/m³,4
2025-12-25 06:00:00+00:00,Karachi,102.19533322652181,µg/m³,4
2025-12-25 07:00:00+00:00,Karachi,95.89187488555908,µg/m³,4
2025-12-25 08:00:00+00:00,Karachi,84.28191668192545,µg/m³,4
2025-12-25 09:00:00+00:00,Karachi,61.775537930112904,µg/m³,4
2025-12-25 10:00:00+00:00,Karachi,55.26982494354249,µg/m³,4
2025-12-25 11:00:00+00:00,Karachi,57.799458249409994,µg/m³,4
2025-12-25 12:00:00+00:00,Karachi,66.07779165903727,µg/m³,4
2025-12-25 13:00:00+00:00,Karachi,67.45287494659424,µg/m³,4
2025-12-25 14:00:00+00:00,Karachi,73.16637503306072,µg/m³,4
2025-12-25 15:00:00+00:00,Karachi,76.23333333333333,µg/m³,3
2025-12-25 16:00:00+00:00,Karachi,63.88191668192545,µg/m³,4
2025-12-25 17:00:00+00:00,Karachi,73.1194375038147,µg/m³,4
2025-12-25 18:00:00+00:00,Karachi,93.39524993896485,µg/m³,4
2025-12-25 19:00:00+00:00,Karachi,97.10288882785373,µg/m³,3
2025-12-25 20:00:00+00:00,Karachi,131.86604169209798,µg/m³,4
2025-12-25 21:00:00+00:00,Karachi,150.4411247253418,µg/m³,4
2025-12-25 22:00:00+00:00,Karachi,147.07058347066243,µg/m³,4
2025-12-25 23:00:00+00:00,Karachi,134.58395837148032,µg/m³,4
2025-12-26 00:00:00+00:00,Karachi,114.55074996948242,µg/m³,4
2025-12-26 01:00:00+00:00,Karachi,101.925,µg/m³,4
2025-12-26 02:00:00+00:00,Karachi,94.87075004577636,µg/m³,4
2025-12-26 03:00:00+00:00,Karachi,87.9818333943685,µg/m³,4
2025-12-26 04:00:00+00:00,Karachi,89.28120835622151,µg/m³,4
2025-12-26 05:00:00+00:00,Karachi,111.63216654459634,µg/m³,4
2025-12-26 06:00:00+00:00,Karachi,92.69441668192545,µg/m³,4
2025-12-26 07:00:00+00:00,Karachi,77.51787509918212,µg/m³,4
2025-12-26 08:00:00+00:00,Karachi,79.49095452048562,µg/m³,4
2025-12-26 09:00:00+00:00,Karachi,70.37425003051757,µg/m³,4
2025-12-26 10:00:00+00:00,Karachi,56.216500091552724,µg/m³,3
2025-12-26 11:00:00+00:00,Karachi,46.22949981689454,µg/m³,4
2025-12-26 12:00:00+00:00,Karachi,47.3445416132609,µg/m³,4
2025-12-26 13:00:00+00:00,Karachi,56.41395829518636,µg/m³,4
2025-12-26 14:00:00+00:00,Karachi,70.25470841725668,µg/m³,4
2025-12-26 15:00:00+00:00,Karachi,94.50076528606992,µg/m³,4
2025-12-26 16:00:00+00:00,Karachi,121.53504158655802,µg/m³,4
2025-12-26 17:00:00+00:00,Karachi,131.14904181162515,µg/m³,4
2025-12-26 18:00:00+00:00,Karachi,145.58064568837483,µg/m³,4
2025-12-26 19:00:00+00:00,Karachi,152.25904165903728,µg/m³,4
2025-12-26 20:00:00+00:00,Karachi,163.39633344014487,µg/m³,4
2025-12-26 21:00:00+00:00,Karachi,141.42508328755696,µg/m³,4
2025-12-26 22:00:00+00:00,Karachi,101.61920846303303,µg/m³,4
2025-12-26 23:00:00+00:00,Karachi,89.51041666666667,µg/m³,4
2025-12-27 00:00:00+00:00,Karachi,80.6834166208903,µg/m³,4
2025-12-27 01:00:00+00:00,Karachi,76.25004164377847,µg/m³,4
2025-12-27 02:00:00+00:00,Karachi,66.61437511444092,µg/m³,4
2025-12-27 03:00:00+00:00,Karachi,75.03450012207033,µg/m³,4
2025-12-27 04:00:00+00:00,Karachi,76.99987506866455,µg/m³,4
2025-12-27 05:00:00+00:00,Karachi,73.63112506866455,µg/m³,4
2025-12-27 06:00:00+00:00,Karachi,72.08337497711182,µg/m³,4
2025-12-27 07:00:00+00:00,Karachi,70.66085195188168,µg/m³,3
2025-12-27 08:00:00+00:00,Karachi,65.92550010681154,µg/m³,4
2025-12-27 09:00:00+00:00,Karachi,74.28404165903729,µg/m³,4
2025-12-27 10:00:00+00:00,Karachi,72.29308331807454,µg/m³,4
2025-12-27 11:00:00+00:00,Karachi,68.6152083714803,µg/m³,4
2025-12-27 12:00:00+00:00,Karachi,73.20136099921332,µg/m³,4
2025-12-27 13:00:00+00:00,Karachi,74.66691652933757,µg/m³,4
2025-12-27 14:00:00+00:00,Karachi,95.14366671244304,µg/m³,4
2025-12-27 15:00:00+00:00,Karachi,118.86404158274331,µg/m³,4
2025-12-27 16:00:00+00:00,Karachi,130.36520837148032,µg/m³,4
2025-12-27 17:00:00+00:00,Karachi,161.81533330281576,µg/m³,4
2025-12-27 18:00:00+00:00,Karachi,152.08258336385092,µg/m³,4
2025-12-27 19:00:00+00:00,Karachi,164.238611263699,µg/m³,3
2025-12-27 20:00:00+00:00,Karachi,166.52629172007244,µg/m³,4
2025-12-27 21:00:00+00:00,Karachi,173.06879164377847,µg/m³,4
2025-12-27 22:00:00+00:00,Karachi,149.02258313496907,µg/m³,4
2025-12-27 23:00:00+00:00,Karachi,150.35183351304798,µg/m³,3
2025-12-28 00:00:00+00:00,Karachi,115.15916671752927,µg/m³,3
2025-12-28 01:00:00+00:00,Karachi,90.51324996948242,µg/m³,4
2025-12-28 02:00:00+00:00,Karachi,81.14429175059001,µg/m³,4
2025-12-28 03:00:00+00:00,Karachi,92.89941660563152,µg/m³,4
2025-12-28 04:00:00+00:00,Karachi,101.80645821889242,µg/m³,4
2025-12-28 05:00:00+00:00,Karachi,100.88505562676325,µg/m³,3
2025-12-28 06:00:00+00:00,Karachi,78.02979170481365,µg/m³,4
2025-12-28 07:00:00+00:00,Karachi,65.36316668192546,µg/m³,4
2025-12-28 08:00:00+00:00,Karachi,66.75970834096273,µg/m³,4
2025-12-28 09:00:00+00:00,Karachi,75.49241663614909,µg/m³,4
2025-12-28 10:00:00+00:00,Karachi,71.84850006103517,µg/m³,4
2025-12-28 11:00:00+00:00,Karachi,65.69249992370605,µg/m³,4
2025-12-28 12:00:00+00:00,Karachi,67.04012508392334,µg/m³,4
2025-12-28 13:00:00+00:00,Karachi,68.30576261520386,µg/m³,4
2025-12-28 14:00:00+00:00,Karachi,82.00620835622152,µg/m³,4
2025-12-28 15:00:00+00:00,Karachi,96.61820824940999,µg/m³,4
2025-12-28 16:00:00+00:00,Karachi,112.32045815785726,µg/m³,4
2025-12-28 17:00:00+00:00,Karachi,145.5017222934299,µg/m³,3
2025-12-28 18:00:00+00:00,Karachi,177.14300009409587,µg/m³,4
2025-12-28 19:00:00+00:00,Karachi,155.42275009155273,µg/m³,4
2025-12-28 20:00:00+00:00,Karachi,134.95695832570394,µg/m³,4
2025-12-28 21:00:00+00:00,Karachi,140.11262493133546,µg/m³,4
2025-12-28 22:00:00+00:00,Karachi,136.69249992370604,µg/m³,4
2025-12-28 23:00:00+00:00,Karachi,140.38604170481364,µg/m³,4
2025-12-29 00:00:00+00:00,Karachi,143.48144446478952,µg/m³,3
2025-12-29 01:00:00+00:00,Karachi,140.0519443935818,µg/m³,3
2025-12-29 02:00:00+00:00,Karachi,125.43612499237062,µg/m³,4
2025-12-29 03:00:00+00:00,Karachi,117.03908322652181,µg/m³,4
2025-12-29 04:00:00+00:00,Karachi,113.85194439358183,µg/m³,3
2025-12-29 05:00:00+00:00,Karachi,110.12033316294352,µg/m³,4
2025-12-29 06:00:00+00:00,Karachi,92.16037502288819,µg/m³,4
2025-12-29 07:00:00+00:00,Karachi,83.52488547960917,µg/m³,4
2025-12-29 08:00:00+00:00,Karachi,93.24241663614909,µg/m³,4
2025-12-29 09:00:00+00:00,Karachi,87.04179857042101,µg/m³,4
2025-12-29 10:00:00+00:00,Karachi,85.68530902332729,µg/m³,4
2025-12-29 11:00:00+00:00,Karachi,78.66413193808661,µg/m³,4
2025-12-29 12:00:00+00:00,Karachi,78.870222430759,µg/m³,4
2025-12-29 13:00:00+00:00,Karachi,99.51124992370605,µg/m³,4
2025-12-29 14:00:00+00:00,Karachi,118.31016667683919,µg/m³,3
2025-12-29 15:00:00+00:00,Karachi,151.04691683451335,µg/m³,4
2025-12-29 16:00:00+00:00,Karachi,166.01866675482856,µg/m³,3
2025-12-29 17:00:00+00:00,Karachi,185.23133328755696,µg/m³,4
2025-12-29 18:00:00+00:00,Karachi,202.47908344268797,µg/m³,4
2025-12-29 19:00:00+00:00,Karachi,224.46233297983807,µg/m³,4
2025-12-29 20:00:00+00:00,Karachi,231.12570889790854,µg/m³,4
2025-12-29 21:00:00+00:00,Karachi,201.7264273484548,µg/m³,4
2025-12-29 22:00:00+00:00,Karachi,181.0437915802002,µg/m³,4
2025-12-29 23:00:00+00:00,Karachi,164.12704168955486,µg/m³,4
2025-12-30 00:00:00+00:00,Karachi,134.04770844777423,µg/m³,4
2025-12-30 01:00:00+00:00,Karachi,123.36945832570395,µg/m³,4
2025-12-30 02:00:00+00:00,Karachi,130.60012493133544,µg/m³,4
2025-12-30 03:00:00+00:00,Karachi,134.82283337910968,µg/m³,4
2025-12-30 04:00:00+00:00,Karachi,136.0,µg/m³,1
2025-12-30 05:00:00+00:00,Karachi,189.86174971262614,µg/m³,4
2025-12-30 06:00:00+00:00,Karachi,197.2133331934611,µg/m³,4
2025-12-30 07:00:00+00:00,Karachi,113.01903254897506,µg/m³,4
2025-12-30 08:00:00+00:00,Karachi,80.87762508392333,µg/m³,4
2025-12-30 09:00:00+00:00,Karachi,70.5287811756134,µg/m³,4
2025-12-30 10:00:00+00:00,Karachi,76.78120835622151,µg/m³,4
2025-12-30 11:00:00+00:00,Karachi,75.33259387016295,µg/m³,4
2025-12-30 12:00:00+00:00,Karachi,87.51949996948242,µg/m³,4
2025-12-30 13:00:00+00:00,Karachi,95.99372211032444,µg/m³,3
2025-12-30 14:00:00+00:00,Karachi,96.76774978637695,µg/m³,4
2025-12-30 15:00:00+00:00,Karachi,88.28129164377847,µg/m³,4
2025-12-30 16:00:00+00:00,Karachi,94.89703125953676,µg/m³,4
2025-12-30 17:00:00+00:00,Karachi,55.199458249409986,µg/m³,4
2025-12-30 18:00:00+00:00,Karachi,31.0,µg/m³,1
2025-12-30 19:00:00+00:00,Karachi,37.195444424947105,µg/m³,3
2025-12-30 20:00:00+00:00,Karachi,32.4602917432785,µg/m³,4
2025-12-30 21:00:00+00:00,Karachi,28.148447817564012,µg/m³,4
2025-12-30 22:00:00+00:00,Karachi,25.318791683514917,µg/m³,4
2025-12-30 23:00:00+00:00,Karachi,25.21696972846985,µg/m³,4
2025-12-31 00:00:00+00:00,Karachi,21.521541659037272,µg/m³,4
2025-12-31 01:00:00+00:00,Karachi,31.398277685377337,µg/m³,3
2025-12-31 02:00:00+00:00,Karachi,41.92405556572808,µg/m³,3
2025-12-31 03:00:00+00:00,Karachi,96.74450013902451,µg/m³,3
2025-12-31 04:00:00+00:00,Karachi,64.82694439358181,µg/m³,3
2025-12-31 05:00:00+00:00,Karachi,33.03500012291803,µg/m³,3
2025-12-31 06:00:00+00:00,Karachi,21.608166715833875,µg/m³,3
2025-12-31 07:00:00+00:00,Karachi,13.752722220950657,µg/m³,3
2025-12-31 08:00:00+00:00,Karachi,12.800833331214058,µg/m³,3
2025-12-31 09:00:00+00:00,Karachi,16.746055571238198,µg/m³,3
2025-12-31 10:00:00+00:00,Karachi,11.298999987708198,µg/m³,3
2025-12-31 11:00:00+00:00,Karachi,11.964722209506567,µg/m³,3
2025-12-31 12:00:00+00:00,Karachi,19.07616661919488,µg/m³,3
2025-12-31 13:00:00+00:00,Karachi,33.83616672092014,µg/m³,3
2025-12-31 14:00:00+00:00,Karachi,55.217389000786675,µg/m³,3
2025-12-31 15:00:00+00:00,Karachi,83.40988905164932,µg/m³,3
2025-12-31 16:00:00+00:00,Karachi,90.20294435289172,µg/m³,3
2025-12-31 17:00:00+00:00,Karachi,99.00841662089032,µg/m³,2
2025-12-31 18:00:00+00:00,Karachi,157.80205544365776,µg/m³,3
2025-12-31 19:00:00+00:00,Karachi,157.01538908216688,µg/m³,3
2025-12-31 20:00:00+00:00,Karachi,134.0641109890408,µg/m³,3
2025-12-31 21:00:00+00:00,Karachi,139.1586109585232,µg/m³,3
2025-12-31 22:00:00+00:00,Karachi,132.27877773708767,µg/m³,3
2025-12-31 23:00:00+00:00,Karachi,120.68627768622504,µg/m³,3
2026-01-01 00:00:00+00:00,Karachi,113.37375005086263,µg/m³,3
2026-01-01 01:00:00+00:00,Karachi,105.11055535210501,µg/m³,3
2026-01-01 02:00:00+00:00,Karachi,105.39822218153212,µg/m³,3
2026-01-01 03:00:00+00:00,Karachi,104.48961122300891,µg/m³,3
2026-01-01 04:00:00+00:00,Karachi,109.00466664632161,µg/m³,3
2026-01-01 05:00:00+00:00,Karachi,106.65755547417535,µg/m³,3
2026-01-01 06:00:00+00:00,Karachi,100.72594443427192,µg/m³,3
2026-01-01 07:00:00+00:00,Karachi,79.0035001118978,µg/m³,3
2026-01-01 08:00:00+00:00,Karachi,57.537879675405996,µg/m³,3
2026-01-01 09:00:00+00:00,Karachi,54.03514579137166,µg/m³,2
2026-01-01 10:00:00+00:00,Karachi,52.98694449530708,µg/m³,3
2026-01-01 11:00:00+00:00,Karachi,57.968848396070065,µg/m³,3
2026-01-01 12:00:00+00:00,Karachi,60.79711117214626,µg/m³,3
2026-01-01 13:00:00+00:00,Karachi,95.10258344014485,µg/m³,2
2026-01-01 14:00:00+00:00,Karachi,92.62466684977214,µg/m³,2
2026-01-01 15:00:00+00:00,Karachi,96.7491667429606,µg/m³,2
2026-01-01 16:00:00+00:00,Karachi,104.42741686503092,µg/m³,2
2026-01-01 17:00:00+00:00,Karachi,113.99441668192549,µg/m³,2
2026-01-01 18:00:00+00:00,Karachi,121.01100006103516,µg/m³,2
2026-01-01 19:00:00+00:00,Karachi,119.46388888888889,µg/m³,3
2026-01-01 20:00:00+00:00,Karachi,114.01322207980685,µg/m³,3
2026-01-01 21:00:00+00:00,Karachi,112.75655551486545,µg/m³,3
2026-01-01 22:00:00+00:00,Karachi,98.30722232394749,µg/m³,3
2026-01-01 23:00:00+00:00,Karachi,103.21872211032444,µg/m³,3
2026-01-02 00:00:00+00:00,Karachi,87.05266672770182,µg/m³,3
2026-01-02 01:00:00+00:00,Karachi,86.11761110093859,µg/m³,3
2026-01-02 02:00:00+00:00,Karachi,75.00099995930988,µg/m³,3
2026-01-02 03:00:00+00:00,Karachi,90.71311102973091,µg/m³,3
2026-01-02 04:00:00+00:00,Karachi,92.93605558607312,µg/m³,3
2026-01-02 05:00:00+00:00,Karachi,86.3727779812283,µg/m³,3
2026-01-02 06:00:00+00:00,Karachi,83.15194439358181,µg/m³,3
2026-01-02 07:00:00+00:00,Karachi,67.11686655680337,µg/m³,3
2026-01-02 08:00:00+00:00,Karachi,61.037111070421,µg/m³,3
2026-01-02 09:00:00+00:00,Karachi,63.037111070421,µg/m³,3
2026-01-02 10:00:00+00:00,Karachi,59.447666592068146,µg/m³,3
2026-01-02 11:00:00+00:00,Karachi,57.24833323160808,µg/m³,3
2026-01-02 12:00:00+00:00,Karachi,62.73683344523112,µg/m³,3
2026-01-02 13:00:00+00:00,Karachi,72.71927786933051,µg/m³,3
2026-01-02 14:00:00+00:00,Karachi,73.77009069269354,µg/m³,2
2026-01-02 15:00:00+00:00,Karachi,74.1451942867703,µg/m³,2
