datetime,city,pm25_value,pm25_unit,pm25_locations
2025-10-04 16:00:00+00:00,Multan,67.51202071507772,µg/m³,2
2025-10-04 17:00:00+00:00,Multan,65.57283318837484,µg/m³,2
2025-10-04 18:00:00+00:00,Multan,73.21081228256224,µg/m³,2
2025-10-04 19:00:00+00:00,Multan,76.21593770980834,µg/m³,2
2025-10-04 20:00:00+00:00,Multan,45.96293745040893,µg/m³,2
2025-10-04 21:00:00+00:00,Multan,26.83747230370839,µg/m³,1
2025-10-04 22:00:00+00:00,Multan,47.81955018043518,µg/m³,1
2025-10-04 23:00:00+00:00,Multan,67.54722710522738,µg/m³,1
2025-10-05 00:00:00+00:00,Multan,46.26341694990794,µg/m³,1
2025-10-05 01:00:00+00:00,Multan,44.10708363850912,µg/m³,1
2025-10-05 02:00:00+00:00,Multan,51.667999903361,µg/m³,1
2025-10-05 03:00:00+00:00,Multan,36.45166675249735,µg/m³,1
2025-10-05 04:00:00+00:00,Multan,32.81729170481364,µg/m³,1
2025-10-05 05:00:00+00:00,Multan,30.61051382488675,µg/m³,1
2025-10-05 06:00:00+00:00,Multan,37.15391687552134,µg/m³,1
2025-10-05 07:00:00+00:00,Multan,40.3836665391922,µg/m³,1
2025-10-05 08:00:00+00:00,Multan,32.03729182084402,µg/m³,1
2025-10-05 09:00:00+00:00,Multan,30.77737494309743,µg/m³,1
2025-10-05 10:00:00+00:00,Multan,31.20999987125397,µg/m³,1
2025-10-05 11:00:00+00:00,Multan,43.66037493546804,µg/m³,1
2025-10-05 12:00:00+00:00,Multan,34.25745842456818,µg/m³,1
2025-10-05 13:00:00+00:00,Multan,55.00141665140787,µg/m³,1
2025-10-05 14:00:00+00:00,Multan,47.914402710066895,µg/m³,1
2025-10-05 15:00:00+00:00,Multan,36.094499810536696,µg/m³,1
2025-10-05 16:00:00+00:00,Multan,54.88462471961975,µg/m³,1
2025-10-05 17:00:00+00:00,Multan,26.205583254496258,µg/m³,1
2025-10-05 18:00:00+00:00,Multan,43.61708326339721,µg/m³,1
2025-10-05 19:00:00+00:00,Multan,79.86799926757813,µg/m³,1
2025-10-05 20:00:00+00:00,Multan,27.159143025534494,µg/m³,1
2025-10-05 21:00:00+00:00,Multan,32.13616631825766,µg/m³,1
2025-10-05 22:00:00+00:00,Multan,29.41637499332428,µg/m³,1
2025-10-05 23:00:00+00:00,Multan,38.52216691176096,µg/m³,1
2025-10-06 00:00:00+00:00,Multan,46.630416552225746,µg/m³,1
2025-10-06 01:00:00+00:00,Multan,41.711472397380405,µg/m³,1
2025-10-06 02:00:00+00:00,Multan,54.943916606903066,µg/m³,1
2025-10-06 03:00:00+00:00,Multan,30.698708415031433,µg/m³,1
2025-10-06 04:00:00+00:00,Multan,37.52197185092502,µg/m³,1
2025-10-06 05:00:00+00:00,Multan,43.64537525177002,µg/m³,1
2025-10-06 06:00:00+00:00,Multan,35.02333344618479,µg/m³,1
2025-10-06 07:00:00+00:00,Multan,60.870416831970225,µg/m³,1
2025-10-06 08:00:00+00:00,Multan,46.45270856221517,µg/m³,1
2025-10-06 09:00:00+00:00,Multan,52.423944515652124,µg/m³,1
2025-10-06 10:00:00+00:00,Multan,36.79687503178915,µg/m³,1
2025-10-06 11:00:00+00:00,Multan,35.560083325703935,µg/m³,1
2025-10-06 12:00:00+00:00,Multan,32.948166680335994,µg/m³,1
2025-10-06 13:00:00+00:00,Multan,46.056291262308754,µg/m³,1
2025-10-06 14:00:00+00:00,Multan,81.1483751296997,µg/m³,1
2025-10-06 15:00:00+00:00,Multan,42.19116655985515,µg/m³,1
2025-10-06 16:00:00+00:00,Multan,39.540666834513345,µg/m³,1
2025-10-06 17:00:00+00:00,Multan,38.92897194756402,µg/m³,1
2025-10-06 18:00:00+00:00,Multan,63.16929171880086,µg/m³,1
2025-10-06 19:00:00+00:00,Multan,52.02629175186158,µg/m³,1
2025-10-06 20:00:00+00:00,Multan,43.8655003229777,µg/m³,1
2025-10-06 21:00:00+00:00,Multan,35.093819787767195,µg/m³,1
2025-10-06 22:00:00+00:00,Multan,40.20016656716665,µg/m³,1
2025-10-06 23:00:00+00:00,Multan,44.7748334566752,µg/m³,1
2025-10-07 00:00:00+00:00,Multan,78.85891672770182,µg/m³,1
2025-10-07 01:00:00+00:00,Multan,54.368207899729406,µg/m³,1
2025-10-07 02:00:00+00:00,Multan,88.62212505340575,µg/m³,1
2025-10-07 03:00:00+00:00,Multan,70.066583387057,µg/m³,1
2025-10-07 04:00:00+00:00,Multan,39.71358357270558,µg/m³,1
2025-10-07 05:00:00+00:00,Multan,29.252249868710834,µg/m³,1
2025-10-07 06:00:00+00:00,Multan,12.167208274205526,µg/m³,1
2025-10-07 07:00:00+00:00,Multan,15.35387497742971,µg/m³,1
2025-10-07 08:00:00+00:00,Multan,21.56058320204417,µg/m³,1
2025-10-07 09:00:00+00:00,Multan,23.742319379912484,µg/m³,1
2025-10-07 10:00:00+00:00,Multan,35.543416984875996,µg/m³,1
2025-10-07 11:00:00+00:00,Multan,38.96484708786011,µg/m³,1
2025-10-07 12:00:00+00:00,Multan,22.21355559560988,µg/m³,1
2025-10-07 13:00:00+00:00,Multan,39.98929170767467,µg/m³,1
2025-10-07 14:00:00+00:00,Multan,49.57315239376492,µg/m³,1
2025-10-07 15:00:00+00:00,Multan,50.790999603271494,µg/m³,1
2025-10-07 16:00:00+00:00,Multan,83.11424980163575,µg/m³,1
2025-10-07 17:00:00+00:00,Multan,99.77387523651123,µg/m³,1
2025-10-07 18:00:00+00:00,Multan,73.48629156748454,µg/m³,1
2025-10-07 19:00:00+00:00,Multan,52.75072195265028,µg/m³,1
2025-10-07 20:00:00+00:00,Multan,47.85004164377849,µg/m³,1
2025-10-07 21:00:00+00:00,Multan,42.690166727701815,µg/m³,1
2025-10-07 22:00:00+00:00,Multan,77.26429182688396,µg/m³,1
2025-10-07 23:00:00+00:00,Multan,61.95120805104574,µg/m³,1
2025-10-08 00:00:00+00:00,Multan,49.81762485504151,µg/m³,1
2025-10-08 01:00:00+00:00,Multan,60.648541704813645,µg/m³,1
2025-10-08 02:00:00+00:00,Multan,63.982027859157995,µg/m³,1
2025-10-08 03:00:00+00:00,Multan,94.8603333791097,µg/m³,1
2025-10-08 04:00:00+00:00,Multan,42.92208344141642,µg/m³,1
2025-10-08 05:00:00+00:00,Multan,21.118472300635442,µg/m³,1
2025-10-08 06:00:00+00:00,Multan,10.397291668256123,µg/m³,1
2025-10-08 07:00:00+00:00,Multan,17.284125037325754,µg/m³,1
2025-10-08 08:00:00+00:00,Multan,10.69483332633972,µg/m³,1
2025-10-08 09:00:00+00:00,Multan,22.86820840040843,µg/m³,1
2025-10-08 10:00:00+00:00,Multan,21.94487502574921,µg/m³,1
2025-10-08 11:00:00+00:00,Multan,32.18384728696611,µg/m³,1
2025-10-08 12:00:00+00:00,Multan,36.437541739145914,µg/m³,1
2025-10-08 13:00:00+00:00,Multan,49.83162479400635,µg/m³,1
2025-10-08 14:00:00+00:00,Multan,111.68308308919272,µg/m³,1
2025-10-08 15:00:00+00:00,Multan,109.05019459194607,µg/m³,1
2025-10-08 16:00:00+00:00,Multan,127.05070832570392,µg/m³,1
2025-10-08 17:00:00+00:00,Multan,111.17937488555908,µg/m³,1
2025-10-08 18:00:00+00:00,Multan,117.88166681925456,µg/m³,1
2025-10-08 19:00:00+00:00,Multan,107.9508752822876,µg/m³,1
2025-10-08 20:00:00+00:00,Multan,93.03122211032444,µg/m³,1
2025-10-08 21:00:00+00:00,Multan,98.89837474822998,µg/m³,1
2025-10-08 22:00:00+00:00,Multan,127.57430530124242,µg/m³,1
2025-10-08 23:00:00+00:00,Multan,110.06545861562093,µg/m³,1
2025-10-09 00:00:00+00:00,Multan,114.98387508392334,µg/m³,1
2025-10-09 01:00:00+00:00,Multan,99.43844456142851,µg/m³,1
2025-10-09 02:00:00+00:00,Multan,113.96333325703942,µg/m³,1
2025-10-09 03:00:00+00:00,Multan,66.59395860036213,µg/m³,1
2025-10-09 04:00:00+00:00,Multan,44.970375251770015,µg/m³,1
2025-10-09 05:00:00+00:00,Multan,37.72711103227403,µg/m³,1
2025-10-09 06:00:00+00:00,Multan,26.813472239176434,µg/m³,1
2025-10-09 07:00:00+00:00,Multan,27.103666671117143,µg/m³,1
2025-10-09 08:00:00+00:00,Multan,26.738874975840247,µg/m³,1
2025-10-09 09:00:00+00:00,Multan,23.36904167334239,µg/m³,1
2025-10-09 10:00:00+00:00,Multan,21.797999986012773,µg/m³,1
2025-10-09 11:00:00+00:00,Multan,24.112583261066018,µg/m³,1
2025-10-09 12:00:00+00:00,Multan,28.790708422660828,µg/m³,1
2025-10-09 13:00:00+00:00,Multan,43.24229167302449,µg/m³,1
2025-10-09 14:00:00+00:00,Multan,111.16583340962727,µg/m³,1
2025-10-09 15:00:00+00:00,Multan,168.79022170172797,µg/m³,1
2025-10-09 16:00:00+00:00,Multan,96.3695832570394,µg/m³,1
2025-10-09 17:00:00+00:00,Multan,92.4886251449585,µg/m³,1
2025-10-09 18:00:00+00:00,Multan,114.55266672770183,µg/m³,1
2025-10-09 19:00:00+00:00,Multan,158.99769456651475,µg/m³,1
2025-10-09 20:00:00+00:00,Multan,190.01620858510333,µg/m³,1
2025-10-09 21:00:00+00:00,Multan,200.88806824154324,µg/m³,1
2025-10-09 22:00:00+00:00,Multan,138.9449998219808,µg/m³,1
2025-10-09 23:00:00+00:00,Multan,110.01312503814698,µg/m³,1
2025-10-10 00:00:00+00:00,Multan,82.70838885837132,µg/m³,1
2025-10-10 01:00:00+00:00,Multan,75.01408322652182,µg/m³,1
2025-10-10 02:00:00+00:00,Multan,82.66533330281575,µg/m³,1
2025-10-10 03:00:00+00:00,Multan,52.45691668192546,µg/m³,1
2025-10-10 04:00:00+00:00,Multan,34.150305347972456,µg/m³,1
2025-10-10 05:00:00+00:00,Multan,26.477972242567276,µg/m³,1
2025-10-10 06:00:00+00:00,Multan,21.09512499968211,µg/m³,1
2025-10-10 07:00:00+00:00,Multan,19.9739722304874,µg/m³,1
2025-10-10 08:00:00+00:00,Multan,17.657374993960065,µg/m³,1
2025-10-10 09:00:00+00:00,Multan,18.3947083234787,µg/m³,1
2025-10-10 10:00:00+00:00,Multan,22.504069458113776,µg/m³,1
2025-10-10 11:00:00+00:00,Multan,23.171000003814697,µg/m³,1
2025-10-10 12:00:00+00:00,Multan,34.13562466568417,µg/m³,1
2025-10-10 13:00:00+00:00,Multan,41.769416681925456,µg/m³,1
2025-10-10 14:00:00+00:00,Multan,121.31497251722548,µg/m³,1
2025-10-10 15:00:00+00:00,Multan,110.74845841725669,µg/m³,1
2025-10-10 16:00:00+00:00,Multan,144.3083749771118,µg/m³,1
2025-10-10 17:00:00+00:00,Multan,81.23070824940999,µg/m³,1
2025-10-10 18:00:00+00:00,Multan,100.1709166208903,µg/m³,1
2025-10-10 19:00:00+00:00,Multan,176.1371254603068,µg/m³,1
2025-10-10 20:00:00+00:00,Multan,164.34716657002767,µg/m³,1
2025-10-10 21:00:00+00:00,Multan,140.52487477196587,µg/m³,1
2025-10-10 22:00:00+00:00,Multan,62.410291735331214,µg/m³,1
2025-10-10 23:00:00+00:00,Multan,64.23212490081788,µg/m³,1
2025-10-11 00:00:00+00:00,Multan,74.47650032043457,µg/m³,1
2025-10-11 01:00:00+00:00,Multan,150.90550003051757,µg/m³,1
2025-10-11 02:00:00+00:00,Multan,120.7049582799276,µg/m³,1
2025-10-11 06:00:00+00:00,Multan,19.7858958363533,µg/m³,1
2025-10-11 07:00:00+00:00,Multan,21.45424998601278,µg/m³,1
2025-10-11 08:00:00+00:00,Multan,20.39379166762034,µg/m³,1
2025-10-11 10:00:00+00:00,Multan,14.562750005722046,µg/m³,1
2025-10-11 12:00:00+00:00,Multan,32.703444475597806,µg/m³,1
2025-10-11 13:00:00+00:00,Multan,57.14737529754638,µg/m³,1
2025-10-11 14:00:00+00:00,Multan,93.03691660563152,µg/m³,1
2025-10-11 15:00:00+00:00,Multan,93.44191652933756,µg/m³,1
2025-10-11 16:00:00+00:00,Multan,97.24533322652182,µg/m³,1
2025-10-11 17:00:00+00:00,Multan,116.67291666666667,µg/m³,1
2025-10-11 18:00:00+00:00,Multan,128.05966669718427,µg/m³,1
2025-10-11 19:00:00+00:00,Multan,142.13729139963786,µg/m³,1
2025-10-11 20:00:00+00:00,Multan,139.32663875155978,µg/m³,1
2025-10-11 21:00:00+00:00,Multan,99.71958363850912,µg/m³,1
2025-10-11 22:00:00+00:00,Multan,82.71138899061417,µg/m³,1
2025-10-11 23:00:00+00:00,Multan,93.79529158274333,µg/m³,1
2025-10-12 00:00:00+00:00,Multan,66.20679187774657,µg/m³,1
2025-10-12 01:00:00+00:00,Multan,108.3483751296997,µg/m³,1
2025-10-12 02:00:00+00:00,Multan,120.09766718546551,µg/m³,1
2025-10-12 03:00:00+00:00,Multan,73.13266665140786,µg/m³,1
2025-10-12 04:00:00+00:00,Multan,45.00529143015544,µg/m³,1
2025-10-12 05:00:00+00:00,Multan,34.97175019847022,µg/m³,1
2025-10-12 06:00:00+00:00,Multan,26.043624997138977,µg/m³,1
2025-10-12 07:00:00+00:00,Multan,23.869208359718325,µg/m³,1
2025-10-12 08:00:00+00:00,Multan,23.15891668001811,µg/m³,1
2025-10-12 09:00:00+00:00,Multan,27.919833294550582,µg/m³,1
2025-10-12 10:00:00+00:00,Multan,24.949416669209796,µg/m³,1
2025-10-12 11:00:00+00:00,Multan,30.320291694005324,µg/m³,1
2025-10-12 12:00:00+00:00,Multan,41.2971525616116,µg/m³,1
2025-10-12 13:00:00+00:00,Multan,54.38570855458577,µg/m³,1
2025-10-12 14:00:00+00:00,Multan,99.34090294308133,µg/m³,1
2025-10-12 15:00:00+00:00,Multan,132.98829161326094,µg/m³,1
2025-10-12 16:00:00+00:00,Multan,114.50888883802627,µg/m³,1
2025-10-12 17:00:00+00:00,Multan,118.6752498626709,µg/m³,1
2025-10-12 18:00:00+00:00,Multan,77.27129141489665,µg/m³,1
2025-10-12 19:00:00+00:00,Multan,104.15179182688395,µg/m³,1
2025-10-12 20:00:00+00:00,Multan,131.99568102094864,µg/m³,1
2025-10-12 21:00:00+00:00,Multan,82.13016649881999,µg/m³,1
2025-10-12 22:00:00+00:00,Multan,56.81887493133545,µg/m³,1
2025-10-12 23:00:00+00:00,Multan,116.60574989318847,µg/m³,1
2025-10-13 00:00:00+00:00,Multan,111.45391642252604,µg/m³,1
2025-10-13 01:00:00+00:00,Multan,120.9420831044515,µg/m³,1
2025-10-13 02:00:00+00:00,Multan,115.96291643778484,µg/m³,1
2025-10-13 03:00:00+00:00,Multan,63.21691652933756,µg/m³,1
2025-10-13 04:00:00+00:00,Multan,39.58304182688395,µg/m³,1
2025-10-13 05:00:00+00:00,Multan,34.12362496058146,µg/m³,1
2025-10-13 06:00:00+00:00,Multan,32.392916618453135,µg/m³,1
2025-10-13 07:00:00+00:00,Multan,30.35063885847728,µg/m³,1
2025-10-13 08:00:00+00:00,Multan,26.125999964608088,µg/m³,1
2025-10-13 09:00:00+00:00,Multan,23.152749983469644,µg/m³,1
2025-10-13 10:00:00+00:00,Multan,23.624916632970173,µg/m³,1
2025-10-13 11:00:00+00:00,Multan,27.10287497308519,µg/m³,1
2025-10-13 12:00:00+00:00,Multan,32.25826394557953,µg/m³,1
2025-10-13 13:00:00+00:00,Multan,48.00670846303304,µg/m³,1
2025-10-13 14:00:00+00:00,Multan,77.72566668192546,µg/m³,1
2025-10-13 15:00:00+00:00,Multan,113.53099975585938,µg/m³,1
2025-10-13 16:00:00+00:00,Multan,100.31666679382325,µg/m³,1
2025-10-13 17:00:00+00:00,Multan,119.30704161326089,µg/m³,1
2025-10-13 18:00:00+00:00,Multan,135.3220417658488,µg/m³,1
2025-10-13 19:00:00+00:00,Multan,124.63479162851968,µg/m³,1
2025-10-13 20:00:00+00:00,Multan,82.28216654459634,µg/m³,1
2025-10-13 21:00:00+00:00,Multan,70.76120827992757,µg/m³,1
2025-10-13 22:00:00+00:00,Multan,80.7761251449585,µg/m³,1
2025-10-13 23:00:00+00:00,Multan,142.92820809682212,µg/m³,1
2025-10-14 00:00:00+00:00,Multan,145.87999941507977,µg/m³,1
2025-10-14 01:00:00+00:00,Multan,123.82154165903727,µg/m³,1
2025-10-14 02:00:00+00:00,Multan,140.30962505340577,µg/m³,1
2025-10-14 03:00:00+00:00,Multan,121.34874954223632,µg/m³,1
2025-10-14 04:00:00+00:00,Multan,147.59608319600423,µg/m³,1
2025-10-14 05:00:00+00:00,Multan,128.40770791371662,µg/m³,1
2025-10-14 06:00:00+00:00,Multan,41.10668085945978,µg/m³,1
2025-10-14 07:00:00+00:00,Multan,37.81559752358331,µg/m³,2
2025-10-14 08:00:00+00:00,Multan,36.553757575064,µg/m³,2
2025-10-14 09:00:00+00:00,Multan,36.05517363548279,µg/m³,2
2025-10-14 10:00:00+00:00,Multan,41.43120816548665,µg/m³,2
2025-10-14 11:00:00+00:00,Multan,49.86321513917711,µg/m³,2
2025-10-14 12:00:00+00:00,Multan,51.11147934595744,µg/m³,2
2025-10-14 13:00:00+00:00,Multan,94.88093767166137,µg/m³,2
2025-10-14 14:00:00+00:00,Multan,118.59531240463258,µg/m³,2
2025-10-14 15:00:00+00:00,Multan,123.75347916285196,µg/m³,2
2025-10-14 16:00:00+00:00,Multan,134.31766675313315,µg/m³,2
2025-10-14 17:00:00+00:00,Multan,142.00443053775365,µg/m³,2
2025-10-14 18:00:00+00:00,Multan,179.91160423490737,µg/m³,2
2025-10-14 19:00:00+00:00,Multan,122.2211043993632,µg/m³,2
2025-10-14 20:00:00+00:00,Multan,112.88516642252604,µg/m³,2
2025-10-14 21:00:00+00:00,Multan,97.3138960202535,µg/m³,2
2025-10-14 22:00:00+00:00,Multan,98.25119442409938,µg/m³,2
2025-10-14 23:00:00+00:00,Multan,95.22669465806747,µg/m³,2
2025-10-15 00:00:00+00:00,Multan,93.81541678110759,µg/m³,2
2025-10-15 01:00:00+00:00,Multan,103.74256238937377,µg/m³,2
2025-10-15 02:00:00+00:00,Multan,99.62416674296061,µg/m³,2
2025-10-15 03:00:00+00:00,Multan,82.37209022310044,µg/m³,2
2025-10-15 04:00:00+00:00,Multan,72.45989394910407,µg/m³,2
2025-10-15 05:00:00+00:00,Multan,71.94417420011578,µg/m³,2
2025-10-15 06:00:00+00:00,Multan,74.28198596106635,µg/m³,2
2025-10-15 07:00:00+00:00,Multan,55.203977741665305,µg/m³,2
2025-10-15 08:00:00+00:00,Multan,46.10979216700852,µg/m³,2
2025-10-15 09:00:00+00:00,Multan,43.65796509848701,µg/m³,2
2025-10-15 10:00:00+00:00,Multan,30.81204871998893,µg/m³,2
2025-10-15 11:00:00+00:00,Multan,34.501395881175995,µg/m³,2
2025-10-15 12:00:00+00:00,Multan,44.46476390096876,µg/m³,2
2025-10-15 13:00:00+00:00,Multan,72.74902060826619,µg/m³,2
2025-10-15 14:00:00+00:00,Multan,120.29894432491726,µg/m³,2
2025-10-15 15:00:00+00:00,Multan,118.22574990590414,µg/m³,2
2025-10-15 16:00:00+00:00,Multan,128.58602069218955,µg/m³,2
2025-10-15 17:00:00+00:00,Multan,123.9408887439304,µg/m³,2
2025-10-15 18:00:00+00:00,Multan,115.71227057774863,µg/m³,2
2025-10-15 19:00:00+00:00,Multan,137.83890283372665,µg/m³,2
2025-10-15 20:00:00+00:00,Multan,162.27885414759317,µg/m³,2
2025-10-15 21:00:00+00:00,Multan,135.39666659037275,µg/m³,2
2025-10-15 22:00:00+00:00,Multan,138.56487503051758,µg/m³,2
2025-10-15 23:00:00+00:00,Multan,140.13166681925455,µg/m³,2
2025-10-16 00:00:00+00:00,Multan,153.28097931543988,µg/m³,2
2025-10-16 01:00:00+00:00,Multan,149.97197910944618,µg/m³,2
2025-10-16 02:00:00+00:00,Multan,161.22639582951865,µg/m³,2
2025-10-16 03:00:00+00:00,Multan,138.32433338165282,µg/m³,2
2025-10-16 04:00:00+00:00,Multan,86.6887292544047,µg/m³,2
2025-10-16 05:00:00+00:00,Multan,59.834881983862985,µg/m³,2
2025-10-16 06:00:00+00:00,Multan,47.205326324039035,µg/m³,2
2025-10-16 07:00:00+00:00,Multan,36.81018768548965,µg/m³,2
2025-10-16 08:00:00+00:00,Multan,35.58297209342321,µg/m³,2
2025-10-16 09:00:00+00:00,Multan,34.87388874557283,µg/m³,2
2025-10-16 10:00:00+00:00,Multan,38.463138792249886,µg/m³,2
2025-10-16 11:00:00+00:00,Multan,38.85562515258789,µg/m³,2
2025-10-16 12:00:00+00:00,Multan,48.4553126335144,µg/m³,2
2025-10-16 13:00:00+00:00,Multan,83.45972916285197,µg/m³,2
2025-10-16 14:00:00+00:00,Multan,131.04674319161307,µg/m³,2
2025-10-16 15:00:00+00:00,Multan,131.61770151986016,µg/m³,2
2025-10-16 16:00:00+00:00,Multan,140.8367708524068,µg/m³,2
2025-10-16 17:00:00+00:00,Multan,159.95949318144056,µg/m³,2
2025-10-16 18:00:00+00:00,Multan,160.42264566421505,µg/m³,2
2025-10-16 19:00:00+00:00,Multan,139.82812468210858,µg/m³,2
2025-10-16 20:00:00+00:00,Multan,135.28795827229817,µg/m³,2
2025-10-16 21:00:00+00:00,Multan,153.82068758010865,µg/m³,2
2025-10-16 22:00:00+00:00,Multan,164.15152076085408,µg/m³,2
2025-10-16 23:00:00+00:00,Multan,150.3427362230089,µg/m³,2
2025-10-17 00:00:00+00:00,Multan,155.2517362382677,µg/m³,2
2025-10-17 01:00:00+00:00,Multan,150.09800708558822,µg/m³,2
2025-10-17 02:00:00+00:00,Multan,160.8968539873759,µg/m³,2
2025-10-17 03:00:00+00:00,Multan,144.10646700541182,µg/m³,2
2025-10-17 04:00:00+00:00,Multan,114.73235432306927,µg/m³,2
2025-10-17 05:00:00+00:00,Multan,80.10475025177004,µg/m³,2
2025-10-17 06:00:00+00:00,Multan,76.59833742141723,µg/m³,2
2025-10-17 07:00:00+00:00,Multan,46.87610449790955,µg/m³,2
2025-10-17 08:00:00+00:00,Multan,42.44142362276713,µg/m³,2
2025-10-17 09:00:00+00:00,Multan,44.69418050977919,µg/m³,2
2025-10-17 10:00:00+00:00,Multan,44.90014594395956,µg/m³,2
2025-10-17 11:00:00+00:00,Multan,49.58533325195313,µg/m³,2
2025-10-17 12:00:00+00:00,Multan,59.00879179636638,µg/m³,2
2025-10-17 13:00:00+00:00,Multan,85.01604162851969,µg/m³,2
2025-10-17 14:00:00+00:00,Multan,118.83578477435641,µg/m³,2
2025-10-17 15:00:00+00:00,Multan,137.14046523835924,µg/m³,2
2025-10-17 16:00:00+00:00,Multan,154.59779173533124,µg/m³,2
2025-10-17 17:00:00+00:00,Multan,156.17101391686333,µg/m³,2
2025-10-17 18:00:00+00:00,Multan,184.07771569357976,µg/m³,2
2025-10-17 19:00:00+00:00,Multan,168.1817916234334,µg/m³,2
2025-10-17 20:00:00+00:00,Multan,163.56892370647856,µg/m³,2
2025-10-17 21:00:00+00:00,Multan,145.37677062352498,µg/m³,2
2025-10-17 22:00:00+00:00,Multan,152.1409168879191,µg/m³,2
2025-10-17 23:00:00+00:00,Multan,154.83901394738092,µg/m³,2
2025-10-18 00:00:00+00:00,Multan,158.90377066930137,µg/m³,2
2025-10-18 01:00:00+00:00,Multan,161.9082361009386,µg/m³,2
2025-10-18 02:00:00+00:00,Multan,187.71324271096125,µg/m³,2
2025-10-18 03:00:00+00:00,Multan,166.35408318837483,µg/m³,2
2025-10-18 04:00:00+00:00,Multan,131.76089569727577,µg/m³,2
2025-10-18 05:00:00+00:00,Multan,108.40479164123536,µg/m³,2
2025-10-18 06:00:00+00:00,Multan,80.99909701877169,µg/m³,2
2025-10-18 07:00:00+00:00,Multan,63.49243058098688,µg/m³,2
2025-10-18 08:00:00+00:00,Multan,60.02914565404257,µg/m³,2
2025-10-18 09:00:00+00:00,Multan,55.54435421625773,µg/m³,2
2025-10-18 10:00:00+00:00,Multan,57.65311099158393,µg/m³,2
2025-10-18 11:00:00+00:00,Multan,65.54229176839193,µg/m³,2
2025-10-18 12:00:00+00:00,Multan,77.93335415522256,µg/m³,2
2025-10-18 13:00:00+00:00,Multan,141.89335406621296,µg/m³,2
2025-10-18 14:00:00+00:00,Multan,151.81536093817817,µg/m³,2
2025-10-18 15:00:00+00:00,Multan,165.92581224441528,µg/m³,2
2025-10-18 16:00:00+00:00,Multan,194.97406276067096,µg/m³,2
2025-10-18 17:00:00+00:00,Multan,192.81022907892861,µg/m³,2
2025-10-18 18:00:00+00:00,Multan,173.9254720264011,µg/m³,2
2025-10-18 19:00:00+00:00,Multan,169.69911822213066,µg/m³,2
2025-10-18 20:00:00+00:00,Multan,174.96927092870078,µg/m³,2
2025-10-18 21:00:00+00:00,Multan,170.47199993133543,µg/m³,2
2025-10-18 22:00:00+00:00,Multan,185.6635419845581,µg/m³,2
2025-10-18 23:00:00+00:00,Multan,156.17633304595947,µg/m³,2
2025-10-19 00:00:00+00:00,Multan,183.73014567693073,µg/m³,2
2025-10-19 01:00:00+00:00,Multan,192.69945844014487,µg/m³,2
2025-10-19 02:00:00+00:00,Multan,226.28612492879233,µg/m³,2
2025-10-19 03:00:00+00:00,Multan,193.5365417480469,µg/m³,2
2025-10-19 04:00:00+00:00,Multan,108.39525012969969,µg/m³,2
2025-10-19 05:00:00+00:00,Multan,85.85479170481364,µg/m³,2
2025-10-19 06:00:00+00:00,Multan,83.99908358256023,µg/m³,2
2025-10-19 07:00:00+00:00,Multan,85.31725006103515,µg/m³,2
2025-10-19 08:00:00+00:00,Multan,81.51845817565918,µg/m³,2
2025-10-19 09:00:00+00:00,Multan,78.16747948328654,µg/m³,2
2025-10-19 10:00:00+00:00,Multan,75.58041655222576,µg/m³,2
2025-10-19 11:00:00+00:00,Multan,83.27648599412706,µg/m³,2
2025-10-19 12:00:00+00:00,Multan,104.34424310260349,µg/m³,2
2025-10-19 13:00:00+00:00,Multan,135.38168713251747,µg/m³,2
2025-10-19 14:00:00+00:00,Multan,148.86749973297117,µg/m³,2
2025-10-19 15:00:00+00:00,Multan,173.74952784644233,µg/m³,2
2025-10-19 16:00:00+00:00,Multan,197.71558265686036,µg/m³,2
2025-10-19 17:00:00+00:00,Multan,191.82501413557264,µg/m³,2
2025-10-19 18:00:00+00:00,Multan,189.81812454859414,µg/m³,2
2025-10-19 19:00:00+00:00,Multan,179.91870141559178,µg/m³,2
2025-10-19 20:00:00+00:00,Multan,192.95120824178062,µg/m³,2
2025-10-19 21:00:00+00:00,Multan,198.89504162470502,µg/m³,2
2025-10-19 22:00:00+00:00,Multan,187.1414583524068,µg/m³,2
2025-10-19 23:00:00+00:00,Multan,219.9842919667562,µg/m³,2
2025-10-20 00:00:00+00:00,Multan,192.05595846176146,µg/m³,2
2025-10-20 01:00:00+00:00,Multan,166.3165830612183,µg/m³,2
2025-10-20 02:00:00+00:00,Multan,169.4238960584005,µg/m³,2
2025-10-20 03:00:00+00:00,Multan,155.41795832316083,µg/m³,2
2025-10-20 04:00:00+00:00,Multan,129.7126041094462,µg/m³,2
2025-10-20 08:00:00+00:00,Multan,85.69442355897691,µg/m³,2
2025-10-20 09:00:00+00:00,Multan,72.15301414065891,µg/m³,2
2025-10-20 10:00:00+00:00,Multan,84.57481234868368,µg/m³,2
2025-10-20 11:00:00+00:00,Multan,81.62945817311606,µg/m³,2
2025-10-20 12:00:00+00:00,Multan,112.51320457458496,µg/m³,2
2025-10-20 13:00:00+00:00,Multan,138.26643749872844,µg/m³,2
2025-10-20 14:00:00+00:00,Multan,151.49490965737238,µg/m³,2
2025-10-20 15:00:00+00:00,Multan,181.02561806572805,µg/m³,2
2025-10-20 16:00:00+00:00,Multan,182.08195125791764,µg/m³,2
2025-10-20 17:00:00+00:00,Multan,171.3871250152588,µg/m³,2
2025-10-20 18:00:00+00:00,Multan,142.49130562676325,µg/m³,2
2025-10-20 19:00:00+00:00,Multan,155.2835279252794,µg/m³,2
2025-10-20 20:00:00+00:00,Multan,137.61593051486545,µg/m³,2
2025-10-20 21:00:00+00:00,Multan,123.72818046145969,µg/m³,2
2025-10-20 22:00:00+00:00,Multan,106.3090415318807,µg/m³,2
2025-10-20 23:00:00+00:00,Multan,100.54176383548312,µg/m³,2
2025-10-21 00:00:00+00:00,Multan,97.92809704674616,µg/m³,2
2025-10-21 01:00:00+00:00,Multan,117.96564582188925,µg/m³,2
2025-10-21 02:00:00+00:00,Multan,124.95297905604045,µg/m³,2
2025-10-21 03:00:00+00:00,Multan,120.34441674550374,µg/m³,2
2025-10-21 04:00:00+00:00,Multan,98.21497239006888,µg/m³,2
2025-10-21 05:00:00+00:00,Multan,86.41530554029677,µg/m³,2
2025-10-21 06:00:00+00:00,Multan,87.22082870849454,µg/m³,2
2025-10-21 07:00:00+00:00,Multan,75.93675703472562,µg/m³,2
2025-10-21 08:00:00+00:00,Multan,73.90958334604899,µg/m³,2
2025-10-21 09:00:00+00:00,Multan,76.79050688213772,µg/m³,2
2025-10-21 10:00:00+00:00,Multan,82.64512507120769,µg/m³,2
2025-10-21 11:00:00+00:00,Multan,82.08353486590916,µg/m³,2
2025-10-21 12:00:00+00:00,Multan,98.11527064641317,µg/m³,2
2025-10-21 13:00:00+00:00,Multan,128.60139589309694,µg/m³,2
2025-10-21 14:00:00+00:00,Multan,152.55216671625774,µg/m³,2
2025-10-21 15:00:00+00:00,Multan,152.95383332570393,µg/m³,2
2025-10-21 16:00:00+00:00,Multan,179.07760457992555,µg/m³,2
2025-10-21 17:00:00+00:00,Multan,188.89793042076957,µg/m³,2
2025-10-21 18:00:00+00:00,Multan,206.4152919769287,µg/m³,2
2025-10-21 19:00:00+00:00,Multan,191.12247921625772,µg/m³,2
2025-10-21 20:00:00+00:00,Multan,188.85028456581963,µg/m³,2
2025-10-21 21:00:00+00:00,Multan,182.07087478637692,µg/m³,2
2025-10-21 22:00:00+00:00,Multan,177.6711875597636,µg/m³,2
2025-10-21 23:00:00+00:00,Multan,181.37855550977918,µg/m³,2
2025-10-22 00:00:00+00:00,Multan,180.8535626411438,µg/m³,2
2025-10-22 01:00:00+00:00,Multan,199.1317638291253,µg/m³,2
2025-10-22 02:00:00+00:00,Multan,218.1176458676656,µg/m³,2
2025-10-22 03:00:00+00:00,Multan,215.8368946075439,µg/m³,2
2025-10-22 04:00:00+00:00,Multan,204.440235847897,µg/m³,2
2025-10-22 05:00:00+00:00,Multan,132.21593051486548,µg/m³,2
2025-10-22 06:00:00+00:00,Multan,100.59295157326592,µg/m³,2
2025-10-22 07:00:00+00:00,Multan,91.18698932965596,µg/m³,2
2025-10-22 08:00:00+00:00,Multan,70.70347539439346,µg/m³,2
2025-10-22 09:00:00+00:00,Multan,62.57691682179769,µg/m³,2
2025-10-22 10:00:00+00:00,Multan,63.48074246030866,µg/m³,2
2025-10-22 11:00:00+00:00,Multan,64.62675007906827,µg/m³,2
2025-10-22 12:00:00+00:00,Multan,99.10181264877319,µg/m³,2
2025-10-22 13:00:00+00:00,Multan,161.513256655799,µg/m³,2
2025-10-22 14:00:00+00:00,Multan,182.01783326466878,µg/m³,2
2025-10-22 15:00:00+00:00,Multan,200.36795131895275,µg/m³,2
2025-10-22 16:00:00+00:00,Multan,239.44749313990275,µg/m³,2
2025-10-22 17:00:00+00:00,Multan,227.0000128534105,µg/m³,2
2025-10-22 18:00:00+00:00,Multan,187.47758324941,µg/m³,2
2025-10-22 19:00:00+00:00,Multan,178.644145933787,µg/m³,2
2025-10-22 20:00:00+00:00,Multan,187.26980523003473,µg/m³,2
2025-10-22 21:00:00+00:00,Multan,195.22120118670995,µg/m³,2
2025-10-22 22:00:00+00:00,Multan,181.85325687196521,µg/m³,2
2025-10-22 23:00:00+00:00,Multan,167.0708749771118,µg/m³,2
2025-10-23 00:00:00+00:00,Multan,178.10275676515369,µg/m³,2
2025-10-23 01:00:00+00:00,Multan,174.18506326675416,µg/m³,2
2025-10-23 02:00:00+00:00,Multan,169.42668064965144,µg/m³,2
2025-10-23 03:00:00+00:00,Multan,127.61571548249987,µg/m³,2
2025-10-23 04:00:00+00:00,Multan,74.21379172007244,µg/m³,2
2025-10-23 05:00:00+00:00,Multan,70.82688199149237,µg/m³,2
2025-10-23 06:00:00+00:00,Multan,66.81989596684774,µg/m³,2
2025-10-23 07:00:00+00:00,Multan,60.44670129352146,µg/m³,2
2025-10-23 08:00:00+00:00,Multan,60.15311359058727,µg/m³,2
2025-10-23 09:00:00+00:00,Multan,51.577979246775314,µg/m³,2
2025-10-23 10:00:00+00:00,Multan,50.46303480996026,µg/m³,2
2025-10-23 11:00:00+00:00,Multan,55.120291773478186,µg/m³,2
2025-10-23 12:00:00+00:00,Multan,78.72477095921833,µg/m³,2
2025-10-23 13:00:00+00:00,Multan,112.41354166666666,µg/m³,2
2025-10-23 14:00:00+00:00,Multan,124.687263891432,µg/m³,2
2025-10-23 15:00:00+00:00,Multan,149.22391668955487,µg/m³,2
2025-10-23 16:00:00+00:00,Multan,150.19325008392335,µg/m³,2
2025-10-23 17:00:00+00:00,Multan,151.58920153511895,µg/m³,2
2025-10-23 18:00:00+00:00,Multan,163.15386809243097,µg/m³,2
2025-10-23 19:00:00+00:00,Multan,171.60458348592124,µg/m³,2
2025-10-23 20:00:00+00:00,Multan,161.47711141374376,µg/m³,2
2025-10-23 21:00:00+00:00,Multan,171.3083751678467,µg/m³,2
2025-10-23 22:00:00+00:00,Multan,164.8202844513787,µg/m³,2
2025-10-23 23:00:00+00:00,Multan,149.74092370139226,µg/m³,2
2025-10-24 00:00:00+00:00,Multan,179.35614589055382,µg/m³,2
2025-10-24 01:00:00+00:00,Multan,153.7947083791097,µg/m³,2
2025-10-24 02:00:00+00:00,Multan,160.88594472673205,µg/m³,2
2025-10-24 03:00:00+00:00,Multan,150.26968055301242,µg/m³,2
2025-10-24 04:00:00+00:00,Multan,117.09899997711182,µg/m³,2
2025-10-24 05:00:00+00:00,Multan,68.05318065219456,µg/m³,2
2025-10-24 06:00:00+00:00,Multan,60.13308327992756,µg/m³,2
2025-10-24 07:00:00+00:00,Multan,50.31688138595736,µg/m³,2
2025-10-24 08:00:00+00:00,Multan,51.24767361746895,µg/m³,2
2025-10-24 09:00:00+00:00,Multan,50.028673627641474,µg/m³,2
2025-10-24 10:00:00+00:00,Multan,49.982895969622064,µg/m³,2
2025-10-24 11:00:00+00:00,Multan,54.691166750590014,µg/m³,2
2025-10-24 12:00:00+00:00,Multan,69.87240968280369,µg/m³,2
2025-10-24 13:00:00+00:00,Multan,91.13120154274833,µg/m³,2
2025-10-24 14:00:00+00:00,Multan,138.2107083638509,µg/m³,2
2025-10-24 15:00:00+00:00,Multan,156.10853461159599,µg/m³,2
2025-10-24 16:00:00+00:00,Multan,149.92402079900108,µg/m³,2
2025-10-24 17:00:00+00:00,Multan,161.40387477874754,µg/m³,2
2025-10-24 18:00:00+00:00,Multan,162.03623604244657,µg/m³,2
2025-10-24 19:00:00+00:00,Multan,162.8048890007867,µg/m³,2
2025-10-24 20:00:00+00:00,Multan,171.6298611111111,µg/m³,2
2025-10-24 21:00:00+00:00,Multan,178.66837514241539,µg/m³,2
2025-10-24 22:00:00+00:00,Multan,169.77190257178415,µg/m³,2
2025-10-24 23:00:00+00:00,Multan,178.22311800850764,µg/m³,2
2025-10-25 00:00:00+00:00,Multan,188.95139557520548,µg/m³,2
2025-10-25 01:00:00+00:00,Multan,197.1303961118062,µg/m³,2
2025-10-25 02:00:00+00:00,Multan,222.1934655825297,µg/m³,2
2025-10-25 03:00:00+00:00,Multan,180.8182842784458,µg/m³,2
2025-10-25 04:00:00+00:00,Multan,114.29208329518636,µg/m³,2
2025-10-25 05:00:00+00:00,Multan,66.12399978637696,µg/m³,2
2025-10-25 06:00:00+00:00,Multan,60.80214579900107,µg/m³,2
2025-10-25 07:00:00+00:00,Multan,56.35004177093506,µg/m³,2
2025-10-25 08:00:00+00:00,Multan,51.53955550723606,µg/m³,2
2025-10-25 09:00:00+00:00,Multan,51.419020684560145,µg/m³,2
2025-10-25 10:00:00+00:00,Multan,54.32643760045369,µg/m³,2
2025-10-25 11:00:00+00:00,Multan,52.29014539718628,µg/m³,2
2025-10-25 12:00:00+00:00,Multan,71.10153502358331,µg/m³,2
2025-10-25 13:00:00+00:00,Multan,121.55216662089029,µg/m³,2
2025-10-25 14:00:00+00:00,Multan,133.3968959490458,µg/m³,2
2025-10-25 15:00:00+00:00,Multan,165.023312664032,µg/m³,2
2025-10-25 16:00:00+00:00,Multan,187.36410455703734,µg/m³,2
2025-10-25 17:00:00+00:00,Multan,165.18471534517076,µg/m³,2
2025-10-25 18:00:00+00:00,Multan,172.846875,µg/m³,2
2025-10-25 19:00:00+00:00,Multan,174.43715284135607,µg/m³,2
2025-10-25 20:00:00+00:00,Multan,177.52617360221015,µg/m³,2
2025-10-25 21:00:00+00:00,Multan,185.5927013291253,µg/m³,2
2025-10-25 23:00:00+00:00,Multan,184.3974029964871,µg/m³,2
2025-10-26 00:00:00+00:00,Multan,211.85506961610582,µg/m³,2
2025-10-26 01:00:00+00:00,Multan,233.44702154795328,µg/m³,2
2025-10-26 02:00:00+00:00,Multan,262.6237927118937,µg/m³,2
2025-10-26 03:00:00+00:00,Multan,212.1681039174398,µg/m³,2
2025-10-26 04:00:00+00:00,Multan,170.03381943172877,µg/m³,2
2025-10-26 05:00:00+00:00,Multan,132.25526385837134,µg/m³,2
2025-10-26 06:00:00+00:00,Multan,124.51740281846787,µg/m³,2
2025-10-26 07:00:00+00:00,Multan,103.5289304945204,µg/m³,2
2025-10-26 08:00:00+00:00,Multan,94.5830554538303,µg/m³,2
2025-10-26 09:00:00+00:00,Multan,87.01881246566772,µg/m³,2
2025-10-26 10:00:00+00:00,Multan,83.19394427405462,µg/m³,2
2025-10-26 11:00:00+00:00,Multan,82.25477107365926,µg/m³,2
2025-10-26 12:00:00+00:00,Multan,99.76893064710828,µg/m³,2
2025-10-26 13:00:00+00:00,Multan,144.3788615332709,µg/m³,2
2025-10-26 14:00:00+00:00,Multan,168.66149991353353,µg/m³,2
2025-10-26 15:00:00+00:00,Multan,172.63386801613706,µg/m³,2
2025-10-26 16:00:00+00:00,Multan,205.3581041653951,µg/m³,2
2025-10-26 17:00:00+00:00,Multan,225.73721521165635,µg/m³,2
2025-10-26 18:00:00+00:00,Multan,243.64229904810588,µg/m³,2
2025-10-26 19:00:00+00:00,Multan,260.90592375861274,µg/m³,2
2025-10-26 20:00:00+00:00,Multan,283.23581999672786,µg/m³,2
2025-10-26 21:00:00+00:00,Multan,266.26617380778,µg/m³,2
2025-10-26 22:00:00+00:00,Multan,257.5251171747843,µg/m³,2
2025-10-26 23:00:00+00:00,Multan,256.74217449824016,µg/m³,2
2025-10-27 00:00:00+00:00,Multan,240.5068897353278,µg/m³,2
2025-10-27 01:00:00+00:00,Multan,256.702543258667,µg/m³,2
2025-10-27 02:00:00+00:00,Multan,264.8428324805366,µg/m³,2
2025-10-27 03:00:00+00:00,Multan,252.62492468092177,µg/m³,2
2025-10-27 04:00:00+00:00,Multan,250.33420032925076,µg/m³,2
2025-10-27 05:00:00+00:00,Multan,233.25405520333186,µg/m³,2
2025-10-27 06:00:00+00:00,Multan,225.10663826200692,µg/m³,2
2025-10-27 07:00:00+00:00,Multan,188.95186785591974,µg/m³,2
2025-10-27 08:00:00+00:00,Multan,138.5830969704522,µg/m³,2
2025-10-27 09:00:00+00:00,Multan,125.95658353169756,µg/m³,2
2025-10-27 10:00:00+00:00,Multan,130.05223602718777,µg/m³,2
2025-10-27 11:00:00+00:00,Multan,129.86424305174089,µg/m³,2
2025-10-27 12:00:00+00:00,Multan,160.75453464719985,µg/m³,2
2025-10-27 13:00:00+00:00,Multan,206.02934733496772,µg/m³,2
2025-10-27 14:00:00+00:00,Multan,226.44779208501177,µg/m³,2
2025-10-27 15:00:00+00:00,Multan,239.16090340084497,µg/m³,2
2025-10-27 16:00:00+00:00,Multan,236.46992278628878,µg/m³,2
2025-10-27 17:00:00+00:00,Multan,249.69238838619657,µg/m³,2
2025-10-27 18:00:00+00:00,Multan,271.16149332258436,µg/m³,2
2025-10-27 19:00:00+00:00,Multan,268.7587279637655,µg/m³,2
2025-10-27 20:00:00+00:00,Multan,290.75457677841183,µg/m³,2
2025-10-27 21:00:00+00:00,Multan,303.13125647438903,µg/m³,2
2025-10-27 22:00:00+00:00,Multan,276.97122902340357,µg/m³,2
2025-10-27 23:00:00+00:00,Multan,284.68417434692384,µg/m³,2
2025-10-28 00:00:00+00:00,Multan,290.38102716869776,µg/m³,2
2025-10-28 01:00:00+00:00,Multan,281.9206873893738,µg/m³,2
2025-10-28 02:00:00+00:00,Multan,273.0012147373623,µg/m³,2
2025-10-28 03:00:00+00:00,Multan,265.0421454747518,µg/m³,2
2025-10-28 04:00:00+00:00,Multan,254.45692974052042,µg/m³,2
2025-10-28 05:00:00+00:00,Multan,237.33311007817585,µg/m³,2
2025-10-28 06:00:00+00:00,Multan,208.9092078314887,µg/m³,2
2025-10-28 07:00:00+00:00,Multan,199.07767751289137,µg/m³,2
2025-10-28 08:00:00+00:00,Multan,182.9360486454434,µg/m³,2
2025-10-28 09:00:00+00:00,Multan,169.32872902552288,µg/m³,2
2025-10-28 10:00:00+00:00,Multan,179.2625348938836,µg/m³,2
2025-10-28 11:00:00+00:00,Multan,187.4147916793823,µg/m³,2
2025-10-28 12:00:00+00:00,Multan,202.4235415140788,µg/m³,2
2025-10-28 13:00:00+00:00,Multan,248.2904585308499,µg/m³,2
2025-10-28 14:00:00+00:00,Multan,269.11091709136963,µg/m³,2
2025-10-28 15:00:00+00:00,Multan,316.4014024628533,µg/m³,2
2025-10-28 16:00:00+00:00,Multan,327.85932673348316,µg/m³,2
2025-10-28 17:00:00+00:00,Multan,352.3825629976061,µg/m³,2
2025-10-28 18:00:00+00:00,Multan,286.916868103875,µg/m³,2
2025-10-28 19:00:00+00:00,Multan,233.80295861562092,µg/m³,2
2025-10-28 20:00:00+00:00,Multan,225.0632297197978,µg/m³,2
2025-10-28 21:00:00+00:00,Multan,216.6779788970947,µg/m³,2
2025-10-28 22:00:00+00:00,Multan,266.0022221883138,µg/m³,2
2025-10-28 23:00:00+00:00,Multan,287.08922148810495,µg/m³,2
2025-10-29 00:00:00+00:00,Multan,312.5347283681234,µg/m³,2
2025-10-29 01:00:00+00:00,Multan,294.4524788538615,µg/m³,2
2025-10-29 02:00:00+00:00,Multan,274.7015973409017,µg/m³,2
2025-10-29 03:00:00+00:00,Multan,213.03925712373524,µg/m³,2
2025-10-29 04:00:00+00:00,Multan,175.3044864654541,µg/m³,2
2025-10-29 05:00:00+00:00,Multan,132.38120827145048,µg/m³,2
2025-10-29 06:00:00+00:00,Multan,95.38317357169258,µg/m³,2
2025-10-29 07:00:00+00:00,Multan,91.49698899586996,µg/m³,2
2025-10-29 08:00:00+00:00,Multan,93.66431258519489,µg/m³,2
2025-10-29 09:00:00+00:00,Multan,95.47150701946683,µg/m³,2
2025-10-29 10:00:00+00:00,Multan,89.81363896263969,µg/m³,2
2025-10-29 11:00:00+00:00,Multan,76.26019437577989,µg/m³,2
2025-10-29 12:00:00+00:00,Multan,89.18811109330919,µg/m³,2
2025-10-29 13:00:00+00:00,Multan,139.7141248703003,µg/m³,2
2025-10-29 14:00:00+00:00,Multan,213.59765297571818,µg/m³,2
2025-10-29 15:00:00+00:00,Multan,247.26633297602334,µg/m³,2
2025-10-29 16:00:00+00:00,Multan,211.72725032170612,µg/m³,2
2025-10-29 17:00:00+00:00,Multan,239.47604281107584,µg/m³,2
2025-10-29 18:00:00+00:00,Multan,272.6169519954257,µg/m³,2
2025-10-29 19:00:00+00:00,Multan,281.5339788754781,µg/m³,2
2025-10-29 20:00:00+00:00,Multan,292.13729890187585,µg/m³,2
2025-10-29 21:00:00+00:00,Multan,233.40093670950995,µg/m³,2
2025-10-29 22:00:00+00:00,Multan,225.55502134958905,µg/m³,2
2025-10-29 23:00:00+00:00,Multan,234.29927120208743,µg/m³,2
2025-10-30 00:00:00+00:00,Multan,262.68168780008955,µg/m³,2
2025-10-30 01:00:00+00:00,Multan,278.11199192470974,µg/m³,2
2025-10-30 02:00:00+00:00,Multan,316.5047358618842,µg/m³,2
2025-10-30 03:00:00+00:00,Multan,301.7701174630059,µg/m³,2
2025-10-30 04:00:00+00:00,Multan,252.2380891164144,µg/m³,2
2025-10-30 05:00:00+00:00,Multan,246.76722834904984,µg/m³,2
2025-10-30 06:00:00+00:00,Multan,201.78410469690957,µg/m³,2
2025-10-30 07:00:00+00:00,Multan,160.0177951812744,µg/m³,2
2025-10-30 08:00:00+00:00,Multan,120.2927706082662,µg/m³,2
2025-10-30 09:00:00+00:00,Multan,106.40604203542075,µg/m³,2
2025-10-30 10:00:00+00:00,Multan,98.44270536634659,µg/m³,2
2025-10-30 11:00:00+00:00,Multan,103.31721516715157,µg/m³,2
2025-10-30 12:00:00+00:00,Multan,127.89072898228963,µg/m³,2
2025-10-30 13:00:00+00:00,Multan,171.6691041310628,µg/m³,2
2025-10-30 14:00:00+00:00,Multan,233.74193681081135,µg/m³,2
2025-10-30 15:00:00+00:00,Multan,223.34887469609578,µg/m³,2
2025-10-30 16:00:00+00:00,Multan,202.87273574405245,µg/m³,2
2025-10-30 17:00:00+00:00,Multan,198.01456207699243,µg/m³,2
2025-10-30 18:00:00+00:00,Multan,223.91127026875816,µg/m³,2
2025-10-30 19:00:00+00:00,Multan,268.56684093475343,µg/m³,2
2025-10-30 20:00:00+00:00,Multan,280.0713753594293,µg/m³,2
2025-10-30 21:00:00+00:00,Multan,271.33714631398516,µg/m³,2
2025-10-30 22:00:00+00:00,Multan,250.6012077649434,µg/m³,2
2025-10-30 23:00:00+00:00,Multan,264.973736275567,µg/m³,2
2025-10-31 00:00:00+00:00,Multan,262.3623758951823,µg/m³,2
2025-10-31 01:00:00+00:00,Multan,263.42523025936555,µg/m³,2
2025-10-31 02:00:00+00:00,Multan,300.7226115756564,µg/m³,2
2025-10-31 03:00:00+00:00,Multan,334.3580634435018,µg/m³,2
2025-10-31 04:00:00+00:00,Multan,281.1629640049405,µg/m³,2
2025-10-31 05:00:00+00:00,Multan,126.447388543023,µg/m³,1
2025-10-31 06:00:00+00:00,Multan,107.50708325703937,µg/m³,1
2025-10-31 07:00:00+00:00,Multan,94.12849998474121,µg/m³,1
2025-10-31 08:00:00+00:00,Multan,81.48112545013427,µg/m³,1
2025-10-31 09:00:00+00:00,Multan,74.1133752822876,µg/m³,1
2025-10-31 10:00:00+00:00,Multan,73.28349990844727,µg/m³,1
2025-10-31 11:00:00+00:00,Multan,86.26720829010009,µg/m³,1
2025-10-31 12:00:00+00:00,Multan,110.05662517547609,µg/m³,1
2025-10-31 13:00:00+00:00,Multan,142.18194444444444,µg/m³,1
2025-10-31 14:00:00+00:00,Multan,229.66012477874756,µg/m³,1
2025-10-31 15:00:00+00:00,Multan,176.24229208628336,µg/m³,1
2025-10-31 16:00:00+00:00,Multan,203.47452841864694,µg/m³,1
2025-10-31 17:00:00+00:00,Multan,218.68316466013587,µg/m³,1
2025-10-31 18:00:00+00:00,Multan,243.99127782185872,µg/m³,1
2025-10-31 19:00:00+00:00,Multan,221.0451250712077,µg/m³,1
2025-10-31 20:00:00+00:00,Multan,243.1349851184421,µg/m³,2
2025-10-31 21:00:00+00:00,Multan,245.93761100769044,µg/m³,2
2025-10-31 22:00:00+00:00,Multan,221.42624963124595,µg/m³,2
2025-10-31 23:00:00+00:00,Multan,204.36685422261553,µg/m³,2
2025-11-01 00:00:00+00:00,Multan,197.66352097193402,µg/m³,2
2025-11-01 01:00:00+00:00,Multan,177.4331249237061,µg/m³,2
2025-11-01 02:00:00+00:00,Multan,196.22140271928578,µg/m³,2
2025-11-01 03:00:00+00:00,Multan,168.67108357747395,µg/m³,2
2025-11-01 04:00:00+00:00,Multan,155.60919422573514,µg/m³,2
2025-11-01 05:00:00+00:00,Multan,147.92437515258788,µg/m³,2
2025-11-01 06:00:00+00:00,Multan,123.98058350880942,µg/m³,2
2025-11-01 07:00:00+00:00,Multan,109.75539592107137,µg/m³,2
2025-11-01 08:00:00+00:00,Multan,112.43688183890447,µg/m³,2
2025-11-01 09:00:00+00:00,Multan,111.87729155222576,µg/m³,2
2025-11-01 10:00:00+00:00,Multan,116.91852076848349,µg/m³,2
2025-11-01 11:00:00+00:00,Multan,127.30983346303304,µg/m³,2
2025-11-01 12:00:00+00:00,Multan,138.84181261062622,µg/m³,2
2025-11-01 13:00:00+00:00,Multan,195.9989927927653,µg/m³,2
2025-11-01 14:00:00+00:00,Multan,227.1697704633077,µg/m³,2
2025-11-01 15:00:00+00:00,Multan,231.05920122994314,µg/m³,2
2025-11-01 16:00:00+00:00,Multan,229.26345797644717,µg/m³,2
2025-11-01 17:00:00+00:00,Multan,267.24495093027747,µg/m³,2
2025-11-01 18:00:00+00:00,Multan,255.4016577720642,µg/m³,2
2025-11-01 19:00:00+00:00,Multan,275.05361225340096,µg/m³,2
2025-11-01 20:00:00+00:00,Multan,267.5658825344509,µg/m³,2
2025-11-01 21:00:00+00:00,Multan,237.8131319363912,µg/m³,2
2025-11-01 22:00:00+00:00,Multan,220.22749209933812,µg/m³,2
2025-11-01 23:00:00+00:00,Multan,206.36200801001655,µg/m³,2
2025-11-02 00:00:00+00:00,Multan,189.4661878267924,µg/m³,2
2025-11-02 01:00:00+00:00,Multan,184.51522881189982,µg/m³,2
2025-11-02 02:00:00+00:00,Multan,184.97139590581259,µg/m³,2
2025-11-02 03:00:00+00:00,Multan,186.13925693300035,µg/m³,2
2025-11-02 04:00:00+00:00,Multan,176.52677075068158,µg/m³,2
2025-11-02 05:00:00+00:00,Multan,137.8838264359368,µg/m³,2
2025-11-02 06:00:00+00:00,Multan,102.37338888380263,µg/m³,2
2025-11-02 07:00:00+00:00,Multan,78.28569467332628,µg/m³,2
2025-11-02 08:00:00+00:00,Multan,72.0540647012216,µg/m³,2
2025-11-02 09:00:00+00:00,Multan,76.19937496185302,µg/m³,2
2025-11-02 10:00:00+00:00,Multan,69.12912483215331,µg/m³,2
2025-11-02 11:00:00+00:00,Multan,67.55956258773804,µg/m³,2
2025-11-02 12:00:00+00:00,Multan,106.97439578374227,µg/m³,2
2025-11-02 13:00:00+00:00,Multan,150.86814578374225,µg/m³,2
2025-11-02 14:00:00+00:00,Multan,189.60808347066245,µg/m³,2
2025-11-02 15:00:00+00:00,Multan,201.71308339436848,µg/m³,2
2025-11-02 16:00:00+00:00,Multan,216.33174991607666,µg/m³,2
2025-11-02 17:00:00+00:00,Multan,199.90589609146122,µg/m³,2
2025-11-02 18:00:00+00:00,Multan,201.6572078704834,µg/m³,2
2025-11-02 19:00:00+00:00,Multan,189.94585428237917,µg/m³,2
2025-11-02 20:00:00+00:00,Multan,189.8267916361491,µg/m³,2
2025-11-02 21:00:00+00:00,Multan,191.2413125038147,µg/m³,2
2025-11-02 22:00:00+00:00,Multan,206.98439582188922,µg/m³,2
2025-11-02 23:00:00+00:00,Multan,196.92947918574015,µg/m³,2
2025-11-03 00:00:00+00:00,Multan,200.98916613260903,µg/m³,2
2025-11-03 01:00:00+00:00,Multan,195.61566664377847,µg/m³,2
2025-11-03 02:00:00+00:00,Multan,216.82295811971028,µg/m³,2
2025-11-03 03:00:00+00:00,Multan,200.85124994913735,µg/m³,2
2025-11-03 04:00:00+00:00,Multan,185.16354810926646,µg/m³,2
2025-11-03 05:00:00+00:00,Multan,165.12791665395102,µg/m³,2
2025-11-03 06:00:00+00:00,Multan,137.11756258010865,µg/m³,2
2025-11-03 07:00:00+00:00,Multan,117.32768855355002,µg/m³,2
2025-11-03 08:00:00+00:00,Multan,100.72216650644938,µg/m³,2
2025-11-03 09:00:00+00:00,Multan,93.40525736278958,µg/m³,2
2025-11-03 10:00:00+00:00,Multan,95.07610413233436,µg/m³,2
2025-11-03 11:00:00+00:00,Multan,106.71143744786582,µg/m³,2
2025-11-03 12:00:00+00:00,Multan,136.49685417811077,µg/m³,2
2025-11-03 13:00:00+00:00,Multan,198.248555109236,µg/m³,2
2025-11-03 14:00:00+00:00,Multan,218.03908411661786,µg/m³,2
2025-11-03 15:00:00+00:00,Multan,246.71641502380368,µg/m³,2
2025-11-03 16:00:00+00:00,Multan,244.33443752924603,µg/m³,2
2025-11-03 17:00:00+00:00,Multan,237.92995694478356,µg/m³,2
2025-11-03 18:00:00+00:00,Multan,248.9461265563965,µg/m³,2
2025-11-03 19:00:00+00:00,Multan,220.8981258392334,µg/m³,2
2025-11-03 20:00:00+00:00,Multan,156.10560426712036,µg/m³,2
2025-11-03 21:00:00+00:00,Multan,129.17388192282783,µg/m³,2
2025-11-03 22:00:00+00:00,Multan,138.95627082188923,µg/m³,2
2025-11-03 23:00:00+00:00,Multan,163.11962509155273,µg/m³,2
2025-11-04 00:00:00+00:00,Multan,168.22089579900106,µg/m³,2
2025-11-04 01:00:00+00:00,Multan,176.05100002288816,µg/m³,2
2025-11-04 02:00:00+00:00,Multan,177.70533326466878,µg/m³,2
2025-11-04 03:00:00+00:00,Multan,154.06450004577636,µg/m³,2
2025-11-04 04:00:00+00:00,Multan,133.13241671244305,µg/m³,2
2025-11-04 05:00:00+00:00,Multan,128.10027074813843,µg/m³,2
2025-11-04 06:00:00+00:00,Multan,108.19265974892511,µg/m³,2
2025-11-04 07:00:00+00:00,Multan,98.28193756739297,µg/m³,2
2025-11-04 08:00:00+00:00,Multan,108.86881227493286,µg/m³,2
2025-11-04 09:00:00+00:00,Multan,96.37058327992757,µg/m³,2
2025-11-04 10:00:00+00:00,Multan,77.17527068456013,µg/m³,2
2025-11-04 11:00:00+00:00,Multan,70.84210430781046,µg/m³,2
2025-11-04 12:00:00+00:00,Multan,101.69716669718423,µg/m³,2
2025-11-04 13:00:00+00:00,Multan,167.55487521489462,µg/m³,2
2025-11-04 14:00:00+00:00,Multan,234.8119585990906,µg/m³,2
2025-11-04 15:00:00+00:00,Multan,214.10958414077757,µg/m³,2
2025-11-04 16:00:00+00:00,Multan,211.8013740963406,µg/m³,2
2025-11-04 17:00:00+00:00,Multan,219.1238122622172,µg/m³,2
2025-11-04 18:00:00+00:00,Multan,203.9530419031779,µg/m³,2
2025-11-04 19:00:00+00:00,Multan,202.14375063578288,µg/m³,2
2025-11-04 20:00:00+00:00,Multan,236.2196867307027,µg/m³,2
2025-11-04 21:00:00+00:00,Multan,345.9330002148946,µg/m³,2
2025-11-04 22:00:00+00:00,Multan,365.30852018992107,µg/m³,2
2025-11-04 23:00:00+00:00,Multan,361.2218981424968,µg/m³,2
2025-11-05 00:00:00+00:00,Multan,344.59879226684575,µg/m³,2
2025-11-05 01:00:00+00:00,Multan,325.7007089296977,µg/m³,2
2025-11-05 02:00:00+00:00,Multan,315.09010461171465,µg/m³,2
2025-11-05 03:00:00+00:00,Multan,277.9175227425315,µg/m³,2
2025-11-05 04:00:00+00:00,Multan,243.6948245048523,µg/m³,2
2025-11-05 05:00:00+00:00,Multan,221.8677216000027,µg/m³,2
2025-11-05 07:00:00+00:00,Multan,173.9403403070238,µg/m³,2
2025-11-05 08:00:00+00:00,Multan,149.4000067498949,µg/m³,2
2025-11-05 09:00:00+00:00,Multan,134.44735447565714,µg/m³,2
2025-11-05 10:00:00+00:00,Multan,123.96458333333334,µg/m³,2
2025-11-05 11:00:00+00:00,Multan,138.13335415522258,µg/m³,2
2025-11-05 12:00:00+00:00,Multan,157.9800625801086,µg/m³,2
2025-11-05 13:00:00+00:00,Multan,178.1513123512268,µg/m³,2
2025-11-05 14:00:00+00:00,Multan,207.65122887293495,µg/m³,2
2025-11-05 15:00:00+00:00,Multan,220.20504182179766,µg/m³,2
2025-11-05 16:00:00+00:00,Multan,239.21752058664958,µg/m³,2
2025-11-05 17:00:00+00:00,Multan,223.91329046885173,µg/m³,2
2025-11-05 18:00:00+00:00,Multan,209.80422836939493,µg/m³,2
2025-11-05 19:00:00+00:00,Multan,167.7340000152588,µg/m³,2
2025-11-05 20:00:00+00:00,Multan,168.15029169718423,µg/m³,2
2025-11-05 21:00:00+00:00,Multan,163.36320832570394,µg/m³,2
2025-11-05 22:00:00+00:00,Multan,174.14445813496906,µg/m³,2
2025-11-05 23:00:00+00:00,Multan,184.3348747253418,µg/m³,2
2025-11-06 00:00:00+00:00,Multan,178.93627093633015,µg/m³,2
2025-11-06 01:00:00+00:00,Multan,195.46931320826218,µg/m³,2
2025-11-06 02:00:00+00:00,Multan,252.6158137003581,µg/m³,2
2025-11-06 03:00:00+00:00,Multan,205.61818685531617,µg/m³,2
2025-11-06 04:00:00+00:00,Multan,189.14608338673912,µg/m³,2
2025-11-06 05:00:00+00:00,Multan,149.0358957608541,µg/m³,2
2025-11-06 06:00:00+00:00,Multan,96.3190625190735,µg/m³,2
2025-11-06 07:00:00+00:00,Multan,79.02414573033651,µg/m³,2
2025-11-06 08:00:00+00:00,Multan,79.09945111804538,µg/m³,2
2025-11-06 09:00:00+00:00,Multan,75.16512675140842,µg/m³,2
2025-11-06 10:00:00+00:00,Multan,75.95268754959106,µg/m³,2
2025-11-06 11:00:00+00:00,Multan,89.23125,µg/m³,2
2025-11-06 12:00:00+00:00,Multan,126.48110405604044,µg/m³,2
2025-11-06 13:00:00+00:00,Multan,195.61231241226196,µg/m³,2
2025-11-06 14:00:00+00:00,Multan,231.011207930247,µg/m³,2
2025-11-06 15:00:00+00:00,Multan,252.66614538828532,µg/m³,2
2025-11-06 16:00:00+00:00,Multan,283.81676289240517,µg/m³,2
2025-11-06 17:00:00+00:00,Multan,296.3527714411418,µg/m³,2
2025-11-06 18:00:00+00:00,Multan,300.29849805831907,µg/m³,2
2025-11-06 19:00:00+00:00,Multan,300.6482495625813,µg/m³,2
2025-11-06 20:00:00+00:00,Multan,301.27329187393184,µg/m³,2
2025-11-06 21:00:00+00:00,Multan,292.7356858253479,µg/m³,2
2025-11-06 22:00:00+00:00,Multan,280.3484380722046,µg/m³,2
2025-11-06 23:00:00+00:00,Multan,304.2044992129008,µg/m³,2
2025-11-07 00:00:00+00:00,Multan,297.5270411173502,µg/m³,2
2025-11-07 01:00:00+00:00,Multan,302.1031046867371,µg/m³,2
2025-11-07 02:00:00+00:00,Multan,299.13809271725745,µg/m³,2
2025-11-07 03:00:00+00:00,Multan,274.4744791984558,µg/m³,2
2025-11-07 04:00:00+00:00,Multan,208.78706165949504,µg/m³,2
2025-11-07 05:00:00+00:00,Multan,153.8824583689372,µg/m³,2
2025-11-07 06:00:00+00:00,Multan,106.96289599736531,µg/m³,2
2025-11-07 07:00:00+00:00,Multan,103.15935417811076,µg/m³,2
2025-11-07 08:00:00+00:00,Multan,92.87991663614909,µg/m³,2
2025-11-07 09:00:00+00:00,Multan,85.8465624809265,µg/m³,2
2025-11-07 10:00:00+00:00,Multan,88.41887512207032,µg/m³,2
2025-11-07 11:00:00+00:00,Multan,90.70379149119059,µg/m³,2
2025-11-07 12:00:00+00:00,Multan,111.10518751144409,µg/m³,2
2025-11-07 13:00:00+00:00,Multan,142.93133347829183,µg/m³,2
2025-11-07 14:00:00+00:00,Multan,202.93293210809878,µg/m³,2
2025-11-07 15:00:00+00:00,Multan,228.27340298758617,µg/m³,2
2025-11-07 16:00:00+00:00,Multan,274.2800407727559,µg/m³,2
2025-11-07 17:00:00+00:00,Multan,269.65004304250084,µg/m³,2
2025-11-07 18:00:00+00:00,Multan,251.9592900276184,µg/m³,2
2025-11-07 19:00:00+00:00,Multan,266.3284318056974,µg/m³,2
2025-11-07 20:00:00+00:00,Multan,236.75860497156776,µg/m³,2
2025-11-07 21:00:00+00:00,Multan,231.16062485376995,µg/m³,2
2025-11-07 22:00:00+00:00,Multan,225.37833305994667,µg/m³,2
2025-11-07 23:00:00+00:00,Multan,219.1358960151672,µg/m³,2
2025-11-08 00:00:00+00:00,Multan,206.7257084528605,µg/m³,2
2025-11-08 01:00:00+00:00,Multan,210.05741729736326,µg/m³,2
2025-11-08 02:00:00+00:00,Multan,254.16564626693727,µg/m³,2
2025-11-08 03:00:00+00:00,Multan,239.18099912007648,µg/m³,2
2025-11-08 04:00:00+00:00,Multan,190.02527090708415,µg/m³,2
2025-11-08 05:00:00+00:00,Multan,136.08287506103517,µg/m³,2
2025-11-08 06:00:00+00:00,Multan,112.30243749618529,µg/m³,2
2025-11-08 07:00:00+00:00,Multan,83.42829157511393,µg/m³,2
2025-11-08 08:00:00+00:00,Multan,66.62449970245362,µg/m³,2
2025-11-08 09:00:00+00:00,Multan,71.07224348915948,µg/m³,2
2025-11-08 10:00:00+00:00,Multan,71.85407637490167,µg/m³,2
2025-11-08 11:00:00+00:00,Multan,82.2486666361491,µg/m³,2
2025-11-08 12:00:00+00:00,Multan,115.91966654459637,µg/m³,2
2025-11-08 13:00:00+00:00,Multan,172.12190959718492,µg/m³,2
2025-11-08 14:00:00+00:00,Multan,207.07865219116206,µg/m³,2
2025-11-08 15:00:00+00:00,Multan,256.63243872324625,µg/m³,2
2025-11-08 16:00:00+00:00,Multan,269.02083346048994,µg/m³,2
2025-11-08 17:00:00+00:00,Multan,303.8749173482259,µg/m³,2
2025-11-08 18:00:00+00:00,Multan,305.3584172566732,µg/m³,2
2025-11-08 19:00:00+00:00,Multan,299.6923337300618,µg/m³,2
2025-11-08 20:00:00+00:00,Multan,282.3855900851163,µg/m³,2
2025-11-08 21:00:00+00:00,Multan,275.1134995778402,µg/m³,2
2025-11-08 22:00:00+00:00,Multan,278.356084060669,µg/m³,2
2025-11-08 23:00:00+00:00,Multan,287.0115010579427,µg/m³,2
2025-11-09 00:00:00+00:00,Multan,307.13908170064286,µg/m³,2
2025-11-09 01:00:00+00:00,Multan,331.5001678466797,µg/m³,2
2025-11-09 02:00:00+00:00,Multan,352.99966557820636,µg/m³,2
2025-11-09 03:00:00+00:00,Multan,329.3810022989909,µg/m³,2
2025-11-09 04:00:00+00:00,Multan,251.53883234659833,µg/m³,2
2025-11-09 05:00:00+00:00,Multan,184.7307012430827,µg/m³,2
2025-11-09 06:00:00+00:00,Multan,127.70133336385092,µg/m³,2
2025-11-09 07:00:00+00:00,Multan,105.60550003051759,µg/m³,2
2025-11-09 08:00:00+00:00,Multan,88.7513333638509,µg/m³,2
2025-11-09 09:00:00+00:00,Multan,71.25729185740153,µg/m³,2
2025-11-09 10:00:00+00:00,Multan,66.53722212049696,µg/m³,2
2025-11-09 11:00:00+00:00,Multan,79.54883321126303,µg/m³,2
2025-11-09 12:00:00+00:00,Multan,119.49016672770183,µg/m³,2
2025-11-09 13:00:00+00:00,Multan,143.43358319600424,µg/m³,2
2025-11-09 14:00:00+00:00,Multan,182.01783345540366,µg/m³,2
2025-11-09 15:00:00+00:00,Multan,208.4040833791097,µg/m³,2
2025-11-09 16:00:00+00:00,Multan,196.13641675313312,µg/m³,2
2025-11-09 17:00:00+00:00,Multan,191.6370835622152,µg/m³,2
2025-11-09 18:00:00+00:00,Multan,217.1207497914632,µg/m³,2
2025-11-09 19:00:00+00:00,Multan,228.74300015767415,µg/m³,2
2025-11-09 20:00:00+00:00,Multan,196.9138333638509,µg/m³,2
2025-11-09 21:00:00+00:00,Multan,202.98733342488606,µg/m³,2
2025-11-09 22:00:00+00:00,Multan,191.92616678873696,µg/m³,2
2025-11-09 23:00:00+00:00,Multan,208.24316736857094,µg/m³,2
2025-11-10 00:00:00+00:00,Multan,190.5928325653076,µg/m³,2
2025-11-10 01:00:00+00:00,Multan,198.63183339436847,µg/m³,2
2025-11-10 02:00:00+00:00,Multan,191.51699981689453,µg/m³,2
2025-11-10 03:00:00+00:00,Multan,169.90210402806602,µg/m³,2
2025-11-10 04:00:00+00:00,Multan,133.76541651407877,µg/m³,2
2025-11-10 05:00:00+00:00,Multan,127.59138904147679,µg/m³,2
2025-11-10 06:00:00+00:00,Multan,91.04846414838518,µg/m³,2
2025-11-10 07:00:00+00:00,Multan,76.77222222222223,µg/m³,2
2025-11-10 08:00:00+00:00,Multan,65.34124271604749,µg/m³,2
2025-11-10 09:00:00+00:00,Multan,63.09402074813843,µg/m³,2
2025-11-10 10:00:00+00:00,Multan,60.642972267998594,µg/m³,2
2025-11-10 11:00:00+00:00,Multan,61.596270974477136,µg/m³,2
2025-11-10 12:00:00+00:00,Multan,106.90250015258789,µg/m³,2
2025-11-10 13:00:00+00:00,Multan,167.03600006103517,µg/m³,2
2025-11-10 14:00:00+00:00,Multan,220.96108233133953,µg/m³,2
2025-11-10 15:00:00+00:00,Multan,221.33066635131837,µg/m³,2
2025-11-10 16:00:00+00:00,Multan,251.86117347081503,µg/m³,2
2025-11-10 17:00:00+00:00,Multan,289.4417507171631,µg/m³,2
2025-11-10 18:00:00+00:00,Multan,297.2059160868327,µg/m³,2
2025-11-10 19:00:00+00:00,Multan,297.42891591389974,µg/m³,2
2025-11-10 20:00:00+00:00,Multan,302.10408248901365,µg/m³,2
2025-11-10 21:00:00+00:00,Multan,289.5805005391439,µg/m³,2
2025-11-10 22:00:00+00:00,Multan,257.4061672210694,µg/m³,2
2025-11-10 23:00:00+00:00,Multan,277.33333384195964,µg/m³,2
2025-11-11 00:00:00+00:00,Multan,270.9444160461426,µg/m³,2
2025-11-11 01:00:00+00:00,Multan,280.5999989827474,µg/m³,2
2025-11-11 02:00:00+00:00,Multan,279.268417485555,µg/m³,2
2025-11-11 03:00:00+00:00,Multan,291.56994501749676,µg/m³,2
2025-11-11 04:00:00+00:00,Multan,292.10365899403894,µg/m³,2
2025-11-11 05:00:00+00:00,Multan,237.58614082914409,µg/m³,2
2025-11-11 06:00:00+00:00,Multan,200.4194310043797,µg/m³,2
2025-11-11 07:00:00+00:00,Multan,177.41270134184094,µg/m³,2
2025-11-11 08:00:00+00:00,Multan,134.3065557691786,µg/m³,2
2025-11-11 09:00:00+00:00,Multan,132.02808316548666,µg/m³,2
2025-11-11 10:00:00+00:00,Multan,137.8567359712389,µg/m³,2
2025-11-11 11:00:00+00:00,Multan,125.74041659037272,µg/m³,2
2025-11-11 12:00:00+00:00,Multan,161.6458335876465,µg/m³,2
2025-11-11 13:00:00+00:00,Multan,230.49547913869222,µg/m³,2
2025-11-11 14:00:00+00:00,Multan,258.8580280303955,µg/m³,2
2025-11-11 15:00:00+00:00,Multan,273.8444164276123,µg/m³,2
2025-11-11 16:00:00+00:00,Multan,222.25408312479652,µg/m³,2
2025-11-11 17:00:00+00:00,Multan,216.13608169555664,µg/m³,2
2025-11-11 18:00:00+00:00,Multan,211.13983205159505,µg/m³,2
2025-11-11 19:00:00+00:00,Multan,225.2165002187093,µg/m³,2
2025-11-11 20:00:00+00:00,Multan,268.98233426411946,µg/m³,2
2025-11-11 21:00:00+00:00,Multan,270.4255839029948,µg/m³,2
2025-11-11 22:00:00+00:00,Multan,297.0553321838379,µg/m³,2
2025-11-11 23:00:00+00:00,Multan,303.3776668548584,µg/m³,2
2025-11-12 00:00:00+00:00,Multan,344.13500162760425,µg/m³,2
2025-11-12 01:00:00+00:00,Multan,364.7848336537679,µg/m³,2
2025-11-12 02:00:00+00:00,Multan,405.2040003458659,µg/m³,2
2025-11-12 03:00:00+00:00,Multan,407.86068916320795,µg/m³,2
2025-11-12 04:00:00+00:00,Multan,325.5536179860434,µg/m³,2
2025-11-12 05:00:00+00:00,Multan,268.896874109904,µg/m³,2
2025-11-12 12:00:00+00:00,Multan,154.98899993896484,µg/m³,1
2025-11-12 13:00:00+00:00,Multan,182.02766672770179,µg/m³,1
2025-11-12 14:00:00+00:00,Multan,223.63883310953773,µg/m³,1
2025-11-12 15:00:00+00:00,Multan,276.3094569524129,µg/m³,1
2025-11-12 16:00:00+00:00,Multan,261.3384986877441,µg/m³,1
2025-11-12 17:00:00+00:00,Multan,228.6699996948242,µg/m³,1
2025-11-12 18:00:00+00:00,Multan,230.48866653442383,µg/m³,1
2025-11-12 19:00:00+00:00,Multan,299.5223337809245,µg/m³,1
2025-11-12 20:00:00+00:00,Multan,274.09466756184895,µg/m³,1
2025-11-12 21:00:00+00:00,Multan,245.20833129882814,µg/m³,1
2025-11-12 22:00:00+00:00,Multan,228.7583330790202,µg/m³,1
2025-11-12 23:00:00+00:00,Multan,224.50550028483067,µg/m³,1
2025-11-13 00:00:00+00:00,Multan,223.711333211263,µg/m³,1
2025-11-13 01:00:00+00:00,Multan,229.48883336385094,µg/m³,1
2025-11-13 02:00:00+00:00,Multan,261.2856648763021,µg/m³,1
2025-11-13 03:00:00+00:00,Multan,224.87749964396156,µg/m³,1
2025-11-13 04:00:00+00:00,Multan,137.2949996948242,µg/m³,1
2025-11-13 06:00:00+00:00,Multan,128.9111666361491,µg/m³,1
2025-11-13 07:00:00+00:00,Multan,101.71933339436849,µg/m³,1
2025-11-13 08:00:00+00:00,Multan,63.911000061035146,µg/m³,1
2025-11-13 09:00:00+00:00,Multan,56.738833363850915,µg/m³,1
2025-11-13 10:00:00+00:00,Multan,50.15833333333333,µg/m³,1
2025-11-13 11:00:00+00:00,Multan,59.3831667582194,µg/m³,1
2025-11-13 12:00:00+00:00,Multan,96.34900054931641,µg/m³,1
2025-11-13 13:00:00+00:00,Multan,140.48300018310547,µg/m³,1
2025-11-13 14:00:00+00:00,Multan,157.5031664530436,µg/m³,1
2025-11-13 15:00:00+00:00,Multan,174.42833302815757,µg/m³,1
2025-11-13 16:00:00+00:00,Multan,179.3081667582194,µg/m³,1
2025-11-13 17:00:00+00:00,Multan,198.4448331197103,µg/m³,1
2025-11-13 18:00:00+00:00,Multan,188.6190002441406,µg/m³,1
2025-11-13 19:00:00+00:00,Multan,190.9638333638509,µg/m³,1
2025-11-13 20:00:00+00:00,Multan,191.40866648356118,µg/m³,1
2025-11-13 21:00:00+00:00,Multan,189.77533315022785,µg/m³,1
2025-11-13 22:00:00+00:00,Multan,177.0181818181818,µg/m³,1
2025-11-13 23:00:00+00:00,Multan,185.22200012207028,µg/m³,1
2025-11-14 00:00:00+00:00,Multan,156.69950027465816,µg/m³,1
2025-11-14 02:00:00+00:00,Multan,192.29150009155276,µg/m³,1
2025-11-14 03:00:00+00:00,Multan,180.42233327229818,µg/m³,1
2025-11-14 04:00:00+00:00,Multan,182.8974998474121,µg/m³,1
2025-11-14 13:00:00+00:00,Multan,138.37216669718427,µg/m³,1
2025-11-14 14:00:00+00:00,Multan,162.40833333333333,µg/m³,1
2025-11-14 15:00:00+00:00,Multan,179.18300018310546,µg/m³,1
2025-11-14 16:00:00+00:00,Multan,194.8943333943685,µg/m³,1
2025-11-14 17:00:00+00:00,Multan,187.4891665140788,µg/m³,1
2025-11-14 18:00:00+00:00,Multan,166.44183324178059,µg/m³,1
2025-11-14 19:00:00+00:00,Multan,186.6889996846517,µg/m³,1
2025-11-14 20:00:00+00:00,Multan,183.43933283487956,µg/m³,1
2025-11-14 21:00:00+00:00,Multan,127.14166666666667,µg/m³,1
2025-11-14 22:00:00+00:00,Multan,119.36916681925457,µg/m³,1
2025-11-14 23:00:00+00:00,Multan,125.40599975585938,µg/m³,1
2025-11-15 00:00:00+00:00,Multan,118.43616663614905,µg/m³,1
2025-11-15 01:00:00+00:00,Multan,140.39449996948244,µg/m³,1
2025-11-15 02:00:00+00:00,Multan,149.53033345540362,µg/m³,1
2025-11-15 03:00:00+00:00,Multan,170.34487476348878,µg/m³,1
2025-11-15 04:00:00+00:00,Multan,134.53850021362302,µg/m³,1
2025-11-15 05:00:00+00:00,Multan,73.5331667582194,µg/m³,1
2025-11-15 06:00:00+00:00,Multan,54.81983311971029,µg/m³,1
2025-11-15 07:00:00+00:00,Multan,52.90233357747396,µg/m³,1
2025-11-15 08:00:00+00:00,Multan,38.06524963378906,µg/m³,1
2025-11-15 09:00:00+00:00,Multan,30.555833148956296,µg/m³,1
2025-11-15 10:00:00+00:00,Multan,31.700666459401443,µg/m³,1
2025-11-15 11:00:00+00:00,Multan,41.80233357747395,µg/m³,1
2025-11-15 12:00:00+00:00,Multan,47.56433308919271,µg/m³,1
2025-11-15 13:00:00+00:00,Multan,151.58050003051758,µg/m³,1
2025-11-15 14:00:00+00:00,Multan,194.54116694132486,µg/m³,1
2025-11-15 15:00:00+00:00,Multan,231.85016733805335,µg/m³,1
2025-11-15 16:00:00+00:00,Multan,112.75683377583822,µg/m³,1
2025-11-15 17:00:00+00:00,Multan,113.7383336385091,µg/m³,1
2025-11-15 18:00:00+00:00,Multan,133.6583333333333,µg/m³,1
2025-11-15 19:00:00+00:00,Multan,136.19416681925458,µg/m³,1
2025-11-15 20:00:00+00:00,Multan,139.20299987792967,µg/m³,1
2025-11-15 21:00:00+00:00,Multan,176.3470001220703,µg/m³,1
2025-11-15 22:00:00+00:00,Multan,197.1833333333333,µg/m³,1
2025-11-15 23:00:00+00:00,Multan,163.20583318074543,µg/m³,1
2025-11-16 00:00:00+00:00,Multan,223.0482778337267,µg/m³,1
2025-11-16 01:00:00+00:00,Multan,207.16902775234647,µg/m³,1
2025-11-16 02:00:00+00:00,Multan,242.65900065104168,µg/m³,1
2025-11-16 04:00:00+00:00,Multan,220.98299942016604,µg/m³,1
2025-11-16 05:00:00+00:00,Multan,133.4948331197103,µg/m³,1
2025-11-16 06:00:00+00:00,Multan,109.89133351643879,µg/m³,1
2025-11-16 07:00:00+00:00,Multan,88.73066660563153,µg/m³,1
2025-11-16 08:00:00+00:00,Multan,57.358833058675124,µg/m³,1
2025-11-16 09:00:00+00:00,Multan,49.58866678873698,µg/m³,1
2025-11-16 10:00:00+00:00,Multan,39.36166636149089,µg/m³,1
2025-11-16 11:00:00+00:00,Multan,37.56099999745687,µg/m³,1
2025-11-16 12:00:00+00:00,Multan,77.14733327229816,µg/m³,1
2025-11-16 13:00:00+00:00,Multan,154.03383305867513,µg/m³,1
2025-11-16 14:00:00+00:00,Multan,166.6270004272461,µg/m³,1
2025-11-16 15:00:00+00:00,Multan,175.534166208903,µg/m³,1
2025-11-16 16:00:00+00:00,Multan,191.95500030517576,µg/m³,1
2025-11-16 17:00:00+00:00,Multan,206.46966654459632,µg/m³,1
2025-11-16 18:00:00+00:00,Multan,232.38349990844725,µg/m³,1
2025-11-16 19:00:00+00:00,Multan,246.81416702270508,µg/m³,1
2025-11-16 20:00:00+00:00,Multan,196.64166641235354,µg/m³,1
2025-11-16 21:00:00+00:00,Multan,170.1361666361491,µg/m³,1
2025-11-16 22:00:00+00:00,Multan,173.53333333333333,µg/m³,1
2025-11-16 23:00:00+00:00,Multan,155.07766672770182,µg/m³,1
2025-11-17 00:00:00+00:00,Multan,172.10800018310547,µg/m³,1
2025-11-17 01:00:00+00:00,Multan,152.6163335164388,µg/m³,1
2025-11-17 02:00:00+00:00,Multan,129.50283330281576,µg/m³,1
2025-11-17 03:00:00+00:00,Multan,111.53070824941,µg/m³,1
2025-11-17 04:00:00+00:00,Multan,101.82249984741212,µg/m³,1
2025-11-17 05:00:00+00:00,Multan,76.37652808295356,µg/m³,1
2025-11-17 06:00:00+00:00,Multan,40.96966654459636,µg/m³,1
2025-11-17 09:00:00+00:00,Multan,31.669500096639002,µg/m³,1
2025-11-17 10:00:00+00:00,Multan,28.91505556106567,µg/m³,1
2025-11-17 11:00:00+00:00,Multan,34.99383363723755,µg/m³,1
2025-11-17 12:00:00+00:00,Multan,68.23300018310546,µg/m³,1
2025-11-17 13:00:00+00:00,Multan,130.5115830739339,µg/m³,1
2025-11-17 14:00:00+00:00,Multan,168.5410003662109,µg/m³,1
2025-11-17 15:00:00+00:00,Multan,121.93099975585939,µg/m³,1
2025-11-17 16:00:00+00:00,Multan,141.56333363850914,µg/m³,1
2025-11-17 17:00:00+00:00,Multan,161.63066660563152,µg/m³,1
2025-11-17 18:00:00+00:00,Multan,153.62466684977215,µg/m³,1
2025-11-17 19:00:00+00:00,Multan,149.65,µg/m³,1
2025-11-17 20:00:00+00:00,Multan,126.4693333943685,µg/m³,1
2025-11-17 21:00:00+00:00,Multan,119.43349990844727,µg/m³,1
2025-11-17 22:00:00+00:00,Multan,100.18616663614908,µg/m³,1
2025-11-17 23:00:00+00:00,Multan,127.48283360799155,µg/m³,1
2025-11-18 00:00:00+00:00,Multan,154.69466654459634,µg/m³,1
2025-11-18 01:00:00+00:00,Multan,126.33349990844727,µg/m³,1
2025-11-18 02:00:00+00:00,Multan,157.0888333638509,µg/m³,1
2025-11-18 03:00:00+00:00,Multan,177.7557502746582,µg/m³,1
2025-11-18 05:00:00+00:00,Multan,115.51716639200845,µg/m³,1
2025-11-18 06:00:00+00:00,Multan,63.42249984741212,µg/m³,1
2025-11-18 07:00:00+00:00,Multan,50.70033311843873,µg/m³,1
2025-11-18 08:00:00+00:00,Multan,41.36933342615763,µg/m³,1
2025-11-18 09:00:00+00:00,Multan,40.98099975585937,µg/m³,1
2025-11-18 10:00:00+00:00,Multan,44.79983342488607,µg/m³,1
2025-11-18 11:00:00+00:00,Multan,38.997833506266275,µg/m³,1
2025-11-18 12:00:00+00:00,Multan,61.59700012207032,µg/m³,1
2025-11-18 13:00:00+00:00,Multan,113.35727784898546,µg/m³,3
2025-11-18 14:00:00+00:00,Multan,148.03805550469292,µg/m³,3
2025-11-18 15:00:00+00:00,Multan,198.02061097886826,µg/m³,3
2025-11-18 16:00:00+00:00,Multan,173.85566660563154,µg/m³,2
2025-11-18 17:00:00+00:00,Multan,186.53894441392686,µg/m³,3
2025-11-18 18:00:00+00:00,Multan,209.31672202216257,µg/m³,3
2025-11-18 19:00:00+00:00,Multan,266.8446673075358,µg/m³,2
2025-11-18 20:00:00+00:00,Multan,261.9934364636739,µg/m³,2
2025-11-18 21:00:00+00:00,Multan,230.8665551927355,µg/m³,3
2025-11-18 22:00:00+00:00,Multan,234.61116663614908,µg/m³,3
2025-11-18 23:00:00+00:00,Multan,241.51200002034503,µg/m³,3
2025-11-19 00:00:00+00:00,Multan,260.0397777981228,µg/m³,3
2025-11-19 01:00:00+00:00,Multan,193.45283330281575,µg/m³,2
2025-11-19 02:00:00+00:00,Multan,189.2765832265218,µg/m³,2
2025-11-19 03:00:00+00:00,Multan,198.5940835316976,µg/m³,2
2025-11-19 04:00:00+00:00,Multan,181.6570832570394,µg/m³,2
2025-11-19 05:00:00+00:00,Multan,189.22483342488607,µg/m³,2
2025-11-19 06:00:00+00:00,Multan,176.9551668802897,µg/m³,2
2025-11-19 07:00:00+00:00,Multan,144.48766657511393,µg/m³,2
2025-11-19 08:00:00+00:00,Multan,111.42511105007596,µg/m³,3
2025-11-19 09:00:00+00:00,Multan,94.33905546400281,µg/m³,3
2025-11-19 10:00:00+00:00,Multan,90.65927776760525,µg/m³,3
2025-11-19 11:00:00+00:00,Multan,94.52344428168404,µg/m³,3
2025-11-19 12:00:00+00:00,Multan,105.28458340962727,µg/m³,2
2025-11-19 13:00:00+00:00,Multan,132.59988894992404,µg/m³,3
2025-11-19 14:00:00+00:00,Multan,149.50827780829536,µg/m³,3
2025-11-19 15:00:00+00:00,Multan,158.30377773708767,µg/m³,3
2025-11-19 16:00:00+00:00,Multan,132.39522230360242,µg/m³,3
2025-11-19 17:00:00+00:00,Multan,122.07866668701172,µg/m³,3
2025-11-19 18:00:00+00:00,Multan,109.36008313496907,µg/m³,2
2025-11-19 19:00:00+00:00,Multan,139.72605548434788,µg/m³,3
2025-11-19 20:00:00+00:00,Multan,146.1418332417806,µg/m³,3
2025-11-19 21:00:00+00:00,Multan,153.10744442409938,µg/m³,3
2025-11-19 22:00:00+00:00,Multan,160.05466664632164,µg/m³,3
2025-11-19 23:00:00+00:00,Multan,173.34077775743273,µg/m³,3
2025-11-20 00:00:00+00:00,Multan,134.58875007629393,µg/m³,2
2025-11-20 01:00:00+00:00,Multan,97.79716669718425,µg/m³,2
2025-11-20 02:00:00+00:00,Multan,116.06661122639974,µg/m³,3
2025-11-20 03:00:00+00:00,Multan,184.38633321126304,µg/m³,1
2025-11-20 04:00:00+00:00,Multan,224.8442501068115,µg/m³,2
2025-11-20 05:00:00+00:00,Multan,222.14174995422366,µg/m³,2
2025-11-20 06:00:00+00:00,Multan,183.1084166208903,µg/m³,2
2025-11-20 07:00:00+00:00,Multan,159.94833348592124,µg/m³,2
2025-11-20 08:00:00+00:00,Multan,144.16283315022787,µg/m³,2
2025-11-20 09:00:00+00:00,Multan,123.36241671244304,µg/m³,2
2025-11-20 10:00:00+00:00,Multan,114.6320832570394,µg/m³,2
2025-11-20 11:00:00+00:00,Multan,95.56133321126302,µg/m³,2
2025-11-20 12:00:00+00:00,Multan,114.54983342488606,µg/m³,1
2025-11-20 13:00:00+00:00,Multan,144.036333211263,µg/m³,2
2025-11-20 14:00:00+00:00,Multan,173.42799987792972,µg/m³,2
2025-11-20 15:00:00+00:00,Multan,181.96241671244303,µg/m³,2
2025-11-20 16:00:00+00:00,Multan,181.26674995422366,µg/m³,2
2025-11-20 17:00:00+00:00,Multan,155.40424995422364,µg/m³,2
2025-11-20 18:00:00+00:00,Multan,186.11241671244306,µg/m³,2
2025-11-20 19:00:00+00:00,Multan,168.16483332316082,µg/m³,3
2025-11-20 20:00:00+00:00,Multan,156.56991640726724,µg/m³,2
2025-11-20 21:00:00+00:00,Multan,155.7185555352105,µg/m³,3
2025-11-20 22:00:00+00:00,Multan,155.22138883802626,µg/m³,3
2025-11-20 23:00:00+00:00,Multan,134.18600006103514,µg/m³,2
2025-11-21 00:00:00+00:00,Multan,130.48460404078168,µg/m³,2
2025-11-21 01:00:00+00:00,Multan,94.05550003051758,µg/m³,2
2025-11-21 02:00:00+00:00,Multan,109.37855563693576,µg/m³,3
2025-11-21 03:00:00+00:00,Multan,168.44088880750866,µg/m³,3
2025-11-21 04:00:00+00:00,Multan,170.45816675821942,µg/m³,1
2025-11-21 05:00:00+00:00,Multan,182.00550003051757,µg/m³,2
2025-11-21 06:00:00+00:00,Multan,126.78450012207031,µg/m³,2
2025-11-21 07:00:00+00:00,Multan,106.59283345540365,µg/m³,2
2025-11-21 08:00:00+00:00,Multan,86.4918332417806,µg/m³,2
2025-11-21 09:00:00+00:00,Multan,62.16399993896484,µg/m³,1
2025-11-21 10:00:00+00:00,Multan,74.47224998474121,µg/m³,2
2025-11-21 11:00:00+00:00,Multan,68.34483311971029,µg/m³,2
2025-11-21 12:00:00+00:00,Multan,86.66383336385093,µg/m³,2
2025-11-21 13:00:00+00:00,Multan,106.55699996948243,µg/m³,2
2025-11-21 14:00:00+00:00,Multan,133.46408322652184,µg/m³,2
2025-11-21 15:00:00+00:00,Multan,127.55691668192546,µg/m³,2
2025-11-21 16:00:00+00:00,Multan,128.48483327229818,µg/m³,2
2025-11-21 17:00:00+00:00,Multan,126.42641665140786,µg/m³,2
2025-11-21 18:00:00+00:00,Multan,126.71075019836425,µg/m³,2
2025-11-21 19:00:00+00:00,Multan,134.31583328247072,µg/m³,3
2025-11-21 20:00:00+00:00,Multan,133.5804445054796,µg/m³,3
2025-11-21 21:00:00+00:00,Multan,130.42311113145618,µg/m³,3
2025-11-21 22:00:00+00:00,Multan,138.40450007120768,µg/m³,3
2025-11-21 23:00:00+00:00,Multan,120.12241655985514,µg/m³,2
2025-11-22 00:00:00+00:00,Multan,121.27358334859213,µg/m³,2
2025-11-22 01:00:00+00:00,Multan,83.74166666666666,µg/m³,3
2025-11-22 02:00:00+00:00,Multan,101.99366658528646,µg/m³,3
2025-11-22 03:00:00+00:00,Multan,139.17516657511393,µg/m³,3
2025-11-22 04:00:00+00:00,Multan,148.2029998779297,µg/m³,2
2025-11-22 05:00:00+00:00,Multan,106.06641680399576,µg/m³,2
2025-11-22 06:00:00+00:00,Multan,107.29627778795032,µg/m³,3
2025-11-22 07:00:00+00:00,Multan,87.91288892957898,µg/m³,3
2025-11-22 08:00:00+00:00,Multan,81.46488884819878,µg/m³,3
2025-11-22 09:00:00+00:00,Multan,80.88133341471354,µg/m³,3
2025-11-22 10:00:00+00:00,Multan,80.27522210015191,µg/m³,3
2025-11-22 11:00:00+00:00,Multan,82.37966664632161,µg/m³,3
2025-11-22 12:00:00+00:00,Multan,113.9482777065701,µg/m³,3
2025-11-22 13:00:00+00:00,Multan,153.29449996948242,µg/m³,3
2025-11-22 14:00:00+00:00,Multan,207.45708325703941,µg/m³,2
2025-11-22 15:00:00+00:00,Multan,259.5294165293376,µg/m³,2
2025-11-22 16:00:00+00:00,Multan,286.424916712443,µg/m³,2
2025-11-22 17:00:00+00:00,Multan,273.3275833129883,µg/m³,2
2025-11-22 18:00:00+00:00,Multan,234.3397777981228,µg/m³,3
2025-11-22 19:00:00+00:00,Multan,245.12961112128366,µg/m³,3
2025-11-22 20:00:00+00:00,Multan,251.5740000406901,µg/m³,3
2025-11-22 21:00:00+00:00,Multan,232.42483342488606,µg/m³,2
2025-11-22 22:00:00+00:00,Multan,193.42605573866103,µg/m³,3
2025-11-22 23:00:00+00:00,Multan,144.7956662495931,µg/m³,2
2025-11-23 00:00:00+00:00,Multan,125.07855563693575,µg/m³,3
2025-11-23 01:00:00+00:00,Multan,149.57294396294486,µg/m³,3
2025-11-23 02:00:00+00:00,Multan,145.36372214423287,µg/m³,3
2025-11-23 03:00:00+00:00,Multan,213.52466684977213,µg/m³,2
2025-11-23 04:00:00+00:00,Multan,173.92908337910967,µg/m³,2
2025-11-23 05:00:00+00:00,Multan,138.0902500152588,µg/m³,2
2025-11-23 06:00:00+00:00,Multan,111.46366678873699,µg/m³,2
2025-11-23 07:00:00+00:00,Multan,118.61850001017253,µg/m³,3
2025-11-23 08:00:00+00:00,Multan,120.75738889906141,µg/m³,3
2025-11-23 09:00:00+00:00,Multan,117.34072223239475,µg/m³,3
2025-11-23 10:00:00+00:00,Multan,137.0,µg/m³,2
2025-11-23 11:00:00+00:00,Multan,144.5,µg/m³,2
2025-11-23 12:00:00+00:00,Multan,164.5,µg/m³,2
2025-11-23 13:00:00+00:00,Multan,177.07305560641817,µg/m³,3
2025-11-23 14:00:00+00:00,Multan,208.19444444444443,µg/m³,3
2025-11-23 15:00:00+00:00,Multan,186.03899993896482,µg/m³,2
2025-11-23 16:00:00+00:00,Multan,202.4041666666667,µg/m³,2
2025-11-23 17:00:00+00:00,Multan,225.57616691589357,µg/m³,2
2025-11-23 18:00:00+00:00,Multan,260.73600006103516,µg/m³,3
2025-11-23 19:00:00+00:00,Multan,271.30461112128364,µg/m³,3
2025-11-23 20:00:00+00:00,Multan,206.68977779812283,µg/m³,3
2025-11-23 21:00:00+00:00,Multan,163.5304445054796,µg/m³,3
2025-11-23 22:00:00+00:00,Multan,168.1564999898275,µg/m³,3
2025-11-23 23:00:00+00:00,Multan,183.36755557590058,µg/m³,3
2025-11-24 00:00:00+00:00,Multan,171.67683334350582,µg/m³,3
2025-11-24 01:00:00+00:00,Multan,165.73055555555553,µg/m³,3
2025-11-24 02:00:00+00:00,Multan,180.25550015767413,µg/m³,2
2025-11-24 03:00:00+00:00,Multan,130.7,µg/m³,1
2025-11-24 04:00:00+00:00,Multan,200.83733342488608,µg/m³,2
2025-11-24 05:00:00+00:00,Multan,114.60299987792969,µg/m³,1
2025-11-24 06:00:00+00:00,Multan,140.58875007629393,µg/m³,2
2025-11-24 07:00:00+00:00,Multan,122.66424980163575,µg/m³,2
2025-11-24 08:00:00+00:00,Multan,114.73083318074544,µg/m³,2
2025-11-24 09:00:00+00:00,Multan,106.94166666666666,µg/m³,2
2025-11-24 10:00:00+00:00,Multan,115.26516672770182,µg/m³,2
2025-11-24 11:00:00+00:00,Multan,122.51666666666667,µg/m³,2
2025-11-24 12:00:00+00:00,Multan,149.02758344014487,µg/m³,2
2025-11-24 13:00:00+00:00,Multan,181.70184028413559,µg/m³,2
2025-11-24 14:00:00+00:00,Multan,195.70590978198578,µg/m³,2
2025-11-24 15:00:00+00:00,Multan,198.7526667277018,µg/m³,2
2025-11-24 16:00:00+00:00,Multan,201.5718335469564,µg/m³,1
2025-11-24 17:00:00+00:00,Multan,230.49333318074542,µg/m³,2
2025-11-24 18:00:00+00:00,Multan,281.1640555487739,µg/m³,3
2025-11-24 19:00:00+00:00,Multan,221.11766679551866,µg/m³,3
2025-11-24 20:00:00+00:00,Multan,197.18344438340932,µg/m³,3
2025-11-24 21:00:00+00:00,Multan,141.19994447496205,µg/m³,3
2025-11-24 22:00:00+00:00,Multan,143.41111111111113,µg/m³,3
2025-11-24 23:00:00+00:00,Multan,145.22588890923396,µg/m³,3
2025-11-25 00:00:00+00:00,Multan,146.79816665649415,µg/m³,3
2025-11-25 01:00:00+00:00,Multan,159.34633331298826,µg/m³,3
2025-11-25 02:00:00+00:00,Multan,226.9284998575846,µg/m³,1
2025-11-25 03:00:00+00:00,Multan,175.2697498321533,µg/m³,2
2025-11-25 04:00:00+00:00,Multan,234.1095001220703,µg/m³,2
2025-11-25 05:00:00+00:00,Multan,195.5026667277018,µg/m³,2
2025-11-25 06:00:00+00:00,Multan,174.48875007629397,µg/m³,2
2025-11-25 07:00:00+00:00,Multan,174.23427776760525,µg/m³,3
2025-11-25 08:00:00+00:00,Multan,187.4647777981228,µg/m³,3
2025-11-25 09:00:00+00:00,Multan,167.65727784898544,µg/m³,3
2025-11-25 10:00:00+00:00,Multan,156.50931941138376,µg/m³,3
2025-11-25 11:00:00+00:00,Multan,163.03233337402344,µg/m³,3
2025-11-25 12:00:00+00:00,Multan,188.31294445461697,µg/m³,3
2025-11-25 13:00:00+00:00,Multan,185.9251665751139,µg/m³,2
2025-11-25 14:00:00+00:00,Multan,258.47138883802626,µg/m³,3
2025-11-25 15:00:00+00:00,Multan,264.2380555046929,µg/m³,3
2025-11-25 16:00:00+00:00,Multan,256.14366658528644,µg/m³,3
2025-11-25 17:00:00+00:00,Multan,233.97649993896482,µg/m³,2
2025-11-25 18:00:00+00:00,Multan,206.04716669718425,µg/m³,2
2025-11-25 19:00:00+00:00,Multan,198.62783330281576,µg/m³,2
2025-11-25 20:00:00+00:00,Multan,148.74166666666667,µg/m³,2
2025-11-25 21:00:00+00:00,Multan,115.64172219170463,µg/m³,3
2025-11-25 22:00:00+00:00,Multan,118.6592222425673,µg/m³,3
2025-11-25 23:00:00+00:00,Multan,126.46083348592123,µg/m³,3
2025-11-26 00:00:00+00:00,Multan,132.02494447496204,µg/m³,3
2025-11-26 01:00:00+00:00,Multan,143.73455530802408,µg/m³,3
2025-11-26 02:00:00+00:00,Multan,135.06772215101452,µg/m³,3
2025-11-26 03:00:00+00:00,Multan,139.18416671752928,µg/m³,3
2025-11-26 04:00:00+00:00,Multan,132.10637493133544,µg/m³,2
2025-11-26 05:00:00+00:00,Multan,130.37091662089028,µg/m³,2
2025-11-26 06:00:00+00:00,Multan,127.78483327229819,µg/m³,2
2025-11-26 07:00:00+00:00,Multan,139.6361111111111,µg/m³,3
2025-11-26 08:00:00+00:00,Multan,124.47511105007595,µg/m³,3
2025-11-26 09:00:00+00:00,Multan,113.02222222222223,µg/m³,3
2025-11-26 10:00:00+00:00,Multan,106.03694449530707,µg/m³,3
2025-11-26 11:00:00+00:00,Multan,124.0574996948242,µg/m³,2
2025-11-26 12:00:00+00:00,Multan,160.46394441392687,µg/m³,3
2025-11-26 13:00:00+00:00,Multan,179.8418332417806,µg/m³,3
2025-11-26 14:00:00+00:00,Multan,196.8638888888889,µg/m³,3
2025-11-26 15:00:00+00:00,Multan,209.35450007120767,µg/m³,3
2025-11-26 16:00:00+00:00,Multan,211.9413335164388,µg/m³,1
2025-11-26 17:00:00+00:00,Multan,217.80550003051758,µg/m³,2
2025-11-26 18:00:00+00:00,Multan,197.33341662089032,µg/m³,2
2025-11-26 19:00:00+00:00,Multan,140.59922214084202,µg/m³,3
2025-11-26 20:00:00+00:00,Multan,114.34700012207031,µg/m³,2
2025-11-26 21:00:00+00:00,Multan,106.71525001525879,µg/m³,2
2025-11-26 22:00:00+00:00,Multan,108.46666666666667,µg/m³,2
2025-11-26 23:00:00+00:00,Multan,119.9747501373291,µg/m³,2
2025-11-27 00:00:00+00:00,Multan,113.011999935574,µg/m³,3
2025-11-27 01:00:00+00:00,Multan,118.78888880411783,µg/m³,3
2025-11-27 02:00:00+00:00,Multan,112.92325019836426,µg/m³,2
2025-11-27 03:00:00+00:00,Multan,110.19558347066244,µg/m³,2
2025-11-27 04:00:00+00:00,Multan,167.66533330281575,µg/m³,2
2025-11-27 05:00:00+00:00,Multan,126.06541659037273,µg/m³,2
2025-11-27 06:00:00+00:00,Multan,100.40983327229819,µg/m³,2
2025-11-27 07:00:00+00:00,Multan,86.76941668192546,µg/m³,2
2025-11-27 08:00:00+00:00,Multan,88.66305550469292,µg/m³,3
2025-11-27 09:00:00+00:00,Multan,81.43255547417535,µg/m³,3
2025-11-27 10:00:00+00:00,Multan,85.83349990844727,µg/m³,3
2025-11-27 11:00:00+00:00,Multan,89.81933339436848,µg/m³,3
2025-11-27 12:00:00+00:00,Multan,117.65400009155275,µg/m³,2
2025-11-27 13:00:00+00:00,Multan,138.21283340454102,µg/m³,3
2025-11-27 14:00:00+00:00,Multan,133.74344448513455,µg/m³,3
2025-11-27 15:00:00+00:00,Multan,132.90716654459635,µg/m³,2
2025-11-27 16:00:00+00:00,Multan,129.15108350118,µg/m³,2
2025-11-27 17:00:00+00:00,Multan,122.9910836537679,µg/m³,2
2025-11-27 18:00:00+00:00,Multan,120.10299987792968,µg/m³,2
2025-11-27 19:00:00+00:00,Multan,100.1956667582194,µg/m³,2
2025-11-27 20:00:00+00:00,Multan,104.9720001220703,µg/m³,2
2025-11-27 21:00:00+00:00,Multan,100.9222499847412,µg/m³,2
2025-11-27 22:00:00+00:00,Multan,83.98041674296061,µg/m³,2
2025-11-27 23:00:00+00:00,Multan,81.71566645304362,µg/m³,2
2025-11-28 00:00:00+00:00,Multan,78.6185555352105,µg/m³,3
2025-11-28 01:00:00+00:00,Multan,78.90838885837131,µg/m³,3
2025-11-28 02:00:00+00:00,Multan,85.98038898044162,µg/m³,3
2025-11-28 03:00:00+00:00,Multan,94.18166681925454,µg/m³,2
2025-11-28 04:00:00+00:00,Multan,125.19183324178061,µg/m³,2
2025-11-28 05:00:00+00:00,Multan,107.38875007629395,µg/m³,2
2025-11-28 06:00:00+00:00,Multan,111.88799997965494,µg/m³,3
2025-11-28 07:00:00+00:00,Multan,91.75099995930991,µg/m³,3
2025-11-28 08:00:00+00:00,Multan,69.69663882785373,µg/m³,3
2025-11-28 09:00:00+00:00,Multan,57.30822229385376,µg/m³,3
2025-11-28 10:00:00+00:00,Multan,61.29900004069011,µg/m³,3
2025-11-28 11:00:00+00:00,Multan,62.69911109076606,µg/m³,3
2025-11-28 12:00:00+00:00,Multan,74.93433329264323,µg/m³,3
2025-11-28 13:00:00+00:00,Multan,93.77658322652181,µg/m³,2
2025-11-28 14:00:00+00:00,Multan,127.91933339436848,µg/m³,2
2025-11-28 15:00:00+00:00,Multan,127.89624977111816,µg/m³,2
2025-11-28 16:00:00+00:00,Multan,154.22924995422363,µg/m³,2
2025-11-28 17:00:00+00:00,Multan,138.3430000305176,µg/m³,2
2025-11-28 18:00:00+00:00,Multan,139.50833333333333,µg/m³,3
2025-11-28 19:00:00+00:00,Multan,157.93905546400282,µg/m³,3
2025-11-28 20:00:00+00:00,Multan,163.09188876681858,µg/m³,3
2025-11-28 21:00:00+00:00,Multan,111.84575004577638,µg/m³,2
2025-11-28 22:00:00+00:00,Multan,89.55083338419597,µg/m³,3
2025-11-28 23:00:00+00:00,Multan,83.41011115180122,µg/m³,3
2025-11-29 00:00:00+00:00,Multan,92.7361666361491,µg/m³,3
2025-11-29 01:00:00+00:00,Multan,87.48494457668728,µg/m³,3
2025-11-29 02:00:00+00:00,Multan,146.31808382670084,µg/m³,2
2025-11-29 03:00:00+00:00,Multan,268.10249964396155,µg/m³,1
2025-11-29 04:00:00+00:00,Multan,171.28483339945478,µg/m³,2
2025-11-29 05:00:00+00:00,Multan,148.0650001525879,µg/m³,2
2025-11-29 06:00:00+00:00,Multan,122.38649978637697,µg/m³,2
2025-11-29 07:00:00+00:00,Multan,78.54533335367837,µg/m³,3
2025-11-29 08:00:00+00:00,Multan,45.72944447199504,µg/m³,3
2025-11-29 09:00:00+00:00,Multan,42.98888896306355,µg/m³,3
2025-11-29 10:00:00+00:00,Multan,41.81958324114481,µg/m³,2
2025-11-29 11:00:00+00:00,Multan,43.77500004238553,µg/m³,3
2025-11-29 12:00:00+00:00,Multan,71.73908322652181,µg/m³,2
2025-11-29 13:00:00+00:00,Multan,107.9118889702691,µg/m³,3
2025-11-29 14:00:00+00:00,Multan,161.23877783881292,µg/m³,3
2025-11-29 15:00:00+00:00,Multan,228.97374992370607,µg/m³,2
2025-11-29 16:00:00+00:00,Multan,251.94699961344404,µg/m³,3
2025-11-29 17:00:00+00:00,Multan,256.2776667277018,µg/m³,2
2025-11-29 18:00:00+00:00,Multan,244.18877783881294,µg/m³,3
2025-11-29 19:00:00+00:00,Multan,239.92338875664606,µg/m³,3
2025-11-29 20:00:00+00:00,Multan,233.92583321465386,µg/m³,3
2025-11-29 21:00:00+00:00,Multan,177.4843888176812,µg/m³,3
2025-11-29 22:00:00+00:00,Multan,232.58677792019316,µg/m³,3
2025-11-29 23:00:00+00:00,Multan,170.38788867526583,µg/m³,3
2025-11-30 00:00:00+00:00,Multan,162.588833533393,µg/m³,3
2025-11-30 01:00:00+00:00,Multan,148.70911119249132,µg/m³,3
2025-11-30 02:00:00+00:00,Multan,156.50666681925455,µg/m³,2
2025-11-30 03:00:00+00:00,Multan,184.45408299763997,µg/m³,2
2025-11-30 04:00:00+00:00,Multan,209.79041659037273,µg/m³,2
2025-11-30 05:00:00+00:00,Multan,132.1711664835612,µg/m³,2
2025-11-30 06:00:00+00:00,Multan,122.72588890923394,µg/m³,3
2025-11-30 07:00:00+00:00,Multan,93.8081667582194,µg/m³,3
2025-11-30 08:00:00+00:00,Multan,91.00011105007597,µg/m³,3
2025-11-30 09:00:00+00:00,Multan,90.14361106024849,µg/m³,3
2025-11-30 10:00:00+00:00,Multan,100.8,µg/m³,3
2025-11-30 11:00:00+00:00,Multan,104.81933339436848,µg/m³,3
2025-11-30 12:00:00+00:00,Multan,126.23527277166193,µg/m³,3
2025-11-30 13:00:00+00:00,Multan,150.35166676839194,µg/m³,3
2025-11-30 14:00:00+00:00,Multan,162.45991655985517,µg/m³,2
2025-11-30 15:00:00+00:00,Multan,216.8620834350586,µg/m³,2
2025-11-30 16:00:00+00:00,Multan,229.3150831858317,µg/m³,2
2025-11-30 17:00:00+00:00,Multan,171.64983342488608,µg/m³,2
2025-11-30 18:00:00+00:00,Multan,227.28883336385093,µg/m³,3
2025-11-30 19:00:00+00:00,Multan,260.1140001085069,µg/m³,3
2025-11-30 20:00:00+00:00,Multan,158.72949998643662,µg/m³,3
2025-11-30 21:00:00+00:00,Multan,152.48308347066242,µg/m³,2
2025-11-30 22:00:00+00:00,Multan,197.48616663614908,µg/m³,3
2025-11-30 23:00:00+00:00,Multan,113.60266672770183,µg/m³,2
2025-12-01 00:00:00+00:00,Multan,114.1318333943685,µg/m³,2
2025-12-01 01:00:00+00:00,Multan,99.51288892957899,µg/m³,3
2025-12-01 02:00:00+00:00,Multan,101.47405556572808,µg/m³,3
2025-12-01 03:00:00+00:00,Multan,158.94866663614908,µg/m³,2
2025-12-01 04:00:00+00:00,Multan,128.5877498626709,µg/m³,2
2025-12-01 05:00:00+00:00,Multan,76.78016688028971,µg/m³,1
2025-12-01 06:00:00+00:00,Multan,82.15250015258789,µg/m³,2
2025-12-01 07:00:00+00:00,Multan,82.4958612230089,µg/m³,3
2025-12-01 08:00:00+00:00,Multan,88.0,µg/m³,2
2025-12-01 09:00:00+00:00,Multan,61.029722171359595,µg/m³,3
2025-12-01 10:00:00+00:00,Multan,60.182388899061415,µg/m³,3
2025-12-01 11:00:00+00:00,Multan,72.43038898044162,µg/m³,3
2025-12-01 12:00:00+00:00,Multan,95.67972217135959,µg/m³,3
2025-12-01 13:00:00+00:00,Multan,136.5853887769911,µg/m³,3
2025-12-01 14:00:00+00:00,Multan,162.0351111518012,µg/m³,3
2025-12-01 15:00:00+00:00,Multan,145.50550003051757,µg/m³,2
2025-12-01 16:00:00+00:00,Multan,175.7823331197103,µg/m³,2
2025-12-01 17:00:00+00:00,Multan,212.9555556403266,µg/m³,3
2025-12-01 18:00:00+00:00,Multan,308.4723337809245,µg/m³,2
2025-12-01 19:00:00+00:00,Multan,189.6101671854655,µg/m³,2
2025-12-01 20:00:00+00:00,Multan,223.23788901435003,µg/m³,3
2025-12-01 21:00:00+00:00,Multan,172.43433354695637,µg/m³,3
2025-12-01 22:00:00+00:00,Multan,161.35661112467446,µg/m³,3
2025-12-01 23:00:00+00:00,Multan,155.425888994005,µg/m³,3
2025-12-02 00:00:00+00:00,Multan,136.4333888583713,µg/m³,3
2025-12-02 01:00:00+00:00,Multan,128.7851111518012,µg/m³,3
2025-12-02 02:00:00+00:00,Multan,149.21399993896486,µg/m³,2
2025-12-02 03:00:00+00:00,Multan,158.4620000665838,µg/m³,2
2025-12-02 04:00:00+00:00,Multan,149.32533315022786,µg/m³,1
2025-12-02 05:00:00+00:00,Multan,128.0734167734782,µg/m³,2
2025-12-02 06:00:00+00:00,Multan,121.80011105007594,µg/m³,3
2025-12-02 07:00:00+00:00,Multan,116.24838875664604,µg/m³,3
2025-12-02 08:00:00+00:00,Multan,97.4267222934299,µg/m³,3
2025-12-02 09:00:00+00:00,Multan,94.93138893975151,µg/m³,3
2025-12-02 10:00:00+00:00,Multan,88.86472227308485,µg/m³,3
2025-12-02 11:00:00+00:00,Multan,83.09161114162869,µg/m³,3
2025-12-02 12:00:00+00:00,Multan,104.62902785407174,µg/m³,3
2025-12-02 13:00:00+00:00,Multan,151.5259444342719,µg/m³,3
2025-12-02 14:00:00+00:00,Multan,140.1497501373291,µg/m³,2
2025-12-02 15:00:00+00:00,Multan,164.48050003051756,µg/m³,1
2025-12-02 16:00:00+00:00,Multan,157.15558331807455,µg/m³,2
2025-12-02 17:00:00+00:00,Multan,91.10400009155273,µg/m³,2
2025-12-02 18:00:00+00:00,Multan,105.0207499186198,µg/m³,3
2025-12-02 19:00:00+00:00,Multan,117.59733327229817,µg/m³,3
2025-12-02 20:00:00+00:00,Multan,87.16944435967339,µg/m³,3
2025-12-02 21:00:00+00:00,Multan,88.97766672770183,µg/m³,3
2025-12-02 22:00:00+00:00,Multan,87.93694449530706,µg/m³,3
2025-12-02 23:00:00+00:00,Multan,75.8314444647895,µg/m³,3
2025-12-03 00:00:00+00:00,Multan,83.5851666768392,µg/m³,3
2025-12-03 01:00:00+00:00,Multan,91.47877773708768,µg/m³,3
2025-12-03 02:00:00+00:00,Multan,90.15558331807455,µg/m³,2
2025-12-03 03:00:00+00:00,Multan,187.99306268692015,µg/m³,2
2025-12-03 04:00:00+00:00,Multan,207.89833348592123,µg/m³,2
2025-12-03 05:00:00+00:00,Multan,193.31966654459637,µg/m³,2
2025-12-03 06:00:00+00:00,Multan,158.0190002441406,µg/m³,2
2025-12-03 07:00:00+00:00,Multan,135.6583888583713,µg/m³,3
2025-12-03 08:00:00+00:00,Multan,125.52772225273979,µg/m³,3
2025-12-03 09:00:00+00:00,Multan,100.0398333231608,µg/m³,3
2025-12-03 10:00:00+00:00,Multan,81.78972227308485,µg/m³,3
2025-12-03 11:00:00+00:00,Multan,84.34155561659071,µg/m³,3
2025-12-03 12:00:00+00:00,Multan,110.55094443427191,µg/m³,3
2025-12-03 13:00:00+00:00,Multan,140.41499989827474,µg/m³,3
2025-12-03 14:00:00+00:00,Multan,144.99741655985514,µg/m³,2
2025-12-03 15:00:00+00:00,Multan,177.05666681925453,µg/m³,2
2025-12-03 16:00:00+00:00,Multan,181.35558331807454,µg/m³,2
2025-12-03 17:00:00+00:00,Multan,167.08899993896483,µg/m³,2
2025-12-03 18:00:00+00:00,Multan,163.74441668192546,µg/m³,2
2025-12-03 19:00:00+00:00,Multan,196.07216657002766,µg/m³,2
2025-12-03 20:00:00+00:00,Multan,192.9174444198608,µg/m³,3
2025-12-03 21:00:00+00:00,Multan,165.8418332417806,µg/m³,3
2025-12-03 22:00:00+00:00,Multan,143.27683334350584,µg/m³,3
2025-12-03 23:00:00+00:00,Multan,130.78050003051757,µg/m³,3
2025-12-04 00:00:00+00:00,Multan,118.83044450547959,µg/m³,3
2025-12-04 01:00:00+00:00,Multan,116.08238889906141,µg/m³,3
2025-12-04 02:00:00+00:00,Multan,138.4278332180447,µg/m³,3
2025-12-04 03:00:00+00:00,Multan,153.94622200859916,µg/m³,3
2025-12-04 04:00:00+00:00,Multan,250.205583190918,µg/m³,2
2025-12-04 05:00:00+00:00,Multan,130.46416651407878,µg/m³,1
2025-12-04 06:00:00+00:00,Multan,72.59195817311605,µg/m³,1
2025-12-04 07:00:00+00:00,Multan,120.8725553724501,µg/m³,3
2025-12-04 08:00:00+00:00,Multan,94.9902500152588,µg/m³,2
2025-12-04 09:00:00+00:00,Multan,98.28905546400283,µg/m³,3
2025-12-04 10:00:00+00:00,Multan,92.05738889906142,µg/m³,3
2025-12-04 11:00:00+00:00,Multan,125.52950007120768,µg/m³,3
2025-12-04 12:00:00+00:00,Multan,138.17044440375435,µg/m³,3
2025-12-04 13:00:00+00:00,Multan,159.16750005086263,µg/m³,3
2025-12-04 14:00:00+00:00,Multan,189.95088890923395,µg/m³,3
2025-12-04 15:00:00+00:00,Multan,173.97075004577636,µg/m³,2
2025-12-04 16:00:00+00:00,Multan,133.58491655985515,µg/m³,2
2025-12-04 17:00:00+00:00,Multan,136.03741671244305,µg/m³,2
2025-12-04 18:00:00+00:00,Multan,143.0192501068115,µg/m³,2
2025-12-04 19:00:00+00:00,Multan,175.775,µg/m³,1
2025-12-04 20:00:00+00:00,Multan,135.59538887871636,µg/m³,3
2025-12-04 21:00:00+00:00,Multan,129.63433320787217,µg/m³,3
2025-12-04 22:00:00+00:00,Multan,133.24725011189778,µg/m³,2
2025-12-04 23:00:00+00:00,Multan,137.93616638183593,µg/m³,2
2025-12-05 00:00:00+00:00,Multan,112.67491671244304,µg/m³,2
2025-12-05 01:00:00+00:00,Multan,88.94649988810221,µg/m³,3
2025-12-05 02:00:00+00:00,Multan,140.23583348592123,µg/m³,2
2025-12-05 03:00:00+00:00,Multan,117.2729995727539,µg/m³,1
2025-12-05 04:00:00+00:00,Multan,98.68158353169758,µg/m³,2
2025-12-05 05:00:00+00:00,Multan,72.66366678873698,µg/m³,2
2025-12-05 06:00:00+00:00,Multan,65.73058331807455,µg/m³,2
2025-12-05 07:00:00+00:00,Multan,74.3759999593099,µg/m³,3
2025-12-05 08:00:00+00:00,Multan,70.4861666361491,µg/m³,3
2025-12-05 09:00:00+00:00,Multan,65.14999999999999,µg/m³,3
2025-12-05 10:00:00+00:00,Multan,61.228722212049696,µg/m³,3
2025-12-05 11:00:00+00:00,Multan,61.36294445461697,µg/m³,3
2025-12-05 12:00:00+00:00,Multan,86.59922214084202,µg/m³,3
2025-12-05 13:00:00+00:00,Multan,114.84544440375434,µg/m³,3
2025-12-05 14:00:00+00:00,Multan,105.05983327229816,µg/m³,2
2025-12-05 15:00:00+00:00,Multan,154.09191652933754,µg/m³,2
2025-12-05 16:00:00+00:00,Multan,134.8,µg/m³,2
2025-12-05 17:00:00+00:00,Multan,122.1389166514079,µg/m³,2
2025-12-05 18:00:00+00:00,Multan,126.48705554538304,µg/m³,3
2025-12-05 19:00:00+00:00,Multan,125.45261120266385,µg/m³,3
2025-12-05 20:00:00+00:00,Multan,127.72405556572808,µg/m³,3
2025-12-05 21:00:00+00:00,Multan,127.50822228325738,µg/m³,3
2025-12-05 22:00:00+00:00,Multan,85.18224983215332,µg/m³,2
2025-12-05 23:00:00+00:00,Multan,97.47358334859213,µg/m³,2
2025-12-06 00:00:00+00:00,Multan,101.00795834859213,µg/m³,2
2025-12-06 01:00:00+00:00,Multan,92.81658337910969,µg/m³,2
2025-12-06 02:00:00+00:00,Multan,94.55849990844726,µg/m³,2
2025-12-06 03:00:00+00:00,Multan,135.7,µg/m³,1
2025-12-06 04:00:00+00:00,Multan,111.440833791097,µg/m³,1
2025-12-06 05:00:00+00:00,Multan,92.16666666666667,µg/m³,1
2025-12-06 06:00:00+00:00,Multan,72.77566630045574,µg/m³,1
2025-12-06 07:00:00+00:00,Multan,105.42594443427193,µg/m³,3
2025-12-06 08:00:00+00:00,Multan,87.63458340962728,µg/m³,2
2025-12-06 09:00:00+00:00,Multan,85.22091662089029,µg/m³,2
2025-12-06 10:00:00+00:00,Multan,78.73325004577636,µg/m³,2
2025-12-06 11:00:00+00:00,Multan,94.23694449530706,µg/m³,3
2025-12-06 12:00:00+00:00,Multan,125.17933349609375,µg/m³,3
2025-12-06 13:00:00+00:00,Multan,191.03133341471354,µg/m³,3
2025-12-06 14:00:00+00:00,Multan,187.54308331807454,µg/m³,2
2025-12-06 15:00:00+00:00,Multan,226.67641665140786,µg/m³,2
2025-12-06 16:00:00+00:00,Multan,156.6974998474121,µg/m³,2
2025-12-06 17:00:00+00:00,Multan,168.61341692606607,µg/m³,2
2025-12-06 18:00:00+00:00,Multan,167.96483357747394,µg/m³,2
2025-12-06 19:00:00+00:00,Multan,153.03261099921332,µg/m³,3
2025-12-06 20:00:00+00:00,Multan,154.67688886854384,µg/m³,3
2025-12-06 21:00:00+00:00,Multan,145.20566660563154,µg/m³,3
2025-12-06 22:00:00+00:00,Multan,144.35655551486545,µg/m³,3
2025-12-06 23:00:00+00:00,Multan,153.7972777472602,µg/m³,3
2025-12-07 00:00:00+00:00,Multan,167.51394458346897,µg/m³,3
2025-12-07 01:00:00+00:00,Multan,161.22383346557615,µg/m³,3
2025-12-07 02:00:00+00:00,Multan,148.95661103990344,µg/m³,3
2025-12-07 03:00:00+00:00,Multan,155.87350006103517,µg/m³,2
2025-12-07 04:00:00+00:00,Multan,204.28600006103517,µg/m³,2
2025-12-07 05:00:00+00:00,Multan,168.9125,µg/m³,2
2025-12-07 06:00:00+00:00,Multan,142.16124992370607,µg/m³,2
2025-12-07 07:00:00+00:00,Multan,140.261333211263,µg/m³,3
2025-12-07 08:00:00+00:00,Multan,122.97688886854384,µg/m³,3
2025-12-07 09:00:00+00:00,Multan,117.39716669718423,µg/m³,3
2025-12-07 10:00:00+00:00,Multan,117.12527762518988,µg/m³,3
2025-12-07 11:00:00+00:00,Multan,122.6777222527398,µg/m³,3
2025-12-07 12:00:00+00:00,Multan,143.23899993896484,µg/m³,3
2025-12-07 13:00:00+00:00,Multan,189.25827780829536,µg/m³,3
2025-12-07 14:00:00+00:00,Multan,212.49422234429255,µg/m³,3
2025-12-07 15:00:00+00:00,Multan,218.81949996948242,µg/m³,3
2025-12-07 16:00:00+00:00,Multan,205.70655551486547,µg/m³,3
2025-12-07 17:00:00+00:00,Multan,204.3436110602485,µg/m³,3
2025-12-07 18:00:00+00:00,Multan,188.32758344014485,µg/m³,2
2025-12-07 19:00:00+00:00,Multan,160.3888333638509,µg/m³,1
2025-12-07 20:00:00+00:00,Multan,140.50141665140785,µg/m³,2
2025-12-07 21:00:00+00:00,Multan,142.6015832265218,µg/m³,2
2025-12-07 22:00:00+00:00,Multan,121.27900009155272,µg/m³,2
2025-12-07 23:00:00+00:00,Multan,140.84991658528645,µg/m³,2
2025-12-08 00:00:00+00:00,Multan,111.18899993896486,µg/m³,2
2025-12-08 01:00:00+00:00,Multan,103.07305560641818,µg/m³,3
2025-12-08 02:00:00+00:00,Multan,122.47672229342989,µg/m³,3
2025-12-08 03:00:00+00:00,Multan,133.66541659037273,µg/m³,2
2025-12-08 04:00:00+00:00,Multan,211.70061816109552,µg/m³,2
2025-12-08 05:00:00+00:00,Multan,226.8275831858317,µg/m³,2
2025-12-08 06:00:00+00:00,Multan,157.73575019836426,µg/m³,2
2025-12-08 07:00:00+00:00,Multan,98.73600006103516,µg/m³,2
2025-12-08 08:00:00+00:00,Multan,92.27041689554851,µg/m³,2
2025-12-08 09:00:00+00:00,Multan,92.62211117214628,µg/m³,3
2025-12-08 10:00:00+00:00,Multan,90.06016667683919,µg/m³,3
2025-12-08 11:00:00+00:00,Multan,97.20088890923394,µg/m³,3
2025-12-08 12:00:00+00:00,Multan,141.60738889906142,µg/m³,3
2025-12-08 13:00:00+00:00,Multan,170.21677771674263,µg/m³,3
2025-12-08 14:00:00+00:00,Multan,172.31416651407875,µg/m³,2
2025-12-08 15:00:00+00:00,Multan,184.07100011652167,µg/m³,2
2025-12-08 16:00:00+00:00,Multan,211.125,µg/m³,2
2025-12-08 17:00:00+00:00,Multan,236.0210831960042,µg/m³,2
2025-12-08 18:00:00+00:00,Multan,275.31808382670084,µg/m³,2
2025-12-08 19:00:00+00:00,Multan,183.50199974907773,µg/m³,3
2025-12-08 20:00:00+00:00,Multan,187.2184444003635,µg/m³,3
2025-12-08 21:00:00+00:00,Multan,196.66944444444445,µg/m³,3
2025-12-08 22:00:00+00:00,Multan,203.75650007459853,µg/m³,3
2025-12-08 23:00:00+00:00,Multan,186.88049969143336,µg/m³,3
2025-12-09 00:00:00+00:00,Multan,169.37661107381186,µg/m³,3
2025-12-09 01:00:00+00:00,Multan,148.51744452582466,µg/m³,3
2025-12-09 02:00:00+00:00,Multan,238.4891665140788,µg/m³,1
2025-12-09 03:00:00+00:00,Multan,178.33616625467937,µg/m³,2
2025-12-09 04:00:00+00:00,Multan,260.42199935913084,µg/m³,1
2025-12-09 05:00:00+00:00,Multan,178.712555525038,µg/m³,2
2025-12-09 06:00:00+00:00,Multan,123.85849990844726,µg/m³,1
2025-12-09 07:00:00+00:00,Multan,140.86022220187718,µg/m³,3
2025-12-09 08:00:00+00:00,Multan,125.51250000000002,µg/m³,2
2025-12-09 09:00:00+00:00,Multan,143.8805000305176,µg/m³,3
2025-12-09 10:00:00+00:00,Multan,144.10761099921334,µg/m³,3
2025-12-09 11:00:00+00:00,Multan,151.0220556471083,µg/m³,3
2025-12-09 12:00:00+00:00,Multan,174.28505562676324,µg/m³,3
2025-12-09 13:00:00+00:00,Multan,209.65260009765623,µg/m³,3
2025-12-09 14:00:00+00:00,Multan,231.75083287556967,µg/m³,3
2025-12-09 15:00:00+00:00,Multan,208.49041659037272,µg/m³,2
2025-12-09 16:00:00+00:00,Multan,215.57891667683919,µg/m³,2
2025-12-09 17:00:00+00:00,Multan,197.34150009155277,µg/m³,1
2025-12-09 18:00:00+00:00,Multan,232.19191652933756,µg/m³,2
2025-12-09 19:00:00+00:00,Multan,168.44722222222222,µg/m³,3
2025-12-09 20:00:00+00:00,Multan,179.838889143202,µg/m³,3
2025-12-09 21:00:00+00:00,Multan,173.50016640557183,µg/m³,3
2025-12-09 22:00:00+00:00,Multan,175.13883310953779,µg/m³,3
2025-12-09 23:00:00+00:00,Multan,175.86383310953775,µg/m³,3
2025-12-10 00:00:00+00:00,Multan,145.75722223917646,µg/m³,3
2025-12-10 01:00:00+00:00,Multan,126.68172251383464,µg/m³,3
2025-12-10 02:00:00+00:00,Multan,140.87311121622722,µg/m³,3
2025-12-10 03:00:00+00:00,Multan,175.74699986775715,µg/m³,2
2025-12-10 04:00:00+00:00,Multan,162.75008316040038,µg/m³,2
2025-12-10 05:00:00+00:00,Multan,197.74395860036213,µg/m³,1
2025-12-10 06:00:00+00:00,Multan,163.81925010681152,µg/m³,2
2025-12-10 07:00:00+00:00,Multan,141.7592222425673,µg/m³,3
2025-12-10 08:00:00+00:00,Multan,124.2183334350586,µg/m³,3
2025-12-10 09:00:00+00:00,Multan,125.58799997965495,µg/m³,3
2025-12-10 10:00:00+00:00,Multan,126.61588880750868,µg/m³,3
2025-12-10 11:00:00+00:00,Multan,127.61672219170464,µg/m³,3
2025-12-10 12:00:00+00:00,Multan,152.96472227308485,µg/m³,3
2025-12-10 13:00:00+00:00,Multan,204.67216669718425,µg/m³,2
2025-12-10 14:00:00+00:00,Multan,188.95125007629395,µg/m³,2
2025-12-10 15:00:00+00:00,Multan,201.91516672770183,µg/m³,2
2025-12-10 16:00:00+00:00,Multan,203.51874961853025,µg/m³,2
2025-12-10 17:00:00+00:00,Multan,213.29150009155273,µg/m³,2
2025-12-10 18:00:00+00:00,Multan,245.3156664530436,µg/m³,3
2025-12-10 19:00:00+00:00,Multan,202.52658335367838,µg/m³,2
2025-12-10 20:00:00+00:00,Multan,175.78055555555557,µg/m³,3
2025-12-10 21:00:00+00:00,Multan,184.12588873969185,µg/m³,3
2025-12-10 22:00:00+00:00,Multan,174.39355570475263,µg/m³,3
2025-12-10 23:00:00+00:00,Multan,146.05383326212566,µg/m³,3
2025-12-11 00:00:00+00:00,Multan,115.84255557590059,µg/m³,3
2025-12-11 01:00:00+00:00,Multan,113.55927776760525,µg/m³,3
2025-12-11 02:00:00+00:00,Multan,127.48725013732911,µg/m³,2
2025-12-11 03:00:00+00:00,Multan,126.50016657511394,µg/m³,2
2025-12-11 04:00:00+00:00,Multan,158.93608334859212,µg/m³,2
2025-12-11 05:00:00+00:00,Multan,134.84308331807455,µg/m³,2
2025-12-11 06:00:00+00:00,Multan,128.33458340962727,µg/m³,2
2025-12-11 07:00:00+00:00,Multan,135.72507297197978,µg/m³,4
2025-12-11 08:00:00+00:00,Multan,125.06506261825561,µg/m³,4
2025-12-11 09:00:00+00:00,Multan,115.04560419718425,µg/m³,4
2025-12-11 10:00:00+00:00,Multan,102.82924995422363,µg/m³,4
2025-12-11 11:00:00+00:00,Multan,115.31729170481364,µg/m³,4
2025-12-11 12:00:00+00:00,Multan,187.71850026448567,µg/m³,3
2025-12-11 13:00:00+00:00,Multan,216.77987492879234,µg/m³,4
2025-12-11 14:00:00+00:00,Multan,270.0944442749024,µg/m³,3
2025-12-11 15:00:00+00:00,Multan,311.41488927205404,µg/m³,3
2025-12-11 16:00:00+00:00,Multan,321.6311106363932,µg/m³,3
2025-12-11 17:00:00+00:00,Multan,332.9175552368164,µg/m³,3
2025-12-11 18:00:00+00:00,Multan,354.25908355712886,µg/m³,4
2025-12-11 19:00:00+00:00,Multan,309.8244168599446,µg/m³,4
2025-12-11 20:00:00+00:00,Multan,273.3528337478638,µg/m³,4
2025-12-11 21:00:00+00:00,Multan,268.00683263142906,µg/m³,4
2025-12-11 22:00:00+00:00,Multan,252.9841255187988,µg/m³,4
2025-12-11 23:00:00+00:00,Multan,234.30058314005532,µg/m³,4
2025-12-12 00:00:00+00:00,Multan,229.56241658528646,µg/m³,4
2025-12-12 01:00:00+00:00,Multan,196.68722222646076,µg/m³,4
2025-12-12 02:00:00+00:00,Multan,236.65555589463975,µg/m³,3
2025-12-12 03:00:00+00:00,Multan,250.42649934556744,µg/m³,3
2025-12-12 04:00:00+00:00,Multan,279.27750049167213,µg/m³,3
2025-12-12 05:00:00+00:00,Multan,242.54631376940793,µg/m³,3
2025-12-12 06:00:00+00:00,Multan,237.84816665649416,µg/m³,3
2025-12-12 07:00:00+00:00,Multan,220.37606936560738,µg/m³,3
2025-12-12 08:00:00+00:00,Multan,190.66186108059355,µg/m³,3
2025-12-12 09:00:00+00:00,Multan,174.38905546400284,µg/m³,3
2025-12-12 10:00:00+00:00,Multan,151.20188886854385,µg/m³,3
2025-12-12 11:00:00+00:00,Multan,147.10458310445148,µg/m³,2
2025-12-12 12:00:00+00:00,Multan,167.37955576578773,µg/m³,3
2025-12-12 13:00:00+00:00,Multan,232.5557781643338,µg/m³,3
2025-12-12 14:00:00+00:00,Multan,270.39816665649414,µg/m³,3
2025-12-12 15:00:00+00:00,Multan,290.5996283919723,µg/m³,3
2025-12-12 16:00:00+00:00,Multan,272.53855472140845,µg/m³,3
2025-12-12 17:00:00+00:00,Multan,250.51577758789062,µg/m³,3
2025-12-12 18:00:00+00:00,Multan,257.45644395616324,µg/m³,3
2025-12-12 19:00:00+00:00,Multan,249.06655544704861,µg/m³,3
2025-12-12 20:00:00+00:00,Multan,198.33022087944877,µg/m³,3
2025-12-12 21:00:00+00:00,Multan,222.99750073750818,µg/m³,2
2025-12-12 22:00:00+00:00,Multan,172.22055536905927,µg/m³,3
2025-12-12 23:00:00+00:00,Multan,167.0703894721137,µg/m³,3
2025-12-13 00:00:00+00:00,Multan,162.88311072455517,µg/m³,3
2025-12-13 01:00:00+00:00,Multan,166.90811089409718,µg/m³,3
2025-12-13 02:00:00+00:00,Multan,171.69327723185222,µg/m³,3
2025-12-13 03:00:00+00:00,Multan,215.01252082188927,µg/m³,2
2025-12-13 04:00:00+00:00,Multan,216.62074915568036,µg/m³,2
2025-12-13 05:00:00+00:00,Multan,193.25150044759113,µg/m³,2
2025-12-13 06:00:00+00:00,Multan,190.89972237481012,µg/m³,3
2025-12-13 07:00:00+00:00,Multan,179.3417219373915,µg/m³,3
2025-12-13 08:00:00+00:00,Multan,157.7760554843479,µg/m³,3
2025-12-13 09:00:00+00:00,Multan,148.92405556572808,µg/m³,3
2025-12-13 10:00:00+00:00,Multan,155.60755547417534,µg/m³,3
2025-12-13 11:00:00+00:00,Multan,160.262111070421,µg/m³,3
2025-12-13 12:00:00+00:00,Multan,185.59011128743487,µg/m³,3
2025-12-13 13:00:00+00:00,Multan,217.23427827623155,µg/m³,3
2025-12-13 14:00:00+00:00,Multan,216.79249945746528,µg/m³,3
2025-12-13 15:00:00+00:00,Multan,211.5439581765069,µg/m³,3
2025-12-13 16:00:00+00:00,Multan,211.91377783881293,µg/m³,3
2025-12-13 17:00:00+00:00,Multan,219.50488883124456,µg/m³,3
2025-12-13 18:00:00+00:00,Multan,229.84738888210723,µg/m³,3
2025-12-13 19:00:00+00:00,Multan,232.57688852945967,µg/m³,3
2025-12-13 20:00:00+00:00,Multan,234.695582707723,µg/m³,2
2025-12-13 21:00:00+00:00,Multan,248.28913879394537,µg/m³,2
2025-12-13 22:00:00+00:00,Multan,260.23897209167484,µg/m³,2
2025-12-13 23:00:00+00:00,Multan,208.60844455295137,µg/m³,3
2025-12-14 00:00:00+00:00,Multan,211.25538898044167,µg/m³,3
2025-12-14 01:00:00+00:00,Multan,212.03341700236,µg/m³,2
2025-12-14 02:00:00+00:00,Multan,204.53208389282224,µg/m³,2
2025-12-14 03:00:00+00:00,Multan,204.22533467610674,µg/m³,2
2025-12-14 04:00:00+00:00,Multan,204.53509594145277,µg/m³,2
2025-12-14 05:00:00+00:00,Multan,205.62058232625327,µg/m³,2
2025-12-14 06:00:00+00:00,Multan,204.37624944051106,µg/m³,2
2025-12-14 07:00:00+00:00,Multan,305.1543758392334,µg/m³,2
2025-12-14 08:00:00+00:00,Multan,248.12351449471933,µg/m³,3
2025-12-14 09:00:00+00:00,Multan,234.80999984741212,µg/m³,3
2025-12-14 10:00:00+00:00,Multan,231.78991445676243,µg/m³,3
2025-12-14 11:00:00+00:00,Multan,252.35933388604062,µg/m³,3
2025-12-14 12:00:00+00:00,Multan,263.1807780795627,µg/m³,3
2025-12-14 13:00:00+00:00,Multan,293.4925005594889,µg/m³,3
2025-12-14 14:00:00+00:00,Multan,295.6428333706326,µg/m³,3
2025-12-14 15:00:00+00:00,Multan,281.33455657958984,µg/m³,3
2025-12-14 16:00:00+00:00,Multan,280.130823163633,µg/m³,3
2025-12-14 17:00:00+00:00,Multan,299.3359158833822,µg/m³,2
2025-12-14 18:00:00+00:00,Multan,208.36288825141062,µg/m³,3
2025-12-14 19:00:00+00:00,Multan,212.7001665751139,µg/m³,1
2025-12-14 20:00:00+00:00,Multan,58.4,µg/m³,1
2025-12-14 22:00:00+00:00,Multan,48.1,µg/m³,1
2025-12-14 23:00:00+00:00,Multan,44.6,µg/m³,1
2025-12-15 00:00:00+00:00,Multan,47.4,µg/m³,1
2025-12-15 01:00:00+00:00,Multan,48.9,µg/m³,1
2025-12-15 02:00:00+00:00,Multan,56.6,µg/m³,1
2025-12-15 03:00:00+00:00,Multan,59.9,µg/m³,1
2025-12-15 04:00:00+00:00,Multan,62.1,µg/m³,1
2025-12-15 05:00:00+00:00,Multan,162.30329169649067,µg/m³,3
2025-12-15 06:00:00+00:00,Multan,111.65445836385092,µg/m³,2
2025-12-15 07:00:00+00:00,Multan,205.4180000305176,µg/m³,2
2025-12-15 08:00:00+00:00,Multan,204.39393787384034,µg/m³,2
2025-12-15 09:00:00+00:00,Multan,224.4184265278004,µg/m³,3
2025-12-15 10:00:00+00:00,Multan,218.75057515038384,µg/m³,2
2025-12-15 11:00:00+00:00,Multan,240.32461115519206,µg/m³,3
2025-12-15 12:00:00+00:00,Multan,250.9184584511651,µg/m³,3
2025-12-15 13:00:00+00:00,Multan,268.1139996846517,µg/m³,3
2025-12-15 14:00:00+00:00,Multan,251.80983428955074,µg/m³,2
2025-12-15 15:00:00+00:00,Multan,196.65922207302518,µg/m³,3
2025-12-15 16:00:00+00:00,Multan,221.2415824890137,µg/m³,2
2025-12-15 17:00:00+00:00,Multan,177.22866694132486,µg/m³,3
2025-12-15 18:00:00+00:00,Multan,232.61785348256427,µg/m³,2
2025-12-15 19:00:00+00:00,Multan,174.45266664293078,µg/m³,3
2025-12-15 20:00:00+00:00,Multan,167.83333341810442,µg/m³,3
2025-12-15 21:00:00+00:00,Multan,174.5240003797743,µg/m³,3
2025-12-15 22:00:00+00:00,Multan,174.59266679551865,µg/m³,3
2025-12-15 23:00:00+00:00,Multan,191.07033352322046,µg/m³,3
2025-12-16 00:00:00+00:00,Multan,169.50105506049263,µg/m³,3
2025-12-16 01:00:00+00:00,Multan,144.61583353678387,µg/m³,3
2025-12-16 02:00:00+00:00,Multan,170.60827721489798,µg/m³,3
2025-12-16 03:00:00+00:00,Multan,168.70694512261286,µg/m³,3
2025-12-16 04:00:00+00:00,Multan,192.57725955821851,µg/m³,3
2025-12-16 05:00:00+00:00,Multan,210.81429189046224,µg/m³,2
2025-12-16 06:00:00+00:00,Multan,194.74557489465784,µg/m³,3
2025-12-16 07:00:00+00:00,Multan,182.52903761687102,µg/m³,3
2025-12-16 08:00:00+00:00,Multan,245.86044486363727,µg/m³,2
2025-12-16 09:00:00+00:00,Multan,228.93504002888994,µg/m³,2
2025-12-16 10:00:00+00:00,Multan,247.04833348592123,µg/m³,3
2025-12-16 11:00:00+00:00,Multan,241.1335558573405,µg/m³,3
2025-12-16 12:00:00+00:00,Multan,242.86383293999566,µg/m³,3
2025-12-16 13:00:00+00:00,Multan,275.03783255683055,µg/m³,3
2025-12-16 14:00:00+00:00,Multan,293.570221540663,µg/m³,3
2025-12-16 15:00:00+00:00,Multan,283.462944454617,µg/m³,3
2025-12-16 16:00:00+00:00,Multan,270.7982778761122,µg/m³,3
2025-12-16 17:00:00+00:00,Multan,270.4610834757487,µg/m³,2
2025-12-16 18:00:00+00:00,Multan,264.4383316040039,µg/m³,2
2025-12-16 19:00:00+00:00,Multan,258.725417582194,µg/m³,2
2025-12-16 20:00:00+00:00,Multan,243.66241658528645,µg/m³,2
2025-12-16 21:00:00+00:00,Multan,174.68888863457573,µg/m³,3
2025-12-16 22:00:00+00:00,Multan,184.36249987284342,µg/m³,2
2025-12-16 23:00:00+00:00,Multan,143.2322224087185,µg/m³,3
2025-12-17 00:00:00+00:00,Multan,128.3898888481988,µg/m³,3
2025-12-17 01:00:00+00:00,Multan,123.97499991522893,µg/m³,3
2025-12-17 02:00:00+00:00,Multan,152.0176663716634,µg/m³,3
2025-12-17 03:00:00+00:00,Multan,175.3510328999272,µg/m³,3
2025-12-17 04:00:00+00:00,Multan,178.04648178241874,µg/m³,3
2025-12-17 05:00:00+00:00,Multan,173.19568607189038,µg/m³,3
2025-12-17 06:00:00+00:00,Multan,189.91812477111816,µg/m³,3
2025-12-17 07:00:00+00:00,Multan,164.76127293198195,µg/m³,3
2025-12-17 08:00:00+00:00,Multan,150.0,µg/m³,1
2025-12-17 09:00:00+00:00,Multan,129.66413425162986,µg/m³,3
2025-12-17 10:00:00+00:00,Multan,126.90851391686334,µg/m³,3
2025-12-17 11:00:00+00:00,Multan,116.62862967031974,µg/m³,3
2025-12-17 12:00:00+00:00,Multan,154.02499999999998,µg/m³,2
2025-12-17 13:00:00+00:00,Multan,190.41933305528428,µg/m³,3
2025-12-17 14:00:00+00:00,Multan,215.48883293999566,µg/m³,3
2025-12-17 15:00:00+00:00,Multan,245.622082901001,µg/m³,2
2025-12-17 16:00:00+00:00,Multan,230.58608309427896,µg/m³,2
2025-12-17 17:00:00+00:00,Multan,226.21161041259765,µg/m³,3
2025-12-17 18:00:00+00:00,Multan,218.00744510226778,µg/m³,3
2025-12-17 19:00:00+00:00,Multan,209.52429118686254,µg/m³,3
2025-12-17 20:00:00+00:00,Multan,169.68072213066947,µg/m³,3
2025-12-17 21:00:00+00:00,Multan,159.07133331298826,µg/m³,3
2025-12-17 22:00:00+00:00,Multan,163.37772233751085,µg/m³,3
2025-12-17 23:00:00+00:00,Multan,157.09994447496203,µg/m³,3
2025-12-18 00:00:00+00:00,Multan,170.59805569118922,µg/m³,3
2025-12-18 01:00:00+00:00,Multan,150.7839999112216,µg/m³,3
2025-12-18 02:00:00+00:00,Multan,150.40088890923394,µg/m³,3
2025-12-18 03:00:00+00:00,Multan,147.762166595459,µg/m³,3
2025-12-18 04:00:00+00:00,Multan,136.58327780829535,µg/m³,3
2025-12-18 05:00:00+00:00,Multan,119.31057441981152,µg/m³,3
2025-12-18 06:00:00+00:00,Multan,116.9951111263699,µg/m³,3
2025-12-18 07:00:00+00:00,Multan,97.57799987792968,µg/m³,3
2025-12-18 08:00:00+00:00,Multan,81.29227795071073,µg/m³,3
2025-12-18 09:00:00+00:00,Multan,65.00641695658366,µg/m³,2
2025-12-18 10:00:00+00:00,Multan,69.99272215101455,µg/m³,3
2025-12-18 11:00:00+00:00,Multan,96.69565274980334,µg/m³,3
2025-12-18 12:00:00+00:00,Multan,135.60141639709474,µg/m³,2
2025-12-18 13:00:00+00:00,Multan,178.12783347235782,µg/m³,3
2025-12-18 14:00:00+00:00,Multan,211.55372263590493,µg/m³,3
2025-12-18 15:00:00+00:00,Multan,241.22961103651264,µg/m³,3
2025-12-18 16:00:00+00:00,Multan,295.886166381836,µg/m³,2
2025-12-18 17:00:00+00:00,Multan,304.74699948628745,µg/m³,2
2025-12-18 18:00:00+00:00,Multan,256.33150092230903,µg/m³,3
2025-12-18 19:00:00+00:00,Multan,262.01111170450844,µg/m³,3
2025-12-18 20:00:00+00:00,Multan,219.60477812025283,µg/m³,3
2025-12-18 21:00:00+00:00,Multan,202.80733311971025,µg/m³,3
2025-12-18 22:00:00+00:00,Multan,198.69149958292644,µg/m³,3
2025-12-18 23:00:00+00:00,Multan,170.42522201538085,µg/m³,3
2025-12-19 00:00:00+00:00,Multan,161.97027689615888,µg/m³,3
2025-12-19 01:00:00+00:00,Multan,150.5658886379666,µg/m³,3
2025-12-19 02:00:00+00:00,Multan,153.789889187283,µg/m³,3
2025-12-19 03:00:00+00:00,Multan,156.50868028004962,µg/m³,3
2025-12-19 04:00:00+00:00,Multan,132.57413142040522,µg/m³,3
2025-12-19 05:00:00+00:00,Multan,156.22827334227387,µg/m³,3
2025-12-19 06:00:00+00:00,Multan,122.36540971332127,µg/m³,2
2025-12-19 07:00:00+00:00,Multan,95.2138333638509,µg/m³,3
2025-12-19 08:00:00+00:00,Multan,91.53305562337239,µg/m³,3
2025-12-19 09:00:00+00:00,Multan,78.14142588862666,µg/m³,3
2025-12-19 10:00:00+00:00,Multan,73.88050003051758,µg/m³,3
2025-12-19 11:00:00+00:00,Multan,87.8926111009386,µg/m³,3
2025-12-19 12:00:00+00:00,Multan,140.15016657511393,µg/m³,3
2025-12-19 13:00:00+00:00,Multan,187.17572207980686,µg/m³,3
2025-12-19 14:00:00+00:00,Multan,212.9008888244629,µg/m³,3
2025-12-19 15:00:00+00:00,Multan,242.2287776523166,µg/m³,3
2025-12-19 16:00:00+00:00,Multan,239.82900136311846,µg/m³,3
2025-12-19 17:00:00+00:00,Multan,250.8491661071777,µg/m³,3
2025-12-19 18:00:00+00:00,Multan,267.7983341640896,µg/m³,3
2025-12-19 19:00:00+00:00,Multan,269.68166631062826,µg/m³,3
2025-12-19 20:00:00+00:00,Multan,260.3971669514974,µg/m³,3
2025-12-19 21:00:00+00:00,Multan,258.609055074056,µg/m³,3
2025-12-19 22:00:00+00:00,Multan,286.9014996846517,µg/m³,2
2025-12-19 23:00:00+00:00,Multan,206.89744533962667,µg/m³,3
2025-12-20 00:00:00+00:00,Multan,199.52661022610133,µg/m³,3
2025-12-20 01:00:00+00:00,Multan,189.92227783203126,µg/m³,3
2025-12-20 02:00:00+00:00,Multan,175.83144471910268,µg/m³,3
2025-12-20 03:00:00+00:00,Multan,183.0121115790473,µg/m³,3
2025-12-20 04:00:00+00:00,Multan,255.18350016276042,µg/m³,1
2025-12-20 05:00:00+00:00,Multan,208.32758344014485,µg/m³,2
2025-12-20 06:00:00+00:00,Multan,190.488666788737,µg/m³,1
2025-12-20 07:00:00+00:00,Multan,145.17283318837485,µg/m³,2
2025-12-20 08:00:00+00:00,Multan,124.37633336385092,µg/m³,2
2025-12-20 09:00:00+00:00,Multan,116.67050018310546,µg/m³,2
2025-12-20 10:00:00+00:00,Multan,98.44966684977213,µg/m³,3
2025-12-20 11:00:00+00:00,Multan,112.82648472641453,µg/m³,3
2025-12-20 12:00:00+00:00,Multan,138.23349990844727,µg/m³,3
2025-12-20 13:00:00+00:00,Multan,183.22422214084202,µg/m³,3
2025-12-20 14:00:00+00:00,Multan,191.77588890923394,µg/m³,3
2025-12-20 15:00:00+00:00,Multan,195.1510554843479,µg/m³,3
2025-12-20 16:00:00+00:00,Multan,184.66033325195312,µg/m³,3
2025-12-20 17:00:00+00:00,Multan,192.85722232394747,µg/m³,3
2025-12-20 18:00:00+00:00,Multan,204.5112777709961,µg/m³,3
2025-12-20 19:00:00+00:00,Multan,188.3555001152886,µg/m³,3
2025-12-20 20:00:00+00:00,Multan,183.4054445054796,µg/m³,3
2025-12-20 21:00:00+00:00,Multan,198.46394432915585,µg/m³,3
2025-12-20 22:00:00+00:00,Multan,227.0198347727458,µg/m³,2
2025-12-20 23:00:00+00:00,Multan,239.18633384704594,µg/m³,2
2025-12-21 00:00:00+00:00,Multan,244.68016649882003,µg/m³,2
2025-12-21 01:00:00+00:00,Multan,222.3468883090549,µg/m³,3
2025-12-21 02:00:00+00:00,Multan,227.02908287048336,µg/m³,2
2025-12-21 03:00:00+00:00,Multan,234.0473336113824,µg/m³,3
2025-12-21 04:00:00+00:00,Multan,226.52972259521485,µg/m³,3
2025-12-21 05:00:00+00:00,Multan,221.51677780151365,µg/m³,3
2025-12-21 06:00:00+00:00,Multan,213.35241686503093,µg/m³,2
2025-12-21 07:00:00+00:00,Multan,212.31016599867078,µg/m³,3
2025-12-21 08:00:00+00:00,Multan,196.51200002034503,µg/m³,3
2025-12-21 09:00:00+00:00,Multan,185.75844438340928,µg/m³,3
2025-12-21 10:00:00+00:00,Multan,187.13994437323677,µg/m³,3
2025-12-21 11:00:00+00:00,Multan,180.1318333943685,µg/m³,2
2025-12-21 12:00:00+00:00,Multan,201.69611121283637,µg/m³,3
2025-12-21 13:00:00+00:00,Multan,212.7615549723307,µg/m³,3
2025-12-21 14:00:00+00:00,Multan,218.33527823554144,µg/m³,3
2025-12-21 15:00:00+00:00,Multan,215.8312223646376,µg/m³,3
2025-12-21 16:00:00+00:00,Multan,165.93325004577633,µg/m³,2
2025-12-21 17:00:00+00:00,Multan,118.76405546400281,µg/m³,3
2025-12-21 18:00:00+00:00,Multan,128.17938902113175,µg/m³,3
2025-12-21 19:00:00+00:00,Multan,117.27394451565215,µg/m³,3
2025-12-21 20:00:00+00:00,Multan,118.47608350118,µg/m³,2
2025-12-21 21:00:00+00:00,Multan,94.07883326212567,µg/m³,3
2025-12-21 22:00:00+00:00,Multan,92.47133331298829,µg/m³,3
2025-12-21 23:00:00+00:00,Multan,91.91022220187716,µg/m³,3
2025-12-22 00:00:00+00:00,Multan,100.82999979654949,µg/m³,3
2025-12-22 01:00:00+00:00,Multan,144.4823331197103,µg/m³,2
2025-12-22 02:00:00+00:00,Multan,94.57688886854385,µg/m³,3
2025-12-22 03:00:00+00:00,Multan,92.37574084246602,µg/m³,3
2025-12-22 04:00:00+00:00,Multan,85.95865285661485,µg/m³,3
2025-12-22 05:00:00+00:00,Multan,96.03135391871135,µg/m³,2
2025-12-22 06:00:00+00:00,Multan,83.07464583714804,µg/m³,2
2025-12-22 07:00:00+00:00,Multan,82.21200452027497,µg/m³,3
2025-12-22 08:00:00+00:00,Multan,67.48127788967557,µg/m³,3
2025-12-22 09:00:00+00:00,Multan,56.317777676052515,µg/m³,3
2025-12-22 10:00:00+00:00,Multan,56.55629151662191,µg/m³,3
2025-12-22 11:00:00+00:00,Multan,67.95683314005534,µg/m³,3
2025-12-22 12:00:00+00:00,Multan,77.87583338419596,µg/m³,3
2025-12-22 13:00:00+00:00,Multan,110.83977779812282,µg/m³,3
2025-12-22 14:00:00+00:00,Multan,162.55750020345053,µg/m³,3
2025-12-22 15:00:00+00:00,Multan,115.37200003729926,µg/m³,3
2025-12-22 16:00:00+00:00,Multan,97.275,µg/m³,2
2025-12-22 17:00:00+00:00,Multan,98.47038887871638,µg/m³,3
2025-12-22 18:00:00+00:00,Multan,115.11677771674262,µg/m³,3
2025-12-22 19:00:00+00:00,Multan,112.96316655476888,µg/m³,3
2025-12-22 20:00:00+00:00,Multan,112.41466674804686,µg/m³,3
2025-12-22 21:00:00+00:00,Multan,87.8576109992133,µg/m³,3
2025-12-22 22:00:00+00:00,Multan,89.9373331705729,µg/m³,3
2025-12-22 23:00:00+00:00,Multan,96.91672227647568,µg/m³,3
2025-12-23 00:00:00+00:00,Multan,81.10833333333333,µg/m³,3
2025-12-23 01:00:00+00:00,Multan,84.44061118231879,µg/m³,3
2025-12-23 02:00:00+00:00,Multan,110.06744452582467,µg/m³,3
2025-12-23 03:00:00+00:00,Multan,84.86683324178058,µg/m³,3
2025-12-23 04:00:00+00:00,Multan,64.28312511444092,µg/m³,2
2025-12-23 05:00:00+00:00,Multan,46.18239880956784,µg/m³,3
2025-12-23 06:00:00+00:00,Multan,35.43325006167094,µg/m³,2
2025-12-23 07:00:00+00:00,Multan,31.4746428974091,µg/m³,3
2025-12-23 08:00:00+00:00,Multan,27.316560185397112,µg/m³,3
2025-12-23 09:00:00+00:00,Multan,25.702651543087427,µg/m³,3
2025-12-23 10:00:00+00:00,Multan,23.399583277106284,µg/m³,2
2025-12-23 11:00:00+00:00,Multan,19.491416691740355,µg/m³,2
2025-12-23 12:00:00+00:00,Multan,34.87772221035428,µg/m³,3
2025-12-23 13:00:00+00:00,Multan,58.39272215101454,µg/m³,3
2025-12-23 14:00:00+00:00,Multan,83.02950007120769,µg/m³,3
2025-12-23 15:00:00+00:00,Multan,88.57138883802627,µg/m³,3
2025-12-23 16:00:00+00:00,Multan,114.99172219170464,µg/m³,3
2025-12-23 17:00:00+00:00,Multan,117.50441652933756,µg/m³,2
2025-12-23 18:00:00+00:00,Multan,99.52583338419595,µg/m³,3
2025-12-23 19:00:00+00:00,Multan,107.50827780829536,µg/m³,3
2025-12-23 20:00:00+00:00,Multan,89.18327780829536,µg/m³,3
2025-12-23 21:00:00+00:00,Multan,89.44983342488608,µg/m³,3
2025-12-23 22:00:00+00:00,Multan,101.90241686503092,µg/m³,2
2025-12-23 23:00:00+00:00,Multan,82.77022230360244,µg/m³,3
2025-12-24 00:00:00+00:00,Multan,87.59594463772243,µg/m³,3
2025-12-24 01:00:00+00:00,Multan,93.13227784898545,µg/m³,3
2025-12-24 02:00:00+00:00,Multan,158.3473328484429,µg/m³,3
2025-12-24 03:00:00+00:00,Multan,139.57306961483425,µg/m³,3
2025-12-24 04:00:00+00:00,Multan,99.56195820702447,µg/m³,3
2025-12-24 05:00:00+00:00,Multan,90.11381948259141,µg/m³,3
2025-12-24 06:00:00+00:00,Multan,77.0490000406901,µg/m³,3
2025-12-24 07:00:00+00:00,Multan,59.01864352402864,µg/m³,3
2025-12-24 08:00:00+00:00,Multan,40.35473339716593,µg/m³,3
2025-12-24 09:00:00+00:00,Multan,37.39054367771855,µg/m³,3
2025-12-24 10:00:00+00:00,Multan,43.6794584274292,µg/m³,3
2025-12-24 11:00:00+00:00,Multan,52.72566661834717,µg/m³,3
2025-12-24 12:00:00+00:00,Multan,77.25494427151152,µg/m³,3
2025-12-24 13:00:00+00:00,Multan,111.11913880242241,µg/m³,3
2025-12-24 14:00:00+00:00,Multan,142.587222120497,µg/m³,3
2025-12-24 15:00:00+00:00,Multan,197.98127755059136,µg/m³,3
2025-12-24 16:00:00+00:00,Multan,202.55022201538085,µg/m³,3
2025-12-24 17:00:00+00:00,Multan,198.24177788628472,µg/m³,3
2025-12-24 18:00:00+00:00,Multan,165.41655544704864,µg/m³,3
2025-12-24 19:00:00+00:00,Multan,166.11933322482642,µg/m³,3
2025-12-24 20:00:00+00:00,Multan,157.47572233412,µg/m³,3
2025-12-24 21:00:00+00:00,Multan,135.54088880750868,µg/m³,3
2025-12-24 22:00:00+00:00,Multan,132.7915556165907,µg/m³,3
2025-12-24 23:00:00+00:00,Multan,136.57222222222222,µg/m³,3
2025-12-25 00:00:00+00:00,Multan,191.15999972025554,µg/m³,2
2025-12-25 01:00:00+00:00,Multan,179.73711132473417,µg/m³,3
2025-12-25 02:00:00+00:00,Multan,216.4264989217122,µg/m³,2
2025-12-25 03:00:00+00:00,Multan,179.50633307562933,µg/m³,3
2025-12-25 04:00:00+00:00,Multan,213.7221665700277,µg/m³,2
2025-12-25 05:00:00+00:00,Multan,171.7334446377224,µg/m³,3
2025-12-25 06:00:00+00:00,Multan,141.463666788737,µg/m³,2
2025-12-25 07:00:00+00:00,Multan,86.72855563693577,µg/m³,3
2025-12-25 08:00:00+00:00,Multan,75.98722212049697,µg/m³,3
2025-12-25 09:00:00+00:00,Multan,74.24825019836426,µg/m³,2
2025-12-25 10:00:00+00:00,Multan,58.771222262912325,µg/m³,3
2025-12-25 11:00:00+00:00,Multan,61.74894451565212,µg/m³,3
2025-12-25 12:00:00+00:00,Multan,83.11672219170465,µg/m³,3
2025-12-25 13:00:00+00:00,Multan,118.21116663614909,µg/m³,3
2025-12-25 14:00:00+00:00,Multan,140.25466664632162,µg/m³,3
2025-12-25 15:00:00+00:00,Multan,160.2758888244629,µg/m³,3
2025-12-25 16:00:00+00:00,Multan,237.30283304850263,µg/m³,2
2025-12-25 17:00:00+00:00,Multan,238.2115629196167,µg/m³,2
2025-12-25 18:00:00+00:00,Multan,189.93205566406252,µg/m³,3
2025-12-25 19:00:00+00:00,Multan,203.2959997812907,µg/m³,2
2025-12-25 20:00:00+00:00,Multan,174.64300003051758,µg/m³,2
2025-12-25 21:00:00+00:00,Multan,172.67766672770185,µg/m³,3
2025-12-25 22:00:00+00:00,Multan,164.89261110093858,µg/m³,3
2025-12-25 23:00:00+00:00,Multan,157.1482221815321,µg/m³,3
2025-12-26 00:00:00+00:00,Multan,139.1146112230089,µg/m³,3
2025-12-26 01:00:00+00:00,Multan,132.43155551486544,µg/m³,3
2025-12-26 02:00:00+00:00,Multan,134.00627788967554,µg/m³,3
2025-12-26 03:00:00+00:00,Multan,156.75927776760525,µg/m³,3
2025-12-26 04:00:00+00:00,Multan,171.5521251466539,µg/m³,3
2025-12-26 05:00:00+00:00,Multan,112.66591669718423,µg/m³,3
2025-12-26 06:00:00+00:00,Multan,94.15716183273882,µg/m³,3
2025-12-26 07:00:00+00:00,Multan,84.05099537460893,µg/m³,3
2025-12-26 08:00:00+00:00,Multan,86.5165203287144,µg/m³,3
2025-12-26 09:00:00+00:00,Multan,82.23329181671143,µg/m³,3
2025-12-26 10:00:00+00:00,Multan,69.78966674804687,µg/m³,3
2025-12-26 11:00:00+00:00,Multan,73.24261110093859,µg/m³,3
2025-12-26 12:00:00+00:00,Multan,91.39916661580405,µg/m³,3
2025-12-26 13:00:00+00:00,Multan,123.25555580986871,µg/m³,3
2025-12-26 14:00:00+00:00,Multan,150.56972173055013,µg/m³,3
2025-12-26 15:00:00+00:00,Multan,149.05494427151152,µg/m³,3
2025-12-26 16:00:00+00:00,Multan,140.83255547417534,µg/m³,3
2025-12-26 17:00:00+00:00,Multan,151.55125007629394,µg/m³,2
2025-12-26 18:00:00+00:00,Multan,143.10338906182184,µg/m³,3
2025-12-26 19:00:00+00:00,Multan,148.87138883802626,µg/m³,3
2025-12-26 20:00:00+00:00,Multan,125.68555535210504,µg/m³,3
2025-12-26 21:00:00+00:00,Multan,125.84494467841256,µg/m³,3
2025-12-26 22:00:00+00:00,Multan,127.51944444444446,µg/m³,3
2025-12-26 23:00:00+00:00,Multan,135.8767222934299,µg/m³,3
2025-12-27 00:00:00+00:00,Multan,138.7710556877984,µg/m³,3
2025-12-27 01:00:00+00:00,Multan,141.07788882785374,µg/m³,3
2025-12-27 02:00:00+00:00,Multan,153.96927769978842,µg/m³,3
2025-12-27 03:00:00+00:00,Multan,217.54033393859862,µg/m³,2
2025-12-27 04:00:00+00:00,Multan,197.04633356730142,µg/m³,2
2025-12-27 05:00:00+00:00,Multan,176.53333307902017,µg/m³,3
2025-12-27 06:00:00+00:00,Multan,181.47216644287113,µg/m³,2
2025-12-27 07:00:00+00:00,Multan,187.94666646321616,µg/m³,3
2025-12-27 08:00:00+00:00,Multan,159.03144480387368,µg/m³,3
2025-12-27 09:00:00+00:00,Multan,113.05688883463544,µg/m³,3
2025-12-27 10:00:00+00:00,Multan,115.59916661580405,µg/m³,3
2025-12-27 11:00:00+00:00,Multan,109.83222232394746,µg/m³,3
2025-12-27 12:00:00+00:00,Multan,131.75094443427193,µg/m³,3
2025-12-27 13:00:00+00:00,Multan,171.33044492933485,µg/m³,3
2025-12-27 14:00:00+00:00,Multan,202.275222269694,µg/m³,3
2025-12-27 15:00:00+00:00,Multan,232.61655527750654,µg/m³,3
2025-12-27 16:00:00+00:00,Multan,293.38883349100746,µg/m³,2
2025-12-27 17:00:00+00:00,Multan,209.42688971625432,µg/m³,3
2025-12-27 18:00:00+00:00,Multan,221.05956882900662,µg/m³,3
2025-12-27 19:00:00+00:00,Multan,234.40094451904292,µg/m³,3
2025-12-27 20:00:00+00:00,Multan,219.3976127624512,µg/m³,3
2025-12-27 21:00:00+00:00,Multan,216.71116714477543,µg/m³,3
2025-12-27 22:00:00+00:00,Multan,195.3618886311849,µg/m³,3
2025-12-27 23:00:00+00:00,Multan,195.35905532836912,µg/m³,3
2025-12-28 00:00:00+00:00,Multan,171.33722279866535,µg/m³,3
2025-12-28 01:00:00+00:00,Multan,182.72016576131185,µg/m³,3
2025-12-28 02:00:00+00:00,Multan,194.09811113145614,µg/m³,3
2025-12-28 03:00:00+00:00,Multan,219.7371108161079,µg/m³,3
2025-12-28 04:00:00+00:00,Multan,165.65455576578776,µg/m³,3
2025-12-28 05:00:00+00:00,Multan,152.79216639200845,µg/m³,2
2025-12-28 06:00:00+00:00,Multan,145.7627498626709,µg/m³,2
2025-12-28 07:00:00+00:00,Multan,140.17400004069012,µg/m³,3
2025-12-28 08:00:00+00:00,Multan,100.47605548434787,µg/m³,3
2025-12-28 09:00:00+00:00,Multan,79.80905566745334,µg/m³,3
2025-12-28 10:00:00+00:00,Multan,82.95494427151151,µg/m³,3
2025-12-28 11:00:00+00:00,Multan,82.51472227308486,µg/m³,3
2025-12-28 12:00:00+00:00,Multan,111.65088890923393,µg/m³,3
2025-12-28 13:00:00+00:00,Multan,154.4853332519531,µg/m³,3
2025-12-28 14:00:00+00:00,Multan,182.48022164238822,µg/m³,3
2025-12-28 15:00:00+00:00,Multan,194.05916612413193,µg/m³,3
2025-12-28 16:00:00+00:00,Multan,232.01675033569333,µg/m³,2
2025-12-28 17:00:00+00:00,Multan,162.42950007120768,µg/m³,3
2025-12-28 18:00:00+00:00,Multan,155.2414398122717,µg/m³,3
2025-12-28 19:00:00+00:00,Multan,153.13393060896132,µg/m³,3
2025-12-28 20:00:00+00:00,Multan,148.36477779812282,µg/m³,3
2025-12-28 21:00:00+00:00,Multan,147.13533325195314,µg/m³,3
2025-12-28 22:00:00+00:00,Multan,149.2287222120497,µg/m³,3
2025-12-28 23:00:00+00:00,Multan,147.17583338419595,µg/m³,3
2025-12-29 00:00:00+00:00,Multan,146.38788892957902,µg/m³,3
2025-12-29 01:00:00+00:00,Multan,145.1510554843479,µg/m³,3
2025-12-29 02:00:00+00:00,Multan,150.53905554877386,µg/m³,3
2025-12-29 03:00:00+00:00,Multan,206.11116663614908,µg/m³,3
2025-12-29 04:00:00+00:00,Multan,299.93333358764653,µg/m³,2
2025-12-29 05:00:00+00:00,Multan,220.30390144116947,µg/m³,2
2025-12-29 06:00:00+00:00,Multan,156.95283317565918,µg/m³,3
2025-12-29 07:00:00+00:00,Multan,142.50997233920626,µg/m³,3
2025-12-29 08:00:00+00:00,Multan,116.49355553521052,µg/m³,3
2025-12-29 09:00:00+00:00,Multan,100.85027787950304,µg/m³,3
2025-12-29 10:00:00+00:00,Multan,80.38783340454101,µg/m³,3
2025-12-29 11:00:00+00:00,Multan,73.59172219170465,µg/m³,3
2025-12-29 12:00:00+00:00,Multan,102.5289998372396,µg/m³,3
2025-12-29 13:00:00+00:00,Multan,130.6470556471083,µg/m³,3
2025-12-29 14:00:00+00:00,Multan,155.1973609076606,µg/m³,3
2025-12-29 15:00:00+00:00,Multan,216.4884171803792,µg/m³,2
2025-12-29 16:00:00+00:00,Multan,187.2519440544976,µg/m³,3
2025-12-29 17:00:00+00:00,Multan,181.68144471910264,µg/m³,3
2025-12-29 18:00:00+00:00,Multan,168.64900029500325,µg/m³,3
2025-12-29 19:00:00+00:00,Multan,159.85108350118,µg/m³,2
2025-12-29 20:00:00+00:00,Multan,146.27511105007596,µg/m³,3
2025-12-29 21:00:00+00:00,Multan,151.1278890821669,µg/m³,3
2025-12-29 22:00:00+00:00,Multan,192.4015007019043,µg/m³,2
2025-12-29 23:00:00+00:00,Multan,176.01399993896484,µg/m³,2
2025-12-30 00:00:00+00:00,Multan,169.38244501749674,µg/m³,3
2025-12-30 01:00:00+00:00,Multan,143.61661105685764,µg/m³,3
2025-12-30 02:00:00+00:00,Multan,212.36116650899254,µg/m³,2
2025-12-30 03:00:00+00:00,Multan,168.35933346218533,µg/m³,3
2025-12-30 04:00:00+00:00,Multan,90.7,µg/m³,1
2025-12-30 05:00:00+00:00,Multan,174.22588890923396,µg/m³,3
2025-12-30 06:00:00+00:00,Multan,129.83216654459633,µg/m³,2
2025-12-30 07:00:00+00:00,Multan,104.66599985758462,µg/m³,3
2025-12-30 08:00:00+00:00,Multan,100.94433339436848,µg/m³,3
2025-12-30 09:00:00+00:00,Multan,101.39883321126302,µg/m³,2
2025-12-30 10:00:00+00:00,Multan,102.41022220187716,µg/m³,3
2025-12-30 11:00:00+00:00,Multan,95.43527772691516,µg/m³,3
2025-12-30 12:00:00+00:00,Multan,113.89172219170463,µg/m³,3
2025-12-30 13:00:00+00:00,Multan,122.5554445054796,µg/m³,3
2025-12-30 14:00:00+00:00,Multan,134.14977798461913,µg/m³,3
2025-12-30 15:00:00+00:00,Multan,122.57427766588,µg/m³,3
2025-12-30 16:00:00+00:00,Multan,123.02327770657011,µg/m³,3
2025-12-30 17:00:00+00:00,Multan,129.01783345540363,µg/m³,2
2025-12-30 19:00:00+00:00,Multan,131.17399978637695,µg/m³,2
2025-12-30 20:00:00+00:00,Multan,122.7819999694824,µg/m³,2
2025-12-30 21:00:00+00:00,Multan,118.75141665140787,µg/m³,2
2025-12-30 22:00:00+00:00,Multan,112.28349990844727,µg/m³,3
2025-12-30 23:00:00+00:00,Multan,110.20266672770181,µg/m³,3
2025-12-31 00:00:00+00:00,Multan,99.36227764553495,µg/m³,3
2025-12-31 01:00:00+00:00,Multan,98.16150651411577,µg/m³,3
2025-12-31 02:00:00+00:00,Multan,108.00314658579202,µg/m³,3
2025-12-31 03:00:00+00:00,Multan,115.812888929579,µg/m³,3
2025-12-31 04:00:00+00:00,Multan,103.6603887769911,µg/m³,3
2025-12-31 05:00:00+00:00,Multan,104.60784717135958,µg/m³,2
2025-12-31 06:00:00+00:00,Multan,69.72256950802274,µg/m³,3
2025-12-31 07:00:00+00:00,Multan,60.4972777472602,µg/m³,3
2025-12-31 08:00:00+00:00,Multan,58.54722916285198,µg/m³,2
2025-12-31 09:00:00+00:00,Multan,40.62033335367838,µg/m³,3
2025-12-31 10:00:00+00:00,Multan,47.02777777777777,µg/m³,3
2025-12-31 11:00:00+00:00,Multan,47.605507890004965,µg/m³,3
2025-12-31 12:00:00+00:00,Multan,48.87194459703233,µg/m³,3
2025-12-31 13:00:00+00:00,Multan,57.90561108059353,µg/m³,3
2025-12-31 14:00:00+00:00,Multan,61.397388797336156,µg/m³,3
2025-12-31 15:00:00+00:00,Multan,63.7681363886053,µg/m³,2
2025-12-31 16:00:00+00:00,Multan,59.54398156625253,µg/m³,3
2025-12-31 17:00:00+00:00,Multan,67.88038898044162,µg/m³,3
2025-12-31 18:00:00+00:00,Multan,53.56194449530707,µg/m³,3
2025-12-31 19:00:00+00:00,Multan,50.641833241780596,µg/m³,3
2025-12-31 20:00:00+00:00,Multan,54.94088880750868,µg/m³,3
2025-12-31 21:00:00+00:00,Multan,55.0306666056315,µg/m³,3
2025-12-31 22:00:00+00:00,Multan,61.027110968695744,µg/m³,3
2025-12-31 23:00:00+00:00,Multan,106.74543733596803,µg/m³,2
2026-01-01 00:00:00+00:00,Multan,59.810222201877174,µg/m³,3
2026-01-01 01:00:00+00:00,Multan,61.08999989827475,µg/m³,3
2026-01-01 02:00:00+00:00,Multan,81.04561097886827,µg/m³,3
2026-01-01 03:00:00+00:00,Multan,92.10283330281574,µg/m³,3
2026-01-01 04:00:00+00:00,Multan,66.4787222120497,µg/m³,3
2026-01-01 05:00:00+00:00,Multan,56.534902932908814,µg/m³,3
2026-01-01 06:00:00+00:00,Multan,52.530382584936824,µg/m³,3
2026-01-01 07:00:00+00:00,Multan,46.67766672770182,µg/m³,1
2026-01-01 08:00:00+00:00,Multan,54.33960314553881,µg/m³,3
2026-01-01 09:00:00+00:00,Multan,50.37249984741211,µg/m³,3
2026-01-01 10:00:00+00:00,Multan,50.17866668701171,µg/m³,3
2026-01-01 11:00:00+00:00,Multan,56.240424231326934,µg/m³,3
2026-01-01 12:00:00+00:00,Multan,68.44466654459636,µg/m³,3
2026-01-01 13:00:00+00:00,Multan,111.77594443427192,µg/m³,3
2026-01-01 14:00:00+00:00,Multan,145.58716752794052,µg/m³,3
2026-01-01 15:00:00+00:00,Multan,172.46472201877168,µg/m³,3
2026-01-01 16:00:00+00:00,Multan,176.54338896009656,µg/m³,3
2026-01-01 17:00:00+00:00,Multan,167.35183385213213,µg/m³,3
2026-01-01 18:00:00+00:00,Multan,218.5751673380534,µg/m³,2
2026-01-01 19:00:00+00:00,Multan,160.25461146036784,µg/m³,3
2026-01-01 20:00:00+00:00,Multan,134.5325558980306,µg/m³,3
2026-01-01 21:00:00+00:00,Multan,127.7241664462619,µg/m³,3
2026-01-01 22:00:00+00:00,Multan,118.25572213066948,µg/m³,3
2026-01-01 23:00:00+00:00,Multan,140.13899993896484,µg/m³,2
2026-01-02 00:00:00+00:00,Multan,123.61083348592123,µg/m³,2
2026-01-02 01:00:00+00:00,Multan,91.7710833231608,µg/m³,3
2026-01-02 02:00:00+00:00,Multan,86.09366658528644,µg/m³,3
2026-01-02 03:00:00+00:00,Multan,83.29531488771792,µg/m³,3
2026-01-02 04:00:00+00:00,Multan,87.99811113145618,µg/m³,3
2026-01-02 05:00:00+00:00,Multan,84.48654168446859,µg/m³,3
2026-01-02 06:00:00+00:00,Multan,65.28055556615193,µg/m³,3
2026-01-02 07:00:00+00:00,Multan,62.667444494035514,µg/m³,3
2026-01-02 08:00:00+00:00,Multan,52.62594438129002,µg/m³,3
2026-01-02 09:00:00+00:00,Multan,41.26488890118069,µg/m³,3
2026-01-02 10:00:00+00:00,Multan,81.60161126454672,µg/m³,3
2026-01-02 11:00:00+00:00,Multan,117.24400024414062,µg/m³,2
2026-01-02 12:00:00+00:00,Multan,138.4048329671224,µg/m³,2
2026-01-02 13:00:00+00:00,Multan,169.8970001220703,µg/m³,3
2026-01-02 14:00:00+00:00,Multan,181.93763658928148,µg/m³,3
2026-01-02 15:00:00+00:00,Multan,228.32577811347113,µg/m³,2
