datetime,city,pm25_value,pm25_unit,pm25_locations
2025-10-04 16:00:00+00:00,Lahore,215.62044278462727,µg/m³,2
2025-10-04 17:00:00+00:00,Lahore,150.50251651000977,µg/m³,2
2025-10-04 18:00:00+00:00,Lahore,167.82974007288615,µg/m³,2
2025-10-04 19:00:00+00:00,Lahore,175.3685836690267,µg/m³,2
2025-10-04 20:00:00+00:00,Lahore,194.8288024330139,µg/m³,2
2025-10-04 21:00:00+00:00,Lahore,51.85460027567545,µg/m³,2
2025-10-04 22:00:00+00:00,Lahore,29.549874817000497,µg/m³,1
2025-10-04 23:00:00+00:00,Lahore,33.054939142862956,µg/m³,1
2025-10-05 00:00:00+00:00,Lahore,18.009999999999998,µg/m³,1
2025-10-05 02:00:00+00:00,Lahore,13.37,µg/m³,1
2025-10-05 04:00:00+00:00,Lahore,12.825,µg/m³,1
2025-10-05 05:00:00+00:00,Lahore,15.226666666666667,µg/m³,1
2025-10-05 06:00:00+00:00,Lahore,15.087333333333333,µg/m³,2
2025-10-05 07:00:00+00:00,Lahore,18.437125023206075,µg/m³,1
2025-10-05 08:00:00+00:00,Lahore,13.990197916428247,µg/m³,2
2025-10-05 09:00:00+00:00,Lahore,14.865958348910015,µg/m³,2
2025-10-05 10:00:00+00:00,Lahore,13.768041667143503,µg/m³,2
2025-10-05 11:00:00+00:00,Lahore,14.476687502331202,µg/m³,2
2025-10-05 12:00:00+00:00,Lahore,22.17174996932348,µg/m³,2
2025-10-05 13:00:00+00:00,Lahore,33.78696536170112,µg/m³,2
2025-10-05 14:00:00+00:00,Lahore,39.90892511749267,µg/m³,2
2025-10-05 15:00:00+00:00,Lahore,43.47341673533122,µg/m³,2
2025-10-05 16:00:00+00:00,Lahore,58.1043332417806,µg/m³,1
2025-10-05 17:00:00+00:00,Lahore,58.265263769361695,µg/m³,1
2025-10-05 18:00:00+00:00,Lahore,48.176562519073485,µg/m³,2
2025-10-05 19:00:00+00:00,Lahore,46.21785412470499,µg/m³,2
2025-10-05 20:00:00+00:00,Lahore,54.59778333028157,µg/m³,2
2025-10-05 21:00:00+00:00,Lahore,59.46862506866455,µg/m³,2
2025-10-05 22:00:00+00:00,Lahore,66.885,µg/m³,1
2025-10-05 23:00:00+00:00,Lahore,29.99333333333333,µg/m³,1
2025-10-06 00:00:00+00:00,Lahore,34.000499677658084,µg/m³,2
2025-10-06 01:00:00+00:00,Lahore,32.45280557897356,µg/m³,2
2025-10-06 02:00:00+00:00,Lahore,45.76792708913485,µg/m³,2
2025-10-06 03:00:00+00:00,Lahore,24.22316666984558,µg/m³,2
2025-10-06 04:00:00+00:00,Lahore,21.012375013033548,µg/m³,1
2025-10-06 05:00:00+00:00,Lahore,20.324687505563098,µg/m³,2
2025-10-06 06:00:00+00:00,Lahore,21.302805554072062,µg/m³,2
2025-10-06 07:00:00+00:00,Lahore,13.34479166348775,µg/m³,2
2025-10-06 08:00:00+00:00,Lahore,9.3425347243415,µg/m³,2
2025-10-06 09:00:00+00:00,Lahore,9.557966665903727,µg/m³,2
2025-10-06 10:00:00+00:00,Lahore,10.415552084843318,µg/m³,2
2025-10-06 11:00:00+00:00,Lahore,9.732302080392838,µg/m³,2
2025-10-06 12:00:00+00:00,Lahore,13.282991689682007,µg/m³,2
2025-10-06 13:00:00+00:00,Lahore,15.139416673978172,µg/m³,2
2025-10-06 14:00:00+00:00,Lahore,20.319208337042067,µg/m³,2
2025-10-06 15:00:00+00:00,Lahore,25.846166658401486,µg/m³,1
2025-10-06 16:00:00+00:00,Lahore,43.028963870578345,µg/m³,2
2025-10-06 17:00:00+00:00,Lahore,42.23425002654394,µg/m³,2
2025-10-06 18:00:00+00:00,Lahore,22.32487499025133,µg/m³,2
2025-10-06 19:00:00+00:00,Lahore,18.791319444974263,µg/m³,2
2025-10-06 20:00:00+00:00,Lahore,16.79558333237966,µg/m³,2
2025-10-06 21:00:00+00:00,Lahore,16.42564583323482,µg/m³,2
2025-10-06 22:00:00+00:00,Lahore,1.2211250012119612,µg/m³,1
2025-10-06 23:00:00+00:00,Lahore,1.491194444315301,µg/m³,1
2025-10-07 00:00:00+00:00,Lahore,5.057750005026659,µg/m³,1
2025-10-07 01:00:00+00:00,Lahore,8.079624994595846,µg/m³,1
2025-10-07 02:00:00+00:00,Lahore,7.485916667514378,µg/m³,1
2025-10-07 03:00:00+00:00,Lahore,9.233583323160806,µg/m³,1
2025-10-07 04:00:00+00:00,Lahore,27.102822915315627,µg/m³,2
2025-10-07 05:00:00+00:00,Lahore,22.88778333600362,µg/m³,2
2025-10-07 06:00:00+00:00,Lahore,21.425128476752175,µg/m³,2
2025-10-07 07:00:00+00:00,Lahore,10.030541667938234,µg/m³,2
2025-10-07 08:00:00+00:00,Lahore,11.740458331637912,µg/m³,2
2025-10-07 09:00:00+00:00,Lahore,10.265758331616718,µg/m³,2
2025-10-07 10:00:00+00:00,Lahore,4.484409098191695,µg/m³,1
2025-10-07 11:00:00+00:00,Lahore,14.360322916905085,µg/m³,2
2025-10-07 12:00:00+00:00,Lahore,14.665466683387757,µg/m³,2
2025-10-07 13:00:00+00:00,Lahore,27.466288169225052,µg/m³,2
2025-10-07 14:00:00+00:00,Lahore,31.020500001271564,µg/m³,2
2025-10-07 15:00:00+00:00,Lahore,27.15330904285113,µg/m³,2
2025-10-07 16:00:00+00:00,Lahore,24.340641666094463,µg/m³,2
2025-10-07 17:00:00+00:00,Lahore,21.98187497138977,µg/m³,2
2025-10-07 18:00:00+00:00,Lahore,28.512374965349835,µg/m³,1
2025-10-07 19:00:00+00:00,Lahore,29.60699996948242,µg/m³,1
2025-10-07 20:00:00+00:00,Lahore,28.631174955368046,µg/m³,2
2025-10-07 21:00:00+00:00,Lahore,28.221864646275836,µg/m³,2
2025-10-07 22:00:00+00:00,Lahore,29.010375034809112,µg/m³,2
2025-10-07 23:00:00+00:00,Lahore,43.286614631017045,µg/m³,2
2025-10-08 00:00:00+00:00,Lahore,43.242249933878576,µg/m³,1
2025-10-08 01:00:00+00:00,Lahore,100.57716666666667,µg/m³,2
2025-10-08 02:00:00+00:00,Lahore,102.42166659037274,µg/m³,1
2025-10-08 03:00:00+00:00,Lahore,166.69004173533122,µg/m³,2
2025-10-08 04:00:00+00:00,Lahore,69.0584166208903,µg/m³,1
2025-10-08 05:00:00+00:00,Lahore,35.02885419845581,µg/m³,2
2025-10-08 06:00:00+00:00,Lahore,32.595477380319075,µg/m³,2
2025-10-08 07:00:00+00:00,Lahore,26.747854162057244,µg/m³,2
2025-10-08 08:00:00+00:00,Lahore,21.85066666285197,µg/m³,2
2025-10-08 09:00:00+00:00,Lahore,18.992708336512248,µg/m³,2
2025-10-08 10:00:00+00:00,Lahore,17.139260417222978,µg/m³,2
2025-10-08 11:00:00+00:00,Lahore,19.166520834763844,µg/m³,2
2025-10-08 12:00:00+00:00,Lahore,20.756090278890397,µg/m³,2
2025-10-08 13:00:00+00:00,Lahore,39.87554178237915,µg/m³,1
2025-10-08 14:00:00+00:00,Lahore,38.40129998779297,µg/m³,2
2025-10-08 15:00:00+00:00,Lahore,60.10578120231628,µg/m³,2
2025-10-08 16:00:00+00:00,Lahore,73.51111664835612,µg/m³,2
2025-10-08 17:00:00+00:00,Lahore,73.803457959493,µg/m³,1
2025-10-08 18:00:00+00:00,Lahore,67.69006958431667,µg/m³,2
2025-10-08 19:00:00+00:00,Lahore,72.21938565889994,µg/m³,2
2025-10-08 20:00:00+00:00,Lahore,82.79051414065891,µg/m³,1
2025-10-08 21:00:00+00:00,Lahore,58.19254156748454,µg/m³,1
2025-10-08 22:00:00+00:00,Lahore,62.38734710778131,µg/m³,2
2025-10-08 23:00:00+00:00,Lahore,79.14495843251547,µg/m³,1
2025-10-09 00:00:00+00:00,Lahore,91.44814168039959,µg/m³,2
2025-10-09 01:00:00+00:00,Lahore,93.32599983215333,µg/m³,1
2025-10-09 02:00:00+00:00,Lahore,102.79477081298828,µg/m³,2
2025-10-09 03:00:00+00:00,Lahore,83.63764582951863,µg/m³,2
2025-10-09 04:00:00+00:00,Lahore,58.38053126335144,µg/m³,2
2025-10-09 05:00:00+00:00,Lahore,46.836183308919274,µg/m³,2
2025-10-09 06:00:00+00:00,Lahore,46.266572891871135,µg/m³,2
2025-10-09 07:00:00+00:00,Lahore,40.1774583867391,µg/m³,2
2025-10-09 08:00:00+00:00,Lahore,52.23483327229818,µg/m³,1
2025-10-09 09:00:00+00:00,Lahore,80.25120843251547,µg/m³,1
2025-10-09 10:00:00+00:00,Lahore,50.28599967956543,µg/m³,1
2025-10-09 11:00:00+00:00,Lahore,31.521408297220866,µg/m³,2
2025-10-09 12:00:00+00:00,Lahore,34.16564582188924,µg/m³,2
2025-10-09 13:00:00+00:00,Lahore,45.22266668192545,µg/m³,2
2025-10-09 14:00:00+00:00,Lahore,47.561052039464315,µg/m³,2
2025-10-09 15:00:00+00:00,Lahore,80.04398610856798,µg/m³,1
2025-10-09 16:00:00+00:00,Lahore,68.27944167836507,µg/m³,2
2025-10-09 17:00:00+00:00,Lahore,79.22958342870076,µg/m³,2
2025-10-09 18:00:00+00:00,Lahore,92.88571667480468,µg/m³,2
2025-10-09 19:00:00+00:00,Lahore,91.41301051775615,µg/m³,2
2025-10-09 20:00:00+00:00,Lahore,90.16825278642443,µg/m³,2
2025-10-09 21:00:00+00:00,Lahore,87.66405206998189,µg/m³,2
2025-10-09 22:00:00+00:00,Lahore,92.60788332621257,µg/m³,2
2025-10-09 23:00:00+00:00,Lahore,89.71035418192545,µg/m³,2
2025-10-10 00:00:00+00:00,Lahore,85.93960836537681,µg/m³,2
2025-10-10 01:00:00+00:00,Lahore,86.15660416285198,µg/m³,2
2025-10-10 02:00:00+00:00,Lahore,102.94643754959105,µg/m³,2
2025-10-10 03:00:00+00:00,Lahore,74.64902501678466,µg/m³,2
2025-10-10 04:00:00+00:00,Lahore,56.708125114440925,µg/m³,1
2025-10-10 05:00:00+00:00,Lahore,41.058041445414226,µg/m³,1
2025-10-10 06:00:00+00:00,Lahore,41.41755557590061,µg/m³,1
2025-10-10 07:00:00+00:00,Lahore,50.823916651407885,µg/m³,2
2025-10-10 08:00:00+00:00,Lahore,50.677972115410704,µg/m³,1
2025-10-10 09:00:00+00:00,Lahore,42.119566614786784,µg/m³,2
2025-10-10 10:00:00+00:00,Lahore,37.80249977111816,µg/m³,1
2025-10-10 11:00:00+00:00,Lahore,34.24997917811076,µg/m³,2
2025-10-10 12:00:00+00:00,Lahore,33.793333257039386,µg/m³,2
2025-10-10 13:00:00+00:00,Lahore,40.24209994506836,µg/m³,2
2025-10-10 14:00:00+00:00,Lahore,50.936038189993965,µg/m³,2
2025-10-10 15:00:00+00:00,Lahore,61.758,µg/m³,2
2025-10-10 16:00:00+00:00,Lahore,101.88065297868518,µg/m³,1
2025-10-10 17:00:00+00:00,Lahore,104.48137493133545,µg/m³,1
2025-10-10 18:00:00+00:00,Lahore,67.33650001525879,µg/m³,2
2025-10-10 19:00:00+00:00,Lahore,76.45346873283387,µg/m³,2
2025-10-10 20:00:00+00:00,Lahore,74.20771664937338,µg/m³,2
2025-10-10 21:00:00+00:00,Lahore,80.54789580663045,µg/m³,2
2025-10-10 22:00:00+00:00,Lahore,84.30274165598551,µg/m³,2
2025-10-10 23:00:00+00:00,Lahore,115.45974998474122,µg/m³,1
2025-10-11 00:00:00+00:00,Lahore,143.83357500457765,µg/m³,2
2025-10-11 01:00:00+00:00,Lahore,165.25795815785725,µg/m³,1
2025-10-11 02:00:00+00:00,Lahore,135.480891649882,µg/m³,2
2025-10-11 03:00:00+00:00,Lahore,95.06866663614909,µg/m³,2
2025-10-11 04:00:00+00:00,Lahore,75.59185833485921,µg/m³,2
2025-10-11 05:00:00+00:00,Lahore,51.280727178400205,µg/m³,1
2025-10-11 06:00:00+00:00,Lahore,44.016500091552736,µg/m³,1
2025-10-11 07:00:00+00:00,Lahore,36.907674949645994,µg/m³,2
2025-10-11 08:00:00+00:00,Lahore,42.59987506866455,µg/m³,1
2025-10-11 09:00:00+00:00,Lahore,30.129408353169758,µg/m³,2
2025-10-11 10:00:00+00:00,Lahore,34.40009713702732,µg/m³,1
2025-10-11 12:00:00+00:00,Lahore,60.22405488755968,µg/m³,1
2025-10-11 13:00:00+00:00,Lahore,54.224011140611424,µg/m³,2
2025-10-11 14:00:00+00:00,Lahore,80.58708318074545,µg/m³,1
2025-10-11 15:00:00+00:00,Lahore,60.83366669718424,µg/m³,2
2025-10-11 16:00:00+00:00,Lahore,74.47633336385091,µg/m³,1
2025-10-11 17:00:00+00:00,Lahore,94.59520829518635,µg/m³,1
2025-10-11 18:00:00+00:00,Lahore,104.51170838673909,µg/m³,1
2025-10-11 19:00:00+00:00,Lahore,121.51679159800211,µg/m³,1
2025-10-11 20:00:00+00:00,Lahore,88.78096662394206,µg/m³,2
2025-10-11 21:00:00+00:00,Lahore,151.36037464141847,µg/m³,1
2025-10-11 22:00:00+00:00,Lahore,104.82765000915526,µg/m³,2
2025-10-11 23:00:00+00:00,Lahore,115.35878129005431,µg/m³,2
2025-10-12 00:00:00+00:00,Lahore,95.12915834299723,µg/m³,2
2025-10-12 01:00:00+00:00,Lahore,125.4225418726603,µg/m³,1
2025-10-12 02:00:00+00:00,Lahore,91.50119168345134,µg/m³,2
2025-10-12 03:00:00+00:00,Lahore,110.4247917811076,µg/m³,1
2025-10-12 04:00:00+00:00,Lahore,66.02350044250488,µg/m³,1
2025-10-12 05:00:00+00:00,Lahore,67.3953332265218,µg/m³,1
2025-10-12 06:00:00+00:00,Lahore,41.55719163767496,µg/m³,2
2025-10-12 07:00:00+00:00,Lahore,57.796458371480306,µg/m³,1
2025-10-12 08:00:00+00:00,Lahore,37.93457296053568,µg/m³,2
2025-10-12 09:00:00+00:00,Lahore,38.322027744717076,µg/m³,2
2025-10-12 10:00:00+00:00,Lahore,41.332916514078775,µg/m³,1
2025-10-12 11:00:00+00:00,Lahore,41.271909124200995,µg/m³,1
2025-10-12 12:00:00+00:00,Lahore,37.72429507467482,µg/m³,2
2025-10-12 13:00:00+00:00,Lahore,47.42752494049072,µg/m³,2
2025-10-12 14:00:00+00:00,Lahore,56.71138543764751,µg/m³,2
2025-10-12 15:00:00+00:00,Lahore,62.51306672159831,µg/m³,2
2025-10-12 16:00:00+00:00,Lahore,108.46533292134603,µg/m³,1
2025-10-12 17:00:00+00:00,Lahore,103.43240841420493,µg/m³,2
2025-10-12 18:00:00+00:00,Lahore,111.39816652933756,µg/m³,1
2025-10-12 19:00:00+00:00,Lahore,99.63509163157146,µg/m³,2
2025-10-12 20:00:00+00:00,Lahore,94.69284375190736,µg/m³,2
2025-10-12 21:00:00+00:00,Lahore,88.46121872266134,µg/m³,2
2025-10-12 22:00:00+00:00,Lahore,78.92058336385091,µg/m³,2
2025-10-12 23:00:00+00:00,Lahore,82.47926040331524,µg/m³,2
2025-10-13 00:00:00+00:00,Lahore,96.39586672465006,µg/m³,2
2025-10-13 01:00:00+00:00,Lahore,117.3354375076294,µg/m³,2
2025-10-13 02:00:00+00:00,Lahore,137.12775555250377,µg/m³,2
2025-10-13 03:00:00+00:00,Lahore,121.93562505722048,µg/m³,2
2025-10-13 04:00:00+00:00,Lahore,126.49012470245361,µg/m³,1
2025-10-13 05:00:00+00:00,Lahore,88.33629156748454,µg/m³,1
2025-10-13 06:00:00+00:00,Lahore,46.60895832570394,µg/m³,2
2025-10-13 07:00:00+00:00,Lahore,41.767677024205526,µg/m³,2
2025-10-13 08:00:00+00:00,Lahore,40.701075035095215,µg/m³,2
2025-10-13 09:00:00+00:00,Lahore,36.56128123283386,µg/m³,2
2025-10-13 10:00:00+00:00,Lahore,39.06414576848348,µg/m³,2
2025-10-13 11:00:00+00:00,Lahore,32.718312466939295,µg/m³,2
2025-10-13 12:00:00+00:00,Lahore,49.07863917880588,µg/m³,1
2025-10-13 13:00:00+00:00,Lahore,39.53389996337891,µg/m³,2
2025-10-13 14:00:00+00:00,Lahore,54.3859688091278,µg/m³,2
2025-10-13 15:00:00+00:00,Lahore,60.38858330281575,µg/m³,2
2025-10-13 16:00:00+00:00,Lahore,74.47369792620341,µg/m³,2
2025-10-13 17:00:00+00:00,Lahore,80.76053331502278,µg/m³,2
2025-10-13 18:00:00+00:00,Lahore,93.40318752288817,µg/m³,2
2025-10-13 19:00:00+00:00,Lahore,98.8082666727702,µg/m³,2
2025-10-13 20:00:00+00:00,Lahore,114.12167705853778,µg/m³,2
2025-10-13 21:00:00+00:00,Lahore,113.98859163157144,µg/m³,2
2025-10-13 22:00:00+00:00,Lahore,116.85423954327902,µg/m³,2
2025-10-13 23:00:00+00:00,Lahore,118.06437498092652,µg/m³,2
2025-10-14 00:00:00+00:00,Lahore,121.84887503814699,µg/m³,2
2025-10-14 01:00:00+00:00,Lahore,155.3561146068573,µg/m³,2
2025-10-14 02:00:00+00:00,Lahore,184.21146662394204,µg/m³,2
2025-10-14 03:00:00+00:00,Lahore,175.03642009629144,µg/m³,2
2025-10-14 04:00:00+00:00,Lahore,133.77186669921875,µg/m³,2
2025-10-14 05:00:00+00:00,Lahore,142.8190418879191,µg/m³,1
2025-10-14 06:00:00+00:00,Lahore,84.49311117723252,µg/m³,2
2025-10-14 07:00:00+00:00,Lahore,73.02894799868267,µg/m³,2
2025-10-14 08:00:00+00:00,Lahore,70.5063916651408,µg/m³,2
2025-10-14 09:00:00+00:00,Lahore,52.852916685740155,µg/m³,2
2025-10-14 10:00:00+00:00,Lahore,43.54768762588502,µg/m³,2
2025-10-14 11:00:00+00:00,Lahore,39.89671183798048,µg/m³,2
2025-10-14 12:00:00+00:00,Lahore,55.67695814768473,µg/m³,1
2025-10-14 13:00:00+00:00,Lahore,75.67020829518637,µg/m³,1
2025-10-14 14:00:00+00:00,Lahore,64.71362497329713,µg/m³,2
2025-10-14 15:00:00+00:00,Lahore,97.67445835113524,µg/m³,2
2025-10-14 16:00:00+00:00,Lahore,104.2458854007721,µg/m³,2
2025-10-14 17:00:00+00:00,Lahore,122.49081666056315,µg/m³,2
2025-10-14 18:00:00+00:00,Lahore,134.5109096929762,µg/m³,2
2025-10-14 19:00:00+00:00,Lahore,133.46800838979084,µg/m³,2
2025-10-14 20:00:00+00:00,Lahore,142.35220487064788,µg/m³,2
2025-10-14 21:00:00+00:00,Lahore,142.73045838673912,µg/m³,2
2025-10-14 22:00:00+00:00,Lahore,142.22836657969157,µg/m³,2
2025-10-14 23:00:00+00:00,Lahore,163.4498545583089,µg/m³,2
2025-10-15 00:00:00+00:00,Lahore,166.81054391479492,µg/m³,2
2025-10-15 01:00:00+00:00,Lahore,179.68081213633218,µg/m³,2
2025-10-15 02:00:00+00:00,Lahore,178.6568587697347,µg/m³,2
2025-10-15 03:00:00+00:00,Lahore,175.3387294038137,µg/m³,2
2025-10-15 04:00:00+00:00,Lahore,128.48986666361492,µg/m³,2
2025-10-15 05:00:00+00:00,Lahore,93.94763536135355,µg/m³,2
2025-10-15 06:00:00+00:00,Lahore,76.239424949646,µg/m³,2
2025-10-15 07:00:00+00:00,Lahore,73.52050018310548,µg/m³,1
2025-10-15 08:00:00+00:00,Lahore,57.71775008646647,µg/m³,2
2025-10-15 09:00:00+00:00,Lahore,60.52716669718425,µg/m³,2
2025-10-15 10:00:00+00:00,Lahore,63.470802024205526,µg/m³,2
2025-10-15 11:00:00+00:00,Lahore,63.80041666666667,µg/m³,2
2025-10-15 12:00:00+00:00,Lahore,71.71817711194356,µg/m³,2
2025-10-15 13:00:00+00:00,Lahore,80.62833061303031,µg/m³,2
2025-10-15 14:00:00+00:00,Lahore,91.95670836766561,µg/m³,2
2025-10-15 15:00:00+00:00,Lahore,104.64667502593993,µg/m³,2
2025-10-15 16:00:00+00:00,Lahore,118.18634383201598,µg/m³,2
2025-10-15 17:00:00+00:00,Lahore,127.20203336079915,µg/m³,2
2025-10-15 19:00:00+00:00,Lahore,161.3225,µg/m³,1
2025-10-15 20:00:00+00:00,Lahore,164.75666666666666,µg/m³,1
2025-10-15 21:00:00+00:00,Lahore,165.79,µg/m³,1
2025-10-15 22:00:00+00:00,Lahore,169.69000000000003,µg/m³,1
2025-10-16 00:00:00+00:00,Lahore,186.8,µg/m³,1
2025-10-16 01:00:00+00:00,Lahore,193.16666666666666,µg/m³,1
2025-10-16 02:00:00+00:00,Lahore,234.90750083923342,µg/m³,2
2025-10-16 03:00:00+00:00,Lahore,172.09327065467835,µg/m³,2
2025-10-16 04:00:00+00:00,Lahore,97.54215545484756,µg/m³,2
2025-10-16 05:00:00+00:00,Lahore,83.28629166285197,µg/m³,2
2025-10-16 06:00:00+00:00,Lahore,63.49198340352376,µg/m³,2
2025-10-16 07:00:00+00:00,Lahore,69.21729166666667,µg/m³,2
2025-10-16 08:00:00+00:00,Lahore,66.29159162648519,µg/m³,2
2025-10-16 09:00:00+00:00,Lahore,61.617968740463255,µg/m³,2
2025-10-16 10:00:00+00:00,Lahore,55.28844168345133,µg/m³,2
2025-10-16 11:00:00+00:00,Lahore,60.175500049591065,µg/m³,2
2025-10-16 12:00:00+00:00,Lahore,73.26938544909159,µg/m³,2
2025-10-16 13:00:00+00:00,Lahore,75.05600003051757,µg/m³,2
2025-10-16 14:00:00+00:00,Lahore,92.17684025870429,µg/m³,2
2025-10-16 15:00:00+00:00,Lahore,112.54522904078163,µg/m³,2
2025-10-16 16:00:00+00:00,Lahore,116.77197914759319,µg/m³,2
2025-10-16 17:00:00+00:00,Lahore,162.85587520599367,µg/m³,1
2025-10-16 18:00:00+00:00,Lahore,139.9438854757945,µg/m³,2
2025-10-16 19:00:00+00:00,Lahore,170.200979124705,µg/m³,2
2025-10-16 20:00:00+00:00,Lahore,173.01585421244303,µg/m³,2
2025-10-16 21:00:00+00:00,Lahore,200.36316668192546,µg/m³,1
2025-10-16 22:00:00+00:00,Lahore,199.44754187266037,µg/m³,1
2025-10-16 23:00:00+00:00,Lahore,186.2571669260661,µg/m³,1
2025-10-17 00:00:00+00:00,Lahore,186.65544425116647,µg/m³,1
2025-10-17 01:00:00+00:00,Lahore,207.39031251907352,µg/m³,2
2025-10-17 02:00:00+00:00,Lahore,246.70356236775714,µg/m³,2
2025-10-17 03:00:00+00:00,Lahore,208.4934691259596,µg/m³,2
2025-10-17 04:00:00+00:00,Lahore,164.4022084681193,µg/m³,2
2025-10-17 05:00:00+00:00,Lahore,94.56605207761129,µg/m³,2
2025-10-17 06:00:00+00:00,Lahore,75.77435833485922,µg/m³,2
2025-10-17 07:00:00+00:00,Lahore,71.4334341568417,µg/m³,2
2025-10-17 08:00:00+00:00,Lahore,72.49352494049073,µg/m³,2
2025-10-17 09:00:00+00:00,Lahore,65.66505207379659,µg/m³,2
2025-10-17 10:00:00+00:00,Lahore,52.623358304341636,µg/m³,2
2025-10-17 11:00:00+00:00,Lahore,50.97531949785021,µg/m³,2
2025-10-17 12:00:00+00:00,Lahore,60.17259992980958,µg/m³,2
2025-10-17 13:00:00+00:00,Lahore,84.552677043279,µg/m³,2
2025-10-17 14:00:00+00:00,Lahore,95.73420003255208,µg/m³,2
2025-10-17 15:00:00+00:00,Lahore,114.27402081807455,µg/m³,2
2025-10-17 16:00:00+00:00,Lahore,124.47936460812886,µg/m³,2
2025-10-17 17:00:00+00:00,Lahore,135.21000549146862,µg/m³,2
2025-10-17 18:00:00+00:00,Lahore,145.54952082951863,µg/m³,2
2025-10-17 19:00:00+00:00,Lahore,149.8829750289917,µg/m³,2
2025-10-17 20:00:00+00:00,Lahore,156.97036455472312,µg/m³,2
2025-10-17 21:00:00+00:00,Lahore,177.45365826161702,µg/m³,2
2025-10-17 22:00:00+00:00,Lahore,214.9640520699819,µg/m³,2
2025-10-17 23:00:00+00:00,Lahore,222.6311874961853,µg/m³,2
2025-10-18 00:00:00+00:00,Lahore,230.7951666132609,µg/m³,2
2025-10-18 01:00:00+00:00,Lahore,227.03379205067952,µg/m³,1
2025-10-18 02:00:00+00:00,Lahore,237.45761074490017,µg/m³,1
2025-10-18 03:00:00+00:00,Lahore,285.0058759689331,µg/m³,1
2025-10-18 04:00:00+00:00,Lahore,112.2961834157308,µg/m³,2
2025-10-18 05:00:00+00:00,Lahore,88.86067711830138,µg/m³,2
2025-10-18 06:00:00+00:00,Lahore,75.95329168955485,µg/m³,2
2025-10-18 07:00:00+00:00,Lahore,53.85944790204366,µg/m³,2
2025-10-18 08:00:00+00:00,Lahore,55.330033325195316,µg/m³,2
2025-10-18 09:00:00+00:00,Lahore,51.47960409800211,µg/m³,2
2025-10-18 10:00:00+00:00,Lahore,58.534333279927566,µg/m³,2
2025-10-18 11:00:00+00:00,Lahore,65.59036457379659,µg/m³,2
2025-10-18 12:00:00+00:00,Lahore,73.67906664530436,µg/m³,2
2025-10-18 13:00:00+00:00,Lahore,80.36039580663045,µg/m³,2
2025-10-18 14:00:00+00:00,Lahore,92.06263338216147,µg/m³,2
2025-10-18 15:00:00+00:00,Lahore,114.90378129005433,µg/m³,2
2025-10-18 16:00:00+00:00,Lahore,142.05821665445964,µg/m³,2
2025-10-18 17:00:00+00:00,Lahore,157.83850004196168,µg/m³,2
2025-10-18 18:00:00+00:00,Lahore,172.55502082188923,µg/m³,2
2025-10-18 19:00:00+00:00,Lahore,189.53010002136233,µg/m³,2
2025-10-18 20:00:00+00:00,Lahore,195.93441670099892,µg/m³,2
2025-10-18 21:00:00+00:00,Lahore,195.84641698201497,µg/m³,1
2025-10-18 22:00:00+00:00,Lahore,203.08400001525877,µg/m³,1
2025-10-18 23:00:00+00:00,Lahore,218.06220811208095,µg/m³,1
2025-10-19 00:00:00+00:00,Lahore,221.70000025431315,µg/m³,1
2025-10-19 01:00:00+00:00,Lahore,216.75512513478597,µg/m³,2
2025-10-19 02:00:00+00:00,Lahore,206.1619132815467,µg/m³,2
2025-10-19 03:00:00+00:00,Lahore,226.16594420539005,µg/m³,1
2025-10-19 04:00:00+00:00,Lahore,181.20054175059002,µg/m³,1
2025-10-19 05:00:00+00:00,Lahore,112.65280546400282,µg/m³,2
2025-10-19 06:00:00+00:00,Lahore,74.4523264333937,µg/m³,2
2025-10-19 07:00:00+00:00,Lahore,76.06520837148031,µg/m³,1
2025-10-19 08:00:00+00:00,Lahore,55.36122496795654,µg/m³,2
2025-10-19 09:00:00+00:00,Lahore,64.91554152170818,µg/m³,1
2025-10-19 10:00:00+00:00,Lahore,57.37685839589436,µg/m³,2
2025-10-19 11:00:00+00:00,Lahore,69.05838536898295,µg/m³,2
2025-10-19 12:00:00+00:00,Lahore,78.45220831044516,µg/m³,2
2025-10-19 13:00:00+00:00,Lahore,101.74169799486793,µg/m³,2
2025-10-19 14:00:00+00:00,Lahore,114.00483330281577,µg/m³,2
2025-10-19 15:00:00+00:00,Lahore,132.0164791170756,µg/m³,2
2025-10-19 16:00:00+00:00,Lahore,193.9032497406006,µg/m³,1
2025-10-19 17:00:00+00:00,Lahore,208.70286081102157,µg/m³,1
2025-10-19 18:00:00+00:00,Lahore,196.35898613399934,µg/m³,1
2025-10-19 19:00:00+00:00,Lahore,191.7534304512872,µg/m³,1
2025-10-19 20:00:00+00:00,Lahore,164.24623962720236,µg/m³,2
2025-10-19 21:00:00+00:00,Lahore,178.2836874961853,µg/m³,2
2025-10-19 22:00:00+00:00,Lahore,179.0913785288069,µg/m³,2
2025-10-19 23:00:00+00:00,Lahore,185.75410401026406,µg/m³,2
2025-10-20 00:00:00+00:00,Lahore,189.16363202200998,µg/m³,2
2025-10-20 01:00:00+00:00,Lahore,197.41403479470148,µg/m³,2
2025-10-20 02:00:00+00:00,Lahore,212.08285414377846,µg/m³,2
2025-10-20 03:00:00+00:00,Lahore,170.2939916865031,µg/m³,2
2025-10-20 04:00:00+00:00,Lahore,134.4929583867391,µg/m³,1
2025-10-20 08:00:00+00:00,Lahore,90.32791659037271,µg/m³,1
2025-10-20 09:00:00+00:00,Lahore,72.11075019836424,µg/m³,1
2025-10-20 10:00:00+00:00,Lahore,53.60481670633952,µg/m³,2
2025-10-20 11:00:00+00:00,Lahore,67.84129170099894,µg/m³,2
2025-10-20 12:00:00+00:00,Lahore,80.40652731600674,µg/m³,2
2025-10-20 13:00:00+00:00,Lahore,98.10961458524068,µg/m³,2
2025-10-20 14:00:00+00:00,Lahore,114.177424949646,µg/m³,2
2025-10-20 15:00:00+00:00,Lahore,131.3073749923706,µg/m³,2
2025-10-20 16:00:00+00:00,Lahore,193.4179583867391,µg/m³,1
2025-10-20 17:00:00+00:00,Lahore,231.04629141489661,µg/m³,1
2025-10-20 18:00:00+00:00,Lahore,161.48614445665146,µg/m³,2
2025-10-20 19:00:00+00:00,Lahore,176.08904167811076,µg/m³,2
2025-10-20 20:00:00+00:00,Lahore,184.62630003356932,µg/m³,2
2025-10-20 21:00:00+00:00,Lahore,232.1919585545858,µg/m³,1
2025-10-20 22:00:00+00:00,Lahore,230.91737461090088,µg/m³,1
2025-10-20 23:00:00+00:00,Lahore,229.6531668345133,µg/m³,1
2025-10-21 00:00:00+00:00,Lahore,235.3222916285197,µg/m³,1
2025-10-21 01:00:00+00:00,Lahore,220.20583330790205,µg/m³,1
2025-10-21 02:00:00+00:00,Lahore,192.67999999999998,µg/m³,1
2025-10-21 04:00:00+00:00,Lahore,104.8204997253418,µg/m³,1
2025-10-21 05:00:00+00:00,Lahore,110.1525,µg/m³,1
2025-10-21 06:00:00+00:00,Lahore,74.78594453599719,µg/m³,1
2025-10-21 07:00:00+00:00,Lahore,73.5625,µg/m³,1
2025-10-21 08:00:00+00:00,Lahore,51.89333333333334,µg/m³,1
2025-10-21 09:00:00+00:00,Lahore,47.0125,µg/m³,1
2025-10-21 10:00:00+00:00,Lahore,51.09,µg/m³,1
2025-10-21 11:00:00+00:00,Lahore,66.27250000000001,µg/m³,1
2025-10-21 12:00:00+00:00,Lahore,77.15666666666667,µg/m³,1
2025-10-21 13:00:00+00:00,Lahore,84.96666666666665,µg/m³,1
2025-10-21 14:00:00+00:00,Lahore,113.58635008239746,µg/m³,2
2025-10-21 15:00:00+00:00,Lahore,132.7808749771118,µg/m³,2
2025-10-21 16:00:00+00:00,Lahore,202.93397237989635,µg/m³,1
2025-10-21 17:00:00+00:00,Lahore,173.83653117179873,µg/m³,2
2025-10-21 18:00:00+00:00,Lahore,197.4715972858005,µg/m³,2
2025-10-21 19:00:00+00:00,Lahore,182.3505729452769,µg/m³,2
2025-10-21 20:00:00+00:00,Lahore,166.40095835622154,µg/m³,2
2025-10-21 22:00:00+00:00,Lahore,171.725,µg/m³,1
2025-10-21 23:00:00+00:00,Lahore,171.65666666666667,µg/m³,1
2025-10-22 00:00:00+00:00,Lahore,171.40666666666667,µg/m³,1
2025-10-22 01:00:00+00:00,Lahore,191.01252476501466,µg/m³,2
2025-10-22 02:00:00+00:00,Lahore,283.10625,µg/m³,1
2025-10-22 03:00:00+00:00,Lahore,253.51729272206623,µg/m³,1
2025-10-22 04:00:00+00:00,Lahore,124.73978390433571,µg/m³,2
2025-10-22 05:00:00+00:00,Lahore,78.10973331197104,µg/m³,2
2025-10-22 06:00:00+00:00,Lahore,63.44869798342387,µg/m³,2
2025-10-22 07:00:00+00:00,Lahore,60.41455819447835,µg/m³,2
2025-10-22 08:00:00+00:00,Lahore,54.48094787279764,µg/m³,2
2025-10-22 09:00:00+00:00,Lahore,56.50285404841105,µg/m³,2
2025-10-22 10:00:00+00:00,Lahore,53.21548863844438,µg/m³,2
2025-10-22 11:00:00+00:00,Lahore,55.12380303307735,µg/m³,2
2025-10-22 12:00:00+00:00,Lahore,67.90412502288818,µg/m³,2
2025-10-22 13:00:00+00:00,Lahore,84.01035418192545,µg/m³,2
2025-10-22 14:00:00+00:00,Lahore,91.41812506866454,µg/m³,2
2025-10-22 15:00:00+00:00,Lahore,117.36559730105932,µg/m³,1
2025-10-22 16:00:00+00:00,Lahore,126.70843337504068,µg/m³,2
2025-10-22 17:00:00+00:00,Lahore,153.90081595632768,µg/m³,2
2025-10-22 18:00:00+00:00,Lahore,164.57267501068114,µg/m³,2
2025-10-22 19:00:00+00:00,Lahore,175.4495832761129,µg/m³,2
2025-10-22 20:00:00+00:00,Lahore,182.190950012207,µg/m³,2
2025-10-22 21:00:00+00:00,Lahore,219.1095413843791,µg/m³,1
2025-10-22 22:00:00+00:00,Lahore,176.95139172617596,µg/m³,2
2025-10-22 23:00:00+00:00,Lahore,278.48094384935166,µg/m³,1
2025-10-23 00:00:00+00:00,Lahore,224.33904088338215,µg/m³,2
2025-10-23 01:00:00+00:00,Lahore,195.61931182861326,µg/m³,2
2025-10-23 02:00:00+00:00,Lahore,215.6010100110372,µg/m³,2
2025-10-23 03:00:00+00:00,Lahore,244.46835481007898,µg/m³,2
2025-10-23 04:00:00+00:00,Lahore,168.76087502797446,µg/m³,2
2025-10-23 05:00:00+00:00,Lahore,181.00209754011365,µg/m³,2
2025-10-23 06:00:00+00:00,Lahore,131.82359383583068,µg/m³,2
2025-10-23 07:00:00+00:00,Lahore,77.88664576848348,µg/m³,2
2025-10-23 08:00:00+00:00,Lahore,83.62692054401745,µg/m³,2
2025-10-23 09:00:00+00:00,Lahore,60.232774955749505,µg/m³,2
2025-10-23 10:00:00+00:00,Lahore,87.70103096326193,µg/m³,2
2025-10-23 11:00:00+00:00,Lahore,72.10679705386693,µg/m³,2
2025-10-23 12:00:00+00:00,Lahore,76.60958316167196,µg/m³,2
2025-10-23 13:00:00+00:00,Lahore,78.78013888888889,µg/m³,2
2025-10-23 14:00:00+00:00,Lahore,144.01725006103518,µg/m³,1
2025-10-23 15:00:00+00:00,Lahore,133.49422921498615,µg/m³,2
2025-10-23 16:00:00+00:00,Lahore,141.58963893296985,µg/m³,2
2025-10-23 17:00:00+00:00,Lahore,204.88274993896485,µg/m³,1
2025-10-23 18:00:00+00:00,Lahore,232.0644310845269,µg/m³,1
2025-10-23 19:00:00+00:00,Lahore,212.58051058769223,µg/m³,2
2025-10-23 20:00:00+00:00,Lahore,217.11204997762042,µg/m³,2
2025-10-23 21:00:00+00:00,Lahore,265.0778338114421,µg/m³,1
2025-10-23 22:00:00+00:00,Lahore,228.855441637675,µg/m³,2
2025-10-23 23:00:00+00:00,Lahore,233.8782501220703,µg/m³,1
2025-10-24 00:00:00+00:00,Lahore,250.08783372243246,µg/m³,1
2025-10-24 01:00:00+00:00,Lahore,254.4334154764811,µg/m³,1
2025-10-24 02:00:00+00:00,Lahore,278.58180618286127,µg/m³,1
2025-10-24 03:00:00+00:00,Lahore,267.26645825703935,µg/m³,1
2025-10-24 04:00:00+00:00,Lahore,171.2366250991821,µg/m³,1
2025-10-24 05:00:00+00:00,Lahore,114.44264169565838,µg/m³,2
2025-10-24 06:00:00+00:00,Lahore,102.25595849355062,µg/m³,1
2025-10-24 07:00:00+00:00,Lahore,82.20479170481364,µg/m³,1
2025-10-24 08:00:00+00:00,Lahore,76.20612506866455,µg/m³,1
2025-10-24 09:00:00+00:00,Lahore,92.94187488555907,µg/m³,1
2025-10-24 10:00:00+00:00,Lahore,73.15245825449627,µg/m³,1
2025-10-24 11:00:00+00:00,Lahore,76.5140832265218,µg/m³,1
2025-10-24 12:00:00+00:00,Lahore,112.21791674296061,µg/m³,1
2025-10-24 13:00:00+00:00,Lahore,153.0130833943685,µg/m³,1
2025-10-24 14:00:00+00:00,Lahore,179.40316658020018,µg/m³,1
2025-10-24 15:00:00+00:00,Lahore,163.24131242116295,µg/m³,2
2025-10-24 16:00:00+00:00,Lahore,185.78381258010864,µg/m³,2
2025-10-24 17:00:00+00:00,Lahore,215.44306969112824,µg/m³,1
2025-10-24 18:00:00+00:00,Lahore,239.59908345540364,µg/m³,1
2025-10-24 19:00:00+00:00,Lahore,244.5908751805624,µg/m³,1
2025-10-24 20:00:00+00:00,Lahore,251.86379235585534,µg/m³,1
2025-10-24 21:00:00+00:00,Lahore,249.63670883178705,µg/m³,1
2025-10-24 22:00:00+00:00,Lahore,262.5378629896376,µg/m³,1
2025-10-24 23:00:00+00:00,Lahore,270.62295850118,µg/m³,1
2025-10-25 00:00:00+00:00,Lahore,279.8069583892822,µg/m³,1
2025-10-25 01:00:00+00:00,Lahore,277.3657909393311,µg/m³,1
2025-10-25 02:00:00+00:00,Lahore,287.9630410512288,µg/m³,1
2025-10-25 03:00:00+00:00,Lahore,258.13601326412623,µg/m³,1
2025-10-25 04:00:00+00:00,Lahore,200.64324989318848,µg/m³,1
2025-10-25 05:00:00+00:00,Lahore,143.13745835622152,µg/m³,1
2025-10-25 06:00:00+00:00,Lahore,135.30059702131481,µg/m³,1
2025-10-25 07:00:00+00:00,Lahore,180.6358331044515,µg/m³,1
2025-10-25 08:00:00+00:00,Lahore,109.35220826466877,µg/m³,1
2025-10-25 09:00:00+00:00,Lahore,96.40224990844727,µg/m³,1
2025-10-25 10:00:00+00:00,Lahore,103.87825012207031,µg/m³,1
2025-10-25 11:00:00+00:00,Lahore,133.3473752975464,µg/m³,1
2025-10-25 12:00:00+00:00,Lahore,148.94580569797094,µg/m³,1
2025-10-25 13:00:00+00:00,Lahore,134.0042915980021,µg/m³,2
2025-10-25 14:00:00+00:00,Lahore,140.23216677347818,µg/m³,2
2025-10-25 15:00:00+00:00,Lahore,210.29508336385092,µg/m³,1
2025-10-25 16:00:00+00:00,Lahore,230.2629997253418,µg/m³,1
2025-10-25 17:00:00+00:00,Lahore,198.98349982261658,µg/m³,2
2025-10-25 18:00:00+00:00,Lahore,230.54250055948896,µg/m³,2
2025-10-25 19:00:00+00:00,Lahore,273.2882651011149,µg/m³,1
2025-10-25 20:00:00+00:00,Lahore,216.16971614583335,µg/m³,2
2025-10-25 21:00:00+00:00,Lahore,261.45766563415526,µg/m³,1
2025-10-25 22:00:00+00:00,Lahore,214.45250000000001,µg/m³,1
2025-10-25 23:00:00+00:00,Lahore,223.8447084172567,µg/m³,2
2025-10-26 00:00:00+00:00,Lahore,220.5374502461751,µg/m³,2
2025-10-26 01:00:00+00:00,Lahore,231.31360399881999,µg/m³,2
2025-10-26 02:00:00+00:00,Lahore,254.71870013427733,µg/m³,2
2025-10-26 03:00:00+00:00,Lahore,276.6707918167114,µg/m³,1
2025-10-26 04:00:00+00:00,Lahore,188.43673339335123,µg/m³,2
2025-10-26 05:00:00+00:00,Lahore,161.4951875114441,µg/m³,2
2025-10-26 06:00:00+00:00,Lahore,153.68951038042707,µg/m³,2
2025-10-26 07:00:00+00:00,Lahore,129.6086668395996,µg/m³,2
2025-10-26 08:00:00+00:00,Lahore,116.11009371757508,µg/m³,2
2025-10-26 09:00:00+00:00,Lahore,120.99430827077228,µg/m³,2
2025-10-26 10:00:00+00:00,Lahore,108.43312503814698,µg/m³,2
2025-10-26 11:00:00+00:00,Lahore,99.72485000610352,µg/m³,2
2025-10-26 12:00:00+00:00,Lahore,111.20958340962729,µg/m³,2
2025-10-26 13:00:00+00:00,Lahore,124.45284164683024,µg/m³,2
2025-10-26 14:00:00+00:00,Lahore,199.479541460673,µg/m³,1
2025-10-26 15:00:00+00:00,Lahore,199.4315000152588,µg/m³,2
2025-10-26 16:00:00+00:00,Lahore,191.39715881347655,µg/m³,2
2025-10-26 17:00:00+00:00,Lahore,189.28405834706624,µg/m³,2
2025-10-26 18:00:00+00:00,Lahore,210.17481258392337,µg/m³,2
2025-10-26 19:00:00+00:00,Lahore,270.414747873942,µg/m³,1
2025-10-26 20:00:00+00:00,Lahore,222.60160832214356,µg/m³,2
2025-10-26 21:00:00+00:00,Lahore,221.1936041386922,µg/m³,2
2025-10-26 22:00:00+00:00,Lahore,219.48409753926595,µg/m³,2
2025-10-26 23:00:00+00:00,Lahore,286.5990406036377,µg/m³,1
2025-10-27 00:00:00+00:00,Lahore,209.70361668904624,µg/m³,2
2025-10-27 01:00:00+00:00,Lahore,204.69075355317858,µg/m³,2
2025-10-27 02:00:00+00:00,Lahore,205.48161646525062,µg/m³,2
2025-10-27 03:00:00+00:00,Lahore,312.8557479858398,µg/m³,1
2025-10-27 04:00:00+00:00,Lahore,203.4660833638509,µg/m³,2
2025-10-27 05:00:00+00:00,Lahore,155.4540208498637,µg/m³,2
2025-10-27 06:00:00+00:00,Lahore,155.8377918879191,µg/m³,1
2025-10-27 07:00:00+00:00,Lahore,118.90025024414062,µg/m³,1
2025-10-27 08:00:00+00:00,Lahore,101.18520806630453,µg/m³,1
2025-10-27 09:00:00+00:00,Lahore,86.71111072964139,µg/m³,1
2025-10-27 10:00:00+00:00,Lahore,80.45512485504149,µg/m³,1
2025-10-27 11:00:00+00:00,Lahore,104.78604170481367,µg/m³,1
2025-10-27 12:00:00+00:00,Lahore,148.57158330281575,µg/m³,1
2025-10-27 13:00:00+00:00,Lahore,163.00266660054527,µg/m³,1
2025-10-27 14:00:00+00:00,Lahore,193.78529135386148,µg/m³,1
2025-10-27 15:00:00+00:00,Lahore,194.71736098395456,µg/m³,1
2025-10-27 16:00:00+00:00,Lahore,202.42091662089032,µg/m³,1
2025-10-27 17:00:00+00:00,Lahore,197.78237497711183,µg/m³,2
2025-10-27 18:00:00+00:00,Lahore,224.65990293290884,µg/m³,1
2025-10-27 19:00:00+00:00,Lahore,216.30041643778483,µg/m³,1
2025-10-27 20:00:00+00:00,Lahore,216.119983311971,µg/m³,2
2025-10-27 21:00:00+00:00,Lahore,237.8189719729953,µg/m³,1
2025-10-27 22:00:00+00:00,Lahore,230.91859999338786,µg/m³,2
2025-10-27 23:00:00+00:00,Lahore,235.6316247876485,µg/m³,2
2025-10-28 00:00:00+00:00,Lahore,268.07195076412626,µg/m³,2
2025-10-28 01:00:00+00:00,Lahore,263.49472877502444,µg/m³,2
2025-10-28 02:00:00+00:00,Lahore,262.86587376912433,µg/m³,2
2025-10-28 03:00:00+00:00,Lahore,201.5911807208591,µg/m³,2
2025-10-28 04:00:00+00:00,Lahore,174.5085249862671,µg/m³,2
2025-10-28 05:00:00+00:00,Lahore,164.4371803495619,µg/m³,1
2025-10-28 06:00:00+00:00,Lahore,109.12768754959106,µg/m³,2
2025-10-28 07:00:00+00:00,Lahore,112.98666666666668,µg/m³,1
2025-10-28 09:00:00+00:00,Lahore,105.0,µg/m³,1
2025-10-28 10:00:00+00:00,Lahore,94.03919040861585,µg/m³,2
2025-10-28 11:00:00+00:00,Lahore,102.50612497711181,µg/m³,2
2025-10-28 12:00:00+00:00,Lahore,117.36217703183492,µg/m³,2
2025-10-28 13:00:00+00:00,Lahore,135.39182495880124,µg/m³,2
2025-10-28 14:00:00+00:00,Lahore,159.06023950894675,µg/m³,2
2025-10-28 15:00:00+00:00,Lahore,189.3870623842875,µg/m³,2
2025-10-28 16:00:00+00:00,Lahore,185.64915279812283,µg/m³,2
2025-10-28 17:00:00+00:00,Lahore,198.37310833825003,µg/m³,2
2025-10-28 18:00:00+00:00,Lahore,219.59462474823,µg/m³,2
2025-10-28 19:00:00+00:00,Lahore,232.8288745244344,µg/m³,2
2025-10-28 20:00:00+00:00,Lahore,242.22873393758135,µg/m³,2
2025-10-28 21:00:00+00:00,Lahore,336.5191534678141,µg/m³,1
2025-10-28 22:00:00+00:00,Lahore,257.1094249216716,µg/m³,2
2025-10-28 23:00:00+00:00,Lahore,276.69335453033443,µg/m³,2
2025-10-29 00:00:00+00:00,Lahore,373.1887940724691,µg/m³,1
2025-10-29 01:00:00+00:00,Lahore,374.46326323615176,µg/m³,1
2025-10-29 02:00:00+00:00,Lahore,277.9619079267714,µg/m³,2
2025-10-29 03:00:00+00:00,Lahore,394.9289993286133,µg/m³,1
2025-10-29 04:00:00+00:00,Lahore,337.6948330349393,µg/m³,2
2025-10-29 05:00:00+00:00,Lahore,286.3929474830627,µg/m³,2
2025-10-29 06:00:00+00:00,Lahore,221.34389628728235,µg/m³,2
2025-10-29 07:00:00+00:00,Lahore,181.0059062099457,µg/m³,2
2025-10-29 08:00:00+00:00,Lahore,174.5395312976837,µg/m³,2
2025-10-29 09:00:00+00:00,Lahore,153.71925453879618,µg/m³,2
2025-10-29 10:00:00+00:00,Lahore,211.6967498779297,µg/m³,1
2025-10-29 11:00:00+00:00,Lahore,165.6625943874783,µg/m³,2
2025-10-29 12:00:00+00:00,Lahore,230.83758328755698,µg/m³,1
2025-10-29 13:00:00+00:00,Lahore,199.09547495015462,µg/m³,2
2025-10-29 14:00:00+00:00,Lahore,218.3523508559333,µg/m³,2
2025-10-29 15:00:00+00:00,Lahore,223.17033612230088,µg/m³,2
2025-10-29 16:00:00+00:00,Lahore,242.8867810122172,µg/m³,2
2025-10-29 17:00:00+00:00,Lahore,249.1327833557129,µg/m³,2
2025-10-29 18:00:00+00:00,Lahore,253.9293443234762,µg/m³,2
2025-10-29 19:00:00+00:00,Lahore,260.41521879196165,µg/m³,2
2025-10-29 20:00:00+00:00,Lahore,264.0608496195475,µg/m³,2
2025-10-29 21:00:00+00:00,Lahore,354.5970827738444,µg/m³,1
2025-10-29 22:00:00+00:00,Lahore,276.92216655476886,µg/m³,2
2025-10-29 23:00:00+00:00,Lahore,347.90379015604657,µg/m³,1
2025-10-30 00:00:00+00:00,Lahore,337.62108154296874,µg/m³,1
2025-10-30 01:00:00+00:00,Lahore,299.59945894877114,µg/m³,2
2025-10-30 02:00:00+00:00,Lahore,312.07409984334305,µg/m³,2
2025-10-30 03:00:00+00:00,Lahore,413.24904340108236,µg/m³,1
2025-10-30 04:00:00+00:00,Lahore,345.6961663309733,µg/m³,2
2025-10-30 05:00:00+00:00,Lahore,264.58347956763373,µg/m³,2
2025-10-30 06:00:00+00:00,Lahore,230.71403369140626,µg/m³,2
2025-10-30 07:00:00+00:00,Lahore,193.66227258855648,µg/m³,2
2025-10-30 12:00:00+00:00,Lahore,201.34395425969905,µg/m³,1
2025-10-30 13:00:00+00:00,Lahore,245.3556673049927,µg/m³,1
2025-10-30 14:00:00+00:00,Lahore,172.24752077102661,µg/m³,2
2025-10-30 15:00:00+00:00,Lahore,227.06080572340218,µg/m³,1
2025-10-30 16:00:00+00:00,Lahore,229.2288335164388,µg/m³,1
2025-10-30 17:00:00+00:00,Lahore,231.97473596360948,µg/m³,2
2025-10-30 18:00:00+00:00,Lahore,228.6590415986379,µg/m³,2
2025-10-30 19:00:00+00:00,Lahore,234.9031919072469,µg/m³,2
2025-10-30 20:00:00+00:00,Lahore,246.46081235249835,µg/m³,2
2025-10-30 21:00:00+00:00,Lahore,256.2442291386922,µg/m³,2
2025-10-30 22:00:00+00:00,Lahore,257.14883255004884,µg/m³,2
2025-10-30 23:00:00+00:00,Lahore,264.7821144294739,µg/m³,2
2025-10-31 00:00:00+00:00,Lahore,270.5770412190755,µg/m³,2
2025-10-31 01:00:00+00:00,Lahore,288.0921129014757,µg/m³,1
2025-10-31 02:00:00+00:00,Lahore,281.1575169576009,µg/m³,2
2025-10-31 03:00:00+00:00,Lahore,310.9459586970011,µg/m³,2
2025-10-31 04:00:00+00:00,Lahore,278.13510876973476,µg/m³,2
2025-10-31 05:00:00+00:00,Lahore,202.80471879641215,µg/m³,2
2025-10-31 06:00:00+00:00,Lahore,150.11932776557074,µg/m³,2
2025-10-31 07:00:00+00:00,Lahore,146.04524993896484,µg/m³,1
2025-10-31 08:00:00+00:00,Lahore,86.95041665140788,µg/m³,2
2025-10-31 09:00:00+00:00,Lahore,89.33340275234646,µg/m³,2
2025-10-31 10:00:00+00:00,Lahore,90.63823961575827,µg/m³,2
2025-10-31 11:00:00+00:00,Lahore,90.28283608924019,µg/m³,2
2025-10-31 12:00:00+00:00,Lahore,105.61818742752075,µg/m³,2
2025-10-31 13:00:00+00:00,Lahore,131.8111750157674,µg/m³,2
2025-10-31 14:00:00+00:00,Lahore,169.95589579900104,µg/m³,2
2025-10-31 15:00:00+00:00,Lahore,188.9549750289917,µg/m³,2
2025-10-31 16:00:00+00:00,Lahore,197.98088538805644,µg/m³,2
2025-10-31 17:00:00+00:00,Lahore,207.00229162343345,µg/m³,2
2025-10-31 18:00:00+00:00,Lahore,215.4339688269297,µg/m³,2
2025-10-31 19:00:00+00:00,Lahore,224.48018326568604,µg/m³,2
2025-10-31 20:00:00+00:00,Lahore,225.2457499376933,µg/m³,2
2025-10-31 21:00:00+00:00,Lahore,234.37660856967506,µg/m³,2
2025-10-31 22:00:00+00:00,Lahore,247.08436429023743,µg/m³,2
2025-10-31 23:00:00+00:00,Lahore,260.3648128636678,µg/m³,2
2025-11-01 00:00:00+00:00,Lahore,259.8930749291314,µg/m³,2
2025-11-01 01:00:00+00:00,Lahore,275.8085623041789,µg/m³,2
2025-11-01 02:00:00+00:00,Lahore,289.4141278822157,µg/m³,2
2025-11-01 03:00:00+00:00,Lahore,303.4393964767456,µg/m³,2
2025-11-01 04:00:00+00:00,Lahore,258.6376250186496,µg/m³,2
2025-11-01 05:00:00+00:00,Lahore,217.60578144391377,µg/m³,2
2025-11-01 06:00:00+00:00,Lahore,158.02769998168944,µg/m³,2
2025-11-01 07:00:00+00:00,Lahore,143.98575019836426,µg/m³,1
2025-11-01 08:00:00+00:00,Lahore,112.54391676584879,µg/m³,2
2025-11-01 09:00:00+00:00,Lahore,100.95111111111112,µg/m³,2
2025-11-01 10:00:00+00:00,Lahore,99.61384714338514,µg/m³,2
2025-11-01 11:00:00+00:00,Lahore,106.28402093251546,µg/m³,2
2025-11-01 12:00:00+00:00,Lahore,121.80430273861357,µg/m³,2
2025-11-01 13:00:00+00:00,Lahore,142.80168738683065,µg/m³,2
2025-11-01 14:00:00+00:00,Lahore,153.50707234022352,µg/m³,2
2025-11-01 15:00:00+00:00,Lahore,196.85500077883398,µg/m³,2
2025-11-01 16:00:00+00:00,Lahore,295.26820894877113,µg/m³,1
2025-11-01 17:00:00+00:00,Lahore,227.571683400472,µg/m³,2
2025-11-01 18:00:00+00:00,Lahore,239.94748558892144,µg/m³,2
2025-11-01 19:00:00+00:00,Lahore,230.78695002237956,µg/m³,2
2025-11-01 20:00:00+00:00,Lahore,224.12195796966552,µg/m³,2
2025-11-01 21:00:00+00:00,Lahore,217.65909463840063,µg/m³,2
2025-11-01 22:00:00+00:00,Lahore,224.86679161071777,µg/m³,2
2025-11-01 23:00:00+00:00,Lahore,222.3549077029758,µg/m³,2
2025-11-02 00:00:00+00:00,Lahore,320.01079037984215,µg/m³,1
2025-11-02 01:00:00+00:00,Lahore,243.6259752349854,µg/m³,2
2025-11-02 02:00:00+00:00,Lahore,330.2563885158963,µg/m³,1
2025-11-02 03:00:00+00:00,Lahore,343.91424865722655,µg/m³,1
2025-11-02 04:00:00+00:00,Lahore,292.45416666666665,µg/m³,1
2025-11-02 05:00:00+00:00,Lahore,236.51429195404054,µg/m³,1
2025-11-02 06:00:00+00:00,Lahore,207.35933392842608,µg/m³,1
2025-11-02 07:00:00+00:00,Lahore,195.16372231377497,µg/m³,1
2025-11-02 08:00:00+00:00,Lahore,205.1089441087511,µg/m³,1
2025-11-02 09:00:00+00:00,Lahore,148.5428750991821,µg/m³,1
2025-11-02 10:00:00+00:00,Lahore,123.68914584477744,µg/m³,2
2025-11-02 11:00:00+00:00,Lahore,118.03210413614909,µg/m³,2
2025-11-02 12:00:00+00:00,Lahore,125.96258333333333,µg/m³,2
2025-11-02 13:00:00+00:00,Lahore,189.753999710083,µg/m³,1
2025-11-02 14:00:00+00:00,Lahore,204.0015003204346,µg/m³,1
2025-11-02 15:00:00+00:00,Lahore,223.2902500152588,µg/m³,1
2025-11-02 16:00:00+00:00,Lahore,168.13390003967285,µg/m³,2
2025-11-02 17:00:00+00:00,Lahore,252.84304275512696,µg/m³,1
2025-11-02 18:00:00+00:00,Lahore,260.2560436248779,µg/m³,1
2025-11-02 19:00:00+00:00,Lahore,255.23070907592773,µg/m³,1
2025-11-02 20:00:00+00:00,Lahore,217.13513508478798,µg/m³,2
2025-11-02 21:00:00+00:00,Lahore,236.75839652379352,µg/m³,2
2025-11-02 22:00:00+00:00,Lahore,266.7517511367798,µg/m³,1
2025-11-02 23:00:00+00:00,Lahore,271.8577473958333,µg/m³,1
2025-11-03 00:00:00+00:00,Lahore,275.19429105122884,µg/m³,1
2025-11-03 01:00:00+00:00,Lahore,280.9604166666667,µg/m³,1
2025-11-03 02:00:00+00:00,Lahore,294.3955851236979,µg/m³,1
2025-11-03 03:00:00+00:00,Lahore,371.1664602915446,µg/m³,1
2025-11-03 04:00:00+00:00,Lahore,397.9300842285156,µg/m³,1
2025-11-03 05:00:00+00:00,Lahore,210.3645843187968,µg/m³,2
2025-11-03 06:00:00+00:00,Lahore,143.13261455535888,µg/m³,2
2025-11-03 07:00:00+00:00,Lahore,126.35530683690854,µg/m³,2
2025-11-03 08:00:00+00:00,Lahore,145.61143736521402,µg/m³,2
2025-11-03 09:00:00+00:00,Lahore,114.57384369850158,µg/m³,2
2025-11-03 10:00:00+00:00,Lahore,108.20159994506837,µg/m³,2
2025-11-03 11:00:00+00:00,Lahore,143.46045869191485,µg/m³,1
2025-11-03 12:00:00+00:00,Lahore,178.06054159800215,µg/m³,1
2025-11-03 13:00:00+00:00,Lahore,237.5562496821086,µg/m³,1
2025-11-03 14:00:00+00:00,Lahore,163.009000096639,µg/m³,2
2025-11-03 15:00:00+00:00,Lahore,267.57358404795326,µg/m³,1
2025-11-03 16:00:00+00:00,Lahore,229.40947902679443,µg/m³,2
2025-11-03 17:00:00+00:00,Lahore,218.30040620803834,µg/m³,2
2025-11-03 18:00:00+00:00,Lahore,309.56493920644124,µg/m³,2
2025-11-03 19:00:00+00:00,Lahore,278.55647911071776,µg/m³,2
2025-11-03 20:00:00+00:00,Lahore,270.216344127655,µg/m³,2
2025-11-03 21:00:00+00:00,Lahore,251.9976748097738,µg/m³,2
2025-11-03 22:00:00+00:00,Lahore,227.76216658274333,µg/m³,2
2025-11-03 23:00:00+00:00,Lahore,206.54608318074543,µg/m³,2
2025-11-04 00:00:00+00:00,Lahore,211.13510437011718,µg/m³,2
2025-11-04 01:00:00+00:00,Lahore,203.30420013427732,µg/m³,2
2025-11-04 02:00:00+00:00,Lahore,203.20011434555056,µg/m³,2
2025-11-04 03:00:00+00:00,Lahore,205.43273367818196,µg/m³,2
2025-11-04 04:00:00+00:00,Lahore,289.2119171142578,µg/m³,1
2025-11-04 05:00:00+00:00,Lahore,214.91110792541502,µg/m³,2
2025-11-04 06:00:00+00:00,Lahore,207.3808335622152,µg/m³,1
2025-11-04 07:00:00+00:00,Lahore,125.41745827992757,µg/m³,1
2025-11-04 08:00:00+00:00,Lahore,110.48333333333333,µg/m³,1
2025-11-04 09:00:00+00:00,Lahore,62.71641680399576,µg/m³,1
2025-11-04 10:00:00+00:00,Lahore,59.12755004882813,µg/m³,2
2025-11-04 11:00:00+00:00,Lahore,253.2857518513997,µg/m³,1
2025-11-04 12:00:00+00:00,Lahore,167.25134176127116,µg/m³,2
2025-11-04 13:00:00+00:00,Lahore,115.58205227851869,µg/m³,2
2025-11-04 14:00:00+00:00,Lahore,161.9629916712443,µg/m³,2
2025-11-04 15:00:00+00:00,Lahore,144.0892188167572,µg/m³,2
2025-11-04 16:00:00+00:00,Lahore,104.67844159189858,µg/m³,2
2025-11-04 17:00:00+00:00,Lahore,76.03176049868266,µg/m³,2
2025-11-04 18:00:00+00:00,Lahore,60.0503751373291,µg/m³,2
2025-11-04 19:00:00+00:00,Lahore,50.53822920481364,µg/m³,2
2025-11-04 20:00:00+00:00,Lahore,43.99233327229818,µg/m³,2
2025-11-04 21:00:00+00:00,Lahore,37.32897498321533,µg/m³,2
2025-11-04 22:00:00+00:00,Lahore,48.651875,µg/m³,2
2025-11-04 23:00:00+00:00,Lahore,52.55961663309732,µg/m³,2
2025-11-05 00:00:00+00:00,Lahore,67.5589479414622,µg/m³,2
2025-11-05 01:00:00+00:00,Lahore,50.83006667582194,µg/m³,2
2025-11-05 02:00:00+00:00,Lahore,55.74097916285197,µg/m³,2
2025-11-05 03:00:00+00:00,Lahore,53.85357500457765,µg/m³,2
2025-11-05 04:00:00+00:00,Lahore,72.9707916323344,µg/m³,2
2025-11-05 05:00:00+00:00,Lahore,57.15520835622151,µg/m³,2
2025-11-05 06:00:00+00:00,Lahore,51.339999999999996,µg/m³,1
2025-11-05 07:00:00+00:00,Lahore,46.544499950408934,µg/m³,2
2025-11-05 08:00:00+00:00,Lahore,40.97244174448649,µg/m³,2
2025-11-05 09:00:00+00:00,Lahore,43.63605213483175,µg/m³,2
2025-11-05 10:00:00+00:00,Lahore,49.444141649882006,µg/m³,2
2025-11-05 11:00:00+00:00,Lahore,56.35680210431417,µg/m³,2
2025-11-05 12:00:00+00:00,Lahore,80.02962491607666,µg/m³,2
2025-11-05 13:00:00+00:00,Lahore,97.16712505340577,µg/m³,2
2025-11-05 14:00:00+00:00,Lahore,119.1810416285197,µg/m³,2
2025-11-05 15:00:00+00:00,Lahore,127.22786461194356,µg/m³,2
2025-11-05 16:00:00+00:00,Lahore,153.7216665903727,µg/m³,1
2025-11-05 17:00:00+00:00,Lahore,138.07843335469565,µg/m³,2
2025-11-05 18:00:00+00:00,Lahore,150.54895833333333,µg/m³,2
2025-11-05 19:00:00+00:00,Lahore,160.20310410181682,µg/m³,2
2025-11-05 20:00:00+00:00,Lahore,150.8916666094462,µg/m³,2
2025-11-05 21:00:00+00:00,Lahore,96.67,µg/m³,1
2025-11-05 22:00:00+00:00,Lahore,67.75999999999999,µg/m³,1
2025-11-05 23:00:00+00:00,Lahore,83.82,µg/m³,1
2025-11-06 00:00:00+00:00,Lahore,89.12,µg/m³,1
2025-11-06 02:00:00+00:00,Lahore,103.13499999999999,µg/m³,1
2025-11-06 04:00:00+00:00,Lahore,88.77728002929688,µg/m³,2
2025-11-06 05:00:00+00:00,Lahore,70.19349994659424,µg/m³,2
2025-11-06 06:00:00+00:00,Lahore,49.77412503814698,µg/m³,2
2025-11-06 07:00:00+00:00,Lahore,40.06790619850159,µg/m³,2
2025-11-06 08:00:00+00:00,Lahore,38.6792000579834,µg/m³,2
2025-11-06 09:00:00+00:00,Lahore,37.922499904632566,µg/m³,2
2025-11-06 10:00:00+00:00,Lahore,40.00760836537679,µg/m³,2
2025-11-06 11:00:00+00:00,Lahore,48.6629375076294,µg/m³,2
2025-11-06 12:00:00+00:00,Lahore,55.590510346094774,µg/m³,2
2025-11-06 13:00:00+00:00,Lahore,61.11410841115317,µg/m³,2
2025-11-06 14:00:00+00:00,Lahore,86.05468738555908,µg/m³,2
2025-11-06 15:00:00+00:00,Lahore,109.03073334248862,µg/m³,2
2025-11-06 16:00:00+00:00,Lahore,129.51358332951864,µg/m³,2
2025-11-06 17:00:00+00:00,Lahore,143.5492583440145,µg/m³,2
2025-11-06 18:00:00+00:00,Lahore,168.9546874809265,µg/m³,2
2025-11-06 19:00:00+00:00,Lahore,188.41893329366047,µg/m³,2
2025-11-06 20:00:00+00:00,Lahore,195.38497913996378,µg/m³,2
2025-11-06 21:00:00+00:00,Lahore,187.12427085240682,µg/m³,2
2025-11-06 22:00:00+00:00,Lahore,209.273052333196,µg/m³,2
2025-11-07 00:00:00+00:00,Lahore,187.5777333170573,µg/m³,2
2025-11-07 01:00:00+00:00,Lahore,194.65263524691264,µg/m³,2
2025-11-07 02:00:00+00:00,Lahore,197.4550659891764,µg/m³,2
2025-11-07 03:00:00+00:00,Lahore,209.6885419336955,µg/m³,2
2025-11-07 04:00:00+00:00,Lahore,164.4161333058675,µg/m³,2
2025-11-07 05:00:00+00:00,Lahore,106.61889579137166,µg/m³,2
2025-11-07 06:00:00+00:00,Lahore,72.37105834706625,µg/m³,2
2025-11-07 07:00:00+00:00,Lahore,60.25430204709371,µg/m³,2
2025-11-07 08:00:00+00:00,Lahore,49.55933334859212,µg/m³,2
2025-11-07 09:00:00+00:00,Lahore,45.959458351135254,µg/m³,1
2025-11-07 10:00:00+00:00,Lahore,49.11581253051758,µg/m³,2
2025-11-07 11:00:00+00:00,Lahore,42.67739993286133,µg/m³,2
2025-11-07 12:00:00+00:00,Lahore,54.50247919718424,µg/m³,2
2025-11-07 13:00:00+00:00,Lahore,79.36650823720296,µg/m³,2
2025-11-07 14:00:00+00:00,Lahore,110.61482959747315,µg/m³,2
2025-11-07 15:00:00+00:00,Lahore,127.37650003051758,µg/m³,2
2025-11-07 16:00:00+00:00,Lahore,144.22869786898295,µg/m³,2
2025-11-07 17:00:00+00:00,Lahore,148.34097493743897,µg/m³,2
2025-11-07 18:00:00+00:00,Lahore,170.06260424931844,µg/m³,2
2025-11-07 19:00:00+00:00,Lahore,175.10292746803975,µg/m³,2
2025-11-07 20:00:00+00:00,Lahore,185.60729152679443,µg/m³,2
2025-11-07 21:00:00+00:00,Lahore,182.0402708053589,µg/m³,2
2025-11-07 22:00:00+00:00,Lahore,210.6574578857422,µg/m³,2
2025-11-07 23:00:00+00:00,Lahore,272.96524988810216,µg/m³,1
2025-11-08 00:00:00+00:00,Lahore,215.17965026855467,µg/m³,2
2025-11-08 01:00:00+00:00,Lahore,274.33662707010905,µg/m³,1
2025-11-08 02:00:00+00:00,Lahore,283.03254127502447,µg/m³,1
2025-11-08 03:00:00+00:00,Lahore,302.5300423940023,µg/m³,1
2025-11-08 04:00:00+00:00,Lahore,225.05737550735475,µg/m³,2
2025-11-08 05:00:00+00:00,Lahore,168.04894788424173,µg/m³,2
2025-11-08 06:00:00+00:00,Lahore,127.71233318328856,µg/m³,2
2025-11-08 07:00:00+00:00,Lahore,96.41362495422364,µg/m³,2
2025-11-08 08:00:00+00:00,Lahore,79.49510825856527,µg/m³,2
2025-11-08 09:00:00+00:00,Lahore,79.64635418574015,µg/m³,2
2025-11-08 10:00:00+00:00,Lahore,75.53472918192546,µg/m³,2
2025-11-08 11:00:00+00:00,Lahore,66.93370010375978,µg/m³,2
2025-11-08 12:00:00+00:00,Lahore,69.39395829518635,µg/m³,2
2025-11-08 13:00:00+00:00,Lahore,85.77553334554037,µg/m³,2
2025-11-08 14:00:00+00:00,Lahore,116.31391672770181,µg/m³,2
2025-11-08 15:00:00+00:00,Lahore,129.21976673380533,µg/m³,2
2025-11-08 16:00:00+00:00,Lahore,148.63520829518637,µg/m³,2
2025-11-08 17:00:00+00:00,Lahore,156.45646665445963,µg/m³,2
2025-11-08 18:00:00+00:00,Lahore,178.7045416259766,µg/m³,2
2025-11-08 19:00:00+00:00,Lahore,193.88075008392335,µg/m³,2
2025-11-08 20:00:00+00:00,Lahore,204.82243349202471,µg/m³,2
2025-11-08 21:00:00+00:00,Lahore,215.07395861307782,µg/m³,2
2025-11-08 22:00:00+00:00,Lahore,214.80303346761065,µg/m³,2
2025-11-08 23:00:00+00:00,Lahore,233.40504127502442,µg/m³,2
2025-11-09 00:00:00+00:00,Lahore,241.0070664876302,µg/m³,2
2025-11-09 01:00:00+00:00,Lahore,248.65449966430663,µg/m³,2
2025-11-09 02:00:00+00:00,Lahore,251.22713387044269,µg/m³,2
2025-11-09 03:00:00+00:00,Lahore,222.31829212188723,µg/m³,2
2025-11-09 04:00:00+00:00,Lahore,179.40799987792968,µg/m³,2
2025-11-09 05:00:00+00:00,Lahore,138.4877083714803,µg/m³,2
2025-11-09 06:00:00+00:00,Lahore,100.10610000610352,µg/m³,2
2025-11-09 07:00:00+00:00,Lahore,70.87200012207032,µg/m³,1
2025-11-09 08:00:00+00:00,Lahore,62.361291567484535,µg/m³,2
2025-11-09 09:00:00+00:00,Lahore,58.54920001220703,µg/m³,2
2025-11-09 10:00:00+00:00,Lahore,56.65516665140788,µg/m³,2
2025-11-09 11:00:00+00:00,Lahore,53.207066691080726,µg/m³,2
2025-11-09 12:00:00+00:00,Lahore,64.26316668192544,µg/m³,2
2025-11-09 13:00:00+00:00,Lahore,73.98796662394206,µg/m³,2
2025-11-09 14:00:00+00:00,Lahore,113.23387508392335,µg/m³,2
2025-11-09 15:00:00+00:00,Lahore,141.90456672159831,µg/m³,2
2025-11-09 16:00:00+00:00,Lahore,214.96916681925453,µg/m³,1
2025-11-09 17:00:00+00:00,Lahore,177.5409666849772,µg/m³,2
2025-11-09 18:00:00+00:00,Lahore,243.58866678873702,µg/m³,1
2025-11-09 19:00:00+00:00,Lahore,197.23479169209796,µg/m³,2
2025-11-09 20:00:00+00:00,Lahore,200.59013342285158,µg/m³,2
2025-11-09 21:00:00+00:00,Lahore,208.24345834096272,µg/m³,2
2025-11-09 22:00:00+00:00,Lahore,257.93066736857094,µg/m³,1
2025-11-09 23:00:00+00:00,Lahore,244.79575078328452,µg/m³,2
2025-11-10 00:00:00+00:00,Lahore,244.6224667561849,µg/m³,2
2025-11-10 01:00:00+00:00,Lahore,244.43766677856448,µg/m³,2
2025-11-10 02:00:00+00:00,Lahore,247.06213342285156,µg/m³,2
2025-11-10 03:00:00+00:00,Lahore,341.20866800944015,µg/m³,1
2025-11-10 04:00:00+00:00,Lahore,223.3622913869222,µg/m³,2
2025-11-10 05:00:00+00:00,Lahore,213.42649977620445,µg/m³,2
2025-11-10 06:00:00+00:00,Lahore,263.33900095621743,µg/m³,1
2025-11-10 07:00:00+00:00,Lahore,183.50613907708058,µg/m³,1
2025-11-10 08:00:00+00:00,Lahore,126.05883305867513,µg/m³,1
2025-11-10 09:00:00+00:00,Lahore,80.95463335164388,µg/m³,2
2025-11-10 10:00:00+00:00,Lahore,98.07024993896484,µg/m³,1
2025-11-10 11:00:00+00:00,Lahore,90.82824994405111,µg/m³,3
2025-11-10 12:00:00+00:00,Lahore,120.90266664632163,µg/m³,3
2025-11-10 13:00:00+00:00,Lahore,124.24816894460609,µg/m³,3
2025-11-10 14:00:00+00:00,Lahore,157.46996658325196,µg/m³,3
2025-11-10 15:00:00+00:00,Lahore,184.26928637186688,µg/m³,3
2025-11-10 16:00:00+00:00,Lahore,199.46932864564837,µg/m³,3
2025-11-10 17:00:00+00:00,Lahore,221.46405289204918,µg/m³,3
2025-11-10 18:00:00+00:00,Lahore,221.7900220404731,µg/m³,3
2025-11-10 19:00:00+00:00,Lahore,268.0200804392497,µg/m³,2
2025-11-10 20:00:00+00:00,Lahore,210.2449928764061,µg/m³,3
2025-11-10 21:00:00+00:00,Lahore,220.10296677652997,µg/m³,3
2025-11-10 22:00:00+00:00,Lahore,232.15566628350152,µg/m³,3
2025-11-10 23:00:00+00:00,Lahore,283.6900327657064,µg/m³,3
2025-11-11 00:00:00+00:00,Lahore,358.25133323669434,µg/m³,2
2025-11-11 01:00:00+00:00,Lahore,336.4177227444119,µg/m³,2
2025-11-11 02:00:00+00:00,Lahore,319.8401999104818,µg/m³,3
2025-11-11 03:00:00+00:00,Lahore,301.0367224460178,µg/m³,3
2025-11-11 04:00:00+00:00,Lahore,225.86382473246258,µg/m³,3
2025-11-11 05:00:00+00:00,Lahore,152.90808336469863,µg/m³,3
2025-11-11 06:00:00+00:00,Lahore,135.6893000640869,µg/m³,3
2025-11-11 07:00:00+00:00,Lahore,130.18236573395905,µg/m³,3
2025-11-11 08:00:00+00:00,Lahore,121.42676391177709,µg/m³,3
2025-11-11 09:00:00+00:00,Lahore,123.71947226630319,µg/m³,3
2025-11-11 10:00:00+00:00,Lahore,125.06133333841959,µg/m³,2
2025-11-11 11:00:00+00:00,Lahore,102.14093971817583,µg/m³,3
2025-11-11 12:00:00+00:00,Lahore,139.83709451463488,µg/m³,3
2025-11-11 13:00:00+00:00,Lahore,155.72934731123183,µg/m³,3
2025-11-11 14:00:00+00:00,Lahore,165.30327995370936,µg/m³,3
2025-11-11 15:00:00+00:00,Lahore,187.53193974812825,µg/m³,3
2025-11-11 16:00:00+00:00,Lahore,192.89435419012,µg/m³,3
2025-11-11 17:00:00+00:00,Lahore,217.23920932284267,µg/m³,3
2025-11-11 18:00:00+00:00,Lahore,227.4244352411341,µg/m³,3
2025-11-11 19:00:00+00:00,Lahore,255.61667391459144,µg/m³,3
2025-11-11 20:00:00+00:00,Lahore,264.8546248881022,µg/m³,3
2025-11-11 21:00:00+00:00,Lahore,317.85983403523767,µg/m³,2
2025-11-11 22:00:00+00:00,Lahore,288.63122192382804,µg/m³,3
2025-11-11 23:00:00+00:00,Lahore,273.4754997762044,µg/m³,3
2025-11-12 00:00:00+00:00,Lahore,277.3040004475912,µg/m³,3
2025-11-12 01:00:00+00:00,Lahore,279.4521110365126,µg/m³,3
2025-11-12 02:00:00+00:00,Lahore,344.1875,µg/m³,2
2025-11-12 03:00:00+00:00,Lahore,270.2748675240411,µg/m³,3
2025-11-12 04:00:00+00:00,Lahore,221.5772001037598,µg/m³,3
2025-11-12 05:00:00+00:00,Lahore,230.2806666056315,µg/m³,2
2025-11-12 07:00:00+00:00,Lahore,119.26499999999999,µg/m³,1
2025-11-12 08:00:00+00:00,Lahore,124.02666666666666,µg/m³,1
2025-11-12 09:00:00+00:00,Lahore,101.575,µg/m³,1
2025-11-12 11:00:00+00:00,Lahore,58.080000000000005,µg/m³,1
2025-11-12 12:00:00+00:00,Lahore,132.0029950813011,µg/m³,3
2025-11-12 13:00:00+00:00,Lahore,172.9263056013319,µg/m³,2
2025-11-12 14:00:00+00:00,Lahore,241.5037010086907,µg/m³,2
2025-11-12 15:00:00+00:00,Lahore,187.09770854441325,µg/m³,3
2025-11-12 16:00:00+00:00,Lahore,255.37634781731498,µg/m³,2
2025-11-12 17:00:00+00:00,Lahore,193.28593371582033,µg/m³,3
2025-11-12 18:00:00+00:00,Lahore,200.25371564017405,µg/m³,3
2025-11-12 19:00:00+00:00,Lahore,225.74099994913735,µg/m³,3
2025-11-12 20:00:00+00:00,Lahore,237.51669442918566,µg/m³,3
2025-11-12 21:00:00+00:00,Lahore,249.10046720377605,µg/m³,3
2025-11-12 22:00:00+00:00,Lahore,280.35316674126517,µg/m³,3
2025-11-12 23:00:00+00:00,Lahore,240.87446630859375,µg/m³,3
2025-11-13 00:00:00+00:00,Lahore,281.48733266194665,µg/m³,2
2025-11-13 01:00:00+00:00,Lahore,248.37505807240802,µg/m³,3
2025-11-13 02:00:00+00:00,Lahore,342.39741744995115,µg/m³,2
2025-11-13 03:00:00+00:00,Lahore,289.4079330647786,µg/m³,2
2025-11-13 04:00:00+00:00,Lahore,355.3333333333333,µg/m³,1
2025-11-13 06:00:00+00:00,Lahore,156.75849990844725,µg/m³,1
2025-11-13 07:00:00+00:00,Lahore,109.10108334859214,µg/m³,2
2025-11-13 08:00:00+00:00,Lahore,98.24297922770182,µg/m³,2
2025-11-13 09:00:00+00:00,Lahore,119.48300018310546,µg/m³,1
2025-11-13 10:00:00+00:00,Lahore,105.37285199341952,µg/m³,2
2025-11-13 11:00:00+00:00,Lahore,108.16941668192547,µg/m³,2
2025-11-13 12:00:00+00:00,Lahore,151.70316645304362,µg/m³,2
2025-11-13 13:00:00+00:00,Lahore,123.92579998779297,µg/m³,3
2025-11-13 14:00:00+00:00,Lahore,156.83583318074545,µg/m³,3
2025-11-13 15:00:00+00:00,Lahore,204.54899978637695,µg/m³,2
2025-11-13 16:00:00+00:00,Lahore,235.62936149173316,µg/m³,2
2025-11-13 17:00:00+00:00,Lahore,257.42602020899454,µg/m³,2
2025-11-13 18:00:00+00:00,Lahore,268.5611239115397,µg/m³,2
2025-11-13 19:00:00+00:00,Lahore,268.9405844370524,µg/m³,2
2025-11-13 20:00:00+00:00,Lahore,276.52908299764,µg/m³,2
2025-11-13 21:00:00+00:00,Lahore,284.31266733805336,µg/m³,2
2025-11-13 22:00:00+00:00,Lahore,290.0299987792969,µg/m³,2
2025-11-13 23:00:00+00:00,Lahore,291.29833221435547,µg/m³,2
2025-11-14 00:00:00+00:00,Lahore,302.90824966430665,µg/m³,2
2025-11-14 02:00:00+00:00,Lahore,363.33341700236,µg/m³,2
2025-11-14 03:00:00+00:00,Lahore,381.9011657714844,µg/m³,2
2025-11-14 04:00:00+00:00,Lahore,351.49641901652024,µg/m³,2
2025-11-14 07:00:00+00:00,Lahore,169.46499999999997,µg/m³,1
2025-11-14 11:00:00+00:00,Lahore,121.36666666666667,µg/m³,1
2025-11-14 12:00:00+00:00,Lahore,117.91,µg/m³,1
2025-11-14 13:00:00+00:00,Lahore,230.90297198825414,µg/m³,2
2025-11-14 14:00:00+00:00,Lahore,266.637624613444,µg/m³,2
2025-11-14 15:00:00+00:00,Lahore,209.6860419667562,µg/m³,3
2025-11-14 16:00:00+00:00,Lahore,259.0529174126519,µg/m³,3
2025-11-14 17:00:00+00:00,Lahore,231.3178341539171,µg/m³,3
2025-11-14 18:00:00+00:00,Lahore,227.59919206548622,µg/m³,3
2025-11-14 19:00:00+00:00,Lahore,227.0163172225952,µg/m³,3
2025-11-14 20:00:00+00:00,Lahore,230.36686077541776,µg/m³,3
2025-11-14 21:00:00+00:00,Lahore,315.95433400472007,µg/m³,2
2025-11-14 22:00:00+00:00,Lahore,331.1442073822021,µg/m³,2
2025-11-14 23:00:00+00:00,Lahore,332.2774988810221,µg/m³,2
2025-11-15 00:00:00+00:00,Lahore,335.3984995524088,µg/m³,2
2025-11-15 01:00:00+00:00,Lahore,345.16533355712886,µg/m³,2
2025-11-15 02:00:00+00:00,Lahore,314.3104332377116,µg/m³,3
2025-11-15 03:00:00+00:00,Lahore,347.46517601295756,µg/m³,3
2025-11-15 04:00:00+00:00,Lahore,303.3270333658854,µg/m³,3
2025-11-15 05:00:00+00:00,Lahore,196.39502783881298,µg/m³,3
2025-11-15 06:00:00+00:00,Lahore,159.4273612484402,µg/m³,3
2025-11-15 07:00:00+00:00,Lahore,149.53605314113474,µg/m³,3
2025-11-15 08:00:00+00:00,Lahore,126.33937508392334,µg/m³,3
2025-11-15 09:00:00+00:00,Lahore,115.40263332390063,µg/m³,3
2025-11-15 10:00:00+00:00,Lahore,106.10430551317005,µg/m³,3
2025-11-15 11:00:00+00:00,Lahore,104.54059997558593,µg/m³,3
2025-11-15 12:00:00+00:00,Lahore,126.33788882785375,µg/m³,3
2025-11-15 13:00:00+00:00,Lahore,125.12363335164389,µg/m³,3
2025-11-15 14:00:00+00:00,Lahore,146.6954722934299,µg/m³,3
2025-11-15 15:00:00+00:00,Lahore,177.95298353068034,µg/m³,3
2025-11-15 16:00:00+00:00,Lahore,199.43622892167832,µg/m³,3
2025-11-15 17:00:00+00:00,Lahore,222.3848000386556,µg/m³,3
2025-11-15 18:00:00+00:00,Lahore,236.00619436475964,µg/m³,3
2025-11-15 19:00:00+00:00,Lahore,262.8965751902262,µg/m³,3
2025-11-15 20:00:00+00:00,Lahore,254.2848913497154,µg/m³,3
2025-11-15 21:00:00+00:00,Lahore,256.21836713663737,µg/m³,3
2025-11-15 22:00:00+00:00,Lahore,267.00810040283204,µg/m³,3
2025-11-15 23:00:00+00:00,Lahore,270.98813922458226,µg/m³,3
2025-11-16 00:00:00+00:00,Lahore,285.9009344075521,µg/m³,3
2025-11-16 01:00:00+00:00,Lahore,340.2737505594889,µg/m³,2
2025-11-16 02:00:00+00:00,Lahore,345.2029172261556,µg/m³,2
2025-11-16 03:00:00+00:00,Lahore,275.3,µg/m³,1
2025-11-16 04:00:00+00:00,Lahore,267.3119121334191,µg/m³,3
2025-11-16 05:00:00+00:00,Lahore,192.89363847520613,µg/m³,3
2025-11-16 06:00:00+00:00,Lahore,118.24826664225262,µg/m³,3
2025-11-16 07:00:00+00:00,Lahore,76.53499993896484,µg/m³,3
2025-11-16 08:00:00+00:00,Lahore,60.29922221713596,µg/m³,3
2025-11-16 09:00:00+00:00,Lahore,60.35549990844727,µg/m³,3
2025-11-16 10:00:00+00:00,Lahore,64.08463200675116,µg/m³,3
2025-11-16 11:00:00+00:00,Lahore,64.73348059675428,µg/m³,3
2025-11-16 12:00:00+00:00,Lahore,74.0336944495307,µg/m³,3
2025-11-16 13:00:00+00:00,Lahore,97.5376333516439,µg/m³,3
2025-11-16 14:00:00+00:00,Lahore,112.99705554538303,µg/m³,3
2025-11-16 15:00:00+00:00,Lahore,140.18223332722982,µg/m³,3
2025-11-16 16:00:00+00:00,Lahore,160.35130560133192,µg/m³,3
2025-11-16 17:00:00+00:00,Lahore,181.0510664469401,µg/m³,3
2025-11-16 18:00:00+00:00,Lahore,191.39388884650336,µg/m³,3
2025-11-16 19:00:00+00:00,Lahore,212.58480029296874,µg/m³,3
2025-11-16 20:00:00+00:00,Lahore,235.59296648152667,µg/m³,3
2025-11-16 21:00:00+00:00,Lahore,255.52072172376847,µg/m³,3
2025-11-16 22:00:00+00:00,Lahore,248.11756646728514,µg/m³,3
2025-11-16 23:00:00+00:00,Lahore,285.41391639709474,µg/m³,2
2025-11-17 00:00:00+00:00,Lahore,307.42633298238115,µg/m³,2
2025-11-17 01:00:00+00:00,Lahore,264.203944591946,µg/m³,3
2025-11-17 02:00:00+00:00,Lahore,283.3398332519531,µg/m³,3
2025-11-17 03:00:00+00:00,Lahore,285.61755615234375,µg/m³,3
2025-11-17 04:00:00+00:00,Lahore,294.914532796224,µg/m³,3
2025-11-17 05:00:00+00:00,Lahore,202.44855581495497,µg/m³,3
2025-11-17 06:00:00+00:00,Lahore,151.59136660257977,µg/m³,3
2025-11-17 07:00:00+00:00,Lahore,83.54333333333334,µg/m³,1
2025-11-17 08:00:00+00:00,Lahore,73.455,µg/m³,1
2025-11-17 09:00:00+00:00,Lahore,93.3561001180013,µg/m³,3
2025-11-17 10:00:00+00:00,Lahore,89.03897222730848,µg/m³,3
2025-11-17 11:00:00+00:00,Lahore,105.81593336995442,µg/m³,3
2025-11-17 12:00:00+00:00,Lahore,141.43677771674263,µg/m³,3
2025-11-17 13:00:00+00:00,Lahore,143.88211103990344,µg/m³,3
2025-11-17 14:00:00+00:00,Lahore,202.70365735937048,µg/m³,3
2025-11-17 15:00:00+00:00,Lahore,198.3396722140842,µg/m³,3
2025-11-17 16:00:00+00:00,Lahore,208.11313868487323,µg/m³,3
2025-11-17 17:00:00+00:00,Lahore,222.2367667134603,µg/m³,3
2025-11-17 18:00:00+00:00,Lahore,222.21180553012425,µg/m³,3
2025-11-17 19:00:00+00:00,Lahore,248.22426634724934,µg/m³,3
2025-11-17 20:00:00+00:00,Lahore,247.24356671142579,µg/m³,3
2025-11-17 21:00:00+00:00,Lahore,254.0324994574653,µg/m³,3
2025-11-17 22:00:00+00:00,Lahore,228.96169977823894,µg/m³,3
2025-11-17 23:00:00+00:00,Lahore,288.0571675618489,µg/m³,2
2025-11-18 00:00:00+00:00,Lahore,305.5376673380533,µg/m³,2
2025-11-18 01:00:00+00:00,Lahore,322.2557779269748,µg/m³,3
2025-11-18 02:00:00+00:00,Lahore,329.9532994181315,µg/m³,3
2025-11-18 03:00:00+00:00,Lahore,352.19197270711265,µg/m³,3
2025-11-18 04:00:00+00:00,Lahore,350.52666666666664,µg/m³,1
2025-11-18 05:00:00+00:00,Lahore,254.55030587090388,µg/m³,3
2025-11-18 06:00:00+00:00,Lahore,225.29570048014324,µg/m³,3
2025-11-18 07:00:00+00:00,Lahore,169.55079992675783,µg/m³,3
2025-11-18 08:00:00+00:00,Lahore,149.7439444647895,µg/m³,3
2025-11-18 09:00:00+00:00,Lahore,148.50636677042647,µg/m³,3
2025-11-18 10:00:00+00:00,Lahore,162.45850001017254,µg/m³,3
2025-11-18 11:00:00+00:00,Lahore,188.13908322652182,µg/m³,2
2025-11-18 12:00:00+00:00,Lahore,186.90554152594675,µg/m³,3
2025-11-18 13:00:00+00:00,Lahore,209.15868516710069,µg/m³,7
2025-11-18 14:00:00+00:00,Lahore,223.36598142270688,µg/m³,6
2025-11-18 15:00:00+00:00,Lahore,245.02717167218526,µg/m³,6
2025-11-18 16:00:00+00:00,Lahore,268.89557155790783,µg/m³,7
2025-11-18 17:00:00+00:00,Lahore,278.5230051196063,µg/m³,7
2025-11-18 18:00:00+00:00,Lahore,267.24110441843663,µg/m³,6
2025-11-18 19:00:00+00:00,Lahore,275.31076360914443,µg/m³,6
2025-11-18 20:00:00+00:00,Lahore,281.02922207302515,µg/m³,7
2025-11-18 21:00:00+00:00,Lahore,301.1955830722385,µg/m³,6
2025-11-18 22:00:00+00:00,Lahore,318.57549015680945,µg/m³,4
2025-11-18 23:00:00+00:00,Lahore,269.23179632116245,µg/m³,6
2025-11-19 00:00:00+00:00,Lahore,265.2646905081613,µg/m³,5
2025-11-19 01:00:00+00:00,Lahore,290.361366800944,µg/m³,5
2025-11-19 02:00:00+00:00,Lahore,299.00899310217966,µg/m³,4
2025-11-19 03:00:00+00:00,Lahore,312.27835341371133,µg/m³,6
2025-11-19 04:00:00+00:00,Lahore,255.02019236564635,µg/m³,6
2025-11-19 05:00:00+00:00,Lahore,197.14688103812082,µg/m³,5
2025-11-19 06:00:00+00:00,Lahore,169.57430553012424,µg/m³,6
2025-11-19 07:00:00+00:00,Lahore,153.27282409102827,µg/m³,7
2025-11-19 08:00:00+00:00,Lahore,141.57341668192547,µg/m³,7
2025-11-19 09:00:00+00:00,Lahore,138.48792591236256,µg/m³,7
2025-11-19 10:00:00+00:00,Lahore,131.55281662241617,µg/m³,7
2025-11-19 11:00:00+00:00,Lahore,135.40372530242544,µg/m³,7
2025-11-19 12:00:00+00:00,Lahore,187.94997623988561,µg/m³,7
2025-11-19 13:00:00+00:00,Lahore,186.64779181162515,µg/m³,6
2025-11-19 14:00:00+00:00,Lahore,196.01246274566648,µg/m³,7
2025-11-19 15:00:00+00:00,Lahore,231.7845740141692,µg/m³,7
2025-11-19 16:00:00+00:00,Lahore,256.935013961792,µg/m³,6
2025-11-19 17:00:00+00:00,Lahore,258.7594695061578,µg/m³,7
2025-11-19 18:00:00+00:00,Lahore,326.50250796000165,µg/m³,5
2025-11-19 19:00:00+00:00,Lahore,315.1242183261447,µg/m³,6
2025-11-19 20:00:00+00:00,Lahore,218.6596169855565,µg/m³,7
2025-11-19 21:00:00+00:00,Lahore,299.34986055162216,µg/m³,6
2025-11-19 22:00:00+00:00,Lahore,301.45416610717774,µg/m³,5
2025-11-19 23:00:00+00:00,Lahore,268.5751052892776,µg/m³,7
2025-11-20 00:00:00+00:00,Lahore,302.5684680514865,µg/m³,5
2025-11-20 01:00:00+00:00,Lahore,264.51149977620446,µg/m³,5
2025-11-20 02:00:00+00:00,Lahore,240.42896301269533,µg/m³,7
2025-11-20 03:00:00+00:00,Lahore,272.2557860020229,µg/m³,4
2025-11-20 04:00:00+00:00,Lahore,239.90430942353746,µg/m³,5
2025-11-20 05:00:00+00:00,Lahore,184.94538887871636,µg/m³,3
2025-11-20 06:00:00+00:00,Lahore,192.4015714372907,µg/m³,4
2025-11-20 07:00:00+00:00,Lahore,151.8019443935818,µg/m³,3
2025-11-20 08:00:00+00:00,Lahore,118.42071424211774,µg/m³,4
2025-11-20 09:00:00+00:00,Lahore,111.79266662597655,µg/m³,4
2025-11-20 10:00:00+00:00,Lahore,107.79957140241349,µg/m³,4
2025-11-20 11:00:00+00:00,Lahore,111.0642857142857,µg/m³,5
2025-11-20 12:00:00+00:00,Lahore,142.85310005696616,µg/m³,5
2025-11-20 13:00:00+00:00,Lahore,162.02157151721772,µg/m³,5
2025-11-20 14:00:00+00:00,Lahore,190.2987142944336,µg/m³,5
2025-11-20 15:00:00+00:00,Lahore,191.896604162852,µg/m³,5
2025-11-20 16:00:00+00:00,Lahore,215.7980237688337,µg/m³,5
2025-11-20 17:00:00+00:00,Lahore,231.86209528605144,µg/m³,4
2025-11-20 18:00:00+00:00,Lahore,261.8964583969116,µg/m³,6
2025-11-20 19:00:00+00:00,Lahore,280.05933332655167,µg/m³,6
2025-11-20 20:00:00+00:00,Lahore,283.445499986921,µg/m³,5
2025-11-20 21:00:00+00:00,Lahore,295.89242591575345,µg/m³,6
2025-11-20 22:00:00+00:00,Lahore,257.82943333943683,µg/m³,5
2025-11-20 23:00:00+00:00,Lahore,239.68376673380536,µg/m³,5
2025-11-21 00:00:00+00:00,Lahore,253.20530957176575,µg/m³,5
2025-11-21 01:00:00+00:00,Lahore,249.22977771335175,µg/m³,4
2025-11-21 02:00:00+00:00,Lahore,222.14503683019566,µg/m³,6
2025-11-21 03:00:00+00:00,Lahore,308.37862502415976,µg/m³,6
2025-11-21 04:00:00+00:00,Lahore,284.20189984130855,µg/m³,5
2025-11-21 05:00:00+00:00,Lahore,250.83022872606915,µg/m³,4
2025-11-21 06:00:00+00:00,Lahore,180.56230089399548,µg/m³,6
2025-11-21 07:00:00+00:00,Lahore,173.53456251144408,µg/m³,6
2025-11-21 08:00:00+00:00,Lahore,172.2784720187717,µg/m³,6
2025-11-21 09:00:00+00:00,Lahore,158.0583034642537,µg/m³,5
2025-11-21 10:00:00+00:00,Lahore,149.8724536613182,µg/m³,6
2025-11-21 11:00:00+00:00,Lahore,165.70319166819255,µg/m³,5
2025-11-21 12:00:00+00:00,Lahore,166.54731490523727,µg/m³,6
2025-11-21 13:00:00+00:00,Lahore,204.59311903454008,µg/m³,5
2025-11-21 14:00:00+00:00,Lahore,226.66166653951007,µg/m³,6
2025-11-21 15:00:00+00:00,Lahore,239.55458351982963,µg/m³,6
2025-11-21 16:00:00+00:00,Lahore,232.5732086690267,µg/m³,6
2025-11-21 17:00:00+00:00,Lahore,237.03516822438178,µg/m³,6
2025-11-21 18:00:00+00:00,Lahore,255.37117686589562,µg/m³,6
2025-11-21 19:00:00+00:00,Lahore,277.1960332743327,µg/m³,7
2025-11-21 20:00:00+00:00,Lahore,281.82818747202555,µg/m³,6
2025-11-21 21:00:00+00:00,Lahore,295.26089716254336,µg/m³,7
2025-11-21 22:00:00+00:00,Lahore,297.00702086130775,µg/m³,6
2025-11-21 23:00:00+00:00,Lahore,302.24566599528,µg/m³,4
2025-11-22 00:00:00+00:00,Lahore,207.7809999254015,µg/m³,6
2025-11-22 01:00:00+00:00,Lahore,266.5612086613973,µg/m³,4
2025-11-22 02:00:00+00:00,Lahore,236.88008349609373,µg/m³,7
2025-11-22 03:00:00+00:00,Lahore,302.4403703703704,µg/m³,7
2025-11-22 04:00:00+00:00,Lahore,259.56722175598145,µg/m³,6
2025-11-22 05:00:00+00:00,Lahore,179.54706259409585,µg/m³,6
2025-11-22 06:00:00+00:00,Lahore,175.29622226291235,µg/m³,6
2025-11-22 07:00:00+00:00,Lahore,165.9273333231608,µg/m³,6
2025-11-22 08:00:00+00:00,Lahore,134.81855003356935,µg/m³,7
2025-11-22 09:00:00+00:00,Lahore,148.36960879078617,µg/m³,6
2025-11-22 10:00:00+00:00,Lahore,140.38722620282854,µg/m³,7
2025-11-22 11:00:00+00:00,Lahore,133.36745842403838,µg/m³,7
2025-11-22 12:00:00+00:00,Lahore,151.75933327003762,µg/m³,7
2025-11-22 13:00:00+00:00,Lahore,176.89886941455657,µg/m³,7
2025-11-22 14:00:00+00:00,Lahore,192.89897946039835,µg/m³,6
2025-11-22 15:00:00+00:00,Lahore,258.04727781507705,µg/m³,5
2025-11-22 16:00:00+00:00,Lahore,228.92050381372843,µg/m³,5
2025-11-22 17:00:00+00:00,Lahore,214.15071460542225,µg/m³,4
2025-11-22 18:00:00+00:00,Lahore,239.10745816548666,µg/m³,6
2025-11-22 19:00:00+00:00,Lahore,262.06547225952147,µg/m³,6
2025-11-22 20:00:00+00:00,Lahore,243.8517706934611,µg/m³,6
2025-11-22 21:00:00+00:00,Lahore,255.94333333333333,µg/m³,5
2025-11-22 22:00:00+00:00,Lahore,271.1616661071777,µg/m³,4
2025-11-22 23:00:00+00:00,Lahore,261.48727060953775,µg/m³,4
2025-11-23 00:00:00+00:00,Lahore,183.10276657104492,µg/m³,5
2025-11-23 01:00:00+00:00,Lahore,212.91045850118002,µg/m³,4
2025-11-23 02:00:00+00:00,Lahore,221.44007387514466,µg/m³,6
2025-11-23 03:00:00+00:00,Lahore,300.452738255092,µg/m³,5
2025-11-23 04:00:00+00:00,Lahore,278.30420850118,µg/m³,4
2025-11-23 05:00:00+00:00,Lahore,190.35127783881293,µg/m³,4
2025-11-23 06:00:00+00:00,Lahore,176.84983285268146,µg/m³,4
2025-11-23 07:00:00+00:00,Lahore,132.77546651204426,µg/m³,5
2025-11-23 08:00:00+00:00,Lahore,91.24869439866808,µg/m³,6
2025-11-23 09:00:00+00:00,Lahore,88.03324993133545,µg/m³,6
2025-11-23 10:00:00+00:00,Lahore,78.16428571428571,µg/m³,4
2025-11-23 11:00:00+00:00,Lahore,91.75,µg/m³,4
2025-11-23 12:00:00+00:00,Lahore,106.75,µg/m³,4
2025-11-23 13:00:00+00:00,Lahore,145.29513326009115,µg/m³,5
2025-11-23 14:00:00+00:00,Lahore,168.0227333577474,µg/m³,5
2025-11-23 15:00:00+00:00,Lahore,181.93254172007244,µg/m³,4
2025-11-23 16:00:00+00:00,Lahore,199.83811904180615,µg/m³,5
2025-11-23 17:00:00+00:00,Lahore,186.73604170481366,µg/m³,5
2025-11-23 18:00:00+00:00,Lahore,199.2528333346049,µg/m³,6
2025-11-23 19:00:00+00:00,Lahore,207.75704165140786,µg/m³,5
2025-11-23 20:00:00+00:00,Lahore,216.39337497711182,µg/m³,6
2025-11-23 21:00:00+00:00,Lahore,212.22972206963433,µg/m³,6
2025-11-23 22:00:00+00:00,Lahore,194.651023777553,µg/m³,5
2025-11-23 23:00:00+00:00,Lahore,204.88013351440432,µg/m³,5
2025-11-24 00:00:00+00:00,Lahore,160.63103317260743,µg/m³,5
2025-11-24 01:00:00+00:00,Lahore,165.82073348999023,µg/m³,5
2025-11-24 02:00:00+00:00,Lahore,160.95233434041342,µg/m³,4
2025-11-24 03:00:00+00:00,Lahore,245.555,µg/m³,2
2025-11-24 04:00:00+00:00,Lahore,231.51633356730144,µg/m³,3
2025-11-24 05:00:00+00:00,Lahore,151.35201388888888,µg/m³,4
2025-11-24 06:00:00+00:00,Lahore,130.29410416285197,µg/m³,5
2025-11-24 07:00:00+00:00,Lahore,156.3685000749068,µg/m³,5
2025-11-24 08:00:00+00:00,Lahore,113.00888587198139,µg/m³,6
2025-11-24 09:00:00+00:00,Lahore,97.32920839309693,µg/m³,6
2025-11-24 10:00:00+00:00,Lahore,106.84912120241107,µg/m³,6
2025-11-24 11:00:00+00:00,Lahore,103.69469445970324,µg/m³,6
2025-11-24 12:00:00+00:00,Lahore,132.5242362605201,µg/m³,6
2025-11-24 13:00:00+00:00,Lahore,154.3249532581419,µg/m³,6
2025-11-24 14:00:00+00:00,Lahore,182.05310814080417,µg/m³,6
2025-11-24 15:00:00+00:00,Lahore,188.25393500698937,µg/m³,5
2025-11-24 16:00:00+00:00,Lahore,232.5130211473899,µg/m³,5
2025-11-24 17:00:00+00:00,Lahore,252.35248059590657,µg/m³,5
2025-11-24 18:00:00+00:00,Lahore,258.3487881660462,µg/m³,6
2025-11-24 19:00:00+00:00,Lahore,268.9991182468555,µg/m³,6
2025-11-24 20:00:00+00:00,Lahore,247.23478345743814,µg/m³,7
2025-11-24 21:00:00+00:00,Lahore,234.19093415790132,µg/m³,6
2025-11-24 22:00:00+00:00,Lahore,245.74674055311414,µg/m³,6
2025-11-24 23:00:00+00:00,Lahore,241.29155918827766,µg/m³,7
2025-11-25 00:00:00+00:00,Lahore,273.29895386872465,µg/m³,6
2025-11-25 01:00:00+00:00,Lahore,218.89210182472507,µg/m³,6
2025-11-25 02:00:00+00:00,Lahore,240.68870098961725,µg/m³,6
2025-11-25 03:00:00+00:00,Lahore,298.8072812080383,µg/m³,6
2025-11-25 04:00:00+00:00,Lahore,251.54904537745884,µg/m³,6
2025-11-25 05:00:00+00:00,Lahore,173.4366427694048,µg/m³,6
2025-11-25 06:00:00+00:00,Lahore,162.28995137744482,µg/m³,6
2025-11-25 07:00:00+00:00,Lahore,143.2870093084265,µg/m³,6
2025-11-25 08:00:00+00:00,Lahore,135.10996965504657,µg/m³,7
2025-11-25 09:00:00+00:00,Lahore,115.70660696707833,µg/m³,7
2025-11-25 10:00:00+00:00,Lahore,116.19549540766964,µg/m³,6
2025-11-25 11:00:00+00:00,Lahore,108.56368168894451,µg/m³,7
2025-11-25 12:00:00+00:00,Lahore,133.11287041614673,µg/m³,8
2025-11-25 13:00:00+00:00,Lahore,159.70073340352377,µg/m³,7
2025-11-25 14:00:00+00:00,Lahore,178.0752610584149,µg/m³,7
2025-11-25 15:00:00+00:00,Lahore,191.2361060680043,µg/m³,8
2025-11-25 16:00:00+00:00,Lahore,199.97172684516434,µg/m³,7
2025-11-25 17:00:00+00:00,Lahore,206.00327062895803,µg/m³,7
2025-11-25 18:00:00+00:00,Lahore,200.56818730417885,µg/m³,7
2025-11-25 19:00:00+00:00,Lahore,199.2483217500115,µg/m³,7
2025-11-25 20:00:00+00:00,Lahore,215.5353493342324,µg/m³,7
2025-11-25 21:00:00+00:00,Lahore,197.7875470116025,µg/m³,7
2025-11-25 22:00:00+00:00,Lahore,186.20286813735962,µg/m³,8
2025-11-25 23:00:00+00:00,Lahore,199.14692057037354,µg/m³,8
2025-11-26 00:00:00+00:00,Lahore,198.18813597708032,µg/m³,8
2025-11-26 01:00:00+00:00,Lahore,182.65400969005765,µg/m³,7
2025-11-26 02:00:00+00:00,Lahore,214.34281817811907,µg/m³,8
2025-11-26 03:00:00+00:00,Lahore,248.5439370120013,µg/m³,6
2025-11-26 04:00:00+00:00,Lahore,268.1117840270996,µg/m³,8
2025-11-26 05:00:00+00:00,Lahore,205.11565269470213,µg/m³,6
2025-11-26 06:00:00+00:00,Lahore,149.2771406507492,µg/m³,6
2025-11-26 07:00:00+00:00,Lahore,126.51596973765982,µg/m³,8
2025-11-26 08:00:00+00:00,Lahore,114.07216233092468,µg/m³,7
2025-11-26 09:00:00+00:00,Lahore,102.5512272644043,µg/m³,8
2025-11-26 10:00:00+00:00,Lahore,113.26644642239525,µg/m³,7
2025-11-26 11:00:00+00:00,Lahore,103.51561670430502,µg/m³,7
2025-11-26 12:00:00+00:00,Lahore,126.33727780942564,µg/m³,7
2025-11-26 13:00:00+00:00,Lahore,166.03599987211678,µg/m³,7
2025-11-26 14:00:00+00:00,Lahore,171.86350015145763,µg/m³,7
2025-11-26 15:00:00+00:00,Lahore,203.7637716938537,µg/m³,7
2025-11-26 16:00:00+00:00,Lahore,214.48799975713092,µg/m³,5
2025-11-26 17:00:00+00:00,Lahore,229.31124247021145,µg/m³,6
2025-11-26 18:00:00+00:00,Lahore,228.36738403731326,µg/m³,6
2025-11-26 19:00:00+00:00,Lahore,235.8505280803162,µg/m³,7
2025-11-26 20:00:00+00:00,Lahore,242.0040041275024,µg/m³,7
2025-11-26 21:00:00+00:00,Lahore,241.16375010360903,µg/m³,7
2025-11-26 22:00:00+00:00,Lahore,226.22832881418861,µg/m³,7
2025-11-26 23:00:00+00:00,Lahore,237.88325945818866,µg/m³,7
2025-11-27 00:00:00+00:00,Lahore,259.49687013979315,µg/m³,6
2025-11-27 01:00:00+00:00,Lahore,246.48555552729852,µg/m³,7
2025-11-27 02:00:00+00:00,Lahore,223.4638330078125,µg/m³,5
2025-11-27 03:00:00+00:00,Lahore,271.2182337273492,µg/m³,5
2025-11-27 04:00:00+00:00,Lahore,247.9499167972141,µg/m³,4
2025-11-27 05:00:00+00:00,Lahore,171.39764580408732,µg/m³,5
2025-11-27 06:00:00+00:00,Lahore,137.83040002441405,µg/m³,3
2025-11-27 07:00:00+00:00,Lahore,126.17759525117421,µg/m³,5
2025-11-27 08:00:00+00:00,Lahore,118.6270625114441,µg/m³,6
2025-11-27 09:00:00+00:00,Lahore,113.81764582951864,µg/m³,6
2025-11-27 10:00:00+00:00,Lahore,101.10006618358472,µg/m³,6
2025-11-27 11:00:00+00:00,Lahore,109.14513199594288,µg/m³,6
2025-11-27 12:00:00+00:00,Lahore,153.84322221544053,µg/m³,6
2025-11-27 13:00:00+00:00,Lahore,155.40745829900106,µg/m³,6
2025-11-27 14:00:00+00:00,Lahore,195.44815705193412,µg/m³,6
2025-11-27 15:00:00+00:00,Lahore,188.51150027078296,µg/m³,5
2025-11-27 16:00:00+00:00,Lahore,205.05824263042874,µg/m³,5
2025-11-27 17:00:00+00:00,Lahore,213.48498186747233,µg/m³,5
2025-11-27 18:00:00+00:00,Lahore,206.46608342488608,µg/m³,5
2025-11-27 19:00:00+00:00,Lahore,220.2721558295356,µg/m³,6
2025-11-27 20:00:00+00:00,Lahore,221.79752080069647,µg/m³,6
2025-11-27 21:00:00+00:00,Lahore,242.45425033569336,µg/m³,6
2025-11-27 22:00:00+00:00,Lahore,222.78384011539413,µg/m³,7
2025-11-27 23:00:00+00:00,Lahore,244.05356531580807,µg/m³,7
2025-11-28 00:00:00+00:00,Lahore,290.01297927856444,µg/m³,6
2025-11-28 01:00:00+00:00,Lahore,276.85578568231495,µg/m³,7
2025-11-28 02:00:00+00:00,Lahore,264.84798118308737,µg/m³,7
2025-11-28 03:00:00+00:00,Lahore,304.6930368381076,µg/m³,6
2025-11-28 04:00:00+00:00,Lahore,290.2556513563792,µg/m³,6
2025-11-28 05:00:00+00:00,Lahore,225.33667811075847,µg/m³,5
2025-11-28 06:00:00+00:00,Lahore,132.80096632626723,µg/m³,6
2025-11-28 07:00:00+00:00,Lahore,117.65593332926433,µg/m³,5
2025-11-28 08:00:00+00:00,Lahore,118.15154160817465,µg/m³,5
2025-11-28 09:00:00+00:00,Lahore,98.03432103286553,µg/m³,7
2025-11-28 10:00:00+00:00,Lahore,87.40293470721774,µg/m³,7
2025-11-28 11:00:00+00:00,Lahore,93.84115892151256,µg/m³,7
2025-11-28 12:00:00+00:00,Lahore,115.96089996337892,µg/m³,7
2025-11-28 13:00:00+00:00,Lahore,141.08937036584925,µg/m³,7
2025-11-28 14:00:00+00:00,Lahore,167.45474237041708,µg/m³,6
2025-11-28 15:00:00+00:00,Lahore,193.29131786187492,µg/m³,6
2025-11-28 16:00:00+00:00,Lahore,221.11339042490178,µg/m³,6
2025-11-28 17:00:00+00:00,Lahore,210.03784267284254,µg/m³,6
2025-11-28 18:00:00+00:00,Lahore,228.92579173052752,µg/m³,7
2025-11-28 19:00:00+00:00,Lahore,224.72985626503274,µg/m³,6
2025-11-28 20:00:00+00:00,Lahore,235.91391686333552,µg/m³,6
2025-11-28 21:00:00+00:00,Lahore,193.55727734035918,µg/m³,6
2025-11-28 22:00:00+00:00,Lahore,201.2786944071452,µg/m³,6
2025-11-28 23:00:00+00:00,Lahore,241.77541794925264,µg/m³,7
2025-11-29 00:00:00+00:00,Lahore,231.160100402832,µg/m³,5
2025-11-29 01:00:00+00:00,Lahore,203.02513882672346,µg/m³,6
2025-11-29 02:00:00+00:00,Lahore,240.76655535662616,µg/m³,6
2025-11-29 03:00:00+00:00,Lahore,319.249815125642,µg/m³,4
2025-11-29 04:00:00+00:00,Lahore,214.9108688826788,µg/m³,4
2025-11-29 05:00:00+00:00,Lahore,189.90966669718426,µg/m³,2
2025-11-29 06:00:00+00:00,Lahore,140.18470830281575,µg/m³,5
2025-11-29 07:00:00+00:00,Lahore,114.48585648995858,µg/m³,4
2025-11-29 08:00:00+00:00,Lahore,100.35725341690912,µg/m³,5
2025-11-29 09:00:00+00:00,Lahore,84.76568249899245,µg/m³,5
2025-11-29 10:00:00+00:00,Lahore,78.09367853073847,µg/m³,4
2025-11-29 11:00:00+00:00,Lahore,79.91699601430741,µg/m³,5
2025-11-29 12:00:00+00:00,Lahore,92.61535911862812,µg/m³,5
2025-11-29 13:00:00+00:00,Lahore,146.81866668701173,µg/m³,6
2025-11-29 14:00:00+00:00,Lahore,169.89116989559597,µg/m³,6
2025-11-29 15:00:00+00:00,Lahore,183.06276300663416,µg/m³,7
2025-11-29 16:00:00+00:00,Lahore,222.13067760891386,µg/m³,5
2025-11-29 17:00:00+00:00,Lahore,218.87571731413254,µg/m³,6
2025-11-29 18:00:00+00:00,Lahore,236.47237379286025,µg/m³,7
2025-11-29 19:00:00+00:00,Lahore,232.55967058054608,µg/m³,7
2025-11-29 20:00:00+00:00,Lahore,240.3155185897262,µg/m³,7
2025-11-29 21:00:00+00:00,Lahore,213.7347112528483,µg/m³,5
2025-11-29 22:00:00+00:00,Lahore,195.91266655014502,µg/m³,7
2025-11-29 23:00:00+00:00,Lahore,186.66191655476888,µg/m³,6
2025-11-30 00:00:00+00:00,Lahore,188.9127405915437,µg/m³,6
2025-11-30 01:00:00+00:00,Lahore,185.83120816548666,µg/m³,4
2025-11-30 02:00:00+00:00,Lahore,164.88166655476888,µg/m³,5
2025-11-30 03:00:00+00:00,Lahore,250.41348969837978,µg/m³,5
2025-11-30 04:00:00+00:00,Lahore,282.26754239400225,µg/m³,4
2025-11-30 05:00:00+00:00,Lahore,228.3437917073568,µg/m³,4
2025-11-30 06:00:00+00:00,Lahore,162.73802467440385,µg/m³,7
2025-11-30 07:00:00+00:00,Lahore,136.20427357779607,µg/m³,7
2025-11-30 08:00:00+00:00,Lahore,122.82184338810468,µg/m³,6
2025-11-30 09:00:00+00:00,Lahore,76.06470969602796,µg/m³,7
2025-11-30 10:00:00+00:00,Lahore,79.17080713013073,µg/m³,7
2025-11-30 11:00:00+00:00,Lahore,87.76895413080851,µg/m³,7
2025-11-30 12:00:00+00:00,Lahore,103.45347477151891,µg/m³,7
2025-11-30 13:00:00+00:00,Lahore,133.74399865256413,µg/m³,7
2025-11-30 14:00:00+00:00,Lahore,160.70613883548313,µg/m³,6
2025-11-30 15:00:00+00:00,Lahore,168.40809256659614,µg/m³,6
2025-11-30 16:00:00+00:00,Lahore,189.15005893177457,µg/m³,6
2025-11-30 17:00:00+00:00,Lahore,224.4334673055013,µg/m³,5
2025-11-30 18:00:00+00:00,Lahore,227.37174996270073,µg/m³,6
2025-11-30 19:00:00+00:00,Lahore,213.09031459101925,µg/m³,7
2025-11-30 20:00:00+00:00,Lahore,204.25208334520127,µg/m³,7
2025-11-30 21:00:00+00:00,Lahore,206.71110813564724,µg/m³,5
2025-11-30 22:00:00+00:00,Lahore,205.34858088005913,µg/m³,7
2025-11-30 23:00:00+00:00,Lahore,209.85172885894775,µg/m³,6
2025-12-01 00:00:00+00:00,Lahore,217.26662204318578,µg/m³,5
2025-12-01 01:00:00+00:00,Lahore,224.54523928960168,µg/m³,4
2025-12-01 02:00:00+00:00,Lahore,202.39919436984593,µg/m³,7
2025-12-01 03:00:00+00:00,Lahore,249.52990113258363,µg/m³,5
2025-12-01 04:00:00+00:00,Lahore,254.75993724823,µg/m³,6
2025-12-01 05:00:00+00:00,Lahore,181.19008336385093,µg/m³,5
2025-12-01 06:00:00+00:00,Lahore,132.49968748092653,µg/m³,6
2025-12-01 07:00:00+00:00,Lahore,107.46748337300619,µg/m³,7
2025-12-01 08:00:00+00:00,Lahore,109.25,µg/m³,4
2025-12-01 09:00:00+00:00,Lahore,90.62771666971842,µg/m³,7
2025-12-01 10:00:00+00:00,Lahore,90.04024074413158,µg/m³,7
2025-12-01 11:00:00+00:00,Lahore,92.57147220696342,µg/m³,7
2025-12-01 12:00:00+00:00,Lahore,113.42664196061499,µg/m³,7
2025-12-01 13:00:00+00:00,Lahore,138.06777931731423,µg/m³,7
2025-12-01 14:00:00+00:00,Lahore,166.9763486535814,µg/m³,7
2025-12-01 15:00:00+00:00,Lahore,187.7929687139723,µg/m³,6
2025-12-01 16:00:00+00:00,Lahore,207.85797811912767,µg/m³,6
2025-12-01 17:00:00+00:00,Lahore,196.97138200124107,µg/m³,6
2025-12-01 18:00:00+00:00,Lahore,199.89657719930014,µg/m³,6
2025-12-01 19:00:00+00:00,Lahore,203.6703335571289,µg/m³,6
2025-12-01 20:00:00+00:00,Lahore,203.0742080038565,µg/m³,6
2025-12-01 21:00:00+00:00,Lahore,216.03383342924573,µg/m³,5
2025-12-01 22:00:00+00:00,Lahore,195.44552125295002,µg/m³,6
2025-12-01 23:00:00+00:00,Lahore,182.4792778523763,µg/m³,6
2025-12-02 00:00:00+00:00,Lahore,193.96670850118002,µg/m³,4
2025-12-02 01:00:00+00:00,Lahore,208.19929644549336,µg/m³,6
2025-12-02 02:00:00+00:00,Lahore,204.56054783412387,µg/m³,5
2025-12-02 03:00:00+00:00,Lahore,257.12677707248264,µg/m³,3
2025-12-02 04:00:00+00:00,Lahore,300.1285837809245,µg/m³,4
2025-12-02 05:00:00+00:00,Lahore,274.6538809204102,µg/m³,4
2025-12-02 06:00:00+00:00,Lahore,223.54893757502236,µg/m³,6
2025-12-02 07:00:00+00:00,Lahore,225.3514545399059,µg/m³,7
2025-12-02 08:00:00+00:00,Lahore,179.95292857578823,µg/m³,5
2025-12-02 09:00:00+00:00,Lahore,160.14403631036933,µg/m³,5
2025-12-02 10:00:00+00:00,Lahore,151.0132880546933,µg/m³,7
2025-12-02 11:00:00+00:00,Lahore,163.2352592920374,µg/m³,7
2025-12-02 12:00:00+00:00,Lahore,190.36397003718784,µg/m³,7
2025-12-02 13:00:00+00:00,Lahore,220.61619437135295,µg/m³,7
2025-12-02 14:00:00+00:00,Lahore,271.44988920565004,µg/m³,6
2025-12-02 15:00:00+00:00,Lahore,279.29914263770695,µg/m³,5
2025-12-02 16:00:00+00:00,Lahore,257.43518741607664,µg/m³,5
2025-12-02 17:00:00+00:00,Lahore,268.04287499200734,µg/m³,5
2025-12-02 18:00:00+00:00,Lahore,271.05847376967927,µg/m³,6
2025-12-02 19:00:00+00:00,Lahore,282.6935154501597,µg/m³,5
2025-12-02 20:00:00+00:00,Lahore,290.6659818631127,µg/m³,5
2025-12-02 21:00:00+00:00,Lahore,278.6442492167155,µg/m³,4
2025-12-02 22:00:00+00:00,Lahore,290.3331197829474,µg/m³,5
2025-12-02 23:00:00+00:00,Lahore,279.9706666169343,µg/m³,6
2025-12-03 00:00:00+00:00,Lahore,269.03000000000003,µg/m³,5
2025-12-03 01:00:00+00:00,Lahore,275.1582090420193,µg/m³,6
2025-12-03 02:00:00+00:00,Lahore,290.09724936591255,µg/m³,5
2025-12-03 03:00:00+00:00,Lahore,323.01781936362937,µg/m³,6
2025-12-03 04:00:00+00:00,Lahore,293.8666664850144,µg/m³,5
2025-12-03 05:00:00+00:00,Lahore,211.08829966227214,µg/m³,5
2025-12-03 06:00:00+00:00,Lahore,145.12450003729927,µg/m³,6
2025-12-03 07:00:00+00:00,Lahore,135.64733322143556,µg/m³,7
2025-12-03 08:00:00+00:00,Lahore,146.1319833908081,µg/m³,7
2025-12-03 09:00:00+00:00,Lahore,131.30281943851048,µg/m³,7
2025-12-03 10:00:00+00:00,Lahore,113.94570374948006,µg/m³,6
2025-12-03 11:00:00+00:00,Lahore,121.03067593609846,µg/m³,7
2025-12-03 12:00:00+00:00,Lahore,155.192523807344,µg/m³,7
2025-12-03 13:00:00+00:00,Lahore,171.05470361215097,µg/m³,7
2025-12-03 14:00:00+00:00,Lahore,207.38987460006902,µg/m³,6
2025-12-03 15:00:00+00:00,Lahore,220.7393879810969,µg/m³,6
2025-12-03 16:00:00+00:00,Lahore,239.5063827448593,µg/m³,5
2025-12-03 17:00:00+00:00,Lahore,223.694880131166,µg/m³,6
2025-12-03 18:00:00+00:00,Lahore,211.88894012451172,µg/m³,5
2025-12-03 19:00:00+00:00,Lahore,200.59486473083496,µg/m³,5
2025-12-03 20:00:00+00:00,Lahore,194.1345716203962,µg/m³,5
2025-12-03 21:00:00+00:00,Lahore,195.2559786351522,µg/m³,5
2025-12-03 22:00:00+00:00,Lahore,190.19799977620443,µg/m³,6
2025-12-03 23:00:00+00:00,Lahore,208.13687664267457,µg/m³,6
2025-12-04 00:00:00+00:00,Lahore,204.51194962713453,µg/m³,6
2025-12-04 01:00:00+00:00,Lahore,205.9173750559489,µg/m³,4
2025-12-04 02:00:00+00:00,Lahore,221.22549977620443,µg/m³,6
2025-12-04 03:00:00+00:00,Lahore,307.0985755193801,µg/m³,5
2025-12-04 04:00:00+00:00,Lahore,228.07785391489665,µg/m³,5
2025-12-04 05:00:00+00:00,Lahore,161.53666666666666,µg/m³,4
2025-12-04 06:00:00+00:00,Lahore,156.155,µg/m³,4
2025-12-04 07:00:00+00:00,Lahore,139.97045831044514,µg/m³,6
2025-12-04 08:00:00+00:00,Lahore,140.2097740752609,µg/m³,7
2025-12-04 09:00:00+00:00,Lahore,135.3293332417806,µg/m³,6
2025-12-04 10:00:00+00:00,Lahore,128.11219051542736,µg/m³,7
2025-12-04 11:00:00+00:00,Lahore,132.71212964658383,µg/m³,7
2025-12-04 12:00:00+00:00,Lahore,149.4534833424886,µg/m³,7
2025-12-04 13:00:00+00:00,Lahore,179.35224413117174,µg/m³,7
2025-12-04 14:00:00+00:00,Lahore,199.3481109491984,µg/m³,7
2025-12-04 15:00:00+00:00,Lahore,221.28031624405472,µg/m³,6
2025-12-04 16:00:00+00:00,Lahore,238.27888283007073,µg/m³,6
2025-12-04 17:00:00+00:00,Lahore,241.1349306488037,µg/m³,6
2025-12-04 18:00:00+00:00,Lahore,246.15330958775112,µg/m³,5
2025-12-04 19:00:00+00:00,Lahore,234.8447482056088,µg/m³,5
2025-12-04 20:00:00+00:00,Lahore,224.69153310139973,µg/m³,5
2025-12-04 21:00:00+00:00,Lahore,180.86334422782616,µg/m³,6
2025-12-04 22:00:00+00:00,Lahore,187.9751245710585,µg/m³,6
2025-12-04 23:00:00+00:00,Lahore,204.04973360188802,µg/m³,7
2025-12-05 00:00:00+00:00,Lahore,201.3733037100898,µg/m³,6
2025-12-05 01:00:00+00:00,Lahore,220.63794458836682,µg/m³,7
2025-12-05 02:00:00+00:00,Lahore,227.3961716837942,µg/m³,6
2025-12-05 03:00:00+00:00,Lahore,306.03865369160974,µg/m³,4
2025-12-05 04:00:00+00:00,Lahore,284.8913570949009,µg/m³,4
2025-12-05 05:00:00+00:00,Lahore,201.84759317175136,µg/m³,5
2025-12-05 06:00:00+00:00,Lahore,171.3042099793752,µg/m³,5
2025-12-05 07:00:00+00:00,Lahore,156.76075468981708,µg/m³,7
2025-12-05 08:00:00+00:00,Lahore,125.74269021903145,µg/m³,7
2025-12-05 09:00:00+00:00,Lahore,122.95976051012676,µg/m³,6
2025-12-05 10:00:00+00:00,Lahore,121.74682501220703,µg/m³,7
2025-12-05 11:00:00+00:00,Lahore,142.74309265701856,µg/m³,7
2025-12-05 12:00:00+00:00,Lahore,165.37808474458294,µg/m³,7
2025-12-05 13:00:00+00:00,Lahore,190.9230456377665,µg/m³,7
2025-12-05 14:00:00+00:00,Lahore,218.53901583247713,µg/m³,6
2025-12-05 15:00:00+00:00,Lahore,247.59993354891554,µg/m³,6
2025-12-05 16:00:00+00:00,Lahore,266.39458051276927,µg/m³,6
2025-12-05 17:00:00+00:00,Lahore,275.79469402171947,µg/m³,6
2025-12-05 18:00:00+00:00,Lahore,266.16099195032945,µg/m³,7
2025-12-05 19:00:00+00:00,Lahore,237.37490075416437,µg/m³,6
2025-12-05 20:00:00+00:00,Lahore,226.2121665445963,µg/m³,5
2025-12-05 21:00:00+00:00,Lahore,209.5002669812426,µg/m³,6
2025-12-05 22:00:00+00:00,Lahore,199.70508800647877,µg/m³,7
2025-12-05 23:00:00+00:00,Lahore,197.61027080535888,µg/m³,6
2025-12-06 00:00:00+00:00,Lahore,207.92161138463902,µg/m³,6
2025-12-06 01:00:00+00:00,Lahore,207.56008812798396,µg/m³,5
2025-12-06 02:00:00+00:00,Lahore,224.98153372870553,µg/m³,6
2025-12-06 03:00:00+00:00,Lahore,233.36535730785795,µg/m³,6
2025-12-06 04:00:00+00:00,Lahore,255.94754127502443,µg/m³,5
2025-12-06 05:00:00+00:00,Lahore,239.0227665201823,µg/m³,5
2025-12-06 06:00:00+00:00,Lahore,219.94568731943764,µg/m³,6
2025-12-06 07:00:00+00:00,Lahore,168.18735953201482,µg/m³,7
2025-12-06 08:00:00+00:00,Lahore,130.67085187276203,µg/m³,7
2025-12-06 09:00:00+00:00,Lahore,120.82649996948244,µg/m³,7
2025-12-06 10:00:00+00:00,Lahore,145.41211102803547,µg/m³,6
2025-12-06 11:00:00+00:00,Lahore,128.7379583443536,µg/m³,6
2025-12-06 12:00:00+00:00,Lahore,162.47003707320604,µg/m³,7
2025-12-06 13:00:00+00:00,Lahore,186.53198326619466,µg/m³,7
2025-12-06 14:00:00+00:00,Lahore,210.58829143524167,µg/m³,6
2025-12-06 15:00:00+00:00,Lahore,214.4446720451779,µg/m³,5
2025-12-06 16:00:00+00:00,Lahore,228.5664191945394,µg/m³,5
2025-12-06 17:00:00+00:00,Lahore,216.59879152297972,µg/m³,5
2025-12-06 18:00:00+00:00,Lahore,297.8323999701606,µg/m³,3
2025-12-06 19:00:00+00:00,Lahore,207.1788518269857,µg/m³,6
2025-12-06 20:00:00+00:00,Lahore,200.478366800944,µg/m³,7
2025-12-06 21:00:00+00:00,Lahore,208.52190769336843,µg/m³,6
2025-12-06 22:00:00+00:00,Lahore,208.63709950764974,µg/m³,5
2025-12-06 23:00:00+00:00,Lahore,211.84436635335288,µg/m³,5
2025-12-07 00:00:00+00:00,Lahore,220.5208056923195,µg/m³,6
2025-12-07 01:00:00+00:00,Lahore,211.09150026109484,µg/m³,5
2025-12-07 02:00:00+00:00,Lahore,227.07618523491752,µg/m³,6
2025-12-07 03:00:00+00:00,Lahore,231.20904200236,µg/m³,6
2025-12-07 04:00:00+00:00,Lahore,298.66573655870224,µg/m³,6
2025-12-07 05:00:00+00:00,Lahore,310.8528610738119,µg/m³,4
2025-12-07 06:00:00+00:00,Lahore,265.92149988810223,µg/m³,4
2025-12-07 07:00:00+00:00,Lahore,180.213907623291,µg/m³,6
2025-12-07 08:00:00+00:00,Lahore,158.5230832417806,µg/m³,4
2025-12-07 09:00:00+00:00,Lahore,129.7363148159451,µg/m³,6
2025-12-07 10:00:00+00:00,Lahore,145.376161664327,µg/m³,5
2025-12-07 11:00:00+00:00,Lahore,139.87184712304008,µg/m³,6
2025-12-07 12:00:00+00:00,Lahore,151.25985413869222,µg/m³,6
2025-12-07 13:00:00+00:00,Lahore,181.23441367820456,µg/m³,6
2025-12-07 14:00:00+00:00,Lahore,209.6856460762024,µg/m³,6
2025-12-07 15:00:00+00:00,Lahore,233.5436043294271,µg/m³,5
2025-12-07 16:00:00+00:00,Lahore,237.48847928576998,µg/m³,6
2025-12-07 17:00:00+00:00,Lahore,248.38022925059,µg/m³,6
2025-12-07 18:00:00+00:00,Lahore,269.59783299763996,µg/m³,5
2025-12-07 19:00:00+00:00,Lahore,254.7373969959077,µg/m³,5
2025-12-07 20:00:00+00:00,Lahore,280.3297290172641,µg/m³,6
2025-12-07 21:00:00+00:00,Lahore,284.75340472993395,µg/m³,5
2025-12-07 22:00:00+00:00,Lahore,259.59745853847926,µg/m³,6
2025-12-07 23:00:00+00:00,Lahore,276.4519168345133,µg/m³,6
2025-12-08 00:00:00+00:00,Lahore,279.9730554312247,µg/m³,6
2025-12-08 01:00:00+00:00,Lahore,270.9377666219076,µg/m³,5
2025-12-08 02:00:00+00:00,Lahore,293.4418149142796,µg/m³,6
2025-12-08 03:00:00+00:00,Lahore,296.56449990408765,µg/m³,5
2025-12-08 04:00:00+00:00,Lahore,323.9941097683377,µg/m³,3
2025-12-08 05:00:00+00:00,Lahore,193.59559977213542,µg/m³,5
2025-12-08 06:00:00+00:00,Lahore,126.80962501525877,µg/m³,6
2025-12-08 07:00:00+00:00,Lahore,90.28354763212658,µg/m³,4
2025-12-08 08:00:00+00:00,Lahore,97.60674475828807,µg/m³,6
2025-12-08 09:00:00+00:00,Lahore,119.36316665649413,µg/m³,6
2025-12-08 10:00:00+00:00,Lahore,92.04993753433227,µg/m³,6
2025-12-08 11:00:00+00:00,Lahore,94.57805557250975,µg/m³,6
2025-12-08 12:00:00+00:00,Lahore,130.7861666361491,µg/m³,5
2025-12-08 13:00:00+00:00,Lahore,135.00046297991716,µg/m³,6
2025-12-08 14:00:00+00:00,Lahore,160.82831854048231,µg/m³,6
2025-12-08 15:00:00+00:00,Lahore,168.81818387638438,µg/m³,6
2025-12-08 16:00:00+00:00,Lahore,180.4763470416599,µg/m³,6
2025-12-08 17:00:00+00:00,Lahore,189.98708882172906,µg/m³,6
2025-12-08 18:00:00+00:00,Lahore,193.01031462869526,µg/m³,6
2025-12-08 19:00:00+00:00,Lahore,178.07875476130732,µg/m³,7
2025-12-08 20:00:00+00:00,Lahore,174.33786677042644,µg/m³,5
2025-12-08 21:00:00+00:00,Lahore,178.57261089748806,µg/m³,6
2025-12-08 22:00:00+00:00,Lahore,160.34829859712391,µg/m³,7
2025-12-08 23:00:00+00:00,Lahore,173.22152820163305,µg/m³,6
2025-12-09 00:00:00+00:00,Lahore,181.38988931443956,µg/m³,6
2025-12-09 01:00:00+00:00,Lahore,163.97535399330985,µg/m³,6
2025-12-09 02:00:00+00:00,Lahore,173.67894131978352,µg/m³,5
2025-12-09 03:00:00+00:00,Lahore,244.206277951841,µg/m³,6
2025-12-09 04:00:00+00:00,Lahore,221.06666679382323,µg/m³,4
2025-12-09 05:00:00+00:00,Lahore,153.0799166615804,µg/m³,3
2025-12-09 06:00:00+00:00,Lahore,153.8896666208903,µg/m³,4
2025-12-09 07:00:00+00:00,Lahore,155.10727080663042,µg/m³,5
2025-12-09 08:00:00+00:00,Lahore,138.78314582188924,µg/m³,6
2025-12-09 09:00:00+00:00,Lahore,127.61394441392687,µg/m³,6
2025-12-09 10:00:00+00:00,Lahore,121.09003339131674,µg/m³,6
2025-12-09 11:00:00+00:00,Lahore,127.23862971553096,µg/m³,7
2025-12-09 12:00:00+00:00,Lahore,151.2462224036323,µg/m³,7
2025-12-09 13:00:00+00:00,Lahore,213.23436609903973,µg/m³,5
2025-12-09 14:00:00+00:00,Lahore,196.13370021057128,µg/m³,7
2025-12-09 15:00:00+00:00,Lahore,225.6037999979655,µg/m³,5
2025-12-09 16:00:00+00:00,Lahore,202.84690277240895,µg/m³,6
2025-12-09 17:00:00+00:00,Lahore,214.39846099005808,µg/m³,5
2025-12-09 18:00:00+00:00,Lahore,207.12991979999308,µg/m³,6
2025-12-09 19:00:00+00:00,Lahore,216.91876402960884,µg/m³,6
2025-12-09 20:00:00+00:00,Lahore,216.58868529708298,µg/m³,6
2025-12-09 21:00:00+00:00,Lahore,204.78061108624493,µg/m³,7
2025-12-09 22:00:00+00:00,Lahore,215.5371852846499,µg/m³,7
2025-12-09 23:00:00+00:00,Lahore,233.04942560266568,µg/m³,6
2025-12-10 00:00:00+00:00,Lahore,207.51106638590494,µg/m³,5
2025-12-10 01:00:00+00:00,Lahore,195.9486111111111,µg/m³,6
2025-12-10 02:00:00+00:00,Lahore,214.12777604185507,µg/m³,7
2025-12-10 03:00:00+00:00,Lahore,285.53718736012775,µg/m³,4
2025-12-10 04:00:00+00:00,Lahore,259.011143304734,µg/m³,5
2025-12-10 05:00:00+00:00,Lahore,210.44408339818318,µg/m³,5
2025-12-10 06:00:00+00:00,Lahore,155.36303642431895,µg/m³,6
2025-12-10 07:00:00+00:00,Lahore,136.91452385312036,µg/m³,7
2025-12-10 08:00:00+00:00,Lahore,105.22748766675406,µg/m³,7
2025-12-10 09:00:00+00:00,Lahore,98.10340937659855,µg/m³,6
2025-12-10 10:00:00+00:00,Lahore,96.8263333638509,µg/m³,6
2025-12-10 11:00:00+00:00,Lahore,118.50429627595125,µg/m³,7
2025-12-10 12:00:00+00:00,Lahore,155.99934996541342,µg/m³,7
2025-12-10 13:00:00+00:00,Lahore,179.46561109754774,µg/m³,7
2025-12-10 14:00:00+00:00,Lahore,202.23161118683993,µg/m³,6
2025-12-10 15:00:00+00:00,Lahore,246.16843363444008,µg/m³,5
2025-12-10 16:00:00+00:00,Lahore,249.94411067538792,µg/m³,6
2025-12-10 17:00:00+00:00,Lahore,259.5536671702067,µg/m³,6
2025-12-10 18:00:00+00:00,Lahore,266.94970375343604,µg/m³,7
2025-12-10 19:00:00+00:00,Lahore,264.8043540445964,µg/m³,5
2025-12-10 20:00:00+00:00,Lahore,255.40962988394278,µg/m³,7
2025-12-10 21:00:00+00:00,Lahore,227.0450499013265,µg/m³,7
2025-12-10 22:00:00+00:00,Lahore,201.98644409179687,µg/m³,6
2025-12-10 23:00:00+00:00,Lahore,209.36840504964195,µg/m³,7
2025-12-11 00:00:00+00:00,Lahore,208.6548704811379,µg/m³,7
2025-12-11 01:00:00+00:00,Lahore,215.89877744321473,µg/m³,7
2025-12-11 02:00:00+00:00,Lahore,220.64416695488828,µg/m³,6
2025-12-11 03:00:00+00:00,Lahore,341.0625836690267,µg/m³,4
2025-12-11 04:00:00+00:00,Lahore,308.9791664505005,µg/m³,5
2025-12-11 05:00:00+00:00,Lahore,247.5903266482883,µg/m³,6
2025-12-11 06:00:00+00:00,Lahore,313.6056195758638,µg/m³,4
2025-12-11 07:00:00+00:00,Lahore,237.3734307607015,µg/m³,6
2025-12-11 08:00:00+00:00,Lahore,178.34392902755738,µg/m³,7
2025-12-11 09:00:00+00:00,Lahore,159.51648144757306,µg/m³,7
2025-12-11 10:00:00+00:00,Lahore,148.93986675516766,µg/m³,7
2025-12-11 11:00:00+00:00,Lahore,181.210000028257,µg/m³,7
2025-12-11 12:00:00+00:00,Lahore,202.76212983308017,µg/m³,7
2025-12-11 13:00:00+00:00,Lahore,213.60411649068197,µg/m³,7
2025-12-11 14:00:00+00:00,Lahore,238.0874584452311,µg/m³,6
2025-12-11 15:00:00+00:00,Lahore,257.81676056002397,µg/m³,6
2025-12-11 16:00:00+00:00,Lahore,292.6692916107178,µg/m³,5
2025-12-11 17:00:00+00:00,Lahore,272.70040755660443,µg/m³,6
2025-12-11 18:00:00+00:00,Lahore,280.18920372856985,µg/m³,7
2025-12-11 19:00:00+00:00,Lahore,281.890183400472,µg/m³,7
2025-12-11 20:00:00+00:00,Lahore,287.88692622432,µg/m³,7
2025-12-11 21:00:00+00:00,Lahore,235.38117126182271,µg/m³,6
2025-12-11 22:00:00+00:00,Lahore,227.9504720899794,µg/m³,6
2025-12-11 23:00:00+00:00,Lahore,240.05488894427265,µg/m³,7
2025-12-12 00:00:00+00:00,Lahore,239.04652365548273,µg/m³,7
2025-12-12 01:00:00+00:00,Lahore,261.1910257434845,µg/m³,6
2025-12-12 02:00:00+00:00,Lahore,273.4123333613078,µg/m³,5
2025-12-12 03:00:00+00:00,Lahore,274.36508338928223,µg/m³,6
2025-12-12 04:00:00+00:00,Lahore,354.7024306488037,µg/m³,6
2025-12-12 05:00:00+00:00,Lahore,323.4991666521345,µg/m³,5
2025-12-12 06:00:00+00:00,Lahore,258.85530566745337,µg/m³,6
2025-12-12 07:00:00+00:00,Lahore,211.79623611662123,µg/m³,6
2025-12-12 08:00:00+00:00,Lahore,180.2392379034133,µg/m³,5
2025-12-12 09:00:00+00:00,Lahore,155.9494790585836,µg/m³,5
2025-12-12 10:00:00+00:00,Lahore,145.08135319058857,µg/m³,5
2025-12-12 11:00:00+00:00,Lahore,151.87856109788683,µg/m³,5
2025-12-12 12:00:00+00:00,Lahore,183.7556143697103,µg/m³,6
2025-12-12 13:00:00+00:00,Lahore,218.35590741757994,µg/m³,6
2025-12-12 14:00:00+00:00,Lahore,256.5992704137166,µg/m³,6
2025-12-12 15:00:00+00:00,Lahore,263.34558332090023,µg/m³,6
2025-12-12 16:00:00+00:00,Lahore,294.9634373601277,µg/m³,6
2025-12-12 17:00:00+00:00,Lahore,311.2954627764667,µg/m³,6
2025-12-12 18:00:00+00:00,Lahore,309.05591659545894,µg/m³,6
2025-12-12 19:00:00+00:00,Lahore,315.73693107307736,µg/m³,5
2025-12-12 20:00:00+00:00,Lahore,325.8183003133138,µg/m³,5
2025-12-12 21:00:00+00:00,Lahore,231.85425027211508,µg/m³,4
2025-12-12 22:00:00+00:00,Lahore,228.0862087249756,µg/m³,4
2025-12-12 23:00:00+00:00,Lahore,202.7623003133138,µg/m³,5
2025-12-13 00:00:00+00:00,Lahore,248.91069923909504,µg/m³,5
2025-12-13 01:00:00+00:00,Lahore,243.96360441843666,µg/m³,6
2025-12-13 02:00:00+00:00,Lahore,201.7412338256836,µg/m³,5
2025-12-13 03:00:00+00:00,Lahore,248.4056757269965,µg/m³,6
2025-12-13 04:00:00+00:00,Lahore,224.12043302747935,µg/m³,5
2025-12-13 05:00:00+00:00,Lahore,301.95318508572046,µg/m³,6
2025-12-13 06:00:00+00:00,Lahore,298.36588098435175,µg/m³,5
2025-12-13 07:00:00+00:00,Lahore,270.98366689046225,µg/m³,6
2025-12-13 08:00:00+00:00,Lahore,238.58583305358886,µg/m³,6
2025-12-13 09:00:00+00:00,Lahore,231.30377091725666,µg/m³,5
2025-12-13 10:00:00+00:00,Lahore,260.94974955240883,µg/m³,6
2025-12-13 11:00:00+00:00,Lahore,280.45868461326313,µg/m³,6
2025-12-13 12:00:00+00:00,Lahore,316.4584337361654,µg/m³,5
2025-12-13 13:00:00+00:00,Lahore,317.3056124485864,µg/m³,6
2025-12-13 14:00:00+00:00,Lahore,308.0271295052987,µg/m³,6
2025-12-13 15:00:00+00:00,Lahore,298.52645805358884,µg/m³,6
2025-12-13 16:00:00+00:00,Lahore,292.5214677853054,µg/m³,6
2025-12-13 17:00:00+00:00,Lahore,309.24535433451337,µg/m³,4
2025-12-13 18:00:00+00:00,Lahore,264.3711672101702,µg/m³,4
2025-12-13 19:00:00+00:00,Lahore,235.18481003534225,µg/m³,5
2025-12-13 20:00:00+00:00,Lahore,241.53722891489667,µg/m³,5
2025-12-13 21:00:00+00:00,Lahore,188.8489000447591,µg/m³,5
2025-12-13 22:00:00+00:00,Lahore,196.49525114695228,µg/m³,4
2025-12-13 23:00:00+00:00,Lahore,198.60616661071776,µg/m³,5
2025-12-14 00:00:00+00:00,Lahore,144.06254183451335,µg/m³,4
2025-12-14 01:00:00+00:00,Lahore,205.27645241146996,µg/m³,4
2025-12-14 02:00:00+00:00,Lahore,200.76042834327336,µg/m³,5
2025-12-14 03:00:00+00:00,Lahore,246.12493752797445,µg/m³,5
2025-12-14 04:00:00+00:00,Lahore,311.6419444444445,µg/m³,4
2025-12-14 05:00:00+00:00,Lahore,277.3712379673549,µg/m³,4
2025-12-14 06:00:00+00:00,Lahore,260.8200555674235,µg/m³,4
2025-12-14 07:00:00+00:00,Lahore,261.1449697043679,µg/m³,4
2025-12-14 08:00:00+00:00,Lahore,249.2570954386393,µg/m³,4
2025-12-14 09:00:00+00:00,Lahore,241.42586122300887,µg/m³,4
2025-12-14 10:00:00+00:00,Lahore,232.55237930297852,µg/m³,5
2025-12-14 11:00:00+00:00,Lahore,233.11473802112397,µg/m³,5
2025-12-14 12:00:00+00:00,Lahore,255.44813342285155,µg/m³,5
2025-12-14 13:00:00+00:00,Lahore,260.00257187616256,µg/m³,5
2025-12-14 14:00:00+00:00,Lahore,285.86637522379556,µg/m³,5
2025-12-14 15:00:00+00:00,Lahore,303.69663907005673,µg/m³,5
2025-12-14 16:00:00+00:00,Lahore,313.5907483408186,µg/m³,5
2025-12-14 17:00:00+00:00,Lahore,308.4617497126261,µg/m³,4
2025-12-14 18:00:00+00:00,Lahore,307.719025857108,µg/m³,5
2025-12-14 19:00:00+00:00,Lahore,289.13742399321666,µg/m³,5
2025-12-14 20:00:00+00:00,Lahore,305.23023595089387,µg/m³,3
2025-12-14 21:00:00+00:00,Lahore,277.0538214329311,µg/m³,4
2025-12-14 22:00:00+00:00,Lahore,248.7580337784782,µg/m³,5
2025-12-14 23:00:00+00:00,Lahore,266.287314458953,µg/m³,5
2025-12-15 00:00:00+00:00,Lahore,199.15836488405864,µg/m³,4
2025-12-15 01:00:00+00:00,Lahore,254.0610415013631,µg/m³,5
2025-12-15 02:00:00+00:00,Lahore,199.8124583562215,µg/m³,4
2025-12-15 03:00:00+00:00,Lahore,246.21172825377664,µg/m³,6
2025-12-15 04:00:00+00:00,Lahore,297.49199962192114,µg/m³,4
2025-12-15 05:00:00+00:00,Lahore,217.2286669752333,µg/m³,4
2025-12-15 06:00:00+00:00,Lahore,220.67822883182103,µg/m³,6
2025-12-15 07:00:00+00:00,Lahore,219.57503341674806,µg/m³,5
2025-12-15 08:00:00+00:00,Lahore,192.7269162495931,µg/m³,5
2025-12-15 09:00:00+00:00,Lahore,171.20480005900066,µg/m³,5
2025-12-15 10:00:00+00:00,Lahore,146.96336664835613,µg/m³,5
2025-12-15 11:00:00+00:00,Lahore,167.92560005187988,µg/m³,5
2025-12-15 12:00:00+00:00,Lahore,176.3171667989095,µg/m³,5
2025-12-15 13:00:00+00:00,Lahore,210.53663355509443,µg/m³,5
2025-12-15 14:00:00+00:00,Lahore,211.5198700428009,µg/m³,6
2025-12-15 15:00:00+00:00,Lahore,239.85934027989705,µg/m³,6
2025-12-15 16:00:00+00:00,Lahore,253.5434012444814,µg/m³,6
2025-12-15 17:00:00+00:00,Lahore,273.22261118570964,µg/m³,6
2025-12-15 18:00:00+00:00,Lahore,302.31230891636443,µg/m³,5
2025-12-15 19:00:00+00:00,Lahore,330.64019448174366,µg/m³,3
2025-12-15 20:00:00+00:00,Lahore,321.20603346761067,µg/m³,3
2025-12-15 21:00:00+00:00,Lahore,321.4844516966078,µg/m³,3
2025-12-15 22:00:00+00:00,Lahore,236.40824966430665,µg/m³,2
2025-12-15 23:00:00+00:00,Lahore,309.0430280388726,µg/m³,3
2025-12-16 00:00:00+00:00,Lahore,246.61400044759114,µg/m³,2
2025-12-16 01:00:00+00:00,Lahore,230.69528921218148,µg/m³,3
2025-12-16 02:00:00+00:00,Lahore,215.46631235758463,µg/m³,5
2025-12-16 03:00:00+00:00,Lahore,203.1939048258464,µg/m³,5
2025-12-16 04:00:00+00:00,Lahore,223.5519826362247,µg/m³,4
2025-12-16 05:00:00+00:00,Lahore,223.950750541687,µg/m³,4
2025-12-16 06:00:00+00:00,Lahore,190.32218772888183,µg/m³,5
2025-12-16 07:00:00+00:00,Lahore,174.8308333551316,µg/m³,5
2025-12-16 08:00:00+00:00,Lahore,174.19563335164386,µg/m³,5
2025-12-16 09:00:00+00:00,Lahore,174.45119046892438,µg/m³,5
2025-12-16 10:00:00+00:00,Lahore,167.35402070787217,µg/m³,5
2025-12-16 11:00:00+00:00,Lahore,186.92980016072593,µg/m³,5
2025-12-16 12:00:00+00:00,Lahore,200.65002384004137,µg/m³,6
2025-12-16 13:00:00+00:00,Lahore,206.63677069346107,µg/m³,6
2025-12-16 14:00:00+00:00,Lahore,201.2526155231617,µg/m³,6
2025-12-16 15:00:00+00:00,Lahore,201.434428841273,µg/m³,6
2025-12-16 16:00:00+00:00,Lahore,220.49739961412214,µg/m³,5
2025-12-16 17:00:00+00:00,Lahore,226.27494979858398,µg/m³,5
2025-12-16 18:00:00+00:00,Lahore,217.45891624450687,µg/m³,6
2025-12-16 19:00:00+00:00,Lahore,220.36366664250693,µg/m³,6
2025-12-16 20:00:00+00:00,Lahore,220.87407120477584,µg/m³,4
2025-12-16 21:00:00+00:00,Lahore,192.48432200749716,µg/m³,4
2025-12-16 22:00:00+00:00,Lahore,191.3015841166178,µg/m³,2
2025-12-16 23:00:00+00:00,Lahore,176.5544792429606,µg/m³,5
2025-12-17 00:00:00+00:00,Lahore,168.73735704694474,µg/m³,5
2025-12-17 01:00:00+00:00,Lahore,203.7878611585829,µg/m³,3
2025-12-17 02:00:00+00:00,Lahore,166.5413571384975,µg/m³,5
2025-12-17 03:00:00+00:00,Lahore,185.039041779836,µg/m³,5
2025-12-17 04:00:00+00:00,Lahore,197.07938791910806,µg/m³,3
2025-12-17 05:00:00+00:00,Lahore,218.84860401153563,µg/m³,5
2025-12-17 06:00:00+00:00,Lahore,220.06833330790204,µg/m³,2
2025-12-17 07:00:00+00:00,Lahore,184.42180019124348,µg/m³,5
2025-12-17 08:00:00+00:00,Lahore,137.22166666666666,µg/m³,4
2025-12-17 09:00:00+00:00,Lahore,126.2378333464123,µg/m³,5
2025-12-17 10:00:00+00:00,Lahore,127.81302085240682,µg/m³,5
2025-12-17 11:00:00+00:00,Lahore,149.29136112636988,µg/m³,5
2025-12-17 12:00:00+00:00,Lahore,167.5478610229492,µg/m³,5
2025-12-17 13:00:00+00:00,Lahore,184.3374790509542,µg/m³,5
2025-12-17 14:00:00+00:00,Lahore,181.70404988738883,µg/m³,5
2025-12-17 15:00:00+00:00,Lahore,179.75032979117498,µg/m³,4
2025-12-17 16:00:00+00:00,Lahore,189.3069590886434,µg/m³,4
2025-12-17 17:00:00+00:00,Lahore,178.49774472872417,µg/m³,5
2025-12-17 18:00:00+00:00,Lahore,190.32571428571427,µg/m³,5
2025-12-17 19:00:00+00:00,Lahore,213.2288834228516,µg/m³,5
2025-12-17 20:00:00+00:00,Lahore,216.74895814683703,µg/m³,4
2025-12-17 21:00:00+00:00,Lahore,230.58165284615976,µg/m³,3
2025-12-17 22:00:00+00:00,Lahore,117.8,µg/m³,1
2025-12-17 23:00:00+00:00,Lahore,102.83333333333333,µg/m³,3
2025-12-18 00:00:00+00:00,Lahore,113.85,µg/m³,2
2025-12-18 01:00:00+00:00,Lahore,108.05000000000001,µg/m³,2
2025-12-18 02:00:00+00:00,Lahore,183.65546630859376,µg/m³,5
2025-12-18 03:00:00+00:00,Lahore,225.6627618408203,µg/m³,5
2025-12-18 04:00:00+00:00,Lahore,230.43510717482792,µg/m³,4
2025-12-18 05:00:00+00:00,Lahore,206.5145238095238,µg/m³,5
2025-12-18 06:00:00+00:00,Lahore,193.7666909394441,µg/m³,6
2025-12-18 07:00:00+00:00,Lahore,192.51821816184304,µg/m³,5
2025-12-18 08:00:00+00:00,Lahore,123.37939580281575,µg/m³,6
2025-12-18 09:00:00+00:00,Lahore,98.5675416056315,µg/m³,6
2025-12-18 10:00:00+00:00,Lahore,133.73609167734782,µg/m³,5
2025-12-18 11:00:00+00:00,Lahore,117.2831697977325,µg/m³,6
2025-12-18 12:00:00+00:00,Lahore,147.8442291323344,µg/m³,6
2025-12-18 13:00:00+00:00,Lahore,176.81693787256876,µg/m³,6
2025-12-18 14:00:00+00:00,Lahore,185.02805551599573,µg/m³,6
2025-12-18 15:00:00+00:00,Lahore,253.70720011393232,µg/m³,5
2025-12-18 16:00:00+00:00,Lahore,259.270499903361,µg/m³,6
2025-12-18 17:00:00+00:00,Lahore,268.0515524609883,µg/m³,6
2025-12-18 18:00:00+00:00,Lahore,240.58780029296878,µg/m³,5
2025-12-18 19:00:00+00:00,Lahore,207.08759291966754,µg/m³,4
2025-12-18 20:00:00+00:00,Lahore,239.81756268819174,µg/m³,5
2025-12-18 21:00:00+00:00,Lahore,214.70408293406166,µg/m³,4
2025-12-18 22:00:00+00:00,Lahore,267.0773810177758,µg/m³,5
2025-12-18 23:00:00+00:00,Lahore,198.772300008138,µg/m³,5
2025-12-19 00:00:00+00:00,Lahore,235.3451250712077,µg/m³,4
2025-12-19 01:00:00+00:00,Lahore,261.54787871254814,µg/m³,5
2025-12-19 02:00:00+00:00,Lahore,309.75259511311845,µg/m³,5
2025-12-19 03:00:00+00:00,Lahore,318.75849975585936,µg/m³,5
2025-12-19 04:00:00+00:00,Lahore,313.7846874809265,µg/m³,6
2025-12-19 05:00:00+00:00,Lahore,317.25647678193593,µg/m³,5
2025-12-19 06:00:00+00:00,Lahore,283.65536669921875,µg/m³,5
2025-12-19 07:00:00+00:00,Lahore,227.80774987538655,µg/m³,4
2025-12-19 08:00:00+00:00,Lahore,194.92333333333335,µg/m³,5
2025-12-19 09:00:00+00:00,Lahore,161.53327077229818,µg/m³,6
2025-12-19 10:00:00+00:00,Lahore,145.56409260502565,µg/m³,6
2025-12-19 11:00:00+00:00,Lahore,175.56868762334187,µg/m³,6
2025-12-19 12:00:00+00:00,Lahore,212.5523241565846,µg/m³,6
2025-12-19 13:00:00+00:00,Lahore,214.16331785519918,µg/m³,6
2025-12-19 14:00:00+00:00,Lahore,236.9784395228492,µg/m³,6
2025-12-19 15:00:00+00:00,Lahore,267.17791223596646,µg/m³,6
2025-12-19 16:00:00+00:00,Lahore,278.5521879196167,µg/m³,6
2025-12-19 17:00:00+00:00,Lahore,278.1943145638925,µg/m³,6
2025-12-19 18:00:00+00:00,Lahore,280.5711668541318,µg/m³,5
2025-12-19 19:00:00+00:00,Lahore,286.5324373435974,µg/m³,5
2025-12-19 20:00:00+00:00,Lahore,310.9137005310059,µg/m³,3
2025-12-19 21:00:00+00:00,Lahore,209.99237473805746,µg/m³,4
2025-12-19 22:00:00+00:00,Lahore,184.4277333577474,µg/m³,5
2025-12-19 23:00:00+00:00,Lahore,184.63446675618488,µg/m³,5
2025-12-20 00:00:00+00:00,Lahore,177.48719980875651,µg/m³,5
2025-12-20 01:00:00+00:00,Lahore,180.93718730290732,µg/m³,6
2025-12-20 02:00:00+00:00,Lahore,152.154199605306,µg/m³,5
2025-12-20 03:00:00+00:00,Lahore,179.08404761904765,µg/m³,5
2025-12-20 04:00:00+00:00,Lahore,191.50458135534217,µg/m³,6
2025-12-20 05:00:00+00:00,Lahore,217.42770792643228,µg/m³,6
2025-12-20 06:00:00+00:00,Lahore,227.77349961598713,µg/m³,4
2025-12-20 07:00:00+00:00,Lahore,265.57766672770185,µg/m³,3
2025-12-20 08:00:00+00:00,Lahore,208.72129591200087,µg/m³,6
2025-12-20 09:00:00+00:00,Lahore,195.17666677565802,µg/m³,6
2025-12-20 10:00:00+00:00,Lahore,190.97854763212658,µg/m³,5
2025-12-20 11:00:00+00:00,Lahore,194.4871042251587,µg/m³,5
2025-12-20 12:00:00+00:00,Lahore,234.97708352406818,µg/m³,4
2025-12-20 13:00:00+00:00,Lahore,223.09291644414265,µg/m³,5
2025-12-20 14:00:00+00:00,Lahore,246.92100034077964,µg/m³,5
2025-12-20 15:00:00+00:00,Lahore,192.45577850341797,µg/m³,3
2025-12-20 16:00:00+00:00,Lahore,186.3853335316976,µg/m³,5
2025-12-20 17:00:00+00:00,Lahore,175.72707139514742,µg/m³,5
2025-12-20 18:00:00+00:00,Lahore,180.0897622244699,µg/m³,4
2025-12-20 19:00:00+00:00,Lahore,196.31338842482793,µg/m³,5
2025-12-20 20:00:00+00:00,Lahore,238.13060703095934,µg/m³,4
2025-12-20 21:00:00+00:00,Lahore,214.0703331841363,µg/m³,3
2025-12-20 22:00:00+00:00,Lahore,204.0591107686361,µg/m³,3
2025-12-20 23:00:00+00:00,Lahore,187.8249993218316,µg/m³,3
2025-12-21 00:00:00+00:00,Lahore,179.99457929096525,µg/m³,3
2025-12-21 01:00:00+00:00,Lahore,176.3922119603013,µg/m³,3
2025-12-21 02:00:00+00:00,Lahore,208.52824958801273,µg/m³,4
2025-12-21 03:00:00+00:00,Lahore,233.24820804232644,µg/m³,4
2025-12-21 04:00:00+00:00,Lahore,233.4024998643663,µg/m³,4
2025-12-21 05:00:00+00:00,Lahore,225.1392500813802,µg/m³,4
2025-12-21 06:00:00+00:00,Lahore,247.32233354695637,µg/m³,3
2025-12-21 07:00:00+00:00,Lahore,264.30058516366137,µg/m³,4
2025-12-21 08:00:00+00:00,Lahore,281.13748619927304,µg/m³,4
2025-12-21 09:00:00+00:00,Lahore,282.5596664428711,µg/m³,2
2025-12-21 10:00:00+00:00,Lahore,253.2011984446692,µg/m³,4
2025-12-21 11:00:00+00:00,Lahore,250.16265960905287,µg/m³,4
2025-12-21 12:00:00+00:00,Lahore,281.4673882378472,µg/m³,3
2025-12-21 13:00:00+00:00,Lahore,256.5117856924875,µg/m³,4
2025-12-21 14:00:00+00:00,Lahore,285.20782488222477,µg/m³,4
2025-12-21 15:00:00+00:00,Lahore,304.24519410875104,µg/m³,3
2025-12-21 16:00:00+00:00,Lahore,286.5610835944281,µg/m³,4
2025-12-21 17:00:00+00:00,Lahore,290.40946675618494,µg/m³,4
2025-12-21 18:00:00+00:00,Lahore,277.4841427757627,µg/m³,4
2025-12-21 19:00:00+00:00,Lahore,283.5172003072103,µg/m³,3
2025-12-21 20:00:00+00:00,Lahore,258.28692802065893,µg/m³,4
2025-12-21 21:00:00+00:00,Lahore,220.2296666463216,µg/m³,3
2025-12-21 22:00:00+00:00,Lahore,250.47679116566977,µg/m³,4
2025-12-21 23:00:00+00:00,Lahore,326.3931112162272,µg/m³,4
2025-12-22 00:00:00+00:00,Lahore,258.04900004069015,µg/m³,3
2025-12-22 01:00:00+00:00,Lahore,237.120110490587,µg/m³,3
2025-12-22 02:00:00+00:00,Lahore,231.7157405711986,µg/m³,3
2025-12-22 03:00:00+00:00,Lahore,295.4474061616262,µg/m³,5
2025-12-22 04:00:00+00:00,Lahore,203.1950419108073,µg/m³,4
2025-12-22 05:00:00+00:00,Lahore,321.36323223840617,µg/m³,4
2025-12-22 06:00:00+00:00,Lahore,305.48283331008184,µg/m³,5
2025-12-22 07:00:00+00:00,Lahore,259.92685201574255,µg/m³,6
2025-12-22 08:00:00+00:00,Lahore,235.2494099214342,µg/m³,6
2025-12-22 09:00:00+00:00,Lahore,232.39401865641275,µg/m³,6
2025-12-22 10:00:00+00:00,Lahore,231.66204149881997,µg/m³,6
2025-12-22 11:00:00+00:00,Lahore,243.68836675008143,µg/m³,5
2025-12-22 12:00:00+00:00,Lahore,253.9912338256836,µg/m³,5
2025-12-22 13:00:00+00:00,Lahore,254.20854166666666,µg/m³,6
2025-12-22 14:00:00+00:00,Lahore,267.2093125279745,µg/m³,6
2025-12-22 15:00:00+00:00,Lahore,287.2558772140079,µg/m³,6
2025-12-22 16:00:00+00:00,Lahore,308.7761041704814,µg/m³,5
2025-12-22 17:00:00+00:00,Lahore,309.76955563015406,µg/m³,4
2025-12-22 18:00:00+00:00,Lahore,302.6189669799805,µg/m³,3
2025-12-22 19:00:00+00:00,Lahore,262.79499968029205,µg/m³,4
2025-12-22 20:00:00+00:00,Lahore,243.54980971563424,µg/m³,5
2025-12-22 21:00:00+00:00,Lahore,195.16231620788574,µg/m³,4
2025-12-22 22:00:00+00:00,Lahore,228.163498433431,µg/m³,3
2025-12-22 23:00:00+00:00,Lahore,171.46248624165855,µg/m³,6
2025-12-23 00:00:00+00:00,Lahore,190.48364541371666,µg/m³,6
2025-12-23 01:00:00+00:00,Lahore,151.62637736002605,µg/m³,5
2025-12-23 02:00:00+00:00,Lahore,163.52337038864323,µg/m³,6
2025-12-23 03:00:00+00:00,Lahore,229.6988271331787,µg/m³,5
2025-12-23 04:00:00+00:00,Lahore,200.9325,µg/m³,4
2025-12-23 05:00:00+00:00,Lahore,127.68199999999999,µg/m³,3
2025-12-23 06:00:00+00:00,Lahore,94.82571428571428,µg/m³,4
2025-12-23 07:00:00+00:00,Lahore,69.25166666666667,µg/m³,4
2025-12-23 08:00:00+00:00,Lahore,65.30250000000001,µg/m³,4
2025-12-23 09:00:00+00:00,Lahore,62.02067497253418,µg/m³,6
2025-12-23 10:00:00+00:00,Lahore,64.85524603465247,µg/m³,6
2025-12-23 11:00:00+00:00,Lahore,67.58097219679091,µg/m³,6
2025-12-23 12:00:00+00:00,Lahore,79.90050003051758,µg/m³,5
2025-12-23 13:00:00+00:00,Lahore,100.23472228156196,µg/m³,6
2025-12-23 14:00:00+00:00,Lahore,112.56774984268915,µg/m³,6
2025-12-23 15:00:00+00:00,Lahore,108.41940008544923,µg/m³,5
2025-12-23 16:00:00+00:00,Lahore,115.43382736024401,µg/m³,5
2025-12-23 17:00:00+00:00,Lahore,119.7911805682712,µg/m³,4
2025-12-23 18:00:00+00:00,Lahore,103.49354758853005,µg/m³,4
2025-12-23 19:00:00+00:00,Lahore,102.12098101314528,µg/m³,5
2025-12-23 20:00:00+00:00,Lahore,94.5620313167572,µg/m³,4
2025-12-23 21:00:00+00:00,Lahore,91.38999999999999,µg/m³,5
2025-12-23 22:00:00+00:00,Lahore,98.67998788544625,µg/m³,5
2025-12-23 23:00:00+00:00,Lahore,92.17647217644584,µg/m³,6
2025-12-24 00:00:00+00:00,Lahore,101.47516657511393,µg/m³,5
2025-12-24 01:00:00+00:00,Lahore,114.71110000610352,µg/m³,5
2025-12-24 02:00:00+00:00,Lahore,113.87733332316081,µg/m³,6
2025-12-24 03:00:00+00:00,Lahore,152.98560144045535,µg/m³,6
2025-12-24 04:00:00+00:00,Lahore,160.09711117214627,µg/m³,3
2025-12-24 05:00:00+00:00,Lahore,139.22858333333335,µg/m³,7
2025-12-24 06:00:00+00:00,Lahore,110.84622219509549,µg/m³,7
2025-12-24 07:00:00+00:00,Lahore,70.19537917963665,µg/m³,7
2025-12-24 08:00:00+00:00,Lahore,61.778254622000226,µg/m³,6
2025-12-24 09:00:00+00:00,Lahore,49.79357919947306,µg/m³,7
2025-12-24 10:00:00+00:00,Lahore,51.171939817357945,µg/m³,7
2025-12-24 11:00:00+00:00,Lahore,49.365262317422,µg/m³,7
2025-12-24 12:00:00+00:00,Lahore,66.94718474282158,µg/m³,7
2025-12-24 13:00:00+00:00,Lahore,84.52151564121246,µg/m³,6
2025-12-24 14:00:00+00:00,Lahore,125.68070004272461,µg/m³,5
2025-12-24 15:00:00+00:00,Lahore,150.9606094121933,µg/m³,6
2025-12-24 16:00:00+00:00,Lahore,132.02970831553142,µg/m³,5
2025-12-24 17:00:00+00:00,Lahore,116.46716669718421,µg/m³,5
2025-12-24 18:00:00+00:00,Lahore,111.68169993082684,µg/m³,5
2025-12-24 19:00:00+00:00,Lahore,133.9484444512261,µg/m³,6
2025-12-24 20:00:00+00:00,Lahore,128.3541251118978,µg/m³,6
2025-12-24 21:00:00+00:00,Lahore,119.62152771843803,µg/m³,6
2025-12-24 22:00:00+00:00,Lahore,121.01706649780276,µg/m³,5
2025-12-24 23:00:00+00:00,Lahore,120.55746302286782,µg/m³,6
2025-12-25 00:00:00+00:00,Lahore,105.98706654866537,µg/m³,5
2025-12-25 01:00:00+00:00,Lahore,109.0426597234938,µg/m³,6
2025-12-25 02:00:00+00:00,Lahore,121.63311979134879,µg/m³,6
2025-12-25 03:00:00+00:00,Lahore,162.26618920220267,µg/m³,6
2025-12-25 04:00:00+00:00,Lahore,166.0,µg/m³,4
2025-12-25 05:00:00+00:00,Lahore,158.73868541172573,µg/m³,5
2025-12-25 06:00:00+00:00,Lahore,132.75940739384407,µg/m³,6
2025-12-25 07:00:00+00:00,Lahore,104.61081254959106,µg/m³,6
2025-12-25 08:00:00+00:00,Lahore,111.89235184846102,µg/m³,6
2025-12-25 09:00:00+00:00,Lahore,102.17310413996378,µg/m³,6
2025-12-25 10:00:00+00:00,Lahore,90.38330001831055,µg/m³,5
2025-12-25 11:00:00+00:00,Lahore,83.75,µg/m³,4
2025-12-25 12:00:00+00:00,Lahore,97.35428571428572,µg/m³,5
2025-12-25 13:00:00+00:00,Lahore,103.56375,µg/m³,5
2025-12-25 14:00:00+00:00,Lahore,120.29,µg/m³,5
2025-12-25 15:00:00+00:00,Lahore,137.4425,µg/m³,5
2025-12-25 16:00:00+00:00,Lahore,141.8357142857143,µg/m³,5
2025-12-25 17:00:00+00:00,Lahore,155.9485714285714,µg/m³,4
2025-12-25 18:00:00+00:00,Lahore,151.2693015640501,µg/m³,5
2025-12-25 19:00:00+00:00,Lahore,147.17872730601917,µg/m³,4
2025-12-25 20:00:00+00:00,Lahore,148.28333333333333,µg/m³,6
2025-12-25 21:00:00+00:00,Lahore,114.4615200805664,µg/m³,5
2025-12-25 22:00:00+00:00,Lahore,125.81229674816133,µg/m³,4
2025-12-25 23:00:00+00:00,Lahore,113.85042219373915,µg/m³,5
2025-12-26 00:00:00+00:00,Lahore,164.7097036630136,µg/m³,6
2025-12-26 01:00:00+00:00,Lahore,117.0177666727702,µg/m³,5
2025-12-26 02:00:00+00:00,Lahore,124.37226664225261,µg/m³,5
2025-12-26 03:00:00+00:00,Lahore,146.29446665445965,µg/m³,5
2025-12-26 04:00:00+00:00,Lahore,254.23233337402345,µg/m³,3
2025-12-26 05:00:00+00:00,Lahore,200.1448333485921,µg/m³,5
2025-12-26 06:00:00+00:00,Lahore,189.51645840962726,µg/m³,6
2025-12-26 07:00:00+00:00,Lahore,166.95372221204968,µg/m³,6
2025-12-26 08:00:00+00:00,Lahore,147.54020194622,µg/m³,7
2025-12-26 09:00:00+00:00,Lahore,125.8978999633789,µg/m³,7
2025-12-26 10:00:00+00:00,Lahore,120.25049997965495,µg/m³,6
2025-12-26 11:00:00+00:00,Lahore,118.01505566067165,µg/m³,7
2025-12-26 12:00:00+00:00,Lahore,122.39296668497722,µg/m³,7
2025-12-26 13:00:00+00:00,Lahore,153.99838911833587,µg/m³,7
2025-12-26 14:00:00+00:00,Lahore,179.3391001281738,µg/m³,7
2025-12-26 15:00:00+00:00,Lahore,208.99569145532303,µg/m³,7
2025-12-26 16:00:00+00:00,Lahore,214.21571689841187,µg/m³,6
2025-12-26 17:00:00+00:00,Lahore,229.76601392957897,µg/m³,6
2025-12-26 18:00:00+00:00,Lahore,185.21733362833658,µg/m³,5
2025-12-26 19:00:00+00:00,Lahore,208.0530833943685,µg/m³,7
2025-12-26 20:00:00+00:00,Lahore,227.5036110941569,µg/m³,7
2025-12-26 21:00:00+00:00,Lahore,219.88006556919643,µg/m³,7
2025-12-26 22:00:00+00:00,Lahore,265.6690415350596,µg/m³,6
2025-12-26 23:00:00+00:00,Lahore,257.78318309020995,µg/m³,7
2025-12-27 00:00:00+00:00,Lahore,200.5052497439914,µg/m³,6
2025-12-27 01:00:00+00:00,Lahore,246.13404997762046,µg/m³,7
2025-12-27 02:00:00+00:00,Lahore,227.41650009720414,µg/m³,7
2025-12-27 03:00:00+00:00,Lahore,267.5874798960156,µg/m³,6
2025-12-27 04:00:00+00:00,Lahore,262.83275918466074,µg/m³,7
2025-12-27 05:00:00+00:00,Lahore,242.60418039109973,µg/m³,5
2025-12-27 06:00:00+00:00,Lahore,186.37288202709624,µg/m³,6
2025-12-27 07:00:00+00:00,Lahore,121.88010185524269,µg/m³,7
2025-12-27 08:00:00+00:00,Lahore,118.9373833363851,µg/m³,7
2025-12-27 09:00:00+00:00,Lahore,124.90214812102143,µg/m³,7
2025-12-27 10:00:00+00:00,Lahore,132.84766664050875,µg/m³,7
2025-12-27 11:00:00+00:00,Lahore,146.5137592400445,µg/m³,7
2025-12-27 12:00:00+00:00,Lahore,191.36134949436894,µg/m³,6
2025-12-27 13:00:00+00:00,Lahore,211.79266663162795,µg/m³,6
2025-12-27 14:00:00+00:00,Lahore,239.38448163067855,µg/m³,7
2025-12-27 15:00:00+00:00,Lahore,227.36214823970087,µg/m³,7
2025-12-27 16:00:00+00:00,Lahore,198.60531520137081,µg/m³,7
2025-12-27 17:00:00+00:00,Lahore,213.0925999552409,µg/m³,7
2025-12-27 18:00:00+00:00,Lahore,206.5698518145526,µg/m³,7
2025-12-27 19:00:00+00:00,Lahore,213.5491298534252,µg/m³,7
2025-12-27 20:00:00+00:00,Lahore,220.95420015970868,µg/m³,7
2025-12-27 21:00:00+00:00,Lahore,214.30383322256586,µg/m³,7
2025-12-27 22:00:00+00:00,Lahore,233.31031508834272,µg/m³,6
2025-12-27 23:00:00+00:00,Lahore,223.43848435401915,µg/m³,6
2025-12-28 00:00:00+00:00,Lahore,190.55943328857424,µg/m³,5
2025-12-28 01:00:00+00:00,Lahore,185.9321329752604,µg/m³,5
2025-12-28 02:00:00+00:00,Lahore,212.71868511058668,µg/m³,6
2025-12-28 03:00:00+00:00,Lahore,221.655444245515,µg/m³,7
2025-12-28 04:00:00+00:00,Lahore,272.1367407904731,µg/m³,6
2025-12-28 05:00:00+00:00,Lahore,229.86070383142544,µg/m³,7
2025-12-28 06:00:00+00:00,Lahore,269.90601839418764,µg/m³,7
2025-12-28 07:00:00+00:00,Lahore,270.7295371500651,µg/m³,6
2025-12-28 08:00:00+00:00,Lahore,229.32861086527507,µg/m³,6
2025-12-28 09:00:00+00:00,Lahore,199.11598154138633,µg/m³,6
2025-12-28 10:00:00+00:00,Lahore,244.24577158233265,µg/m³,7
2025-12-28 11:00:00+00:00,Lahore,259.7933335571289,µg/m³,7
2025-12-28 12:00:00+00:00,Lahore,259.41677822536894,µg/m³,6
2025-12-28 13:00:00+00:00,Lahore,285.71827125761246,µg/m³,6
2025-12-28 14:00:00+00:00,Lahore,220.85343373616539,µg/m³,5
2025-12-28 15:00:00+00:00,Lahore,256.54552076339723,µg/m³,6
2025-12-28 16:00:00+00:00,Lahore,250.95698156851307,µg/m³,6
2025-12-28 17:00:00+00:00,Lahore,272.651402700515,µg/m³,5
2025-12-28 18:00:00+00:00,Lahore,203.38244488670713,µg/m³,7
2025-12-28 19:00:00+00:00,Lahore,226.6148518371582,µg/m³,7
2025-12-28 20:00:00+00:00,Lahore,227.98781645202638,µg/m³,7
2025-12-28 21:00:00+00:00,Lahore,214.61867285646036,µg/m³,7
2025-12-28 22:00:00+00:00,Lahore,171.81002765231662,µg/m³,6
2025-12-28 23:00:00+00:00,Lahore,222.50399987792966,µg/m³,7
2025-12-29 00:00:00+00:00,Lahore,267.2952918483593,µg/m³,7
2025-12-29 01:00:00+00:00,Lahore,289.05172102949354,µg/m³,7
2025-12-29 02:00:00+00:00,Lahore,248.15183317396375,µg/m³,7
2025-12-29 03:00:00+00:00,Lahore,272.1575166066488,µg/m³,7
2025-12-29 04:00:00+00:00,Lahore,183.95741678873696,µg/m³,6
2025-12-29 05:00:00+00:00,Lahore,260.9935572749008,µg/m³,6
2025-12-29 06:00:00+00:00,Lahore,264.59850352075364,µg/m³,4
2025-12-29 07:00:00+00:00,Lahore,210.5744067111545,µg/m³,7
2025-12-29 08:00:00+00:00,Lahore,248.13154941323364,µg/m³,7
2025-12-29 09:00:00+00:00,Lahore,217.29700912193016,µg/m³,6
2025-12-29 10:00:00+00:00,Lahore,212.99838223987157,µg/m³,6
2025-12-29 11:00:00+00:00,Lahore,180.8138665262858,µg/m³,5
2025-12-29 12:00:00+00:00,Lahore,193.28145839691163,µg/m³,5
2025-12-29 13:00:00+00:00,Lahore,216.93577046924167,µg/m³,6
2025-12-29 14:00:00+00:00,Lahore,201.54830352253384,µg/m³,7
2025-12-29 15:00:00+00:00,Lahore,236.32744391701436,µg/m³,7
2025-12-29 16:00:00+00:00,Lahore,258.57933906191874,µg/m³,6
2025-12-29 17:00:00+00:00,Lahore,242.02058132553103,µg/m³,7
2025-12-29 18:00:00+00:00,Lahore,227.5825613225705,µg/m³,7
2025-12-29 19:00:00+00:00,Lahore,162.51058539637813,µg/m³,6
2025-12-29 20:00:00+00:00,Lahore,158.40755577087404,µg/m³,6
2025-12-29 21:00:00+00:00,Lahore,153.34808370802136,µg/m³,6
2025-12-29 22:00:00+00:00,Lahore,146.42230521308053,µg/m³,6
2025-12-29 23:00:00+00:00,Lahore,133.68221509721545,µg/m³,6
2025-12-30 00:00:00+00:00,Lahore,158.97658316548666,µg/m³,7
2025-12-30 01:00:00+00:00,Lahore,136.40433362325032,µg/m³,6
2025-12-30 02:00:00+00:00,Lahore,157.64846658325195,µg/m³,7
2025-12-30 03:00:00+00:00,Lahore,163.91365264892576,µg/m³,6
2025-12-30 04:00:00+00:00,Lahore,174.18428571428572,µg/m³,4
2025-12-30 05:00:00+00:00,Lahore,200.4143571908133,µg/m³,5
2025-12-30 06:00:00+00:00,Lahore,270.39304163614906,µg/m³,6
2025-12-30 07:00:00+00:00,Lahore,251.47785714285715,µg/m³,4
2025-12-30 08:00:00+00:00,Lahore,249.98902108510336,µg/m³,6
2025-12-30 09:00:00+00:00,Lahore,212.90751846878615,µg/m³,6
2025-12-30 10:00:00+00:00,Lahore,241.44099125049732,µg/m³,7
2025-12-30 11:00:00+00:00,Lahore,214.71161673764828,µg/m³,7
2025-12-30 12:00:00+00:00,Lahore,201.03338913529007,µg/m³,7
2025-12-30 13:00:00+00:00,Lahore,217.75064745797053,µg/m³,7
2025-12-30 14:00:00+00:00,Lahore,255.06171434661488,µg/m³,7
2025-12-30 15:00:00+00:00,Lahore,246.28898918124943,µg/m³,7
2025-12-30 16:00:00+00:00,Lahore,237.29552322302925,µg/m³,7
2025-12-30 17:00:00+00:00,Lahore,228.45137804290394,µg/m³,7
2025-12-30 18:00:00+00:00,Lahore,227.90857142857143,µg/m³,4
2025-12-30 19:00:00+00:00,Lahore,224.7034645165337,µg/m³,7
2025-12-30 20:00:00+00:00,Lahore,248.54651673380536,µg/m³,7
2025-12-30 21:00:00+00:00,Lahore,200.12757651011148,µg/m³,6
2025-12-30 22:00:00+00:00,Lahore,221.91709536597844,µg/m³,7
2025-12-30 23:00:00+00:00,Lahore,255.52729609736693,µg/m³,7
2025-12-31 00:00:00+00:00,Lahore,172.47503346761067,µg/m³,5
2025-12-31 01:00:00+00:00,Lahore,178.70786702473958,µg/m³,5
2025-12-31 02:00:00+00:00,Lahore,246.71050011952718,µg/m³,6
2025-12-31 03:00:00+00:00,Lahore,266.00611691284183,µg/m³,7
2025-12-31 04:00:00+00:00,Lahore,241.79758325082287,µg/m³,7
2025-12-31 05:00:00+00:00,Lahore,213.09560165659587,µg/m³,7
2025-12-31 06:00:00+00:00,Lahore,180.35277092615763,µg/m³,6
2025-12-31 07:00:00+00:00,Lahore,186.131666692098,µg/m³,7
2025-12-31 08:00:00+00:00,Lahore,208.8875275929769,µg/m³,6
2025-12-31 09:00:00+00:00,Lahore,169.53772394339245,µg/m³,5
2025-12-31 10:00:00+00:00,Lahore,152.9116064099912,µg/m³,7
2025-12-31 11:00:00+00:00,Lahore,156.8550239127023,µg/m³,7
2025-12-31 12:00:00+00:00,Lahore,170.17668518066407,µg/m³,7
2025-12-31 13:00:00+00:00,Lahore,183.5215207481384,µg/m³,6
2025-12-31 14:00:00+00:00,Lahore,202.90227802983037,µg/m³,6
2025-12-31 15:00:00+00:00,Lahore,223.8760063013955,µg/m³,5
2025-12-31 16:00:00+00:00,Lahore,225.28683338165283,µg/m³,4
2025-12-31 17:00:00+00:00,Lahore,224.5264518374488,µg/m³,5
2025-12-31 18:00:00+00:00,Lahore,237.24305873870847,µg/m³,5
2025-12-31 19:00:00+00:00,Lahore,256.42176228841146,µg/m³,5
2025-12-31 20:00:00+00:00,Lahore,248.93141677856448,µg/m³,6
2025-12-31 21:00:00+00:00,Lahore,271.92807402434175,µg/m³,6
2025-12-31 22:00:00+00:00,Lahore,227.33954177856447,µg/m³,6
2025-12-31 23:00:00+00:00,Lahore,225.45338911268448,µg/m³,6
2026-01-01 00:00:00+00:00,Lahore,164.70846720377605,µg/m³,5
2026-01-01 01:00:00+00:00,Lahore,169.1639171515571,µg/m³,6
2026-01-01 02:00:00+00:00,Lahore,197.78126226515997,µg/m³,5
2026-01-01 03:00:00+00:00,Lahore,202.88156242370604,µg/m³,5
2026-01-01 04:00:00+00:00,Lahore,167.37087516784666,µg/m³,4
2026-01-01 05:00:00+00:00,Lahore,197.36685727074033,µg/m³,5
2026-01-01 06:00:00+00:00,Lahore,165.74189821031356,µg/m³,6
2026-01-01 07:00:00+00:00,Lahore,190.06302987522548,µg/m³,6
2026-01-01 08:00:00+00:00,Lahore,195.87200003729924,µg/m³,6
2026-01-01 09:00:00+00:00,Lahore,186.72160770840114,µg/m³,6
2026-01-01 10:00:00+00:00,Lahore,189.3853918099109,µg/m³,6
2026-01-01 11:00:00+00:00,Lahore,201.2165195296647,µg/m³,5
2026-01-01 12:00:00+00:00,Lahore,210.00549031696625,µg/m³,5
2026-01-01 13:00:00+00:00,Lahore,211.3252594618364,µg/m³,5
2026-01-01 14:00:00+00:00,Lahore,166.56481636895074,µg/m³,4
2026-01-01 15:00:00+00:00,Lahore,204.75522033479479,µg/m³,5
2026-01-01 16:00:00+00:00,Lahore,174.81540463765464,µg/m³,4
2026-01-01 17:00:00+00:00,Lahore,226.71059891406398,µg/m³,6
2026-01-01 18:00:00+00:00,Lahore,194.91450888845657,µg/m³,6
2026-01-01 19:00:00+00:00,Lahore,186.28987517133172,µg/m³,6
2026-01-01 20:00:00+00:00,Lahore,194.5713413123479,µg/m³,5
2026-01-01 21:00:00+00:00,Lahore,178.6570945400662,µg/m³,5
2026-01-01 22:00:00+00:00,Lahore,188.89996653238933,µg/m³,5
2026-01-01 23:00:00+00:00,Lahore,166.7361249923706,µg/m³,4
2026-01-02 00:00:00+00:00,Lahore,212.23161129986798,µg/m³,6
2026-01-02 01:00:00+00:00,Lahore,157.14553632524277,µg/m³,5
2026-01-02 02:00:00+00:00,Lahore,215.94666660826883,µg/m³,6
2026-01-02 03:00:00+00:00,Lahore,181.1493023109436,µg/m³,6
2026-01-02 04:00:00+00:00,Lahore,183.56173603905575,µg/m³,6
2026-01-02 05:00:00+00:00,Lahore,179.58858514634395,µg/m³,5
2026-01-02 06:00:00+00:00,Lahore,155.55564816510235,µg/m³,6
2026-01-02 07:00:00+00:00,Lahore,145.18755757346986,µg/m³,5
2026-01-02 08:00:00+00:00,Lahore,149.71533487343493,µg/m³,6
2026-01-02 09:00:00+00:00,Lahore,150.206785736084,µg/m³,5
2026-01-02 10:00:00+00:00,Lahore,155.45292857578823,µg/m³,5
2026-01-02 11:00:00+00:00,Lahore,156.5136945003933,µg/m³,6
2026-01-02 12:00:00+00:00,Lahore,169.06683337257022,µg/m³,5
2026-01-02 13:00:00+00:00,Lahore,151.31188889680087,µg/m³,6
2026-01-02 14:00:00+00:00,Lahore,144.87643194718794,µg/m³,6
2026-01-02 15:00:00+00:00,Lahore,250.39644474453394,µg/m³,2
2025-10-04 16:00:00+00:00,Karachi,18.354847213074013,µg/m³,3
2025-10-04 17:00:00+00:00,Karachi,23.153518528408473,µg/m³,3
2025-10-04 18:00:00+00:00,Karachi,17.43305554919773,µg/m³,3
2025-10-04 19:00:00+00:00,Karachi,12.64821760301237,µg/m³,3
2025-10-04 20:00:00+00:00,Karachi,16.092635421620475,µg/m³,4
2025-10-04 21:00:00+00:00,Karachi,17.35245831145181,µg/m³,4
2025-10-04 22:00:00+00:00,Karachi,20.339802066485092,µg/m³,4
2025-10-04 23:00:00+00:00,Karachi,18.866524280442132,µg/m³,4
2025-10-05 00:00:00+00:00,Karachi,20.691802102327344,µg/m³,4
2025-10-05 01:00:00+00:00,Karachi,22.237395838896433,µg/m³,4
2025-10-05 02:00:00+00:00,Karachi,25.191906248860892,µg/m³,4
2025-10-05 03:00:00+00:00,Karachi,22.574434529410468,µg/m³,4
2025-10-05 04:00:00+00:00,Karachi,24.029499977827072,µg/m³,4
2025-10-05 05:00:00+00:00,Karachi,24.605861112806533,µg/m³,4
2025-10-05 06:00:00+00:00,Karachi,24.876506939199235,µg/m³,4
2025-10-05 07:00:00+00:00,Karachi,21.009385416905086,µg/m³,4
2025-10-05 08:00:00+00:00,Karachi,20.715843748384057,µg/m³,4
2025-10-05 09:00:00+00:00,Karachi,18.86688540379206,µg/m³,4
2025-10-05 10:00:00+00:00,Karachi,17.45401386949751,µg/m³,4
2025-10-05 11:00:00+00:00,Karachi,18.47126044366095,µg/m³,4
2025-10-05 12:00:00+00:00,Karachi,21.255298618475596,µg/m³,4
2025-10-05 13:00:00+00:00,Karachi,25.048875021934506,µg/m³,4
2025-10-05 14:00:00+00:00,Karachi,24.18084373474121,µg/m³,4
2025-10-05 15:00:00+00:00,Karachi,21.184416671593983,µg/m³,4
2025-10-05 16:00:00+00:00,Karachi,21.459798605574502,µg/m³,4
2025-10-05 17:00:00+00:00,Karachi,23.22044097516272,µg/m³,4
2025-10-05 18:00:00+00:00,Karachi,22.951343773470985,µg/m³,4
2025-10-05 19:00:00+00:00,Karachi,20.696520845095318,µg/m³,4
2025-10-05 20:00:00+00:00,Karachi,16.60940624806616,µg/m³,4
2025-10-05 21:00:00+00:00,Karachi,14.701003472672568,µg/m³,4
2025-10-05 22:00:00+00:00,Karachi,13.396666673819224,µg/m³,4
2025-10-05 23:00:00+00:00,Karachi,13.671333336830141,µg/m³,4
2025-10-06 00:00:00+00:00,Karachi,14.817656248807907,µg/m³,4
2025-10-06 01:00:00+00:00,Karachi,17.411184025473066,µg/m³,4
2025-10-06 02:00:00+00:00,Karachi,21.659786121315424,µg/m³,4
2025-10-06 03:00:00+00:00,Karachi,21.476139824980432,µg/m³,4
2025-10-06 04:00:00+00:00,Karachi,21.343093764119676,µg/m³,4
2025-10-06 05:00:00+00:00,Karachi,23.441288184457356,µg/m³,4
2025-10-06 06:00:00+00:00,Karachi,26.85057636300723,µg/m³,4
2025-10-06 07:00:00+00:00,Karachi,27.215371593501835,µg/m³,4
2025-10-06 08:00:00+00:00,Karachi,27.18132290641467,µg/m³,4
2025-10-06 09:00:00+00:00,Karachi,27.0616389075915,µg/m³,4
2025-10-06 10:00:00+00:00,Karachi,26.03126034537951,µg/m³,4
2025-10-06 11:00:00+00:00,Karachi,27.05376049876213,µg/m³,4
2025-10-06 12:00:00+00:00,Karachi,34.25298951864243,µg/m³,4
2025-10-06 13:00:00+00:00,Karachi,30.166590303182602,µg/m³,4
2025-10-06 14:00:00+00:00,Karachi,30.549020777808295,µg/m³,4
2025-10-06 15:00:00+00:00,Karachi,28.875190907054478,µg/m³,4
2025-10-06 16:00:00+00:00,Karachi,30.997586852974365,µg/m³,4
2025-10-06 17:00:00+00:00,Karachi,26.590958295265835,µg/m³,4
2025-10-06 18:00:00+00:00,Karachi,23.620281225442884,µg/m³,4
2025-10-06 19:00:00+00:00,Karachi,22.570750006039937,µg/m³,4
2025-10-06 20:00:00+00:00,Karachi,22.86632290482521,µg/m³,4
2025-10-06 21:00:00+00:00,Karachi,21.815291674931842,µg/m³,4
2025-10-06 22:00:00+00:00,Karachi,21.693114556868867,µg/m³,4
2025-10-06 23:00:00+00:00,Karachi,18.902520835399628,µg/m³,4
2025-10-07 00:00:00+00:00,Karachi,20.257812501324548,µg/m³,4
2025-10-07 01:00:00+00:00,Karachi,22.903281197945276,µg/m³,4
2025-10-07 02:00:00+00:00,Karachi,27.78818741242091,µg/m³,4
2025-10-07 03:00:00+00:00,Karachi,37.30493747525745,µg/m³,4
2025-10-07 04:00:00+00:00,Karachi,39.37815250820584,µg/m³,4
2025-10-07 05:00:00+00:00,Karachi,42.4393647034963,µg/m³,4
2025-10-07 06:00:00+00:00,Karachi,41.12584371074798,µg/m³,5
2025-10-07 07:00:00+00:00,Karachi,38.94090005185869,µg/m³,5
2025-10-07 08:00:00+00:00,Karachi,35.729922207726375,µg/m³,5
2025-10-07 09:00:00+00:00,Karachi,31.169511105749336,µg/m³,5
2025-10-07 10:00:00+00:00,Karachi,30.418363951047258,µg/m³,5
2025-10-07 11:00:00+00:00,Karachi,24.757683997684055,µg/m³,4
2025-10-07 12:00:00+00:00,Karachi,25.09878120621045,µg/m³,4
2025-10-07 13:00:00+00:00,Karachi,35.58193220893542,µg/m³,4
2025-10-07 14:00:00+00:00,Karachi,40.15842000246048,µg/m³,4
2025-10-07 15:00:00+00:00,Karachi,32.27808328469594,µg/m³,4
2025-10-07 16:00:00+00:00,Karachi,32.80786461432775,µg/m³,4
2025-10-07 17:00:00+00:00,Karachi,28.605649299754035,µg/m³,4
2025-10-07 18:00:00+00:00,Karachi,23.047541715039145,µg/m³,4
2025-10-07 19:00:00+00:00,Karachi,20.466302082935968,µg/m³,4
2025-10-07 20:00:00+00:00,Karachi,25.874493079715307,µg/m³,4
2025-10-07 21:00:00+00:00,Karachi,25.771954844395317,µg/m³,4
2025-10-07 22:00:00+00:00,Karachi,30.856173598766325,µg/m³,4
2025-10-07 23:00:00+00:00,Karachi,38.51057645016246,µg/m³,4
2025-10-08 00:00:00+00:00,Karachi,45.7000382747915,µg/m³,4
2025-10-08 01:00:00+00:00,Karachi,46.89981251557668,µg/m³,4
2025-10-08 02:00:00+00:00,Karachi,58.968774196836684,µg/m³,4
2025-10-08 03:00:00+00:00,Karachi,51.005534566773306,µg/m³,4
2025-10-08 04:00:00+00:00,Karachi,44.634816039836764,µg/m³,5
2025-10-08 05:00:00+00:00,Karachi,46.472738910251195,µg/m³,5
2025-10-08 06:00:00+00:00,Karachi,40.928802984025744,µg/m³,5
2025-10-08 07:00:00+00:00,Karachi,38.60125841935476,µg/m³,5
2025-10-08 08:00:00+00:00,Karachi,33.373179350852965,µg/m³,5
2025-10-08 09:00:00+00:00,Karachi,30.24372777620951,µg/m³,5
2025-10-08 10:00:00+00:00,Karachi,26.677902694808118,µg/m³,5
2025-10-08 11:00:00+00:00,Karachi,26.314041685528224,µg/m³,5
2025-10-08 12:00:00+00:00,Karachi,26.420341630511814,µg/m³,5
2025-10-08 13:00:00+00:00,Karachi,31.658666768074035,µg/m³,5
2025-10-08 14:00:00+00:00,Karachi,52.63777501106263,µg/m³,5
2025-10-08 15:00:00+00:00,Karachi,39.73208057721456,µg/m³,5
2025-10-08 16:00:00+00:00,Karachi,51.2508159506923,µg/m³,5
2025-10-08 17:00:00+00:00,Karachi,34.90651040275891,µg/m³,4
2025-10-08 18:00:00+00:00,Karachi,31.302010321617125,µg/m³,4
2025-10-08 19:00:00+00:00,Karachi,36.912670136160315,µg/m³,4
2025-10-08 20:00:00+00:00,Karachi,45.36513543327649,µg/m³,4
2025-10-08 21:00:00+00:00,Karachi,45.0799375474453,µg/m³,4
2025-10-08 22:00:00+00:00,Karachi,39.44387858841154,µg/m³,4
2025-10-08 23:00:00+00:00,Karachi,44.77986113097933,µg/m³,4
2025-10-09 00:00:00+00:00,Karachi,52.23338533639908,µg/m³,4
2025-10-09 01:00:00+00:00,Karachi,41.06690627932549,µg/m³,4
2025-10-09 02:00:00+00:00,Karachi,43.003506927357776,µg/m³,4
2025-10-09 03:00:00+00:00,Karachi,46.041833100716275,µg/m³,4
2025-10-09 04:00:00+00:00,Karachi,46.62495833396911,µg/m³,5
2025-10-09 05:00:00+00:00,Karachi,44.344441698922054,µg/m³,5
2025-10-09 06:00:00+00:00,Karachi,40.91765835232205,µg/m³,5
2025-10-09 07:00:00+00:00,Karachi,35.34170136253039,µg/m³,4
2025-10-09 08:00:00+00:00,Karachi,28.163479097684224,µg/m³,4
2025-10-09 09:00:00+00:00,Karachi,26.66460409429338,µg/m³,4
2025-10-09 10:00:00+00:00,Karachi,24.176885347896153,µg/m³,4
2025-10-09 11:00:00+00:00,Karachi,23.797038195530575,µg/m³,4
2025-10-09 12:00:00+00:00,Karachi,26.82516662491692,µg/m³,5
2025-10-09 13:00:00+00:00,Karachi,32.66664171218872,µg/m³,5
2025-10-09 14:00:00+00:00,Karachi,34.19447507063548,µg/m³,5
2025-10-09 15:00:00+00:00,Karachi,30.619388925234478,µg/m³,5
2025-10-09 16:00:00+00:00,Karachi,29.42667699654897,µg/m³,4
2025-10-09 17:00:00+00:00,Karachi,31.31758681734403,µg/m³,4
2025-10-09 18:00:00+00:00,Karachi,33.94682287573814,µg/m³,4
2025-10-09 19:00:00+00:00,Karachi,32.53575000365575,µg/m³,4
2025-10-09 20:00:00+00:00,Karachi,37.66144781774945,µg/m³,4
2025-10-09 21:00:00+00:00,Karachi,39.4644060989221,µg/m³,4
2025-10-09 22:00:00+00:00,Karachi,45.378312645355855,µg/m³,4
2025-10-09 23:00:00+00:00,Karachi,44.895270752906804,µg/m³,4
2025-10-10 00:00:00+00:00,Karachi,45.338815960619186,µg/m³,4
2025-10-10 01:00:00+00:00,Karachi,48.11731262405713,µg/m³,4
2025-10-10 02:00:00+00:00,Karachi,51.01746870676676,µg/m³,4
2025-10-10 03:00:00+00:00,Karachi,39.058312614758805,µg/m³,4
2025-10-10 04:00:00+00:00,Karachi,33.0272333650589,µg/m³,5
2025-10-10 05:00:00+00:00,Karachi,28.77524168544345,µg/m³,5
2025-10-10 06:00:00+00:00,Karachi,25.44605557322502,µg/m³,4
2025-10-10 07:00:00+00:00,Karachi,24.56132295330365,µg/m³,4
2025-10-10 08:00:00+00:00,Karachi,23.673437506622736,µg/m³,4
2025-10-10 09:00:00+00:00,Karachi,24.540380914945796,µg/m³,4
2025-10-10 10:00:00+00:00,Karachi,24.401343749629124,µg/m³,4
2025-10-10 11:00:00+00:00,Karachi,27.189593717786998,µg/m³,4
2025-10-10 12:00:00+00:00,Karachi,26.934352519536258,µg/m³,4
2025-10-10 13:00:00+00:00,Karachi,28.06602783799171,µg/m³,4
2025-10-10 14:00:00+00:00,Karachi,31.458263836304347,µg/m³,4
2025-10-10 15:00:00+00:00,Karachi,32.295406287908555,µg/m³,4
2025-10-10 16:00:00+00:00,Karachi,33.67676385596946,µg/m³,3
2025-10-10 17:00:00+00:00,Karachi,29.667134269078574,µg/m³,3
2025-10-10 18:00:00+00:00,Karachi,28.504708429177605,µg/m³,2
2025-10-10 19:00:00+00:00,Karachi,37.53449983596801,µg/m³,3
2025-10-10 20:00:00+00:00,Karachi,47.57698066163945,µg/m³,3
2025-10-10 21:00:00+00:00,Karachi,49.113893499197786,µg/m³,3
2025-10-10 22:00:00+00:00,Karachi,31.239611032274038,µg/m³,3
2025-10-10 23:00:00+00:00,Karachi,30.629935211605495,µg/m³,3
2025-10-11 00:00:00+00:00,Karachi,31.024847282303707,µg/m³,3
2025-10-11 01:00:00+00:00,Karachi,35.75166662798987,µg/m³,3
2025-10-11 02:00:00+00:00,Karachi,37.751749960581456,µg/m³,3
2025-10-11 03:00:00+00:00,Karachi,27.116393472530223,µg/m³,3
2025-10-11 04:00:00+00:00,Karachi,24.614333330260383,µg/m³,3
2025-10-11 05:00:00+00:00,Karachi,23.87547218534681,µg/m³,3
2025-10-11 06:00:00+00:00,Karachi,26.894398147971543,µg/m³,3
2025-10-11 07:00:00+00:00,Karachi,23.983884134115996,µg/m³,3
2025-10-11 08:00:00+00:00,Karachi,28.569513883414093,µg/m³,3
2025-10-11 09:00:00+00:00,Karachi,25.727791628131158,µg/m³,3
2025-10-11 10:00:00+00:00,Karachi,24.192208298047387,µg/m³,3
2025-10-11 12:00:00+00:00,Karachi,25.833134328877488,µg/m³,3
2025-10-11 13:00:00+00:00,Karachi,28.825365833882927,µg/m³,3
2025-10-11 14:00:00+00:00,Karachi,29.58186570538415,µg/m³,3
2025-10-11 15:00:00+00:00,Karachi,32.43572215769026,µg/m³,3
2025-10-11 16:00:00+00:00,Karachi,30.55752310752868,µg/m³,3
2025-10-11 17:00:00+00:00,Karachi,30.751768488354156,µg/m³,3
2025-10-11 18:00:00+00:00,Karachi,34.69051379627652,µg/m³,3
2025-10-11 19:00:00+00:00,Karachi,42.28912045337536,µg/m³,3
2025-10-11 20:00:00+00:00,Karachi,46.759694491492375,µg/m³,3
2025-10-11 21:00:00+00:00,Karachi,37.9307175371382,µg/m³,3
2025-10-11 22:00:00+00:00,Karachi,30.822097351815966,µg/m³,3
2025-10-11 23:00:00+00:00,Karachi,40.39543052249484,µg/m³,3
2025-10-12 00:00:00+00:00,Karachi,37.20912963284386,µg/m³,3
2025-10-12 01:00:00+00:00,Karachi,29.933592556141036,µg/m³,3
2025-10-12 02:00:00+00:00,Karachi,34.62390276855893,µg/m³,3
2025-10-12 03:00:00+00:00,Karachi,39.19212496015761,µg/m³,3
2025-10-12 04:00:00+00:00,Karachi,36.6831294130396,µg/m³,3
2025-10-12 05:00:00+00:00,Karachi,38.32473897298177,µg/m³,3
2025-10-12 06:00:00+00:00,Karachi,32.275652742385866,µg/m³,3
2025-10-12 07:00:00+00:00,Karachi,31.557083304723104,µg/m³,3
2025-10-12 08:00:00+00:00,Karachi,22.91130554146237,µg/m³,3
2025-10-12 09:00:00+00:00,Karachi,22.18288425162986,µg/m³,3
2025-10-12 10:00:00+00:00,Karachi,21.47101391421424,µg/m³,3
2025-10-12 11:00:00+00:00,Karachi,22.120106494868242,µg/m³,3
2025-10-12 12:00:00+00:00,Karachi,24.281624997986686,µg/m³,3
2025-10-12 13:00:00+00:00,Karachi,30.04426385826535,µg/m³,3
2025-10-12 14:00:00+00:00,Karachi,32.80484253388864,µg/m³,3
2025-10-12 15:00:00+00:00,Karachi,37.457087922979284,µg/m³,3
2025-10-12 16:00:00+00:00,Karachi,39.588291809293956,µg/m³,3
2025-10-12 17:00:00+00:00,Karachi,37.99479182296329,µg/m³,3
2025-10-12 18:00:00+00:00,Karachi,45.70563882191976,µg/m³,3
2025-10-12 19:00:00+00:00,Karachi,37.292689972453644,µg/m³,3
2025-10-12 20:00:00+00:00,Karachi,37.174685207119694,µg/m³,3
2025-10-12 21:00:00+00:00,Karachi,33.77820826106601,µg/m³,3
2025-10-12 22:00:00+00:00,Karachi,31.869999941190088,µg/m³,3
2025-10-12 23:00:00+00:00,Karachi,33.859736180305475,µg/m³,3
2025-10-13 00:00:00+00:00,Karachi,40.70215738791006,µg/m³,3
2025-10-13 01:00:00+00:00,Karachi,42.46161096625858,µg/m³,3
2025-10-13 02:00:00+00:00,Karachi,44.361111323038735,µg/m³,3
2025-10-13 03:00:00+00:00,Karachi,42.27184254858229,µg/m³,3
2025-10-13 04:00:00+00:00,Karachi,33.649975840912916,µg/m³,4
2025-10-13 05:00:00+00:00,Karachi,29.28867011335161,µg/m³,4
2025-10-13 06:00:00+00:00,Karachi,32.2087152812216,µg/m³,4
2025-10-13 07:00:00+00:00,Karachi,29.442208308643764,µg/m³,4
2025-10-13 08:00:00+00:00,Karachi,28.106163212988115,µg/m³,4
2025-10-13 09:00:00+00:00,Karachi,26.07580901649263,µg/m³,4
2025-10-13 10:00:00+00:00,Karachi,26.43782984084553,µg/m³,4
2025-10-13 11:00:00+00:00,Karachi,26.429114506642023,µg/m³,4
2025-10-13 12:00:00+00:00,Karachi,27.25616668065389,µg/m³,4
2025-10-13 13:00:00+00:00,Karachi,29.265944472286435,µg/m³,4
2025-10-13 14:00:00+00:00,Karachi,34.84707300861677,µg/m³,4
2025-10-13 15:00:00+00:00,Karachi,41.143893513856106,µg/m³,3
2025-10-13 16:00:00+00:00,Karachi,46.061736162503564,µg/m³,3
2025-10-13 17:00:00+00:00,Karachi,63.55540740401656,µg/m³,3
2025-10-13 18:00:00+00:00,Karachi,80.12243999198631,µg/m³,3
2025-10-13 19:00:00+00:00,Karachi,54.97306933932833,µg/m³,3
2025-10-13 20:00:00+00:00,Karachi,52.86413875244282,µg/m³,3
2025-10-13 21:00:00+00:00,Karachi,85.59089817559277,µg/m³,3
2025-10-13 22:00:00+00:00,Karachi,68.80876365237766,µg/m³,3
2025-10-13 23:00:00+00:00,Karachi,40.72655070975974,µg/m³,3
2025-10-14 00:00:00+00:00,Karachi,45.04267147028887,µg/m³,3
2025-10-14 01:00:00+00:00,Karachi,47.502185086850766,µg/m³,3
2025-10-14 02:00:00+00:00,Karachi,53.5704722934299,µg/m³,3
2025-10-14 03:00:00+00:00,Karachi,47.36724948883056,µg/m³,4
2025-10-14 04:00:00+00:00,Karachi,40.73905213872591,µg/m³,4
2025-10-14 05:00:00+00:00,Karachi,32.6491305451923,µg/m³,5
2025-10-14 06:00:00+00:00,Karachi,28.910638817681207,µg/m³,5
2025-10-14 07:00:00+00:00,Karachi,28.71104996840159,µg/m³,5
2025-10-14 08:00:00+00:00,Karachi,27.176988869243196,µg/m³,5
2025-10-14 09:00:00+00:00,Karachi,26.837888907326594,µg/m³,5
2025-10-14 10:00:00+00:00,Karachi,27.028375029563904,µg/m³,5
2025-10-14 11:00:00+00:00,Karachi,27.720086147520277,µg/m³,5
2025-10-14 12:00:00+00:00,Karachi,28.947374995549524,µg/m³,5
2025-10-14 13:00:00+00:00,Karachi,36.03587496386634,µg/m³,5
2025-10-14 14:00:00+00:00,Karachi,41.35281269749006,µg/m³,4
2025-10-14 15:00:00+00:00,Karachi,39.423020786046976,µg/m³,4
2025-10-14 16:00:00+00:00,Karachi,36.614423588249416,µg/m³,4
2025-10-14 17:00:00+00:00,Karachi,53.63631599280569,µg/m³,4
2025-10-14 18:00:00+00:00,Karachi,51.085829920238915,µg/m³,4
2025-10-14 19:00:00+00:00,Karachi,41.78295137617323,µg/m³,4
2025-10-14 20:00:00+00:00,Karachi,40.22897918224335,µg/m³,4
2025-10-14 21:00:00+00:00,Karachi,36.25256601174672,µg/m³,4
2025-10-14 22:00:00+00:00,Karachi,34.1294686794281,µg/m³,4
2025-10-14 23:00:00+00:00,Karachi,39.719625091552736,µg/m³,4
2025-10-15 00:00:00+00:00,Karachi,41.53162142899301,µg/m³,4
2025-10-15 01:00:00+00:00,Karachi,53.69778113365173,µg/m³,4
2025-10-15 02:00:00+00:00,Karachi,53.22875707414415,µg/m³,4
2025-10-15 03:00:00+00:00,Karachi,53.971156263351446,µg/m³,4
2025-10-15 04:00:00+00:00,Karachi,47.825107571813795,µg/m³,4
2025-10-15 05:00:00+00:00,Karachi,42.413173760308155,µg/m³,4
2025-10-15 06:00:00+00:00,Karachi,33.79338896009657,µg/m³,4
2025-10-15 07:00:00+00:00,Karachi,28.14574642446306,µg/m³,4
2025-10-15 08:00:00+00:00,Karachi,26.60870835251279,µg/m³,4
2025-10-15 09:00:00+00:00,Karachi,27.88716668950187,µg/m³,4
2025-10-15 10:00:00+00:00,Karachi,26.48216317825847,µg/m³,4
2025-10-15 11:00:00+00:00,Karachi,28.67301046318478,µg/m³,4
2025-10-15 12:00:00+00:00,Karachi,29.146569408973058,µg/m³,4
2025-10-15 13:00:00+00:00,Karachi,42.15655214389165,µg/m³,4
2025-10-15 14:00:00+00:00,Karachi,74.51984393596649,µg/m³,4
2025-10-15 15:00:00+00:00,Karachi,75.76403129498165,µg/m³,4
2025-10-15 16:00:00+00:00,Karachi,67.27716652552287,µg/m³,4
2025-10-15 17:00:00+00:00,Karachi,46.420822858148156,µg/m³,4
2025-10-15 18:00:00+00:00,Karachi,46.20150338742468,µg/m³,4
2025-10-15 19:00:00+00:00,Karachi,37.2404409163528,µg/m³,4
2025-10-15 20:00:00+00:00,Karachi,42.61863533655803,µg/m³,4
2025-10-15 21:00:00+00:00,Karachi,47.4592188358307,µg/m³,4
2025-10-15 22:00:00+00:00,Karachi,47.98232283592223,µg/m³,4
2025-10-15 23:00:00+00:00,Karachi,39.937673545546,µg/m³,4
2025-10-16 00:00:00+00:00,Karachi,44.32300342453851,µg/m³,4
2025-10-16 01:00:00+00:00,Karachi,48.33411100175646,µg/m³,4
2025-10-16 02:00:00+00:00,Karachi,55.084458414713545,µg/m³,4
2025-10-16 03:00:00+00:00,Karachi,74.97771524853177,µg/m³,4
2025-10-16 04:00:00+00:00,Karachi,66.95955899026659,µg/m³,4
2025-10-16 05:00:00+00:00,Karachi,56.93547910054525,µg/m³,4
2025-10-16 06:00:00+00:00,Karachi,53.431037368597806,µg/m³,3
2025-10-16 07:00:00+00:00,Karachi,66.19628741299664,µg/m³,3
2025-10-16 08:00:00+00:00,Karachi,55.053277884589306,µg/m³,3
2025-10-16 09:00:00+00:00,Karachi,37.07197220855289,µg/m³,3
2025-10-16 10:00:00+00:00,Karachi,30.477500049273175,µg/m³,3
2025-10-16 11:00:00+00:00,Karachi,31.012788354347048,µg/m³,3
2025-10-16 12:00:00+00:00,Karachi,32.92544890774621,µg/m³,3
2025-10-16 13:00:00+00:00,Karachi,41.65272233486176,µg/m³,3
2025-10-16 14:00:00+00:00,Karachi,56.06874550007007,µg/m³,3
2025-10-16 15:00:00+00:00,Karachi,64.63324091875995,µg/m³,3
2025-10-16 16:00:00+00:00,Karachi,63.646921461599845,µg/m³,3
2025-10-16 17:00:00+00:00,Karachi,69.02613889906142,µg/m³,3
2025-10-16 18:00:00+00:00,Karachi,81.444166692098,µg/m³,3
2025-10-16 19:00:00+00:00,Karachi,73.00263896518284,µg/m³,3
2025-10-16 20:00:00+00:00,Karachi,80.00469440884059,µg/m³,3
2025-10-16 21:00:00+00:00,Karachi,97.4656111823188,µg/m³,3
2025-10-16 22:00:00+00:00,Karachi,93.14493512754088,µg/m³,3
2025-10-16 23:00:00+00:00,Karachi,88.90544900540952,µg/m³,3
2025-10-17 00:00:00+00:00,Karachi,89.72990275488958,µg/m³,3
2025-10-17 01:00:00+00:00,Karachi,140.61981002666332,µg/m³,3
2025-10-17 02:00:00+00:00,Karachi,91.53877811431884,µg/m³,3
2025-10-17 03:00:00+00:00,Karachi,46.67945380034269,µg/m³,3
2025-10-17 04:00:00+00:00,Karachi,51.724583307902016,µg/m³,3
2025-10-17 05:00:00+00:00,Karachi,72.59495384781448,µg/m³,3
2025-10-17 06:00:00+00:00,Karachi,65.43709718916152,µg/m³,3
2025-10-17 07:00:00+00:00,Karachi,61.36865738409537,µg/m³,3
2025-10-17 08:00:00+00:00,Karachi,58.10122686668678,µg/m³,3
2025-10-17 09:00:00+00:00,Karachi,39.38258326141922,µg/m³,3
2025-10-17 10:00:00+00:00,Karachi,32.08190290398068,µg/m³,2
2025-10-17 11:00:00+00:00,Karachi,34.06954176425934,µg/m³,2
2025-10-17 12:00:00+00:00,Karachi,35.07300011316935,µg/m³,2
2025-10-17 13:00:00+00:00,Karachi,46.49127066930135,µg/m³,2
2025-10-17 14:00:00+00:00,Karachi,51.268062305450435,µg/m³,2
2025-10-17 15:00:00+00:00,Karachi,64.05190274980333,µg/m³,2
2025-10-17 16:00:00+00:00,Karachi,64.68145821889243,µg/m³,2
2025-10-17 17:00:00+00:00,Karachi,66.25970815022787,µg/m³,2
2025-10-17 18:00:00+00:00,Karachi,56.91449985504151,µg/m³,2
2025-10-17 19:00:00+00:00,Karachi,67.04745801289876,µg/m³,2
2025-10-17 20:00:00+00:00,Karachi,57.917000198364256,µg/m³,2
2025-10-17 21:00:00+00:00,Karachi,52.11106214523315,µg/m³,2
2025-10-17 22:00:00+00:00,Karachi,41.41084013647503,µg/m³,2
2025-10-17 23:00:00+00:00,Karachi,39.87799987792969,µg/m³,2
2025-10-18 00:00:00+00:00,Karachi,58.43602069218954,µg/m³,2
2025-10-18 01:00:00+00:00,Karachi,55.10717373953925,µg/m³,2
2025-10-18 02:00:00+00:00,Karachi,67.83347889582316,µg/m³,2
2025-10-18 03:00:00+00:00,Karachi,78.25687522888182,µg/m³,2
2025-10-18 04:00:00+00:00,Karachi,67.72067363527087,µg/m³,2
2025-10-18 05:00:00+00:00,Karachi,70.00104185740152,µg/m³,1
2025-10-18 06:00:00+00:00,Karachi,66.90712490081788,µg/m³,1
2025-10-18 07:00:00+00:00,Karachi,62.87187480926514,µg/m³,1
2025-10-18 08:00:00+00:00,Karachi,49.4757916132609,µg/m³,1
2025-10-18 09:00:00+00:00,Karachi,36.09783341089884,µg/m³,1
2025-10-18 10:00:00+00:00,Karachi,31.369055416848926,µg/m³,1
2025-10-18 11:00:00+00:00,Karachi,31.608416398366288,µg/m³,1
2025-10-18 12:00:00+00:00,Karachi,30.668777841991844,µg/m³,1
2025-10-18 13:00:00+00:00,Karachi,39.36274983088176,µg/m³,1
2025-10-18 14:00:00+00:00,Karachi,53.69754187266032,µg/m³,1
2025-10-18 15:00:00+00:00,Karachi,52.74059749179416,µg/m³,2
2025-10-18 16:00:00+00:00,Karachi,54.336145814259844,µg/m³,2
2025-10-18 17:00:00+00:00,Karachi,54.040618122948544,µg/m³,2
2025-10-18 18:00:00+00:00,Karachi,48.81666685740153,µg/m³,2
2025-10-18 19:00:00+00:00,Karachi,45.951833470662436,µg/m³,2
2025-10-18 20:00:00+00:00,Karachi,46.596229139963796,µg/m³,2
2025-10-18 21:00:00+00:00,Karachi,41.495812511444086,µg/m³,2
2025-10-18 22:00:00+00:00,Karachi,42.10954174598058,µg/m³,2
2025-10-18 23:00:00+00:00,Karachi,49.5057497660319,µg/m³,2
2025-10-19 00:00:00+00:00,Karachi,47.46081247329712,µg/m³,2
2025-10-19 01:00:00+00:00,Karachi,62.680520852406815,µg/m³,2
2025-10-19 02:00:00+00:00,Karachi,56.59106245040894,µg/m³,2
2025-10-19 03:00:00+00:00,Karachi,51.161270745595296,µg/m³,2
2025-10-19 04:00:00+00:00,Karachi,56.06647907892863,µg/m³,2
2025-10-19 05:00:00+00:00,Karachi,50.564999930063884,µg/m³,1
2025-10-19 06:00:00+00:00,Karachi,33.578861143853935,µg/m³,2
2025-10-19 07:00:00+00:00,Karachi,25.237555546230737,µg/m³,1
2025-10-19 08:00:00+00:00,Karachi,26.810416674613954,µg/m³,2
2025-10-19 09:00:00+00:00,Karachi,25.949749986330673,µg/m³,2
2025-10-19 10:00:00+00:00,Karachi,25.12875003019969,µg/m³,2
2025-10-19 11:00:00+00:00,Karachi,25.195083289676248,µg/m³,2
2025-10-19 12:00:00+00:00,Karachi,25.644645829995476,µg/m³,2
2025-10-19 13:00:00+00:00,Karachi,42.33657645516925,µg/m³,2
2025-10-19 14:00:00+00:00,Karachi,42.92670836846034,µg/m³,2
2025-10-19 15:00:00+00:00,Karachi,47.527604055404666,µg/m³,2
2025-10-19 16:00:00+00:00,Karachi,48.633701186709935,µg/m³,2
2025-10-19 17:00:00+00:00,Karachi,42.42960392634074,µg/m³,2
2025-10-19 18:00:00+00:00,Karachi,42.00543049706353,µg/m³,2
2025-10-19 19:00:00+00:00,Karachi,43.59158356984456,µg/m³,2
2025-10-19 20:00:00+00:00,Karachi,45.00818738937379,µg/m³,2
2025-10-19 21:00:00+00:00,Karachi,36.07952096064885,µg/m³,2
2025-10-19 22:00:00+00:00,Karachi,31.631666711966197,µg/m³,2
2025-10-19 23:00:00+00:00,Karachi,35.6775137397978,µg/m³,2
2025-10-20 00:00:00+00:00,Karachi,40.51322913169861,µg/m³,2
2025-10-20 01:00:00+00:00,Karachi,59.08748599158393,µg/m³,2
2025-10-20 02:00:00+00:00,Karachi,75.48297936121622,µg/m³,2
2025-10-20 03:00:00+00:00,Karachi,105.26910416285196,µg/m³,2
2025-10-20 04:00:00+00:00,Karachi,100.17020848592122,µg/m³,2
2025-10-20 08:00:00+00:00,Karachi,45.32448596424527,µg/m³,2
2025-10-20 09:00:00+00:00,Karachi,44.721395758787786,µg/m³,2
2025-10-20 10:00:00+00:00,Karachi,40.93381256262462,µg/m³,2
2025-10-20 11:00:00+00:00,Karachi,39.29466656843821,µg/m³,2
2025-10-20 12:00:00+00:00,Karachi,35.09681792692704,µg/m³,1
2025-10-20 13:00:00+00:00,Karachi,37.88233336607615,µg/m³,1
2025-10-20 14:00:00+00:00,Karachi,35.198624992370604,µg/m³,1
2025-10-20 15:00:00+00:00,Karachi,44.40052774217393,µg/m³,1
2025-10-20 16:00:00+00:00,Karachi,59.96094428168402,µg/m³,1
2025-10-20 17:00:00+00:00,Karachi,80.17573596106637,µg/m³,1
2025-10-20 18:00:00+00:00,Karachi,51.47793072594536,µg/m³,1
2025-10-20 19:00:00+00:00,Karachi,37.66047206454807,µg/m³,1
2025-10-20 20:00:00+00:00,Karachi,54.31529146830242,µg/m³,2
2025-10-20 21:00:00+00:00,Karachi,51.38751358323627,µg/m³,2
2025-10-20 22:00:00+00:00,Karachi,41.60673635270861,µg/m³,2
2025-10-20 23:00:00+00:00,Karachi,55.09346530702379,µg/m³,2
2025-10-21 00:00:00+00:00,Karachi,85.4454999923706,µg/m³,2
2025-10-21 01:00:00+00:00,Karachi,120.94995109770032,µg/m³,2
2025-10-21 02:00:00+00:00,Karachi,80.3270835240682,µg/m³,2
2025-10-21 03:00:00+00:00,Karachi,93.91663196351793,µg/m³,2
2025-10-21 04:00:00+00:00,Karachi,90.4462639066908,µg/m³,2
2025-10-21 05:00:00+00:00,Karachi,70.67647224002414,µg/m³,2
2025-10-21 06:00:00+00:00,Karachi,54.102618270450165,µg/m³,2
2025-10-21 07:00:00+00:00,Karachi,72.4139165242513,µg/m³,2
2025-10-21 08:00:00+00:00,Karachi,84.40795834859212,µg/m³,2
2025-10-21 09:00:00+00:00,Karachi,91.75624987284343,µg/m³,2
2025-10-21 10:00:00+00:00,Karachi,67.02547240787082,µg/m³,2
2025-10-21 11:00:00+00:00,Karachi,61.800353844960526,µg/m³,2
2025-10-21 12:00:00+00:00,Karachi,67.10051367017958,µg/m³,2
2025-10-21 13:00:00+00:00,Karachi,86.16601367526584,µg/m³,2
2025-10-21 14:00:00+00:00,Karachi,108.71410392125449,µg/m³,2
2025-10-21 15:00:00+00:00,Karachi,122.10013434381196,µg/m³,2
2025-10-21 16:00:00+00:00,Karachi,104.36486796273125,µg/m³,2
2025-10-21 17:00:00+00:00,Karachi,85.95288870069714,µg/m³,2
2025-10-21 18:00:00+00:00,Karachi,89.2488471561008,µg/m³,2
2025-10-21 19:00:00+00:00,Karachi,100.86547956466674,µg/m³,2
2025-10-21 20:00:00+00:00,Karachi,99.37555556827121,µg/m³,2
2025-10-21 21:00:00+00:00,Karachi,91.59496492809718,µg/m³,2
2025-10-21 22:00:00+00:00,Karachi,72.31479155222576,µg/m³,2
2025-10-21 23:00:00+00:00,Karachi,67.90531282424928,µg/m³,2
2025-10-22 00:00:00+00:00,Karachi,65.06541659037272,µg/m³,2
2025-10-22 01:00:00+00:00,Karachi,67.76347901026408,µg/m³,2
2025-10-22 02:00:00+00:00,Karachi,63.264729022979736,µg/m³,2
2025-10-22 03:00:00+00:00,Karachi,68.07401379479303,µg/m³,2
2025-10-22 04:00:00+00:00,Karachi,66.68780564202203,µg/m³,2
2025-10-22 05:00:00+00:00,Karachi,60.07057653003269,µg/m³,2
2025-10-22 06:00:00+00:00,Karachi,58.86529156366984,µg/m³,2
2025-10-22 07:00:00+00:00,Karachi,50.91378300984701,µg/m³,2
2025-10-22 08:00:00+00:00,Karachi,47.163201321495904,µg/m³,2
2025-10-22 09:00:00+00:00,Karachi,43.75627082188924,µg/m³,2
2025-10-22 10:00:00+00:00,Karachi,44.470795475352894,µg/m³,2
2025-10-22 11:00:00+00:00,Karachi,52.115045374090016,µg/m³,2
2025-10-22 12:00:00+00:00,Karachi,55.20080581241184,µg/m³,2
2025-10-22 13:00:00+00:00,Karachi,68.74453467263116,µg/m³,2
2025-10-22 14:00:00+00:00,Karachi,80.46734022564358,µg/m³,2
2025-10-22 15:00:00+00:00,Karachi,87.9347915649414,µg/m³,2
2025-10-22 16:00:00+00:00,Karachi,94.59411110348171,µg/m³,2
2025-10-22 17:00:00+00:00,Karachi,101.31210432052612,µg/m³,2
2025-10-22 18:00:00+00:00,Karachi,109.58907647662693,µg/m³,2
2025-10-22 19:00:00+00:00,Karachi,132.01822219424776,µg/m³,2
2025-10-22 20:00:00+00:00,Karachi,136.16118733088175,µg/m³,2
2025-10-22 21:00:00+00:00,Karachi,124.18154876497057,µg/m³,2
2025-10-22 22:00:00+00:00,Karachi,116.0250416437785,µg/m³,2
2025-10-22 23:00:00+00:00,Karachi,93.46747910181682,µg/m³,2
2025-10-23 00:00:00+00:00,Karachi,76.91115269131132,µg/m³,2
2025-10-23 01:00:00+00:00,Karachi,68.39895814259847,µg/m³,2
2025-10-23 02:00:00+00:00,Karachi,76.54135414759318,µg/m³,2
2025-10-23 03:00:00+00:00,Karachi,94.66472927729288,µg/m³,2
2025-10-23 04:00:00+00:00,Karachi,84.47293736139933,µg/m³,2
2025-10-23 05:00:00+00:00,Karachi,70.05765245225695,µg/m³,2
2025-10-23 06:00:00+00:00,Karachi,52.90764570236206,µg/m³,2
2025-10-23 07:00:00+00:00,Karachi,51.52895838419596,µg/m³,2
2025-10-23 08:00:00+00:00,Karachi,56.86487129673813,µg/m³,2
2025-10-23 09:00:00+00:00,Karachi,61.1915900654263,µg/m³,2
2025-10-23 10:00:00+00:00,Karachi,59.864784802330874,µg/m³,2
2025-10-23 11:00:00+00:00,Karachi,53.964708137512204,µg/m³,2
2025-10-23 12:00:00+00:00,Karachi,51.98420842488608,µg/m³,2
2025-10-23 13:00:00+00:00,Karachi,71.35488893720837,µg/m³,2
2025-10-23 14:00:00+00:00,Karachi,121.60966657002767,µg/m³,2
2025-10-23 15:00:00+00:00,Karachi,108.30914583206177,µg/m³,2
2025-10-23 16:00:00+00:00,Karachi,134.09718758265177,µg/m³,2
2025-10-23 17:00:00+00:00,Karachi,199.82362511952718,µg/m³,2
2025-10-23 18:00:00+00:00,Karachi,218.8333474053277,µg/m³,2
2025-10-23 19:00:00+00:00,Karachi,231.0489375114441,µg/m³,2
2025-10-23 20:00:00+00:00,Karachi,247.61856307983396,µg/m³,2
2025-10-23 21:00:00+00:00,Karachi,239.96675004959107,µg/m³,2
2025-10-23 22:00:00+00:00,Karachi,179.93306226730346,µg/m³,2
2025-10-23 23:00:00+00:00,Karachi,123.8489862230089,µg/m³,2
2025-10-24 00:00:00+00:00,Karachi,98.28295853932698,µg/m³,2
2025-10-24 01:00:00+00:00,Karachi,79.97268762588502,µg/m³,2
2025-10-24 02:00:00+00:00,Karachi,76.3328958829244,µg/m³,2
2025-10-24 03:00:00+00:00,Karachi,72.81024302376642,µg/m³,2
2025-10-24 04:00:00+00:00,Karachi,67.50989611943562,µg/m³,2
2025-10-24 05:00:00+00:00,Karachi,63.88997933069865,µg/m³,2
2025-10-24 06:00:00+00:00,Karachi,79.28677779303656,µg/m³,2
2025-10-24 07:00:00+00:00,Karachi,68.72082620196872,µg/m³,2
2025-10-24 08:00:00+00:00,Karachi,62.0159025616116,µg/m³,2
2025-10-24 09:00:00+00:00,Karachi,54.63470146391127,µg/m³,2
2025-10-24 10:00:00+00:00,Karachi,49.52474306954278,µg/m³,2
2025-10-24 11:00:00+00:00,Karachi,49.55654844707912,µg/m³,2
2025-10-24 12:00:00+00:00,Karachi,58.755770715077716,µg/m³,2
2025-10-24 13:00:00+00:00,Karachi,113.3228955904643,µg/m³,2
2025-10-24 14:00:00+00:00,Karachi,123.96709711286756,µg/m³,2
2025-10-24 15:00:00+00:00,Karachi,149.77974286609225,µg/m³,2
2025-10-24 16:00:00+00:00,Karachi,162.16173602210154,µg/m³,2
2025-10-24 17:00:00+00:00,Karachi,143.4942641788059,µg/m³,2
2025-10-24 18:00:00+00:00,Karachi,150.0898750305176,µg/m³,2
2025-10-24 19:00:00+00:00,Karachi,171.5905208905538,µg/m³,2
2025-10-24 20:00:00+00:00,Karachi,213.45530537499326,µg/m³,2
2025-10-24 21:00:00+00:00,Karachi,163.00537535349525,µg/m³,2
2025-10-24 22:00:00+00:00,Karachi,74.82067363527086,µg/m³,2
2025-10-24 23:00:00+00:00,Karachi,65.74706239700318,µg/m³,2
2025-10-25 00:00:00+00:00,Karachi,64.2481248855591,µg/m³,2
2025-10-25 01:00:00+00:00,Karachi,58.42089579900106,µg/m³,2
2025-10-25 02:00:00+00:00,Karachi,48.84566694895426,µg/m³,2
2025-10-25 03:00:00+00:00,Karachi,52.688937473297116,µg/m³,2
2025-10-25 04:00:00+00:00,Karachi,56.04829865561591,µg/m³,2
2025-10-25 05:00:00+00:00,Karachi,63.734166781107575,µg/m³,2
2025-10-25 06:00:00+00:00,Karachi,56.37093763351441,µg/m³,2
2025-10-25 07:00:00+00:00,Karachi,52.67170817057291,µg/m³,2
2025-10-25 08:00:00+00:00,Karachi,43.49286815855238,µg/m³,2
2025-10-25 09:00:00+00:00,Karachi,44.80685421625773,µg/m³,2
2025-10-25 10:00:00+00:00,Karachi,46.63147923151652,µg/m³,2
2025-10-25 11:00:00+00:00,Karachi,46.82449995676676,µg/m³,2
2025-10-25 12:00:00+00:00,Karachi,54.25137500762939,µg/m³,2
2025-10-25 13:00:00+00:00,Karachi,96.23069430457221,µg/m³,2
2025-10-25 14:00:00+00:00,Karachi,115.08372213575576,µg/m³,2
2025-10-25 15:00:00+00:00,Karachi,101.24887498219809,µg/m³,2
2025-10-25 16:00:00+00:00,Karachi,100.16851408216688,µg/m³,2
2025-10-25 17:00:00+00:00,Karachi,79.22892368104723,µg/m³,2
2025-10-25 18:00:00+00:00,Karachi,87.05505563947891,µg/m³,2
2025-10-25 19:00:00+00:00,Karachi,81.39595138761732,µg/m³,2
2025-10-25 20:00:00+00:00,Karachi,60.07002070744832,µg/m³,2
2025-10-25 21:00:00+00:00,Karachi,59.75150012969971,µg/m³,2
2025-10-25 23:00:00+00:00,Karachi,60.86475003560384,µg/m³,2
2025-10-26 00:00:00+00:00,Karachi,62.9189511511061,µg/m³,2
2025-10-26 01:00:00+00:00,Karachi,68.06239589055379,µg/m³,2
2025-10-26 02:00:00+00:00,Karachi,74.88961128658718,µg/m³,2
2025-10-26 03:00:00+00:00,Karachi,74.60518751144409,µg/m³,2
2025-10-26 04:00:00+00:00,Karachi,65.4710207303365,µg/m³,2
2025-10-26 05:00:00+00:00,Karachi,51.605146058400464,µg/m³,2
2025-10-26 06:00:00+00:00,Karachi,47.408166758219394,µg/m³,2
2025-10-26 07:00:00+00:00,Karachi,46.426312351226805,µg/m³,2
2025-10-26 08:00:00+00:00,Karachi,44.06499321195815,µg/m³,2
2025-10-26 09:00:00+00:00,Karachi,40.72574996948242,µg/m³,2
2025-10-26 10:00:00+00:00,Karachi,41.110791842142746,µg/m³,2
2025-10-26 11:00:00+00:00,Karachi,42.652416674296056,µg/m³,2
2025-10-26 12:00:00+00:00,Karachi,43.9000830968221,µg/m³,2
2025-10-26 13:00:00+00:00,Karachi,49.08253465228611,µg/m³,2
2025-10-26 14:00:00+00:00,Karachi,55.18950017293294,µg/m³,2
2025-10-26 15:00:00+00:00,Karachi,58.68006238937378,µg/m³,2
2025-10-26 16:00:00+00:00,Karachi,62.62562529246013,µg/m³,2
2025-10-26 17:00:00+00:00,Karachi,60.63935422897339,µg/m³,2
2025-10-26 18:00:00+00:00,Karachi,54.513750076293945,µg/m³,2
2025-10-26 19:00:00+00:00,Karachi,53.712020905812594,µg/m³,2
2025-10-26 20:00:00+00:00,Karachi,52.188666598002115,µg/m³,2
2025-10-26 21:00:00+00:00,Karachi,59.427770646413165,µg/m³,2
2025-10-26 22:00:00+00:00,Karachi,60.31980561150445,µg/m³,2
2025-10-26 23:00:00+00:00,Karachi,59.89897934595743,µg/m³,2
2025-10-27 00:00:00+00:00,Karachi,59.54004185994466,µg/m³,2
2025-10-27 01:00:00+00:00,Karachi,58.541166941324875,µg/m³,2
2025-10-27 02:00:00+00:00,Karachi,61.17768716812134,µg/m³,2
2025-10-27 03:00:00+00:00,Karachi,62.27102073033651,µg/m³,2
2025-10-27 04:00:00+00:00,Karachi,51.618208440144855,µg/m³,2
2025-10-27 05:00:00+00:00,Karachi,45.25091667175293,µg/m³,2
2025-10-27 06:00:00+00:00,Karachi,44.765312735239675,µg/m³,2
2025-10-27 07:00:00+00:00,Karachi,43.769424149484344,µg/m³,2
2025-10-27 08:00:00+00:00,Karachi,42.888111753174755,µg/m³,2
2025-10-27 09:00:00+00:00,Karachi,44.19387518564861,µg/m³,2
2025-10-27 10:00:00+00:00,Karachi,44.28813853793674,µg/m³,1
2025-10-27 11:00:00+00:00,Karachi,49.30929152170818,µg/m³,1
2025-10-27 12:00:00+00:00,Karachi,52.86054159800211,µg/m³,1
2025-10-27 13:00:00+00:00,Karachi,55.17016626993814,µg/m³,1
2025-10-27 14:00:00+00:00,Karachi,63.838249969482426,µg/m³,1
2025-10-27 15:00:00+00:00,Karachi,58.9627498626709,µg/m³,1
2025-10-27 16:00:00+00:00,Karachi,52.44575004577637,µg/m³,1
2025-10-27 17:00:00+00:00,Karachi,62.11625022888183,µg/m³,1
2025-10-27 18:00:00+00:00,Karachi,60.11774978637695,µg/m³,1
2025-10-27 19:00:00+00:00,Karachi,65.55204168955485,µg/m³,1
2025-10-27 20:00:00+00:00,Karachi,72.20351412031386,µg/m³,1
2025-10-27 21:00:00+00:00,Karachi,74.42075004577636,µg/m³,1
2025-10-27 22:00:00+00:00,Karachi,73.21470788319905,µg/m³,1
2025-10-27 23:00:00+00:00,Karachi,73.10775032043456,µg/m³,1
2025-10-28 00:00:00+00:00,Karachi,80.67649993896485,µg/m³,1
2025-10-28 01:00:00+00:00,Karachi,78.0758752822876,µg/m³,1
2025-10-28 02:00:00+00:00,Karachi,82.42856951819525,µg/m³,1
2025-10-28 03:00:00+00:00,Karachi,78.06258328755698,µg/m³,1
2025-10-28 04:00:00+00:00,Karachi,66.80558331807454,µg/m³,1
2025-10-28 05:00:00+00:00,Karachi,67.92906249364216,µg/m³,3
2025-10-28 06:00:00+00:00,Karachi,62.40541228541621,µg/m³,3
2025-10-28 07:00:00+00:00,Karachi,54.964356309396244,µg/m³,3
2025-10-28 08:00:00+00:00,Karachi,52.98106474699798,µg/m³,3
2025-10-28 09:00:00+00:00,Karachi,54.23732417071307,µg/m³,3
2025-10-28 10:00:00+00:00,Karachi,53.583430586920834,µg/m³,3
2025-10-28 11:00:00+00:00,Karachi,52.359111192491326,µg/m³,3
2025-10-28 12:00:00+00:00,Karachi,53.579407402321145,µg/m³,3
2025-10-28 13:00:00+00:00,Karachi,62.35316670735676,µg/m³,3
2025-10-28 14:00:00+00:00,Karachi,67.53537948043258,µg/m³,3
2025-10-28 15:00:00+00:00,Karachi,73.02172198825413,µg/m³,3
2025-10-28 16:00:00+00:00,Karachi,79.72591671413845,µg/m³,3
2025-10-28 17:00:00+00:00,Karachi,81.012550940337,µg/m³,3
2025-10-28 18:00:00+00:00,Karachi,81.80597700189661,µg/m³,3
2025-10-28 19:00:00+00:00,Karachi,78.73709731631808,µg/m³,3
2025-10-28 20:00:00+00:00,Karachi,77.07533807401303,µg/m³,3
2025-10-28 21:00:00+00:00,Karachi,74.58360420862833,µg/m³,2
2025-10-28 22:00:00+00:00,Karachi,75.31977778540718,µg/m³,2
2025-10-28 23:00:00+00:00,Karachi,71.19970811208088,µg/m³,2
2025-10-29 00:00:00+00:00,Karachi,68.59602111180624,µg/m³,2
2025-10-29 01:00:00+00:00,Karachi,70.06479136149088,µg/m³,2
2025-10-29 02:00:00+00:00,Karachi,71.85232631895278,µg/m³,2
2025-10-29 03:00:00+00:00,Karachi,64.5611876487732,µg/m³,2
2025-10-29 04:00:00+00:00,Karachi,55.422166506449386,µg/m³,2
2025-10-29 05:00:00+00:00,Karachi,51.745666567484534,µg/m³,2
2025-10-29 06:00:00+00:00,Karachi,52.26920827229819,µg/m³,2
2025-10-29 07:00:00+00:00,Karachi,50.48405566745333,µg/m³,2
2025-10-29 08:00:00+00:00,Karachi,49.66010433832805,µg/m³,2
2025-10-29 09:00:00+00:00,Karachi,50.028124999999996,µg/m³,2
2025-10-29 10:00:00+00:00,Karachi,50.1805902587043,µg/m³,2
2025-10-29 11:00:00+00:00,Karachi,49.201750183105474,µg/m³,1
2025-10-29 12:00:00+00:00,Karachi,45.947666803995766,µg/m³,1
2025-10-29 13:00:00+00:00,Karachi,47.56895815531412,µg/m³,2
2025-10-29 14:00:00+00:00,Karachi,61.37768805821736,µg/m³,2
2025-10-29 15:00:00+00:00,Karachi,71.295791943868,µg/m³,1
2025-10-29 16:00:00+00:00,Karachi,82.9961668650309,µg/m³,1
2025-10-29 17:00:00+00:00,Karachi,83.45462512969969,µg/m³,2
2025-10-29 18:00:00+00:00,Karachi,80.56533330281576,µg/m³,2
2025-10-29 19:00:00+00:00,Karachi,78.25725689993965,µg/m³,2
2025-10-29 20:00:00+00:00,Karachi,78.46716658274332,µg/m³,2
2025-10-29 21:00:00+00:00,Karachi,76.78695844014484,µg/m³,2
2025-10-29 22:00:00+00:00,Karachi,74.92608331044515,µg/m³,2
2025-10-29 23:00:00+00:00,Karachi,75.5611737675137,µg/m³,2
2025-10-30 00:00:00+00:00,Karachi,76.57070107989841,µg/m³,2
2025-10-30 01:00:00+00:00,Karachi,77.12304159800212,µg/m³,2
2025-10-30 02:00:00+00:00,Karachi,83.09379196166992,µg/m³,2
2025-10-30 03:00:00+00:00,Karachi,82.04426398807101,µg/m³,2
2025-10-30 04:00:00+00:00,Karachi,73.63614581425985,µg/m³,2
2025-10-30 05:00:00+00:00,Karachi,65.18371500439113,µg/m³,2
2025-10-30 06:00:00+00:00,Karachi,57.38280992154722,µg/m³,3
2025-10-30 07:00:00+00:00,Karachi,56.04708584101513,µg/m³,3
2025-10-30 08:00:00+00:00,Karachi,51.415912070097754,µg/m³,3
2025-10-30 09:00:00+00:00,Karachi,53.58987492455376,µg/m³,3
2025-10-30 10:00:00+00:00,Karachi,55.823027504814995,µg/m³,3
2025-10-30 11:00:00+00:00,Karachi,57.30570366470902,µg/m³,3
2025-10-30 12:00:00+00:00,Karachi,53.73562980934426,µg/m³,3
2025-10-30 13:00:00+00:00,Karachi,63.98870817820231,µg/m³,3
2025-10-30 14:00:00+00:00,Karachi,70.96597222222222,µg/m³,3
2025-10-30 15:00:00+00:00,Karachi,81.0199629748309,µg/m³,3
2025-10-30 16:00:00+00:00,Karachi,74.11141662597656,µg/m³,3
2025-10-30 17:00:00+00:00,Karachi,68.82448601192898,µg/m³,3
2025-10-30 18:00:00+00:00,Karachi,61.57672216627333,µg/m³,3
2025-10-30 19:00:00+00:00,Karachi,54.450249989827476,µg/m³,3
2025-10-30 20:00:00+00:00,Karachi,57.67620830535889,µg/m³,3
2025-10-30 21:00:00+00:00,Karachi,55.96112503475613,µg/m³,3
2025-10-30 22:00:00+00:00,Karachi,55.22918967494258,µg/m³,3
2025-10-30 23:00:00+00:00,Karachi,59.53153229466191,µg/m³,3
2025-10-31 00:00:00+00:00,Karachi,64.00030551486545,µg/m³,3
2025-10-31 01:00:00+00:00,Karachi,67.03254172007242,µg/m³,3
2025-10-31 02:00:00+00:00,Karachi,74.38826385074191,µg/m³,3
2025-10-31 03:00:00+00:00,Karachi,85.80041669209798,µg/m³,3
2025-10-31 04:00:00+00:00,Karachi,96.21806480972856,µg/m³,3
2025-10-31 05:00:00+00:00,Karachi,111.9338009233828,µg/m³,3
2025-10-31 06:00:00+00:00,Karachi,129.64454165564644,µg/m³,3
2025-10-31 07:00:00+00:00,Karachi,125.9478704381872,µg/m³,3
2025-10-31 08:00:00+00:00,Karachi,107.44665742097078,µg/m³,3
2025-10-31 09:00:00+00:00,Karachi,105.56398618486192,µg/m³,3
2025-10-31 10:00:00+00:00,Karachi,124.46512508392334,µg/m³,3
2025-10-31 11:00:00+00:00,Karachi,127.45143974445483,µg/m³,3
2025-10-31 12:00:00+00:00,Karachi,135.56309706370038,µg/m³,3
2025-10-31 13:00:00+00:00,Karachi,126.93897217644586,µg/m³,3
2025-10-31 14:00:00+00:00,Karachi,128.82864809389469,µg/m³,3
2025-10-31 15:00:00+00:00,Karachi,126.91583799432824,µg/m³,3
2025-10-31 16:00:00+00:00,Karachi,132.48846294261793,µg/m³,3
2025-10-31 17:00:00+00:00,Karachi,183.46525481188738,µg/m³,3
2025-10-31 18:00:00+00:00,Karachi,176.93343943843135,µg/m³,3
2025-10-31 19:00:00+00:00,Karachi,144.21622221204967,µg/m³,3
2025-10-31 20:00:00+00:00,Karachi,108.88634709252251,µg/m³,3
2025-10-31 21:00:00+00:00,Karachi,86.84972212049696,µg/m³,3
2025-10-31 22:00:00+00:00,Karachi,109.95523615943063,µg/m³,3
2025-10-31 23:00:00+00:00,Karachi,80.1547221713596,µg/m³,3
2025-11-01 00:00:00+00:00,Karachi,67.52872246636285,µg/m³,3
2025-11-01 01:00:00+00:00,Karachi,74.30459711286757,µg/m³,3
2025-11-01 02:00:00+00:00,Karachi,87.64849522202103,µg/m³,3
2025-11-01 03:00:00+00:00,Karachi,102.25624999999998,µg/m³,3
2025-11-01 04:00:00+00:00,Karachi,133.08391660054522,µg/m³,3
2025-11-01 05:00:00+00:00,Karachi,123.008014149136,µg/m³,3
2025-11-01 06:00:00+00:00,Karachi,125.46513875325523,µg/m³,3
2025-11-01 07:00:00+00:00,Karachi,107.62495372913502,µg/m³,3
2025-11-01 08:00:00+00:00,Karachi,104.09255570305719,µg/m³,3
2025-11-01 09:00:00+00:00,Karachi,105.11920383594652,µg/m³,3
2025-11-01 10:00:00+00:00,Karachi,106.68833338419596,µg/m³,3
2025-11-01 11:00:00+00:00,Karachi,112.0341668446859,µg/m³,3
2025-11-01 12:00:00+00:00,Karachi,129.51448149504486,µg/m³,3
2025-11-01 13:00:00+00:00,Karachi,140.57748627132838,µg/m³,3
2025-11-01 14:00:00+00:00,Karachi,141.9520508589568,µg/m³,3
2025-11-01 15:00:00+00:00,Karachi,166.8764305326674,µg/m³,3
2025-11-01 16:00:00+00:00,Karachi,175.49236586535423,µg/m³,3
2025-11-01 17:00:00+00:00,Karachi,194.2189813119394,µg/m³,3
2025-11-01 18:00:00+00:00,Karachi,212.17827779981826,µg/m³,3
2025-11-01 19:00:00+00:00,Karachi,212.6831991478249,µg/m³,3
2025-11-01 20:00:00+00:00,Karachi,243.31616703316016,µg/m³,3
2025-11-01 21:00:00+00:00,Karachi,190.29932062360976,µg/m³,3
2025-11-01 22:00:00+00:00,Karachi,129.64675925925926,µg/m³,3
2025-11-01 23:00:00+00:00,Karachi,162.04208335876464,µg/m³,3
2025-11-02 00:00:00+00:00,Karachi,151.43719002759016,µg/m³,3
2025-11-02 01:00:00+00:00,Karachi,165.55068056318495,µg/m³,3
2025-11-02 02:00:00+00:00,Karachi,148.77211579923278,µg/m³,3
2025-11-02 03:00:00+00:00,Karachi,141.13178236926043,µg/m³,3
2025-11-02 04:00:00+00:00,Karachi,141.02238429740623,µg/m³,3
2025-11-02 05:00:00+00:00,Karachi,110.8219676900793,µg/m³,3
2025-11-02 06:00:00+00:00,Karachi,107.8212083392673,µg/m³,3
2025-11-02 07:00:00+00:00,Karachi,124.26372152257848,µg/m³,3
2025-11-02 08:00:00+00:00,Karachi,61.218178916271825,µg/m³,3
2025-11-02 09:00:00+00:00,Karachi,47.0036342550207,µg/m³,3
2025-11-02 10:00:00+00:00,Karachi,43.105208269755046,µg/m³,3
2025-11-02 11:00:00+00:00,Karachi,41.81045831044515,µg/m³,3
2025-11-02 12:00:00+00:00,Karachi,46.59393071068658,µg/m³,3
2025-11-02 13:00:00+00:00,Karachi,65.71519449022081,µg/m³,3
2025-11-02 14:00:00+00:00,Karachi,106.72056029284443,µg/m³,3
2025-11-02 15:00:00+00:00,Karachi,115.35361128913031,µg/m³,3
2025-11-02 16:00:00+00:00,Karachi,98.68116658528646,µg/m³,3
2025-11-02 17:00:00+00:00,Karachi,81.20793052249483,µg/m³,3
2025-11-02 18:00:00+00:00,Karachi,102.57493033938938,µg/m³,3
2025-11-02 19:00:00+00:00,Karachi,101.29791666666667,µg/m³,3
2025-11-02 20:00:00+00:00,Karachi,72.1496803495619,µg/m³,3
2025-11-02 21:00:00+00:00,Karachi,61.42277785407172,µg/m³,3
2025-11-02 22:00:00+00:00,Karachi,50.12712484995524,µg/m³,3
2025-11-02 23:00:00+00:00,Karachi,60.04911109076605,µg/m³,3
2025-11-03 00:00:00+00:00,Karachi,50.12980545891656,µg/m³,3
2025-11-03 01:00:00+00:00,Karachi,51.14011107550727,µg/m³,3
2025-11-03 02:00:00+00:00,Karachi,64.19266662597656,µg/m³,3
2025-11-03 03:00:00+00:00,Karachi,92.73647227817112,µg/m³,3
2025-11-03 04:00:00+00:00,Karachi,55.06329135894776,µg/m³,3
2025-11-03 05:00:00+00:00,Karachi,40.146527801619634,µg/m³,3
2025-11-03 06:00:00+00:00,Karachi,39.4374722427792,µg/m³,3
2025-11-03 07:00:00+00:00,Karachi,37.21992419560751,µg/m³,3
2025-11-03 08:00:00+00:00,Karachi,35.85579169591268,µg/m³,3
2025-11-03 09:00:00+00:00,Karachi,35.490550805021215,µg/m³,3
2025-11-03 10:00:00+00:00,Karachi,34.75131938722399,µg/m³,3
2025-11-03 11:00:00+00:00,Karachi,32.72838904327816,µg/m³,3
2025-11-03 12:00:00+00:00,Karachi,32.84358336925507,µg/m³,3
2025-11-03 13:00:00+00:00,Karachi,33.68432400138289,µg/m³,3
2025-11-03 14:00:00+00:00,Karachi,36.583777809143065,µg/m³,3
2025-11-03 15:00:00+00:00,Karachi,43.03352317103633,µg/m³,3
2025-11-03 16:00:00+00:00,Karachi,38.96190272437202,µg/m³,3
2025-11-03 17:00:00+00:00,Karachi,36.287791551484,µg/m³,3
2025-11-03 18:00:00+00:00,Karachi,34.918583310974974,µg/m³,3
2025-11-03 19:00:00+00:00,Karachi,34.433222119013465,µg/m³,3
2025-11-03 20:00:00+00:00,Karachi,35.020986146397064,µg/m³,3
2025-11-03 21:00:00+00:00,Karachi,37.90612494150798,µg/m³,3
2025-11-03 22:00:00+00:00,Karachi,47.84966672261556,µg/m³,3
2025-11-03 23:00:00+00:00,Karachi,59.94431951310899,µg/m³,3
2025-11-04 00:00:00+00:00,Karachi,71.76095829010009,µg/m³,3
2025-11-04 01:00:00+00:00,Karachi,89.17784731123182,µg/m³,3
2025-11-04 02:00:00+00:00,Karachi,110.47849310768974,µg/m³,3
2025-11-04 03:00:00+00:00,Karachi,87.37545820871988,µg/m³,3
2025-11-04 04:00:00+00:00,Karachi,75.51893058353001,µg/m³,3
2025-11-04 05:00:00+00:00,Karachi,45.76486109097798,µg/m³,3
2025-11-04 06:00:00+00:00,Karachi,33.49638881948259,µg/m³,3
2025-11-04 07:00:00+00:00,Karachi,32.930194352291245,µg/m³,3
2025-11-04 08:00:00+00:00,Karachi,30.535532421535915,µg/m³,3
2025-11-04 09:00:00+00:00,Karachi,27.339972217877705,µg/m³,3
2025-11-04 10:00:00+00:00,Karachi,28.315055566363863,µg/m³,3
2025-11-04 11:00:00+00:00,Karachi,33.227583424250284,µg/m³,2
2025-11-04 12:00:00+00:00,Karachi,33.7416998910904,µg/m³,3
2025-11-04 13:00:00+00:00,Karachi,46.97188894483778,µg/m³,3
2025-11-04 14:00:00+00:00,Karachi,68.0210694419013,µg/m³,3
2025-11-04 15:00:00+00:00,Karachi,72.56337490081786,µg/m³,3
2025-11-04 16:00:00+00:00,Karachi,57.11315267350938,µg/m³,3
2025-11-04 17:00:00+00:00,Karachi,45.73745835622152,µg/m³,3
2025-11-04 18:00:00+00:00,Karachi,45.735333379109704,µg/m³,3
2025-11-04 19:00:00+00:00,Karachi,45.65129172007243,µg/m³,3
2025-11-04 20:00:00+00:00,Karachi,46.689166641235346,µg/m³,3
2025-11-04 21:00:00+00:00,Karachi,43.23476399315729,µg/m³,3
2025-11-04 22:00:00+00:00,Karachi,35.33179146183863,µg/m³,3
2025-11-04 23:00:00+00:00,Karachi,31.78937503761715,µg/m³,3
2025-11-05 00:00:00+00:00,Karachi,33.978486312760246,µg/m³,3
2025-11-05 01:00:00+00:00,Karachi,31.055305629306364,µg/m³,3
2025-11-05 02:00:00+00:00,Karachi,35.1904722266727,µg/m³,3
2025-11-05 03:00:00+00:00,Karachi,43.80783322652181,µg/m³,3
2025-11-05 04:00:00+00:00,Karachi,39.85170824262831,µg/m³,3
2025-11-05 05:00:00+00:00,Karachi,40.37876374191708,µg/m³,3
2025-11-05 07:00:00+00:00,Karachi,25.23687507576413,µg/m³,3
2025-11-05 08:00:00+00:00,Karachi,25.31748605039385,µg/m³,3
2025-11-05 09:00:00+00:00,Karachi,27.803305578231814,µg/m³,3
2025-11-05 10:00:00+00:00,Karachi,30.88270848327213,µg/m³,3
2025-11-05 11:00:00+00:00,Karachi,43.11470827791427,µg/m³,3
2025-11-05 12:00:00+00:00,Karachi,44.71468075646295,µg/m³,3
2025-11-05 13:00:00+00:00,Karachi,51.850527869330506,µg/m³,3
2025-11-05 14:00:00+00:00,Karachi,78.06711112128365,µg/m³,3
2025-11-05 15:00:00+00:00,Karachi,101.75863872104223,µg/m³,3
2025-11-05 16:00:00+00:00,Karachi,124.79130562676325,µg/m³,3
2025-11-05 17:00:00+00:00,Karachi,116.07131931516858,µg/m³,3
2025-11-05 18:00:00+00:00,Karachi,72.73375002543132,µg/m³,3
2025-11-05 19:00:00+00:00,Karachi,77.86470817989773,µg/m³,3
2025-11-05 20:00:00+00:00,Karachi,80.81194449530709,µg/m³,3
2025-11-05 21:00:00+00:00,Karachi,96.35220826466877,µg/m³,3
2025-11-05 22:00:00+00:00,Karachi,116.34766667683918,µg/m³,3
2025-11-05 23:00:00+00:00,Karachi,96.92113487606957,µg/m³,3
2025-11-06 00:00:00+00:00,Karachi,81.15961104498969,µg/m³,3
2025-11-06 01:00:00+00:00,Karachi,67.74951390160454,µg/m³,3
2025-11-06 02:00:00+00:00,Karachi,58.544277615017364,µg/m³,3
2025-11-06 03:00:00+00:00,Karachi,58.38622228834364,µg/m³,3
2025-11-06 04:00:00+00:00,Karachi,58.03940274980332,µg/m³,3
2025-11-06 05:00:00+00:00,Karachi,59.22910487820403,µg/m³,3
2025-11-06 06:00:00+00:00,Karachi,70.45702098210653,µg/m³,2
2025-11-06 07:00:00+00:00,Karachi,79.70633328755697,µg/m³,2
2025-11-06 08:00:00+00:00,Karachi,65.13106260299683,µg/m³,2
2025-11-06 09:00:00+00:00,Karachi,51.613437747955324,µg/m³,2
2025-11-06 10:00:00+00:00,Karachi,52.983152749803324,µg/m³,2
2025-11-06 11:00:00+00:00,Karachi,58.97679889467028,µg/m³,2
2025-11-06 12:00:00+00:00,Karachi,66.73250020345051,µg/m³,2
2025-11-06 13:00:00+00:00,Karachi,50.845937442779544,µg/m³,2
2025-11-06 14:00:00+00:00,Karachi,54.55475006103515,µg/m³,2
2025-11-06 15:00:00+00:00,Karachi,56.77239592870076,µg/m³,2
2025-11-06 16:00:00+00:00,Karachi,55.84422482191915,µg/m³,3
2025-11-06 17:00:00+00:00,Karachi,60.551749928792326,µg/m³,3
2025-11-06 18:00:00+00:00,Karachi,83.70365267859565,µg/m³,3
2025-11-06 19:00:00+00:00,Karachi,100.66837507883707,µg/m³,3
2025-11-06 20:00:00+00:00,Karachi,88.94991671244304,µg/m³,3
2025-11-06 21:00:00+00:00,Karachi,72.70273638831243,µg/m³,3
2025-11-06 22:00:00+00:00,Karachi,74.87465284135607,µg/m³,3
2025-11-06 23:00:00+00:00,Karachi,73.97197235955132,µg/m³,3
2025-11-07 00:00:00+00:00,Karachi,78.44075012207031,µg/m³,3
2025-11-07 01:00:00+00:00,Karachi,110.36591669718423,µg/m³,3
2025-11-07 02:00:00+00:00,Karachi,143.21559730105932,µg/m³,3
2025-11-07 03:00:00+00:00,Karachi,162.53170795440673,µg/m³,3
2025-11-07 04:00:00+00:00,Karachi,105.36806956397163,µg/m³,3
2025-11-07 05:00:00+00:00,Karachi,81.49387493133544,µg/m³,3
2025-11-07 06:00:00+00:00,Karachi,61.2246803495619,µg/m³,3
2025-11-07 07:00:00+00:00,Karachi,47.0592221154107,µg/m³,3
2025-11-07 08:00:00+00:00,Karachi,35.8738610320621,µg/m³,3
2025-11-07 09:00:00+00:00,Karachi,37.241069581773544,µg/m³,3
2025-11-07 10:00:00+00:00,Karachi,31.218397961722477,µg/m³,3
2025-11-07 11:00:00+00:00,Karachi,29.503430551952786,µg/m³,3
2025-11-07 12:00:00+00:00,Karachi,35.75004151397281,µg/m³,3
2025-11-07 13:00:00+00:00,Karachi,48.54441655476888,µg/m³,3
2025-11-07 14:00:00+00:00,Karachi,77.00172729492188,µg/m³,3
2025-11-07 15:00:00+00:00,Karachi,91.12693051232232,µg/m³,3
2025-11-07 16:00:00+00:00,Karachi,74.54258346557617,µg/m³,3
2025-11-07 17:00:00+00:00,Karachi,60.15058339436849,µg/m³,3
2025-11-07 18:00:00+00:00,Karachi,61.51855578952365,µg/m³,3
2025-11-07 19:00:00+00:00,Karachi,108.70254530473188,µg/m³,3
2025-11-07 20:00:00+00:00,Karachi,60.78122236463758,µg/m³,3
2025-11-07 21:00:00+00:00,Karachi,54.31662502288819,µg/m³,3
2025-11-07 22:00:00+00:00,Karachi,57.09433326721191,µg/m³,3
2025-11-07 23:00:00+00:00,Karachi,71.31020857493083,µg/m³,3
2025-11-08 00:00:00+00:00,Karachi,102.85133349100748,µg/m³,3
2025-11-08 01:00:00+00:00,Karachi,83.13359707726373,µg/m³,3
2025-11-08 02:00:00+00:00,Karachi,97.43722224765354,µg/m³,3
2025-11-08 03:00:00+00:00,Karachi,69.82838913599652,µg/m³,3
2025-11-08 04:00:00+00:00,Karachi,26.024652772479588,µg/m³,3
2025-11-08 05:00:00+00:00,Karachi,20.41588886049059,µg/m³,3
2025-11-08 06:00:00+00:00,Karachi,11.974944448471069,µg/m³,3
2025-11-08 07:00:00+00:00,Karachi,12.836263887087503,µg/m³,3
2025-11-08 08:00:00+00:00,Karachi,12.714777776930068,µg/m³,3
2025-11-08 09:00:00+00:00,Karachi,13.091750005439474,µg/m³,3
2025-11-08 10:00:00+00:00,Karachi,14.124208341704476,µg/m³,3
2025-11-08 11:00:00+00:00,Karachi,12.69051851519832,µg/m³,3
2025-11-08 12:00:00+00:00,Karachi,16.05958332485623,µg/m³,3
2025-11-08 13:00:00+00:00,Karachi,24.838486123085023,µg/m³,3
2025-11-08 14:00:00+00:00,Karachi,23.56999998092651,µg/m³,3
2025-11-08 15:00:00+00:00,Karachi,29.142537025169087,µg/m³,3
2025-11-08 16:00:00+00:00,Karachi,33.01085168344003,µg/m³,3
2025-11-08 17:00:00+00:00,Karachi,35.67505558861626,µg/m³,3
2025-11-08 18:00:00+00:00,Karachi,52.10374992158679,µg/m³,3
2025-11-08 19:00:00+00:00,Karachi,51.12011126412285,µg/m³,3
2025-11-08 20:00:00+00:00,Karachi,36.670111105177135,µg/m³,3
2025-11-08 21:00:00+00:00,Karachi,63.68433329264323,µg/m³,3
2025-11-08 22:00:00+00:00,Karachi,65.00272216796876,µg/m³,3
2025-11-08 23:00:00+00:00,Karachi,115.8103336758084,µg/m³,3
2025-11-09 00:00:00+00:00,Karachi,79.73155551486546,µg/m³,3
2025-11-09 01:00:00+00:00,Karachi,81.06094453599718,µg/m³,3
2025-11-09 02:00:00+00:00,Karachi,99.64138904147677,µg/m³,3
2025-11-09 03:00:00+00:00,Karachi,93.62372241550024,µg/m³,3
2025-11-09 04:00:00+00:00,Karachi,50.241833241780604,µg/m³,3
2025-11-09 05:00:00+00:00,Karachi,27.139277913835315,µg/m³,3
2025-11-09 06:00:00+00:00,Karachi,30.1491666369968,µg/m³,3
2025-11-09 07:00:00+00:00,Karachi,36.65299987792969,µg/m³,3
2025-11-09 08:00:00+00:00,Karachi,31.694444370269775,µg/m³,3
2025-11-09 09:00:00+00:00,Karachi,12.178388871086966,µg/m³,3
2025-11-09 10:00:00+00:00,Karachi,6.6006666618916725,µg/m³,3
2025-11-09 11:00:00+00:00,Karachi,5.844611113601261,µg/m³,3
2025-11-09 12:00:00+00:00,Karachi,8.891277774175009,µg/m³,3
2025-11-09 13:00:00+00:00,Karachi,18.38511110941569,µg/m³,3
2025-11-09 14:00:00+00:00,Karachi,22.36566668616401,µg/m³,3
2025-11-09 15:00:00+00:00,Karachi,34.45941664377848,µg/m³,2
2025-11-09 16:00:00+00:00,Karachi,31.769749959309898,µg/m³,2
2025-11-09 17:00:00+00:00,Karachi,27.503750038146975,µg/m³,2
2025-11-09 18:00:00+00:00,Karachi,27.735666672388714,µg/m³,2
2025-11-09 19:00:00+00:00,Karachi,48.07025028864543,µg/m³,2
2025-11-09 20:00:00+00:00,Karachi,53.0245002746582,µg/m³,2
2025-11-09 21:00:00+00:00,Karachi,49.425083287556966,µg/m³,2
2025-11-09 22:00:00+00:00,Karachi,63.32766660054525,µg/m³,2
2025-11-09 23:00:00+00:00,Karachi,75.20158335367839,µg/m³,2
2025-11-10 00:00:00+00:00,Karachi,69.8249169031779,µg/m³,2
2025-11-10 01:00:00+00:00,Karachi,88.15322896639505,µg/m³,2
2025-11-10 02:00:00+00:00,Karachi,71.10841662089028,µg/m³,2
2025-11-10 03:00:00+00:00,Karachi,98.60966669718425,µg/m³,2
2025-11-10 04:00:00+00:00,Karachi,28.952666664123537,µg/m³,2
2025-11-10 05:00:00+00:00,Karachi,16.189000019431113,µg/m³,2
2025-11-10 06:00:00+00:00,Karachi,17.292833280563357,µg/m³,2
2025-11-10 07:00:00+00:00,Karachi,16.519583398103713,µg/m³,2
2025-11-10 08:00:00+00:00,Karachi,9.175000016887983,µg/m³,2
2025-11-10 09:00:00+00:00,Karachi,8.110999981562296,µg/m³,2
2025-11-10 10:00:00+00:00,Karachi,12.236000061035154,µg/m³,2
2025-11-10 11:00:00+00:00,Karachi,12.54833327929179,µg/m³,2
2025-11-10 12:00:00+00:00,Karachi,51.64466667175293,µg/m³,2
2025-11-10 13:00:00+00:00,Karachi,27.23072218365139,µg/m³,3
2025-11-10 14:00:00+00:00,Karachi,22.788833395640054,µg/m³,2
2025-11-10 15:00:00+00:00,Karachi,22.600249958038326,µg/m³,2
2025-11-10 16:00:00+00:00,Karachi,27.71391671498617,µg/m³,2
2025-11-10 17:00:00+00:00,Karachi,20.876333300272623,µg/m³,2
2025-11-10 18:00:00+00:00,Karachi,17.30983331998189,µg/m³,2
2025-11-10 19:00:00+00:00,Karachi,27.021833372116085,µg/m³,2
2025-11-10 20:00:00+00:00,Karachi,53.795916668574016,µg/m³,2
2025-11-10 21:00:00+00:00,Karachi,74.3461664835612,µg/m³,2
2025-11-10 22:00:00+00:00,Karachi,76.53633321126301,µg/m³,2
2025-11-10 23:00:00+00:00,Karachi,122.98483314514161,µg/m³,2
2025-11-11 00:00:00+00:00,Karachi,100.6401458422343,µg/m³,2
2025-11-11 01:00:00+00:00,Karachi,91.69691683451336,µg/m³,2
2025-11-11 02:00:00+00:00,Karachi,107.61466700236002,µg/m³,2
2025-11-11 03:00:00+00:00,Karachi,113.92924995422364,µg/m³,2
2025-11-11 04:00:00+00:00,Karachi,85.26808331807455,µg/m³,2
2025-11-11 05:00:00+00:00,Karachi,64.9957500298818,µg/m³,2
2025-11-11 06:00:00+00:00,Karachi,49.86399993896484,µg/m³,2
2025-11-11 07:00:00+00:00,Karachi,44.51958327293397,µg/m³,2
2025-11-11 08:00:00+00:00,Karachi,43.957083257039386,µg/m³,2
2025-11-11 09:00:00+00:00,Karachi,40.02681245803833,µg/m³,2
2025-11-11 10:00:00+00:00,Karachi,34.59433336257934,µg/m³,2
2025-11-11 11:00:00+00:00,Karachi,29.947250032424925,µg/m³,2
2025-11-11 12:00:00+00:00,Karachi,26.416861004299587,µg/m³,2
2025-11-11 13:00:00+00:00,Karachi,28.23858331044515,µg/m³,2
2025-11-11 14:00:00+00:00,Karachi,27.201333332061765,µg/m³,2
2025-11-11 15:00:00+00:00,Karachi,27.331750011444093,µg/m³,2
2025-11-11 16:00:00+00:00,Karachi,26.47597915728887,µg/m³,2
2025-11-11 17:00:00+00:00,Karachi,32.122166585922244,µg/m³,2
2025-11-11 18:00:00+00:00,Karachi,41.93191669782003,µg/m³,2
2025-11-11 19:00:00+00:00,Karachi,68.87808340390524,µg/m³,2
2025-11-11 20:00:00+00:00,Karachi,73.53199996948243,µg/m³,2
2025-11-11 21:00:00+00:00,Karachi,88.75991655985514,µg/m³,2
2025-11-11 22:00:00+00:00,Karachi,115.74324989318849,µg/m³,2
2025-11-11 23:00:00+00:00,Karachi,118.4055000305176,µg/m³,2
2025-11-12 00:00:00+00:00,Karachi,83.27600021362304,µg/m³,2
2025-11-12 01:00:00+00:00,Karachi,71.34558347066243,µg/m³,2
2025-11-12 02:00:00+00:00,Karachi,76.58991686503094,µg/m³,2
2025-11-12 03:00:00+00:00,Karachi,76.26375007629395,µg/m³,2
2025-11-12 04:00:00+00:00,Karachi,71.34599990844728,µg/m³,2
2025-11-12 05:00:00+00:00,Karachi,67.17641665140788,µg/m³,2
2025-11-12 12:00:00+00:00,Karachi,32.4732501745224,µg/m³,2
2025-11-12 13:00:00+00:00,Karachi,35.49308330217997,µg/m³,2
2025-11-12 14:00:00+00:00,Karachi,36.72771295618128,µg/m³,2
2025-11-12 15:00:00+00:00,Karachi,40.15808347066243,µg/m³,2
2025-11-12 16:00:00+00:00,Karachi,52.0083401468065,µg/m³,2
2025-11-12 17:00:00+00:00,Karachi,63.394583257039386,µg/m³,2
2025-11-12 18:00:00+00:00,Karachi,99.4084166208903,µg/m³,2
2025-11-12 19:00:00+00:00,Karachi,101.32483342488607,µg/m³,2
2025-11-12 20:00:00+00:00,Karachi,96.85312519073486,µg/m³,2
2025-11-12 21:00:00+00:00,Karachi,82.27958310445149,µg/m³,2
2025-11-12 22:00:00+00:00,Karachi,74.52091662089029,µg/m³,2
2025-11-12 23:00:00+00:00,Karachi,90.6470001220703,µg/m³,2
2025-11-13 00:00:00+00:00,Karachi,69.49291674296062,µg/m³,2
2025-11-13 01:00:00+00:00,Karachi,78.82900009155273,µg/m³,2
2025-11-13 02:00:00+00:00,Karachi,73.06631269454957,µg/m³,2
2025-11-13 03:00:00+00:00,Karachi,91.2301668802897,µg/m³,1
2025-11-13 04:00:00+00:00,Karachi,90.3159332784017,µg/m³,2
2025-11-13 06:00:00+00:00,Karachi,50.52600021362305,µg/m³,2
2025-11-13 07:00:00+00:00,Karachi,45.084666681289676,µg/m³,2
2025-11-13 08:00:00+00:00,Karachi,44.192833455403644,µg/m³,2
2025-11-13 09:00:00+00:00,Karachi,42.6305624961853,µg/m³,2
2025-11-13 10:00:00+00:00,Karachi,40.771667003631585,µg/m³,2
2025-11-13 11:00:00+00:00,Karachi,30.899666659037273,µg/m³,2
2025-11-13 12:00:00+00:00,Karachi,33.53033334414164,µg/m³,2
2025-11-13 13:00:00+00:00,Karachi,32.70691658655803,µg/m³,2
2025-11-13 14:00:00+00:00,Karachi,35.41558318138123,µg/m³,2
2025-11-13 15:00:00+00:00,Karachi,58.18175010681152,µg/m³,2
2025-11-13 16:00:00+00:00,Karachi,112.18850021362303,µg/m³,2
2025-11-13 17:00:00+00:00,Karachi,112.91674995422363,µg/m³,2
2025-11-13 18:00:00+00:00,Karachi,87.02374992370606,µg/m³,2
2025-11-13 19:00:00+00:00,Karachi,76.79733327229819,µg/m³,1
2025-11-13 20:00:00+00:00,Karachi,74.69716669718426,µg/m³,1
2025-11-13 21:00:00+00:00,Karachi,113.99850006103517,µg/m³,2
2025-11-13 22:00:00+00:00,Karachi,120.16354550448331,µg/m³,2
2025-11-13 23:00:00+00:00,Karachi,119.10741640726725,µg/m³,2
2025-11-14 00:00:00+00:00,Karachi,94.66241671244303,µg/m³,2
2025-11-14 02:00:00+00:00,Karachi,95.92333348592122,µg/m³,2
2025-11-14 03:00:00+00:00,Karachi,77.4456667582194,µg/m³,2
2025-11-14 04:00:00+00:00,Karachi,71.1713831837972,µg/m³,2
2025-11-14 13:00:00+00:00,Karachi,42.87931261062622,µg/m³,2
2025-11-14 14:00:00+00:00,Karachi,49.76066691080729,µg/m³,2
2025-11-14 15:00:00+00:00,Karachi,75.99425010681153,µg/m³,2
2025-11-14 16:00:00+00:00,Karachi,114.38916651407877,µg/m³,2
2025-11-14 17:00:00+00:00,Karachi,140.44866663614908,µg/m³,2
2025-11-14 18:00:00+00:00,Karachi,101.97633336385093,µg/m³,2
2025-11-14 19:00:00+00:00,Karachi,71.8038335164388,µg/m³,2
2025-11-14 20:00:00+00:00,Karachi,88.20983327229817,µg/m³,2
2025-11-14 21:00:00+00:00,Karachi,95.1584166208903,µg/m³,2
2025-11-14 22:00:00+00:00,Karachi,91.47466684977215,µg/m³,2
2025-11-14 23:00:00+00:00,Karachi,81.11783345540364,µg/m³,2
2025-11-15 00:00:00+00:00,Karachi,73.06900024414062,µg/m³,2
2025-11-15 01:00:00+00:00,Karachi,52.12208340962728,µg/m³,2
2025-11-15 02:00:00+00:00,Karachi,47.19349975585938,µg/m³,2
2025-11-15 03:00:00+00:00,Karachi,63.30602076848347,µg/m³,2
2025-11-15 04:00:00+00:00,Karachi,68.85525016784669,µg/m³,2
2025-11-15 05:00:00+00:00,Karachi,53.76016642252604,µg/m³,2
2025-11-15 06:00:00+00:00,Karachi,44.26499977111817,µg/m³,2
2025-11-15 07:00:00+00:00,Karachi,37.89293169541792,µg/m³,2
2025-11-15 08:00:00+00:00,Karachi,41.08875007629395,µg/m³,2
2025-11-15 09:00:00+00:00,Karachi,42.49131670633952,µg/m³,2
2025-11-15 10:00:00+00:00,Karachi,38.141749922434485,µg/m³,2
2025-11-15 11:00:00+00:00,Karachi,34.81674997011821,µg/m³,2
2025-11-15 12:00:00+00:00,Karachi,38.73891665140788,µg/m³,2
2025-11-15 13:00:00+00:00,Karachi,48.3831667582194,µg/m³,2
2025-11-15 14:00:00+00:00,Karachi,80.13749999999999,µg/m³,2
2025-11-15 15:00:00+00:00,Karachi,120.5637082417806,µg/m³,2
2025-11-15 16:00:00+00:00,Karachi,181.66741625467935,µg/m³,2
2025-11-15 17:00:00+00:00,Karachi,170.79576855412233,µg/m³,2
2025-11-15 18:00:00+00:00,Karachi,146.43099232297956,µg/m³,2
2025-11-15 19:00:00+00:00,Karachi,107.23871721903484,µg/m³,2
2025-11-15 20:00:00+00:00,Karachi,93.27971283241556,µg/m³,2
2025-11-15 21:00:00+00:00,Karachi,92.38058331807454,µg/m³,2
2025-11-15 22:00:00+00:00,Karachi,77.01149978637696,µg/m³,2
2025-11-15 23:00:00+00:00,Karachi,61.388916651407875,µg/m³,2
2025-11-16 00:00:00+00:00,Karachi,60.59458325703938,µg/m³,2
2025-11-16 01:00:00+00:00,Karachi,56.65833333333333,µg/m³,2
2025-11-16 02:00:00+00:00,Karachi,50.81808331807454,µg/m³,2
2025-11-16 04:00:00+00:00,Karachi,87.39150009155273,µg/m³,2
2025-11-16 05:00:00+00:00,Karachi,55.438833363850904,µg/m³,2
2025-11-16 06:00:00+00:00,Karachi,47.78308347066244,µg/m³,2
2025-11-16 07:00:00+00:00,Karachi,39.67774999936422,µg/m³,2
2025-11-16 08:00:00+00:00,Karachi,36.10400005976359,µg/m³,2
2025-11-16 09:00:00+00:00,Karachi,35.0111665725708,µg/m³,2
2025-11-16 10:00:00+00:00,Karachi,39.1380808926592,µg/m³,3
2025-11-16 11:00:00+00:00,Karachi,42.37594443427192,µg/m³,3
2025-11-16 12:00:00+00:00,Karachi,44.207277848985456,µg/m³,3
2025-11-16 13:00:00+00:00,Karachi,46.21100006103515,µg/m³,3
2025-11-16 14:00:00+00:00,Karachi,68.5175555759006,µg/m³,3
2025-11-16 15:00:00+00:00,Karachi,81.59077775743272,µg/m³,3
2025-11-16 16:00:00+00:00,Karachi,88.59588911268446,µg/m³,3
2025-11-16 17:00:00+00:00,Karachi,106.60205544365778,µg/m³,3
2025-11-16 18:00:00+00:00,Karachi,113.14616673787434,µg/m³,3
2025-11-16 19:00:00+00:00,Karachi,100.90900014241537,µg/m³,3
2025-11-16 20:00:00+00:00,Karachi,119.11022220187715,µg/m³,3
2025-11-16 21:00:00+00:00,Karachi,134.97194459703235,µg/m³,3
2025-11-16 22:00:00+00:00,Karachi,137.1888888888889,µg/m³,3
2025-11-16 23:00:00+00:00,Karachi,107.72488894992404,µg/m³,3
2025-11-17 00:00:00+00:00,Karachi,109.23883336385093,µg/m³,3
2025-11-17 01:00:00+00:00,Karachi,129.5704997592502,µg/m³,3
2025-11-17 02:00:00+00:00,Karachi,106.51488884819878,µg/m³,3
2025-11-17 03:00:00+00:00,Karachi,104.70266672770184,µg/m³,3
2025-11-17 04:00:00+00:00,Karachi,121.19833323160806,µg/m³,3
2025-11-17 05:00:00+00:00,Karachi,76.86272243923612,µg/m³,3
2025-11-17 06:00:00+00:00,Karachi,67.46594433254666,µg/m³,3
2025-11-17 09:00:00+00:00,Karachi,40.05822228325738,µg/m³,3
2025-11-17 10:00:00+00:00,Karachi,40.304222446017796,µg/m³,3
2025-11-17 11:00:00+00:00,Karachi,42.91151392194959,µg/m³,3
2025-11-17 12:00:00+00:00,Karachi,43.55085185015643,µg/m³,3
2025-11-17 13:00:00+00:00,Karachi,49.20465276506212,µg/m³,3
2025-11-17 14:00:00+00:00,Karachi,51.865722232394745,µg/m³,3
2025-11-17 15:00:00+00:00,Karachi,74.39616673787434,µg/m³,3
2025-11-17 16:00:00+00:00,Karachi,76.30377773708769,µg/m³,3
2025-11-17 17:00:00+00:00,Karachi,98.875,µg/m³,3
2025-11-17 18:00:00+00:00,Karachi,131.41250025431316,µg/m³,3
2025-11-17 19:00:00+00:00,Karachi,150.29094433254662,µg/m³,3
2025-11-17 20:00:00+00:00,Karachi,183.37788882785375,µg/m³,3
2025-11-17 21:00:00+00:00,Karachi,193.36366661919487,µg/m³,3
2025-11-17 22:00:00+00:00,Karachi,195.1982221815321,µg/m³,3
2025-11-17 23:00:00+00:00,Karachi,204.7896667480468,µg/m³,3
2025-11-18 00:00:00+00:00,Karachi,160.25622236463758,µg/m³,3
2025-11-18 01:00:00+00:00,Karachi,129.80287031950772,µg/m³,3
2025-11-18 02:00:00+00:00,Karachi,123.43899993896481,µg/m³,3
2025-11-18 03:00:00+00:00,Karachi,124.9677776760525,µg/m³,3
2025-11-18 05:00:00+00:00,Karachi,81.33411119249132,µg/m³,3
2025-11-18 06:00:00+00:00,Karachi,57.56477779812283,µg/m³,3
2025-11-18 07:00:00+00:00,Karachi,53.07599995930989,µg/m³,3
2025-11-18 08:00:00+00:00,Karachi,59.820055728488505,µg/m³,3
2025-11-18 09:00:00+00:00,Karachi,60.795388878716345,µg/m³,3
2025-11-18 10:00:00+00:00,Karachi,51.624222140842015,µg/m³,3
2025-11-18 11:00:00+00:00,Karachi,47.37760009765625,µg/m³,4
2025-11-18 12:00:00+00:00,Karachi,49.93033345540365,µg/m³,4
2025-11-18 13:00:00+00:00,Karachi,54.84291674296062,µg/m³,4
2025-11-18 14:00:00+00:00,Karachi,68.8077333577474,µg/m³,5
2025-11-18 15:00:00+00:00,Karachi,91.48163335164388,µg/m³,5
2025-11-18 16:00:00+00:00,Karachi,101.10789993286133,µg/m³,5
2025-11-18 17:00:00+00:00,Karachi,130.9277000427246,µg/m³,5
2025-11-18 18:00:00+00:00,Karachi,144.23125000000002,µg/m³,4
2025-11-18 19:00:00+00:00,Karachi,179.9577666727702,µg/m³,5
2025-11-18 20:00:00+00:00,Karachi,203.4915833155314,µg/m³,4
2025-11-18 21:00:00+00:00,Karachi,193.0143333943685,µg/m³,5
2025-11-18 22:00:00+00:00,Karachi,150.1494999694824,µg/m³,5
2025-11-18 23:00:00+00:00,Karachi,130.4493000793457,µg/m³,5
2025-11-19 00:00:00+00:00,Karachi,144.7141000874837,µg/m³,5
2025-11-19 01:00:00+00:00,Karachi,124.88279998779296,µg/m³,5
2025-11-19 02:00:00+00:00,Karachi,118.61739990234375,µg/m³,5
2025-11-19 03:00:00+00:00,Karachi,146.5102668253581,µg/m³,5
2025-11-19 04:00:00+00:00,Karachi,144.3417999267578,µg/m³,5
2025-11-19 05:00:00+00:00,Karachi,110.07279993693032,µg/m³,5
2025-11-19 06:00:00+00:00,Karachi,73.52000000000001,µg/m³,5
2025-11-19 07:00:00+00:00,Karachi,57.11237491607667,µg/m³,5
2025-11-19 08:00:00+00:00,Karachi,47.11137495676677,µg/m³,5
2025-11-19 09:00:00+00:00,Karachi,44.02786646525065,µg/m³,5
2025-11-19 10:00:00+00:00,Karachi,41.37553334554036,µg/m³,5
2025-11-19 11:00:00+00:00,Karachi,43.63223332722983,µg/m³,5
2025-11-19 12:00:00+00:00,Karachi,54.317266642252605,µg/m³,5
2025-11-19 13:00:00+00:00,Karachi,59.413433278401705,µg/m³,5
2025-11-19 14:00:00+00:00,Karachi,59.46270004272461,µg/m³,5
2025-11-19 15:00:00+00:00,Karachi,67.31329168955486,µg/m³,5
2025-11-19 16:00:00+00:00,Karachi,90.94,µg/m³,5
2025-11-19 17:00:00+00:00,Karachi,85.92673329671223,µg/m³,5
2025-11-19 18:00:00+00:00,Karachi,90.4116000366211,µg/m³,5
2025-11-19 19:00:00+00:00,Karachi,91.5673749923706,µg/m³,4
2025-11-19 20:00:00+00:00,Karachi,99.61345818837484,µg/m³,4
2025-11-19 21:00:00+00:00,Karachi,123.15009994506836,µg/m³,5
2025-11-19 22:00:00+00:00,Karachi,149.5624583562215,µg/m³,5
2025-11-19 23:00:00+00:00,Karachi,160.59023351033528,µg/m³,5
2025-11-20 00:00:00+00:00,Karachi,159.8499666849772,µg/m³,5
2025-11-20 01:00:00+00:00,Karachi,122.97849990844728,µg/m³,5
2025-11-20 02:00:00+00:00,Karachi,102.26830001831055,µg/m³,5
2025-11-20 03:00:00+00:00,Karachi,100.85326670328777,µg/m³,5
2025-11-20 04:00:00+00:00,Karachi,92.26383336385092,µg/m³,5
2025-11-20 05:00:00+00:00,Karachi,86.85720001220703,µg/m³,5
2025-11-20 06:00:00+00:00,Karachi,73.63279998779296,µg/m³,5
2025-11-20 07:00:00+00:00,Karachi,72.51506663004558,µg/m³,5
2025-11-20 08:00:00+00:00,Karachi,67.85106669108072,µg/m³,5
2025-11-20 09:00:00+00:00,Karachi,52.8727222527398,µg/m³,5
2025-11-20 10:00:00+00:00,Karachi,46.783458417256675,µg/m³,5
2025-11-20 11:00:00+00:00,Karachi,49.255366770426434,µg/m³,5
2025-11-20 12:00:00+00:00,Karachi,50.92849990844727,µg/m³,5
2025-11-20 13:00:00+00:00,Karachi,53.6406999206543,µg/m³,5
2025-11-20 14:00:00+00:00,Karachi,62.24736658732097,µg/m³,5
2025-11-20 15:00:00+00:00,Karachi,97.86393330891927,µg/m³,5
2025-11-20 16:00:00+00:00,Karachi,125.80016657511392,µg/m³,5
2025-11-20 17:00:00+00:00,Karachi,111.299214150565,µg/m³,5
2025-11-20 18:00:00+00:00,Karachi,102.56596674601238,µg/m³,5
2025-11-20 19:00:00+00:00,Karachi,114.78123326619466,µg/m³,5
2025-11-20 20:00:00+00:00,Karachi,126.50866686503093,µg/m³,4
2025-11-20 21:00:00+00:00,Karachi,101.66143346150716,µg/m³,5
2025-11-20 22:00:00+00:00,Karachi,96.26679992675781,µg/m³,5
2025-11-20 23:00:00+00:00,Karachi,106.29083302815756,µg/m³,4
2025-11-21 00:00:00+00:00,Karachi,101.75079986572266,µg/m³,5
2025-11-21 01:00:00+00:00,Karachi,103.15503331502278,µg/m³,5
2025-11-21 02:00:00+00:00,Karachi,107.49729162851968,µg/m³,4
2025-11-21 03:00:00+00:00,Karachi,115.04537487030031,µg/m³,4
2025-11-21 04:00:00+00:00,Karachi,137.11595884958905,µg/m³,4
2025-11-21 05:00:00+00:00,Karachi,136.81870835622152,µg/m³,4
2025-11-21 06:00:00+00:00,Karachi,124.31262493133545,µg/m³,4
2025-11-21 07:00:00+00:00,Karachi,103.52048964500428,µg/m³,4
2025-11-21 08:00:00+00:00,Karachi,84.30398958524067,µg/m³,4
2025-11-21 09:00:00+00:00,Karachi,102.72895844777425,µg/m³,4
2025-11-21 10:00:00+00:00,Karachi,98.04770825703939,µg/m³,4
2025-11-21 11:00:00+00:00,Karachi,85.87900005687366,µg/m³,4
2025-11-21 12:00:00+00:00,Karachi,97.54847507476808,µg/m³,4
2025-11-21 13:00:00+00:00,Karachi,116.26041666666667,µg/m³,4
2025-11-21 14:00:00+00:00,Karachi,123.08104159037272,µg/m³,4
2025-11-21 15:00:00+00:00,Karachi,158.783083597819,µg/m³,4
2025-11-21 16:00:00+00:00,Karachi,175.86462497711182,µg/m³,4
2025-11-21 17:00:00+00:00,Karachi,178.90829168955486,µg/m³,4
2025-11-21 18:00:00+00:00,Karachi,179.6217498779297,µg/m³,4
2025-11-21 19:00:00+00:00,Karachi,191.68870843251545,µg/m³,4
2025-11-21 20:00:00+00:00,Karachi,192.52438537279767,µg/m³,4
2025-11-21 21:00:00+00:00,Karachi,210.04949989318845,µg/m³,4
2025-11-21 22:00:00+00:00,Karachi,172.68958333333333,µg/m³,4
2025-11-21 23:00:00+00:00,Karachi,173.97854162851968,µg/m³,4
2025-11-22 00:00:00+00:00,Karachi,147.63074989318847,µg/m³,4
2025-11-22 01:00:00+00:00,Karachi,140.5958749771118,µg/m³,4
2025-11-22 02:00:00+00:00,Karachi,181.44633348253038,µg/m³,3
2025-11-22 03:00:00+00:00,Karachi,181.83712533315023,µg/m³,4
2025-11-22 04:00:00+00:00,Karachi,149.74604155222573,µg/m³,4
2025-11-22 05:00:00+00:00,Karachi,144.03008321126302,µg/m³,4
2025-11-22 06:00:00+00:00,Karachi,130.58960405985513,µg/m³,4
2025-11-22 07:00:00+00:00,Karachi,117.76654173533122,µg/m³,4
2025-11-22 08:00:00+00:00,Karachi,130.4136667251587,µg/m³,4
2025-11-22 09:00:00+00:00,Karachi,131.49516665140789,µg/m³,4
2025-11-22 10:00:00+00:00,Karachi,114.28504187266032,µg/m³,4
2025-11-22 11:00:00+00:00,Karachi,105.10070832570393,µg/m³,4
2025-11-22 12:00:00+00:00,Karachi,114.60074996948244,µg/m³,4
2025-11-22 13:00:00+00:00,Karachi,114.15533345540365,µg/m³,4
2025-11-22 14:00:00+00:00,Karachi,128.49858334859212,µg/m³,4
2025-11-22 15:00:00+00:00,Karachi,143.26795835494994,µg/m³,4
2025-11-22 16:00:00+00:00,Karachi,147.06029179890947,µg/m³,4
2025-11-22 17:00:00+00:00,Karachi,165.17154165903727,µg/m³,4
2025-11-22 18:00:00+00:00,Karachi,202.56120866139727,µg/m³,4
2025-11-22 19:00:00+00:00,Karachi,209.4561243693034,µg/m³,4
2025-11-22 20:00:00+00:00,Karachi,216.75004177093507,µg/m³,4
2025-11-22 21:00:00+00:00,Karachi,228.99158261617026,µg/m³,4
2025-11-22 22:00:00+00:00,Karachi,273.4201046625773,µg/m³,4
2025-11-22 23:00:00+00:00,Karachi,222.75695845286052,µg/m³,4
2025-11-23 00:00:00+00:00,Karachi,203.2602917353312,µg/m³,4
2025-11-23 01:00:00+00:00,Karachi,189.13966662089032,µg/m³,4
2025-11-23 02:00:00+00:00,Karachi,178.22683347066243,µg/m³,4
2025-11-23 03:00:00+00:00,Karachi,160.57933324178057,µg/m³,4
2025-11-23 04:00:00+00:00,Karachi,131.9639582951864,µg/m³,4
2025-11-23 05:00:00+00:00,Karachi,109.11787509918211,µg/m³,4
2025-11-23 06:00:00+00:00,Karachi,88.98422224256727,µg/m³,3
2025-11-23 07:00:00+00:00,Karachi,68.47287502288819,µg/m³,4
2025-11-23 08:00:00+00:00,Karachi,68.20195840199789,µg/m³,4
2025-11-23 09:00:00+00:00,Karachi,71.55912494659424,µg/m³,4
2025-11-23 10:00:00+00:00,Karachi,56.0,µg/m³,1
2025-11-23 11:00:00+00:00,Karachi,45.0,µg/m³,1
2025-11-23 12:00:00+00:00,Karachi,48.0,µg/m³,1
2025-11-23 13:00:00+00:00,Karachi,49.10716654459635,µg/m³,4
2025-11-23 14:00:00+00:00,Karachi,50.84641672770183,µg/m³,4
2025-11-23 15:00:00+00:00,Karachi,66.43466669718424,µg/m³,4
2025-11-23 16:00:00+00:00,Karachi,86.93058331807454,µg/m³,4
2025-11-23 17:00:00+00:00,Karachi,119.12237491607665,µg/m³,4
2025-11-23 18:00:00+00:00,Karachi,119.55340628623964,µg/m³,4
2025-11-23 19:00:00+00:00,Karachi,127.94044460720487,µg/m³,3
2025-11-23 20:00:00+00:00,Karachi,134.74383328755695,µg/m³,4
2025-11-23 21:00:00+00:00,Karachi,137.75120843251545,µg/m³,4
2025-11-23 22:00:00+00:00,Karachi,135.33804175059,µg/m³,4
2025-11-23 23:00:00+00:00,Karachi,141.366767305798,µg/m³,4
2025-11-24 00:00:00+00:00,Karachi,127.29874992370607,µg/m³,4
2025-11-24 01:00:00+00:00,Karachi,125.54679152170817,µg/m³,4
2025-11-24 02:00:00+00:00,Karachi,140.55562496185303,µg/m³,4
2025-11-24 04:00:00+00:00,Karachi,124.28609726164075,µg/m³,4
2025-11-24 05:00:00+00:00,Karachi,104.46659379005432,µg/m³,4
2025-11-24 06:00:00+00:00,Karachi,88.35182633929783,µg/m³,4
2025-11-24 07:00:00+00:00,Karachi,68.71691652933757,µg/m³,4
2025-11-24 08:00:00+00:00,Karachi,60.741749954223636,µg/m³,4
2025-11-24 09:00:00+00:00,Karachi,54.0894167582194,µg/m³,4
2025-11-24 10:00:00+00:00,Karachi,59.923291524251304,µg/m³,4
2025-11-24 11:00:00+00:00,Karachi,73.45962505340577,µg/m³,4
2025-11-24 12:00:00+00:00,Karachi,103.15325012207032,µg/m³,4
2025-11-24 13:00:00+00:00,Karachi,94.6757916132609,µg/m³,4
2025-11-24 14:00:00+00:00,Karachi,108.5370419184367,µg/m³,4
2025-11-24 15:00:00+00:00,Karachi,103.15691668192544,µg/m³,4
2025-11-24 16:00:00+00:00,Karachi,103.3576250076294,µg/m³,4
2025-11-24 17:00:00+00:00,Karachi,97.2839583714803,µg/m³,4
2025-11-24 18:00:00+00:00,Karachi,107.84338542620341,µg/m³,4
2025-11-24 19:00:00+00:00,Karachi,98.99591662089028,µg/m³,4
2025-11-24 20:00:00+00:00,Karachi,88.62712497711182,µg/m³,4
2025-11-24 21:00:00+00:00,Karachi,85.79722222222222,µg/m³,3
2025-11-24 22:00:00+00:00,Karachi,77.43716659545898,µg/m³,3
2025-11-24 23:00:00+00:00,Karachi,67.27938902113173,µg/m³,3
2025-11-25 00:00:00+00:00,Karachi,72.36766662597655,µg/m³,3
2025-11-25 01:00:00+00:00,Karachi,74.81872211032443,µg/m³,3
2025-11-25 02:00:00+00:00,Karachi,84.52816663799864,µg/m³,3
2025-11-25 03:00:00+00:00,Karachi,100.89516677856447,µg/m³,3
2025-11-25 04:00:00+00:00,Karachi,93.99605568779839,µg/m³,3
2025-11-25 05:00:00+00:00,Karachi,83.79266662597655,µg/m³,3
2025-11-25 06:00:00+00:00,Karachi,74.8071667989095,µg/m³,3
2025-11-25 07:00:00+00:00,Karachi,62.868277910020616,µg/m³,3
2025-11-25 08:00:00+00:00,Karachi,54.16827791002063,µg/m³,3
2025-11-25 09:00:00+00:00,Karachi,57.74277767605252,µg/m³,3
2025-11-25 10:00:00+00:00,Karachi,60.8804445054796,µg/m³,3
2025-11-25 11:00:00+00:00,Karachi,69.23972227308485,µg/m³,3
2025-11-25 12:00:00+00:00,Karachi,71.37333340962728,µg/m³,4
2025-11-25 13:00:00+00:00,Karachi,81.42406944698757,µg/m³,3
2025-11-25 14:00:00+00:00,Karachi,89.22241668701172,µg/m³,4
2025-11-25 15:00:00+00:00,Karachi,85.93066660563152,µg/m³,3
2025-11-25 16:00:00+00:00,Karachi,90.28262500762939,µg/m³,4
2025-11-25 17:00:00+00:00,Karachi,84.4215000152588,µg/m³,4
2025-11-25 18:00:00+00:00,Karachi,81.99316660563152,µg/m³,4
2025-11-25 19:00:00+00:00,Karachi,83.74804159800212,µg/m³,4
2025-11-25 20:00:00+00:00,Karachi,84.53133328755696,µg/m³,4
2025-11-25 21:00:00+00:00,Karachi,83.14099998474121,µg/m³,4
2025-11-25 22:00:00+00:00,Karachi,70.7779582341512,µg/m³,4
2025-11-25 23:00:00+00:00,Karachi,72.9290833791097,µg/m³,4
2025-11-26 00:00:00+00:00,Karachi,69.61124992370605,µg/m³,4
2025-11-26 01:00:00+00:00,Karachi,70.73633321126302,µg/m³,4
2025-11-26 02:00:00+00:00,Karachi,90.66007198564935,µg/m³,4
2025-11-26 03:00:00+00:00,Karachi,106.51847773279464,µg/m³,4
2025-11-26 04:00:00+00:00,Karachi,108.20016670227051,µg/m³,3
2025-11-26 05:00:00+00:00,Karachi,93.25287494659423,µg/m³,4
2025-11-26 06:00:00+00:00,Karachi,65.90383326212564,µg/m³,3
2025-11-26 07:00:00+00:00,Karachi,60.1412811756134,µg/m³,4
2025-11-26 08:00:00+00:00,Karachi,51.72714598973592,µg/m³,4
2025-11-26 09:00:00+00:00,Karachi,51.24967526378054,µg/m³,4
2025-11-26 10:00:00+00:00,Karachi,66.5128701171875,µg/m³,5
2025-11-26 11:00:00+00:00,Karachi,70.91430007934571,µg/m³,5
2025-11-26 12:00:00+00:00,Karachi,76.42046671549478,µg/m³,5
2025-11-26 13:00:00+00:00,Karachi,90.85896940019396,µg/m³,5
2025-11-26 14:00:00+00:00,Karachi,123.23946650187175,µg/m³,5
2025-11-26 15:00:00+00:00,Karachi,136.99963353474936,µg/m³,5
2025-11-26 16:00:00+00:00,Karachi,96.79119995117188,µg/m³,5
2025-11-26 17:00:00+00:00,Karachi,104.69846659342447,µg/m³,5
2025-11-26 18:00:00+00:00,Karachi,106.33066660563149,µg/m³,5
2025-11-26 19:00:00+00:00,Karachi,104.84336664835612,µg/m³,5
2025-11-26 20:00:00+00:00,Karachi,87.00053324381511,µg/m³,5
2025-11-26 21:00:00+00:00,Karachi,78.90728352864582,µg/m³,5
2025-11-26 22:00:00+00:00,Karachi,75.729075050354,µg/m³,5
2025-11-26 23:00:00+00:00,Karachi,68.88733327229818,µg/m³,5
2025-11-27 00:00:00+00:00,Karachi,70.17396662394205,µg/m³,5
2025-11-27 01:00:00+00:00,Karachi,73.6183666483561,µg/m³,5
2025-11-27 02:00:00+00:00,Karachi,80.59308331807453,µg/m³,4
2025-11-27 03:00:00+00:00,Karachi,89.12239990234374,µg/m³,5
2025-11-27 04:00:00+00:00,Karachi,81.52223332722983,µg/m³,5
2025-11-27 05:00:00+00:00,Karachi,76.16871105617948,µg/m³,5
2025-11-27 06:00:00+00:00,Karachi,72.83563061608207,µg/m³,5
2025-11-27 07:00:00+00:00,Karachi,65.3870334370931,µg/m³,5
2025-11-27 08:00:00+00:00,Karachi,61.67040008544923,µg/m³,5
2025-11-27 09:00:00+00:00,Karachi,60.67552421107437,µg/m³,5
2025-11-27 10:00:00+00:00,Karachi,61.911854139963786,µg/m³,4
2025-11-27 11:00:00+00:00,Karachi,65.88525009155273,µg/m³,4
2025-11-27 12:00:00+00:00,Karachi,70.50217712720236,µg/m³,4
2025-11-27 13:00:00+00:00,Karachi,74.02825012207032,µg/m³,4
2025-11-27 14:00:00+00:00,Karachi,88.81188543637593,µg/m³,4
2025-11-27 15:00:00+00:00,Karachi,80.71895821889241,µg/m³,4
2025-11-27 16:00:00+00:00,Karachi,78.4988748550415,µg/m³,4
2025-11-27 17:00:00+00:00,Karachi,76.33677085240681,µg/m³,4
2025-11-27 18:00:00+00:00,Karachi,77.51512508392334,µg/m³,4
2025-11-27 19:00:00+00:00,Karachi,81.5099998474121,µg/m³,4
2025-11-27 20:00:00+00:00,Karachi,86.36604162851968,µg/m³,4
2025-11-27 21:00:00+00:00,Karachi,88.0572914759318,µg/m³,4
2025-11-27 22:00:00+00:00,Karachi,85.48675003051757,µg/m³,4
2025-11-27 23:00:00+00:00,Karachi,82.34025001525879,µg/m³,4
2025-11-28 00:00:00+00:00,Karachi,85.76674995422364,µg/m³,4
2025-11-28 01:00:00+00:00,Karachi,83.74680553012425,µg/m³,4
2025-11-28 02:00:00+00:00,Karachi,84.91891657511393,µg/m³,4
2025-11-28 03:00:00+00:00,Karachi,96.23229147593182,µg/m³,4
2025-11-28 04:00:00+00:00,Karachi,105.91604162851968,µg/m³,4
2025-11-28 05:00:00+00:00,Karachi,108.40479170481363,µg/m³,4
2025-11-28 06:00:00+00:00,Karachi,90.52574996948242,µg/m³,4
2025-11-28 07:00:00+00:00,Karachi,79.53883326848347,µg/m³,4
2025-11-28 08:00:00+00:00,Karachi,73.19399986267089,µg/m³,4
2025-11-28 09:00:00+00:00,Karachi,63.45004164377848,µg/m³,4
2025-11-28 10:00:00+00:00,Karachi,68.78791681925455,µg/m³,4
2025-11-28 11:00:00+00:00,Karachi,74.15104185740154,µg/m³,4
2025-11-28 12:00:00+00:00,Karachi,77.42848895602756,µg/m³,5
2025-11-28 13:00:00+00:00,Karachi,78.0538916651408,µg/m³,5
2025-11-28 14:00:00+00:00,Karachi,78.51506112840441,µg/m³,5
2025-11-28 15:00:00+00:00,Karachi,84.78856684366862,µg/m³,5
2025-11-28 16:00:00+00:00,Karachi,88.52896662394207,µg/m³,5
2025-11-28 17:00:00+00:00,Karachi,94.29540008544923,µg/m³,5
2025-11-28 18:00:00+00:00,Karachi,82.57508328755696,µg/m³,4
2025-11-28 19:00:00+00:00,Karachi,79.67229995727538,µg/m³,5
2025-11-28 20:00:00+00:00,Karachi,83.02949996948243,µg/m³,5
2025-11-28 21:00:00+00:00,Karachi,83.31553334554037,µg/m³,5
2025-11-28 22:00:00+00:00,Karachi,80.11116663614908,µg/m³,5
2025-11-28 23:00:00+00:00,Karachi,78.23666666666665,µg/m³,5
2025-11-29 00:00:00+00:00,Karachi,73.16476679484049,µg/m³,5
2025-11-29 01:00:00+00:00,Karachi,73.77239990234375,µg/m³,5
2025-11-29 02:00:00+00:00,Karachi,78.61539326985677,µg/m³,5
2025-11-29 03:00:00+00:00,Karachi,89.27056666056316,µg/m³,5
2025-11-29 04:00:00+00:00,Karachi,85.6149164835612,µg/m³,4
2025-11-29 05:00:00+00:00,Karachi,87.68393330891928,µg/m³,5
2025-11-29 06:00:00+00:00,Karachi,81.64616663614909,µg/m³,5
2025-11-29 07:00:00+00:00,Karachi,70.04849990844727,µg/m³,5
2025-11-29 08:00:00+00:00,Karachi,61.01465836842855,µg/m³,5
2025-11-29 09:00:00+00:00,Karachi,58.15320847829183,µg/m³,4
2025-11-29 10:00:00+00:00,Karachi,58.104599914550775,µg/m³,5
2025-11-29 11:00:00+00:00,Karachi,59.31380004882813,µg/m³,5
2025-11-29 12:00:00+00:00,Karachi,69.07319976806642,µg/m³,5
2025-11-29 13:00:00+00:00,Karachi,87.07906672159831,µg/m³,5
2025-11-29 14:00:00+00:00,Karachi,102.45049297544692,µg/m³,4
2025-11-29 15:00:00+00:00,Karachi,109.23600006103516,µg/m³,4
2025-11-29 16:00:00+00:00,Karachi,106.38604170481365,µg/m³,4
2025-11-29 17:00:00+00:00,Karachi,117.34587497711182,µg/m³,4
2025-11-29 18:00:00+00:00,Karachi,118.0146666208903,µg/m³,4
2025-11-29 19:00:00+00:00,Karachi,111.79241663614908,µg/m³,4
2025-11-29 20:00:00+00:00,Karachi,107.62649993896484,µg/m³,4
2025-11-29 21:00:00+00:00,Karachi,94.90341669718424,µg/m³,4
2025-11-29 22:00:00+00:00,Karachi,89.18741671244302,µg/m³,4
2025-11-29 23:00:00+00:00,Karachi,90.9339583714803,µg/m³,4
2025-11-30 00:00:00+00:00,Karachi,78.42220834096274,µg/m³,4
2025-11-30 01:00:00+00:00,Karachi,78.30125007629395,µg/m³,4
2025-11-30 02:00:00+00:00,Karachi,75.70495827992757,µg/m³,4
2025-11-30 03:00:00+00:00,Karachi,88.65912494659423,µg/m³,4
2025-11-30 04:00:00+00:00,Karachi,95.02766672770181,µg/m³,4
2025-11-30 05:00:00+00:00,Karachi,98.31566670735675,µg/m³,3
2025-11-30 06:00:00+00:00,Karachi,78.22977769639756,µg/m³,3
2025-11-30 07:00:00+00:00,Karachi,62.75733337402343,µg/m³,3
2025-11-30 08:00:00+00:00,Karachi,49.41861106024849,µg/m³,3
2025-11-30 09:00:00+00:00,Karachi,43.73083318074544,µg/m³,2
2025-11-30 10:00:00+00:00,Karachi,49.04994447496202,µg/m³,3
2025-11-30 11:00:00+00:00,Karachi,51.423277706570104,µg/m³,3
2025-11-30 12:00:00+00:00,Karachi,52.82836359197443,µg/m³,3
2025-11-30 13:00:00+00:00,Karachi,57.031444464789494,µg/m³,3
2025-11-30 14:00:00+00:00,Karachi,62.749750137329094,µg/m³,2
2025-11-30 15:00:00+00:00,Karachi,64.89966668023003,µg/m³,3
2025-11-30 16:00:00+00:00,Karachi,83.63741671244301,µg/m³,2
2025-11-30 17:00:00+00:00,Karachi,111.45168060726589,µg/m³,3
2025-11-30 18:00:00+00:00,Karachi,131.33144446478948,µg/m³,3
2025-11-30 19:00:00+00:00,Karachi,169.08977771335176,µg/m³,3
2025-11-30 20:00:00+00:00,Karachi,202.67127795749238,µg/m³,3
2025-11-30 21:00:00+00:00,Karachi,163.1047221713596,µg/m³,3
2025-11-30 22:00:00+00:00,Karachi,180.27988874647352,µg/m³,3
2025-11-30 23:00:00+00:00,Karachi,211.62244449191624,µg/m³,3
2025-12-01 00:00:00+00:00,Karachi,185.819319513109,µg/m³,3
2025-12-01 01:00:00+00:00,Karachi,160.40649998982747,µg/m³,3
2025-12-01 02:00:00+00:00,Karachi,146.41216659545898,µg/m³,3
2025-12-01 03:00:00+00:00,Karachi,130.89366658528647,µg/m³,3
2025-12-01 04:00:00+00:00,Karachi,139.85111100938585,µg/m³,3
2025-12-01 05:00:00+00:00,Karachi,107.78894441392686,µg/m³,3
2025-12-01 06:00:00+00:00,Karachi,59.64466656049092,µg/m³,2
2025-12-01 07:00:00+00:00,Karachi,55.448916514714554,µg/m³,2
2025-12-01 08:00:00+00:00,Karachi,27.0,µg/m³,1
2025-12-01 09:00:00+00:00,Karachi,27.513055578867593,µg/m³,3
2025-12-01 10:00:00+00:00,Karachi,23.544305557674832,µg/m³,3
2025-12-01 11:00:00+00:00,Karachi,24.06077777014838,µg/m³,3
2025-12-01 12:00:00+00:00,Karachi,35.15911102294922,µg/m³,3
2025-12-01 13:00:00+00:00,Karachi,40.59250000847711,µg/m³,3
2025-12-01 14:00:00+00:00,Karachi,53.41661114162869,µg/m³,3
2025-12-01 15:00:00+00:00,Karachi,60.39983342488606,µg/m³,3
2025-12-01 16:00:00+00:00,Karachi,73.11641680399576,µg/m³,4
2025-12-01 17:00:00+00:00,Karachi,98.47106246948243,µg/m³,4
2025-12-01 18:00:00+00:00,Karachi,100.17283337910969,µg/m³,4
2025-12-01 19:00:00+00:00,Karachi,96.62158330281575,µg/m³,4
2025-12-01 20:00:00+00:00,Karachi,113.87091655731201,µg/m³,4
2025-12-01 21:00:00+00:00,Karachi,112.05637493133545,µg/m³,4
2025-12-01 22:00:00+00:00,Karachi,103.88629156748453,µg/m³,4
2025-12-01 23:00:00+00:00,Karachi,94.14641672770182,µg/m³,4
2025-12-02 00:00:00+00:00,Karachi,90.21875000000001,µg/m³,4
2025-12-02 01:00:00+00:00,Karachi,92.4160416285197,µg/m³,4
2025-12-02 02:00:00+00:00,Karachi,98.05708325703938,µg/m³,4
2025-12-02 03:00:00+00:00,Karachi,122.88986379450017,µg/m³,4
2025-12-02 04:00:00+00:00,Karachi,110.25036447842916,µg/m³,4
2025-12-02 05:00:00+00:00,Karachi,92.83287525177,µg/m³,4
2025-12-02 06:00:00+00:00,Karachi,67.66408322652181,µg/m³,4
2025-12-02 07:00:00+00:00,Karachi,55.55266672770182,µg/m³,3
2025-12-02 08:00:00+00:00,Karachi,50.398624992370614,µg/m³,4
2025-12-02 09:00:00+00:00,Karachi,49.861649184756814,µg/m³,4
2025-12-02 10:00:00+00:00,Karachi,60.21083348592122,µg/m³,4
2025-12-02 11:00:00+00:00,Karachi,46.63158340454101,µg/m³,4
2025-12-02 12:00:00+00:00,Karachi,50.78033345540365,µg/m³,4
2025-12-02 13:00:00+00:00,Karachi,74.72004172007243,µg/m³,4
2025-12-02 14:00:00+00:00,Karachi,105.31733341217041,µg/m³,4
2025-12-02 15:00:00+00:00,Karachi,142.1577638838026,µg/m³,4
2025-12-02 16:00:00+00:00,Karachi,90.8959166208903,µg/m³,4
2025-12-02 17:00:00+00:00,Karachi,89.34150009155273,µg/m³,4
2025-12-02 18:00:00+00:00,Karachi,96.67141672770182,µg/m³,4
2025-12-02 19:00:00+00:00,Karachi,106.36754166285196,µg/m³,4
2025-12-02 20:00:00+00:00,Karachi,108.92545846303305,µg/m³,4
2025-12-02 21:00:00+00:00,Karachi,81.81804167429605,µg/m³,4
2025-12-02 22:00:00+00:00,Karachi,73.02245820363362,µg/m³,4
2025-12-02 23:00:00+00:00,Karachi,65.68899993896484,µg/m³,4
2025-12-03 00:00:00+00:00,Karachi,54.21620820363363,µg/m³,4
2025-12-03 01:00:00+00:00,Karachi,51.85787487030029,µg/m³,4
2025-12-03 02:00:00+00:00,Karachi,63.294416681925455,µg/m³,4
2025-12-03 03:00:00+00:00,Karachi,77.40480211575826,µg/m³,4
2025-12-03 04:00:00+00:00,Karachi,65.78795846303304,µg/m³,4
2025-12-03 05:00:00+00:00,Karachi,57.82145837148031,µg/m³,4
2025-12-03 06:00:00+00:00,Karachi,44.62162494659424,µg/m³,4
2025-12-03 07:00:00+00:00,Karachi,34.477874946594234,µg/m³,4
2025-12-03 08:00:00+00:00,Karachi,33.85550007025401,µg/m³,4
2025-12-03 09:00:00+00:00,Karachi,34.580565879080034,µg/m³,4
2025-12-03 10:00:00+00:00,Karachi,32.03029154737791,µg/m³,4
2025-12-03 11:00:00+00:00,Karachi,39.8027638832728,µg/m³,4
2025-12-03 12:00:00+00:00,Karachi,63.24777100880941,µg/m³,4
2025-12-03 13:00:00+00:00,Karachi,65.84041659037273,µg/m³,4
2025-12-03 14:00:00+00:00,Karachi,64.74927085240682,µg/m³,4
2025-12-03 15:00:00+00:00,Karachi,61.03429152170817,µg/m³,4
2025-12-03 16:00:00+00:00,Karachi,55.46720841725667,µg/m³,4
2025-12-03 17:00:00+00:00,Karachi,46.51312503814697,µg/m³,4
2025-12-03 18:00:00+00:00,Karachi,48.96187496185303,µg/m³,4
2025-12-03 19:00:00+00:00,Karachi,46.36162509918212,µg/m³,4
2025-12-03 20:00:00+00:00,Karachi,48.056291643778486,µg/m³,4
2025-12-03 21:00:00+00:00,Karachi,44.3658332824707,µg/m³,3
2025-12-03 22:00:00+00:00,Karachi,42.246833165486656,µg/m³,4
2025-12-03 23:00:00+00:00,Karachi,43.56529165903727,µg/m³,4
2025-12-04 00:00:00+00:00,Karachi,46.08875007629395,µg/m³,4
2025-12-04 01:00:00+00:00,Karachi,44.88175010681152,µg/m³,4
2025-12-04 02:00:00+00:00,Karachi,56.642458279927574,µg/m³,4
2025-12-04 03:00:00+00:00,Karachi,66.02333348592123,µg/m³,4
2025-12-04 04:00:00+00:00,Karachi,64.85904165903727,µg/m³,4
2025-12-04 05:00:00+00:00,Karachi,57.642916742960615,µg/m³,4
2025-12-04 06:00:00+00:00,Karachi,54.49137516021729,µg/m³,4
2025-12-04 07:00:00+00:00,Karachi,52.02841669718425,µg/m³,4
2025-12-04 08:00:00+00:00,Karachi,49.84831247329711,µg/m³,4
2025-12-04 09:00:00+00:00,Karachi,52.71281009956642,µg/m³,3
2025-12-04 10:00:00+00:00,Karachi,47.788458338237945,µg/m³,4
2025-12-04 11:00:00+00:00,Karachi,49.838649921417236,µg/m³,4
2025-12-04 12:00:00+00:00,Karachi,60.54908345540365,µg/m³,4
2025-12-04 13:00:00+00:00,Karachi,81.36861106024848,µg/m³,3
2025-12-04 14:00:00+00:00,Karachi,106.23172208997937,µg/m³,3
2025-12-04 15:00:00+00:00,Karachi,133.3076666937934,µg/m³,3
2025-12-04 16:00:00+00:00,Karachi,105.12545833587646,µg/m³,4
2025-12-04 17:00:00+00:00,Karachi,99.29174995422362,µg/m³,4
2025-12-04 18:00:00+00:00,Karachi,107.1771666208903,µg/m³,4
2025-12-04 19:00:00+00:00,Karachi,105.43424987792967,µg/m³,4
2025-12-04 20:00:00+00:00,Karachi,110.92116686503093,µg/m³,4
2025-12-04 21:00:00+00:00,Karachi,125.58547903696696,µg/m³,4
2025-12-04 22:00:00+00:00,Karachi,121.09008344014485,µg/m³,4
2025-12-04 23:00:00+00:00,Karachi,128.09466654459635,µg/m³,3
2025-12-05 00:00:00+00:00,Karachi,123.42075004577637,µg/m³,4
2025-12-05 01:00:00+00:00,Karachi,108.34404150644937,µg/m³,4
2025-12-05 02:00:00+00:00,Karachi,110.44783337910971,µg/m³,4
2025-12-05 03:00:00+00:00,Karachi,115.94179159800213,µg/m³,4
2025-12-05 04:00:00+00:00,Karachi,111.21474990844726,µg/m³,4
2025-12-05 05:00:00+00:00,Karachi,85.17696174515619,µg/m³,4
2025-12-05 06:00:00+00:00,Karachi,67.13222910563151,µg/m³,4
2025-12-05 07:00:00+00:00,Karachi,56.528412154868796,µg/m³,3
2025-12-05 08:00:00+00:00,Karachi,66.11252082188923,µg/m³,4
2025-12-05 09:00:00+00:00,Karachi,72.13505199750264,µg/m³,4
2025-12-05 10:00:00+00:00,Karachi,58.49150009155274,µg/m³,4
2025-12-05 11:00:00+00:00,Karachi,58.68612499237061,µg/m³,4
2025-12-05 12:00:00+00:00,Karachi,68.88537502288818,µg/m³,4
2025-12-05 13:00:00+00:00,Karachi,104.4368992858463,µg/m³,4
2025-12-05 14:00:00+00:00,Karachi,111.71023608313668,µg/m³,3
2025-12-05 15:00:00+00:00,Karachi,129.2313957532247,µg/m³,4
2025-12-05 16:00:00+00:00,Karachi,121.0832708676656,µg/m³,4
2025-12-05 17:00:00+00:00,Karachi,127.57150001525879,µg/m³,4
2025-12-05 18:00:00+00:00,Karachi,114.77104155222575,µg/m³,4
2025-12-05 19:00:00+00:00,Karachi,104.41766662597657,µg/m³,3
2025-12-05 20:00:00+00:00,Karachi,99.2562083562215,µg/m³,4
2025-12-05 21:00:00+00:00,Karachi,95.36258328755696,µg/m³,4
2025-12-05 22:00:00+00:00,Karachi,104.27866668701172,µg/m³,3
2025-12-05 23:00:00+00:00,Karachi,98.94225006103515,µg/m³,4
2025-12-06 00:00:00+00:00,Karachi,104.47654158274332,µg/m³,4
2025-12-06 01:00:00+00:00,Karachi,98.3853333791097,µg/m³,4
2025-12-06 02:00:00+00:00,Karachi,83.3277083714803,µg/m³,4
2025-12-06 03:00:00+00:00,Karachi,76.46879164377847,µg/m³,4
2025-12-06 04:00:00+00:00,Karachi,71.78316675821941,µg/m³,4
2025-12-06 05:00:00+00:00,Karachi,71.26512508392334,µg/m³,4
2025-12-06 06:00:00+00:00,Karachi,64.07694439358181,µg/m³,3
2025-12-06 07:00:00+00:00,Karachi,67.28137493133545,µg/m³,4
2025-12-06 08:00:00+00:00,Karachi,63.9695416132609,µg/m³,4
2025-12-06 09:00:00+00:00,Karachi,64.3183646996816,µg/m³,4
2025-12-06 10:00:00+00:00,Karachi,61.264458401997885,µg/m³,4
2025-12-06 11:00:00+00:00,Karachi,64.23050003051758,µg/m³,4
2025-12-06 12:00:00+00:00,Karachi,74.25675010681152,µg/m³,4
2025-12-06 13:00:00+00:00,Karachi,86.45208333333335,µg/m³,4
2025-12-06 14:00:00+00:00,Karachi,95.29112491607667,µg/m³,4
2025-12-06 15:00:00+00:00,Karachi,106.99816665649412,µg/m³,3
2025-12-06 16:00:00+00:00,Karachi,121.23904158274333,µg/m³,4
2025-12-06 17:00:00+00:00,Karachi,106.80499992370605,µg/m³,4
2025-12-06 18:00:00+00:00,Karachi,104.19387493133544,µg/m³,4
2025-12-06 19:00:00+00:00,Karachi,101.53838865492078,µg/m³,3
2025-12-06 20:00:00+00:00,Karachi,99.37491671244302,µg/m³,4
2025-12-06 21:00:00+00:00,Karachi,90.11462497711182,µg/m³,4
2025-12-06 22:00:00+00:00,Karachi,88.0698331197103,µg/m³,4
2025-12-06 23:00:00+00:00,Karachi,82.34258321126302,µg/m³,4
2025-12-07 00:00:00+00:00,Karachi,83.52437496185303,µg/m³,4
2025-12-07 01:00:00+00:00,Karachi,90.04283345540365,µg/m³,4
2025-12-07 02:00:00+00:00,Karachi,83.07520821889241,µg/m³,4
2025-12-07 03:00:00+00:00,Karachi,97.78133328755698,µg/m³,4
2025-12-07 04:00:00+00:00,Karachi,87.97704168955485,µg/m³,4
2025-12-07 05:00:00+00:00,Karachi,87.46266657511393,µg/m³,4
2025-12-07 06:00:00+00:00,Karachi,67.79308331807454,µg/m³,4
2025-12-07 07:00:00+00:00,Karachi,54.77355533175998,µg/m³,3
2025-12-07 08:00:00+00:00,Karachi,45.19462490081788,µg/m³,4
2025-12-07 09:00:00+00:00,Karachi,47.457555474175344,µg/m³,3
2025-12-07 10:00:00+00:00,Karachi,46.529722171359595,µg/m³,3
2025-12-07 11:00:00+00:00,Karachi,50.86091677347819,µg/m³,4
2025-12-07 12:00:00+00:00,Karachi,74.29929167429606,µg/m³,4
2025-12-07 13:00:00+00:00,Karachi,70.7798749923706,µg/m³,4
2025-12-07 14:00:00+00:00,Karachi,83.56729170481364,µg/m³,4
2025-12-07 15:00:00+00:00,Karachi,110.3042708714803,µg/m³,4
2025-12-07 16:00:00+00:00,Karachi,168.62349974314373,µg/m³,4
2025-12-07 17:00:00+00:00,Karachi,173.30142709414162,µg/m³,4
2025-12-07 18:00:00+00:00,Karachi,171.06261461575826,µg/m³,4
2025-12-07 19:00:00+00:00,Karachi,156.25566660563152,µg/m³,4
2025-12-07 20:00:00+00:00,Karachi,134.24354178110758,µg/m³,4
2025-12-07 21:00:00+00:00,Karachi,144.11111111111111,µg/m³,3
2025-12-07 22:00:00+00:00,Karachi,147.17374992370605,µg/m³,4
2025-12-07 23:00:00+00:00,Karachi,117.3823958714803,µg/m³,4
2025-12-08 00:00:00+00:00,Karachi,108.22295831044515,µg/m³,4
2025-12-08 01:00:00+00:00,Karachi,90.97633326848349,µg/m³,4
2025-12-08 02:00:00+00:00,Karachi,98.95400009155274,µg/m³,4
2025-12-08 03:00:00+00:00,Karachi,101.16516672770182,µg/m³,4
2025-12-08 04:00:00+00:00,Karachi,108.37645829518637,µg/m³,4
2025-12-08 05:00:00+00:00,Karachi,91.4861249923706,µg/m³,4
2025-12-08 06:00:00+00:00,Karachi,73.5757916132609,µg/m³,4
2025-12-08 07:00:00+00:00,Karachi,50.236916605631514,µg/m³,4
2025-12-08 08:00:00+00:00,Karachi,51.08395837148031,µg/m³,4
2025-12-08 09:00:00+00:00,Karachi,49.92900009155274,µg/m³,4
2025-12-08 10:00:00+00:00,Karachi,50.06104170481363,µg/m³,4
2025-12-08 11:00:00+00:00,Karachi,48.59254156748454,µg/m³,4
2025-12-08 12:00:00+00:00,Karachi,59.85745843251546,µg/m³,4
2025-12-08 13:00:00+00:00,Karachi,107.6590000152588,µg/m³,4
2025-12-08 14:00:00+00:00,Karachi,97.30229155222574,µg/m³,4
2025-12-08 15:00:00+00:00,Karachi,74.42224241314513,µg/m³,3
2025-12-08 16:00:00+00:00,Karachi,79.34422234429253,µg/m³,3
2025-12-08 17:00:00+00:00,Karachi,92.66725006103516,µg/m³,4
2025-12-08 18:00:00+00:00,Karachi,88.48766657511393,µg/m³,4
2025-12-08 19:00:00+00:00,Karachi,75.10416666666666,µg/m³,4
2025-12-08 20:00:00+00:00,Karachi,62.74095834096272,µg/m³,4
2025-12-08 21:00:00+00:00,Karachi,57.18970826466879,µg/m³,4
2025-12-08 22:00:00+00:00,Karachi,66.78891665140787,µg/m³,4
2025-12-08 23:00:00+00:00,Karachi,61.108444383409285,µg/m³,3
2025-12-09 00:00:00+00:00,Karachi,77.36662502288819,µg/m³,4
2025-12-09 01:00:00+00:00,Karachi,74.13781251907349,µg/m³,4
2025-12-09 02:00:00+00:00,Karachi,71.98264166514079,µg/m³,4
2025-12-09 03:00:00+00:00,Karachi,83.6084166208903,µg/m³,4
2025-12-09 04:00:00+00:00,Karachi,84.64287509918213,µg/m³,4
2025-12-09 05:00:00+00:00,Karachi,92.64148965941534,µg/m³,4
2025-12-09 06:00:00+00:00,Karachi,75.20333302815756,µg/m³,4
2025-12-09 07:00:00+00:00,Karachi,57.82827801174587,µg/m³,3
2025-12-09 08:00:00+00:00,Karachi,56.569208463033036,µg/m³,4
2025-12-09 09:00:00+00:00,Karachi,49.95093755722046,µg/m³,4
2025-12-09 10:00:00+00:00,Karachi,73.28146522310045,µg/m³,4
2025-12-09 11:00:00+00:00,Karachi,68.42823958396912,µg/m³,4
2025-12-09 12:00:00+00:00,Karachi,63.3803957303365,µg/m³,4
2025-12-09 13:00:00+00:00,Karachi,80.84316660563151,µg/m³,4
2025-12-09 14:00:00+00:00,Karachi,84.12240968280368,µg/m³,4
2025-12-09 15:00:00+00:00,Karachi,95.96847212049697,µg/m³,4
2025-12-09 16:00:00+00:00,Karachi,96.67222222222222,µg/m³,3
2025-12-09 17:00:00+00:00,Karachi,160.31577775743273,µg/m³,3
2025-12-09 18:00:00+00:00,Karachi,189.02287508646648,µg/m³,4
2025-12-09 19:00:00+00:00,Karachi,225.44541708628336,µg/m³,4
2025-12-09 20:00:00+00:00,Karachi,255.87074998219808,µg/m³,4
2025-12-09 21:00:00+00:00,Karachi,291.7077500025431,µg/m³,4
2025-12-09 22:00:00+00:00,Karachi,291.5687494913737,µg/m³,4
2025-12-09 23:00:00+00:00,Karachi,274.374249903361,µg/m³,4
2025-12-10 00:00:00+00:00,Karachi,275.72004152933755,µg/m³,4
2025-12-10 01:00:00+00:00,Karachi,228.50770829518635,µg/m³,4
2025-12-10 02:00:00+00:00,Karachi,197.8258889092339,µg/m³,3
2025-12-10 03:00:00+00:00,Karachi,192.132958094279,µg/m³,4
2025-12-10 04:00:00+00:00,Karachi,173.43733317057294,µg/m³,3
2025-12-10 05:00:00+00:00,Karachi,125.9970556471083,µg/m³,3
2025-12-10 06:00:00+00:00,Karachi,147.94177780151367,µg/m³,3
2025-12-10 07:00:00+00:00,Karachi,102.41674982706705,µg/m³,2
2025-12-10 08:00:00+00:00,Karachi,35.49997478061252,µg/m³,3
2025-12-10 09:00:00+00:00,Karachi,33.74356591237916,µg/m³,4
2025-12-10 10:00:00+00:00,Karachi,34.9042667388916,µg/m³,4
2025-12-10 11:00:00+00:00,Karachi,38.67309258072465,µg/m³,3
2025-12-10 12:00:00+00:00,Karachi,47.837472237481016,µg/m³,3
2025-12-10 13:00:00+00:00,Karachi,52.17791659037273,µg/m³,2
2025-12-10 14:00:00+00:00,Karachi,66.23050003051758,µg/m³,3
2025-12-10 15:00:00+00:00,Karachi,66.38705554538302,µg/m³,3
2025-12-10 16:00:00+00:00,Karachi,68.29155561659071,µg/m³,3
2025-12-10 17:00:00+00:00,Karachi,83.13249994913737,µg/m³,3
2025-12-10 18:00:00+00:00,Karachi,113.05416666666667,µg/m³,2
2025-12-10 19:00:00+00:00,Karachi,168.1481666564941,µg/m³,3
2025-12-10 20:00:00+00:00,Karachi,211.55094401041666,µg/m³,3
2025-12-10 21:00:00+00:00,Karachi,226.85950054592558,µg/m³,3
2025-12-10 22:00:00+00:00,Karachi,229.64672198825414,µg/m³,3
2025-12-10 23:00:00+00:00,Karachi,229.02972225613064,µg/m³,3
2025-12-11 00:00:00+00:00,Karachi,201.36116689046221,µg/m³,3
2025-12-11 01:00:00+00:00,Karachi,189.9929167429606,µg/m³,2
2025-12-11 02:00:00+00:00,Karachi,158.29366658528645,µg/m³,3
2025-12-11 03:00:00+00:00,Karachi,185.86091753641765,µg/m³,4
2025-12-11 04:00:00+00:00,Karachi,219.8375415166219,µg/m³,4
2025-12-11 05:00:00+00:00,Karachi,161.3738927503427,µg/m³,4
2025-12-11 06:00:00+00:00,Karachi,67.63383340570662,µg/m³,3
2025-12-11 07:00:00+00:00,Karachi,67.91133321126301,µg/m³,4
2025-12-11 08:00:00+00:00,Karachi,55.86512490113576,µg/m³,4
2025-12-11 09:00:00+00:00,Karachi,28.861354128519693,µg/m³,4
2025-12-11 10:00:00+00:00,Karachi,21.752468774716057,µg/m³,4
2025-12-11 11:00:00+00:00,Karachi,25.77279156049093,µg/m³,4
2025-12-11 12:00:00+00:00,Karachi,21.871999941931833,µg/m³,3
2025-12-11 13:00:00+00:00,Karachi,27.64679165151384,µg/m³,3
2025-12-11 14:00:00+00:00,Karachi,31.779833396275833,µg/m³,4
2025-12-11 15:00:00+00:00,Karachi,33.60691665013631,µg/m³,4
2025-12-11 16:00:00+00:00,Karachi,39.65855544408162,µg/m³,3
2025-12-11 17:00:00+00:00,Karachi,47.22970840930939,µg/m³,4
2025-12-11 18:00:00+00:00,Karachi,57.1839583714803,µg/m³,4
2025-12-11 19:00:00+00:00,Karachi,78.45987491607666,µg/m³,4
2025-12-11 20:00:00+00:00,Karachi,70.78120835622153,µg/m³,4
2025-12-11 21:00:00+00:00,Karachi,47.22791660626729,µg/m³,4
2025-12-11 22:00:00+00:00,Karachi,47.6994166135788,µg/m³,4
2025-12-11 23:00:00+00:00,Karachi,60.77183316548665,µg/m³,4
2025-12-12 00:00:00+00:00,Karachi,79.74041659037272,µg/m³,4
2025-12-12 01:00:00+00:00,Karachi,104.80275002320607,µg/m³,4
2025-12-12 02:00:00+00:00,Karachi,142.68420823415119,µg/m³,4
2025-12-12 03:00:00+00:00,Karachi,169.65334372520445,µg/m³,4
2025-12-12 04:00:00+00:00,Karachi,154.96162509918213,µg/m³,4
2025-12-12 05:00:00+00:00,Karachi,73.01695820490518,µg/m³,4
2025-12-12 06:00:00+00:00,Karachi,52.64897920687994,µg/m³,4
2025-12-12 07:00:00+00:00,Karachi,30.128104241689048,µg/m³,4
2025-12-12 08:00:00+00:00,Karachi,14.517624967628054,µg/m³,4
2025-12-12 09:00:00+00:00,Karachi,12.849333339267305,µg/m³,3
2025-12-12 10:00:00+00:00,Karachi,17.146531250079473,µg/m³,4
2025-12-12 11:00:00+00:00,Karachi,17.187916660308836,µg/m³,4
2025-12-12 12:00:00+00:00,Karachi,21.047371510002346,µg/m³,4
2025-12-12 13:00:00+00:00,Karachi,25.550069403648376,µg/m³,4
2025-12-12 14:00:00+00:00,Karachi,29.62799999713898,µg/m³,4
2025-12-12 15:00:00+00:00,Karachi,33.62629174391429,µg/m³,4
2025-12-12 16:00:00+00:00,Karachi,36.97158320744832,µg/m³,4
2025-12-12 17:00:00+00:00,Karachi,36.222583309809366,µg/m³,4
2025-12-12 18:00:00+00:00,Karachi,42.72970836957296,µg/m³,4
2025-12-12 19:00:00+00:00,Karachi,44.77305553224352,µg/m³,3
2025-12-12 20:00:00+00:00,Karachi,35.13591672579447,µg/m³,4
2025-12-12 21:00:00+00:00,Karachi,31.679208326339722,µg/m³,4
2025-12-12 22:00:00+00:00,Karachi,30.609916663169862,µg/m³,4
2025-12-12 23:00:00+00:00,Karachi,35.12099995613098,µg/m³,4
2025-12-13 00:00:00+00:00,Karachi,43.90711131625705,µg/m³,3
2025-12-13 01:00:00+00:00,Karachi,74.76555556191337,µg/m³,3
2025-12-13 02:00:00+00:00,Karachi,99.41521528032091,µg/m³,4
2025-12-13 03:00:00+00:00,Karachi,137.43699989318847,µg/m³,4
2025-12-13 04:00:00+00:00,Karachi,101.67535404364268,µg/m³,4
2025-12-13 05:00:00+00:00,Karachi,23.502916673819225,µg/m³,4
2025-12-13 06:00:00+00:00,Karachi,22.35195833047231,µg/m³,4
2025-12-13 07:00:00+00:00,Karachi,16.52237499554952,µg/m³,4
2025-12-13 08:00:00+00:00,Karachi,16.13308332761129,µg/m³,4
2025-12-13 09:00:00+00:00,Karachi,15.802583328882854,µg/m³,4
2025-12-13 10:00:00+00:00,Karachi,15.680041654904684,µg/m³,4
2025-12-13 11:00:00+00:00,Karachi,17.042333332697552,µg/m³,4
2025-12-13 12:00:00+00:00,Karachi,20.764458330472312,µg/m³,4
2025-12-13 13:00:00+00:00,Karachi,22.927750012079876,µg/m³,5
2025-12-13 14:00:00+00:00,Karachi,28.28816674550374,µg/m³,5
2025-12-13 15:00:00+00:00,Karachi,38.076083201169965,µg/m³,4
2025-12-13 16:00:00+00:00,Karachi,42.25433339436849,µg/m³,5
2025-12-13 17:00:00+00:00,Karachi,50.17016099717882,µg/m³,5
2025-12-13 18:00:00+00:00,Karachi,62.96978054894341,µg/m³,5
2025-12-13 19:00:00+00:00,Karachi,62.44282497406006,µg/m³,5
2025-12-13 20:00:00+00:00,Karachi,93.79326670328776,µg/m³,5
2025-12-13 21:00:00+00:00,Karachi,107.43062496185303,µg/m³,4
2025-12-13 22:00:00+00:00,Karachi,60.138683293660485,µg/m³,5
2025-12-13 23:00:00+00:00,Karachi,53.44629989624023,µg/m³,5
2025-12-14 00:00:00+00:00,Karachi,49.35833333333333,µg/m³,5
2025-12-14 01:00:00+00:00,Karachi,56.21,µg/m³,5
2025-12-14 02:00:00+00:00,Karachi,80.90073354085288,µg/m³,5
2025-12-14 03:00:00+00:00,Karachi,129.75160003662108,µg/m³,5
2025-12-14 04:00:00+00:00,Karachi,155.28006663004558,µg/m³,5
2025-12-14 05:00:00+00:00,Karachi,154.3534583409627,µg/m³,4
2025-12-14 06:00:00+00:00,Karachi,123.63716669718424,µg/m³,5
2025-12-14 07:00:00+00:00,Karachi,97.11734558105468,µg/m³,5
2025-12-14 08:00:00+00:00,Karachi,80.21917491912842,µg/m³,5
2025-12-14 09:00:00+00:00,Karachi,78.36029998779297,µg/m³,5
2025-12-14 10:00:00+00:00,Karachi,83.29223332722981,µg/m³,5
2025-12-14 11:00:00+00:00,Karachi,91.22803349812826,µg/m³,5
2025-12-14 12:00:00+00:00,Karachi,102.390433400472,µg/m³,5
2025-12-14 13:00:00+00:00,Karachi,124.00883336385091,µg/m³,5
2025-12-14 14:00:00+00:00,Karachi,140.47443333943687,µg/m³,5
2025-12-14 15:00:00+00:00,Karachi,161.42218755086262,µg/m³,4
2025-12-14 16:00:00+00:00,Karachi,142.2093000793457,µg/m³,5
2025-12-14 17:00:00+00:00,Karachi,128.77794180552164,µg/m³,5
2025-12-14 18:00:00+00:00,Karachi,130.28773335774738,µg/m³,5
2025-12-14 19:00:00+00:00,Karachi,141.22750005086263,µg/m³,5
2025-12-14 20:00:00+00:00,Karachi,142.34933339436847,µg/m³,5
2025-12-14 21:00:00+00:00,Karachi,138.7247366892497,µg/m³,5
2025-12-14 22:00:00+00:00,Karachi,129.90506663004558,µg/m³,5
2025-12-14 23:00:00+00:00,Karachi,125.05110000610352,µg/m³,5
2025-12-15 00:00:00+00:00,Karachi,125.3463859600491,µg/m³,5
2025-12-15 01:00:00+00:00,Karachi,126.62912502288819,µg/m³,4
2025-12-15 02:00:00+00:00,Karachi,141.3677000427246,µg/m³,5
2025-12-15 03:00:00+00:00,Karachi,164.77430013020836,µg/m³,5
2025-12-15 04:00:00+00:00,Karachi,151.51004172007242,µg/m³,5
2025-12-15 05:00:00+00:00,Karachi,127.56999999999998,µg/m³,5
2025-12-15 06:00:00+00:00,Karachi,118.06924839828953,µg/m³,5
2025-12-15 07:00:00+00:00,Karachi,86.97650009155274,µg/m³,5
2025-12-15 08:00:00+00:00,Karachi,90.73772500356039,µg/m³,5
2025-12-15 09:00:00+00:00,Karachi,83.98913330078126,µg/m³,5
2025-12-15 10:00:00+00:00,Karachi,84.83879151662191,µg/m³,5
2025-12-15 11:00:00+00:00,Karachi,99.97197781032988,µg/m³,5
2025-12-15 12:00:00+00:00,Karachi,123.81620820363364,µg/m³,4
2025-12-15 13:00:00+00:00,Karachi,139.06141649882,µg/m³,4
2025-12-15 14:00:00+00:00,Karachi,127.82896670023601,µg/m³,5
2025-12-15 15:00:00+00:00,Karachi,125.37600006103517,µg/m³,5
2025-12-15 16:00:00+00:00,Karachi,132.78256678263347,µg/m³,5
2025-12-15 17:00:00+00:00,Karachi,128.78745835622152,µg/m³,4
2025-12-15 18:00:00+00:00,Karachi,126.59270004272462,µg/m³,5
2025-12-15 19:00:00+00:00,Karachi,121.88149986267089,µg/m³,4
2025-12-15 20:00:00+00:00,Karachi,120.04556666056314,µg/m³,5
2025-12-15 21:00:00+00:00,Karachi,115.94996668497723,µg/m³,5
2025-12-15 22:00:00+00:00,Karachi,109.61218343098957,µg/m³,5
2025-12-15 23:00:00+00:00,Karachi,96.94113332112632,µg/m³,5
2025-12-16 00:00:00+00:00,Karachi,91.37833333333333,µg/m³,5
2025-12-16 01:00:00+00:00,Karachi,87.79056666056314,µg/m³,5
2025-12-16 02:00:00+00:00,Karachi,105.54016657511393,µg/m³,5
2025-12-16 03:00:00+00:00,Karachi,117.01559997558593,µg/m³,5
2025-12-16 04:00:00+00:00,Karachi,110.3911999511719,µg/m³,5
2025-12-16 05:00:00+00:00,Karachi,109.5256999206543,µg/m³,5
2025-12-16 06:00:00+00:00,Karachi,102.32333333333332,µg/m³,5
2025-12-16 07:00:00+00:00,Karachi,87.23499999999999,µg/m³,5
2025-12-16 08:00:00+00:00,Karachi,75.345325050354,µg/m³,5
2025-12-16 09:00:00+00:00,Karachi,72.85279998779296,µg/m³,5
2025-12-16 10:00:00+00:00,Karachi,72.07416683832804,µg/m³,4
2025-12-16 11:00:00+00:00,Karachi,81.19256678263346,µg/m³,5
2025-12-16 12:00:00+00:00,Karachi,90.74872657267254,µg/m³,5
2025-12-16 13:00:00+00:00,Karachi,92.41832667032877,µg/m³,5
2025-12-16 14:00:00+00:00,Karachi,97.65889999389648,µg/m³,5
2025-12-16 15:00:00+00:00,Karachi,93.36328330993652,µg/m³,5
2025-12-16 16:00:00+00:00,Karachi,100.7138748550415,µg/m³,5
2025-12-16 17:00:00+00:00,Karachi,105.43129164377848,µg/m³,4
2025-12-16 18:00:00+00:00,Karachi,107.55783322652181,µg/m³,4
2025-12-16 19:00:00+00:00,Karachi,101.62893330891926,µg/m³,5
2025-12-16 20:00:00+00:00,Karachi,94.71733327229818,µg/m³,5
2025-12-16 21:00:00+00:00,Karachi,84.78120010375976,µg/m³,5
2025-12-16 22:00:00+00:00,Karachi,78.46830001831054,µg/m³,5
2025-12-16 23:00:00+00:00,Karachi,76.89174995422363,µg/m³,4
2025-12-17 00:00:00+00:00,Karachi,84.795,µg/m³,5
2025-12-17 01:00:00+00:00,Karachi,80.45000000000002,µg/m³,4
2025-12-17 02:00:00+00:00,Karachi,98.65940002441405,µg/m³,5
2025-12-17 03:00:00+00:00,Karachi,118.11376673380532,µg/m³,5
2025-12-17 04:00:00+00:00,Karachi,110.6329332478841,µg/m³,5
2025-12-17 05:00:00+00:00,Karachi,96.8156999206543,µg/m³,5
2025-12-17 06:00:00+00:00,Karachi,95.36108334859213,µg/m³,5
2025-12-17 07:00:00+00:00,Karachi,82.17936670939127,µg/m³,5
2025-12-17 08:00:00+00:00,Karachi,81.0,µg/m³,1
2025-12-17 09:00:00+00:00,Karachi,69.84139991760253,µg/m³,5
2025-12-17 10:00:00+00:00,Karachi,71.1172666422526,µg/m³,5
2025-12-17 11:00:00+00:00,Karachi,74.11873341878255,µg/m³,5
2025-12-17 12:00:00+00:00,Karachi,78.36741663614909,µg/m³,4
2025-12-17 13:00:00+00:00,Karachi,100.369197956721,µg/m³,4
2025-12-17 14:00:00+00:00,Karachi,99.20933329264322,µg/m³,3
2025-12-17 15:00:00+00:00,Karachi,121.62545846303304,µg/m³,4
2025-12-17 16:00:00+00:00,Karachi,134.01572223239475,µg/m³,3
2025-12-17 17:00:00+00:00,Karachi,153.3994443681505,µg/m³,4
2025-12-17 18:00:00+00:00,Karachi,180.10915567080178,µg/m³,4
2025-12-17 19:00:00+00:00,Karachi,136.97258338928222,µg/m³,4
2025-12-17 20:00:00+00:00,Karachi,124.3106190127418,µg/m³,5
2025-12-17 21:00:00+00:00,Karachi,108.89509994506837,µg/m³,5
2025-12-17 22:00:00+00:00,Karachi,111.57395814259849,µg/m³,4
2025-12-17 23:00:00+00:00,Karachi,98.65936670939126,µg/m³,5
2025-12-18 00:00:00+00:00,Karachi,86.7436418024699,µg/m³,5
2025-12-18 01:00:00+00:00,Karachi,88.54963639692826,µg/m³,5
2025-12-18 02:00:00+00:00,Karachi,102.33569992065429,µg/m³,5
2025-12-18 03:00:00+00:00,Karachi,114.27943333943685,µg/m³,5
2025-12-18 04:00:00+00:00,Karachi,123.87289993286133,µg/m³,5
2025-12-18 05:00:00+00:00,Karachi,104.58167514801025,µg/m³,5
2025-12-18 06:00:00+00:00,Karachi,85.15779998779297,µg/m³,5
2025-12-18 07:00:00+00:00,Karachi,69.09663613059304,µg/m³,4
2025-12-18 08:00:00+00:00,Karachi,62.05537274447354,µg/m³,5
2025-12-18 09:00:00+00:00,Karachi,64.80183347066244,µg/m³,4
2025-12-18 10:00:00+00:00,Karachi,78.77137508392335,µg/m³,4
2025-12-18 11:00:00+00:00,Karachi,135.81998161033346,µg/m³,3
2025-12-18 12:00:00+00:00,Karachi,123.90349998474122,µg/m³,4
2025-12-18 13:00:00+00:00,Karachi,134.21611595860233,µg/m³,3
2025-12-18 14:00:00+00:00,Karachi,144.0902500152588,µg/m³,4
2025-12-18 15:00:00+00:00,Karachi,153.85738889906142,µg/m³,3
2025-12-18 16:00:00+00:00,Karachi,177.03875007629395,µg/m³,4
2025-12-18 17:00:00+00:00,Karachi,215.85466664632162,µg/m³,4
2025-12-18 18:00:00+00:00,Karachi,249.85304203033445,µg/m³,4
2025-12-18 19:00:00+00:00,Karachi,246.524055396186,µg/m³,3
2025-12-18 20:00:00+00:00,Karachi,154.73412494659422,µg/m³,4
2025-12-18 21:00:00+00:00,Karachi,113.23970826466876,µg/m³,4
2025-12-18 22:00:00+00:00,Karachi,94.93899993896484,µg/m³,4
2025-12-18 23:00:00+00:00,Karachi,87.9222916285197,µg/m³,4
2025-12-19 00:00:00+00:00,Karachi,76.00900001525878,µg/m³,4
2025-12-19 01:00:00+00:00,Karachi,71.96820824941,µg/m³,4
2025-12-19 02:00:00+00:00,Karachi,79.87504164377847,µg/m³,4
2025-12-19 03:00:00+00:00,Karachi,91.65204512808057,µg/m³,4
2025-12-19 04:00:00+00:00,Karachi,102.9506839381324,µg/m³,4
2025-12-19 05:00:00+00:00,Karachi,98.9729688167572,µg/m³,4
2025-12-19 06:00:00+00:00,Karachi,81.90270837148032,µg/m³,4
2025-12-19 07:00:00+00:00,Karachi,63.57728123664856,µg/m³,4
2025-12-19 08:00:00+00:00,Karachi,55.29245827992757,µg/m³,4
2025-12-19 09:00:00+00:00,Karachi,61.69375,µg/m³,4
2025-12-19 10:00:00+00:00,Karachi,66.25204168955486,µg/m³,4
2025-12-19 11:00:00+00:00,Karachi,76.78462498982748,µg/m³,4
2025-12-19 12:00:00+00:00,Karachi,71.0771666208903,µg/m³,4
2025-12-19 13:00:00+00:00,Karachi,88.27983334859212,µg/m³,4
2025-12-19 14:00:00+00:00,Karachi,101.88970826466878,µg/m³,4
2025-12-19 15:00:00+00:00,Karachi,103.10912494659425,µg/m³,4
2025-12-19 16:00:00+00:00,Karachi,130.02522210015192,µg/m³,3
2025-12-19 17:00:00+00:00,Karachi,145.97554175059,µg/m³,4
2025-12-19 18:00:00+00:00,Karachi,169.085610877143,µg/m³,3
2025-12-19 19:00:00+00:00,Karachi,149.6679583867391,µg/m³,4
2025-12-19 20:00:00+00:00,Karachi,128.6132916132609,µg/m³,4
2025-12-19 21:00:00+00:00,Karachi,133.59241663614907,µg/m³,4
2025-12-19 22:00:00+00:00,Karachi,138.19733327229818,µg/m³,4
2025-12-19 23:00:00+00:00,Karachi,125.12241655985514,µg/m³,4
2025-12-20 00:00:00+00:00,Karachi,150.866708056132,µg/m³,4
2025-12-20 01:00:00+00:00,Karachi,169.17779165903727,µg/m³,4
2025-12-20 02:00:00+00:00,Karachi,157.7812916437785,µg/m³,4
2025-12-20 03:00:00+00:00,Karachi,198.38875007629395,µg/m³,4
2025-12-20 04:00:00+00:00,Karachi,222.5107085545858,µg/m³,4
2025-12-20 05:00:00+00:00,Karachi,216.0767079671224,µg/m³,4
2025-12-20 06:00:00+00:00,Karachi,168.2867083867391,µg/m³,4
2025-12-20 07:00:00+00:00,Karachi,126.72338875664605,µg/m³,3
2025-12-20 08:00:00+00:00,Karachi,94.68608334859212,µg/m³,4
2025-12-20 09:00:00+00:00,Karachi,98.95204168955485,µg/m³,4
2025-12-20 10:00:00+00:00,Karachi,118.53151046435039,µg/m³,4
2025-12-20 11:00:00+00:00,Karachi,132.70543281526278,µg/m³,4
2025-12-20 12:00:00+00:00,Karachi,126.92512493133546,µg/m³,4
2025-12-20 13:00:00+00:00,Karachi,124.89449996948242,µg/m³,4
2025-12-20 14:00:00+00:00,Karachi,133.26205571492514,µg/m³,3
2025-12-20 15:00:00+00:00,Karachi,125.1,µg/m³,4
2025-12-20 16:00:00+00:00,Karachi,140.2599582036336,µg/m³,4
2025-12-20 17:00:00+00:00,Karachi,133.45601035753884,µg/m³,4
2025-12-20 18:00:00+00:00,Karachi,121.9818333943685,µg/m³,4
2025-12-20 19:00:00+00:00,Karachi,123.6326250076294,µg/m³,4
2025-12-20 20:00:00+00:00,Karachi,115.55895837148032,µg/m³,4
2025-12-20 21:00:00+00:00,Karachi,106.1049166361491,µg/m³,4
2025-12-20 22:00:00+00:00,Karachi,114.54191652933757,µg/m³,4
2025-12-20 23:00:00+00:00,Karachi,128.62295837402343,µg/m³,4
2025-12-21 00:00:00+00:00,Karachi,155.35320847829183,µg/m³,4
2025-12-21 01:00:00+00:00,Karachi,160.97991663614908,µg/m³,4
2025-12-21 02:00:00+00:00,Karachi,159.12983334859211,µg/m³,4
2025-12-21 03:00:00+00:00,Karachi,158.5520831425985,µg/m³,4
2025-12-21 04:00:00+00:00,Karachi,201.0764170328776,µg/m³,4
2025-12-21 05:00:00+00:00,Karachi,159.66095835367838,µg/m³,4
2025-12-21 06:00:00+00:00,Karachi,157.49441655476886,µg/m³,4
2025-12-21 07:00:00+00:00,Karachi,79.97291666666666,µg/m³,4
2025-12-21 08:00:00+00:00,Karachi,51.51658338705698,µg/m³,4
2025-12-21 09:00:00+00:00,Karachi,42.218722110324435,µg/m³,3
2025-12-21 10:00:00+00:00,Karachi,33.0631666580836,µg/m³,4
2025-12-21 11:00:00+00:00,Karachi,28.55295820236206,µg/m³,4
2025-12-21 12:00:00+00:00,Karachi,31.712250089645384,µg/m³,4
2025-12-21 13:00:00+00:00,Karachi,32.57362498442332,µg/m³,4
2025-12-21 14:00:00+00:00,Karachi,34.82445825735728,µg/m³,4
2025-12-21 15:00:00+00:00,Karachi,38.12895845572153,µg/m³,4
2025-12-21 16:00:00+00:00,Karachi,40.16829153696696,µg/m³,4
2025-12-21 17:00:00+00:00,Karachi,38.58529171148936,µg/m³,4
2025-12-21 18:00:00+00:00,Karachi,37.69877786636352,µg/m³,3
2025-12-21 19:00:00+00:00,Karachi,38.68358317216237,µg/m³,4
2025-12-21 20:00:00+00:00,Karachi,43.241777727339006,µg/m³,3
2025-12-21 21:00:00+00:00,Karachi,33.922041765848796,µg/m³,4
2025-12-21 22:00:00+00:00,Karachi,37.5269531160593,µg/m³,4
2025-12-21 23:00:00+00:00,Karachi,58.347636972154895,µg/m³,4
2025-12-22 00:00:00+00:00,Karachi,68.05200004577637,µg/m³,4
2025-12-22 01:00:00+00:00,Karachi,55.86608327229817,µg/m³,4
2025-12-22 02:00:00+00:00,Karachi,55.740374946594244,µg/m³,4
2025-12-22 03:00:00+00:00,Karachi,58.22454153696697,µg/m³,4
2025-12-22 04:00:00+00:00,Karachi,64.56179167429606,µg/m³,4
2025-12-22 05:00:00+00:00,Karachi,70.56276033719381,µg/m³,4
2025-12-22 06:00:00+00:00,Karachi,58.50829168955485,µg/m³,4
2025-12-22 07:00:00+00:00,Karachi,58.417458279927565,µg/m³,4
2025-12-22 08:00:00+00:00,Karachi,63.32758344014486,µg/m³,4
2025-12-22 09:00:00+00:00,Karachi,87.26575012207032,µg/m³,4
2025-12-22 10:00:00+00:00,Karachi,101.34561123318142,µg/m³,4
2025-12-22 11:00:00+00:00,Karachi,82.3176979223887,µg/m³,4
2025-12-22 12:00:00+00:00,Karachi,63.58620827992757,µg/m³,4
2025-12-22 13:00:00+00:00,Karachi,51.20141665140788,µg/m³,4
2025-12-22 14:00:00+00:00,Karachi,50.36800003051758,µg/m³,4
2025-12-22 15:00:00+00:00,Karachi,67.03383344014486,µg/m³,4
2025-12-22 16:00:00+00:00,Karachi,112.07929159800211,µg/m³,4
2025-12-22 17:00:00+00:00,Karachi,132.64925003051758,µg/m³,4
2025-12-22 18:00:00+00:00,Karachi,138.15770829518635,µg/m³,4
2025-12-22 19:00:00+00:00,Karachi,140.90087496439617,µg/m³,4
2025-12-22 20:00:00+00:00,Karachi,135.7613748550415,µg/m³,4
2025-12-22 21:00:00+00:00,Karachi,126.93970826466878,µg/m³,4
2025-12-22 22:00:00+00:00,Karachi,114.87924995422362,µg/m³,4
2025-12-22 23:00:00+00:00,Karachi,113.15208333333332,µg/m³,4
2025-12-23 00:00:00+00:00,Karachi,112.3611666361491,µg/m³,4
2025-12-23 01:00:00+00:00,Karachi,110.21745827992758,µg/m³,4
2025-12-23 02:00:00+00:00,Karachi,107.72983334859212,µg/m³,4
2025-12-23 03:00:00+00:00,Karachi,116.60750007629396,µg/m³,4
2025-12-23 04:00:00+00:00,Karachi,114.63754164377848,µg/m³,4
2025-12-23 05:00:00+00:00,Karachi,99.06195824941001,µg/m³,4
2025-12-23 06:00:00+00:00,Karachi,73.01674314075046,µg/m³,4
2025-12-23 07:00:00+00:00,Karachi,61.32507866047047,µg/m³,3
2025-12-23 08:00:00+00:00,Karachi,53.706208144293896,µg/m³,3
2025-12-23 09:00:00+00:00,Karachi,49.700874900817865,µg/m³,4
2025-12-23 10:00:00+00:00,Karachi,50.048083241780596,µg/m³,4
2025-12-23 11:00:00+00:00,Karachi,52.65635761155022,µg/m³,4
2025-12-23 12:00:00+00:00,Karachi,56.86837520599365,µg/m³,4
2025-12-23 13:00:00+00:00,Karachi,57.533625125885,µg/m³,4
2025-12-23 14:00:00+00:00,Karachi,62.652770932515466,µg/m³,4
2025-12-23 15:00:00+00:00,Karachi,64.51012516021729,µg/m³,4
2025-12-23 16:00:00+00:00,Karachi,69.03972227308486,µg/m³,3
2025-12-23 17:00:00+00:00,Karachi,73.57016665140787,µg/m³,4
2025-12-23 18:00:00+00:00,Karachi,80.93516680399577,µg/m³,4
2025-12-23 19:00:00+00:00,Karachi,88.54505572848849,µg/m³,3
2025-12-23 20:00:00+00:00,Karachi,85.07008336385091,µg/m³,4
2025-12-23 21:00:00+00:00,Karachi,88.34291674296063,µg/m³,4
2025-12-23 22:00:00+00:00,Karachi,85.8953332265218,µg/m³,4
2025-12-23 23:00:00+00:00,Karachi,72.85879179636638,µg/m³,4
2025-12-24 00:00:00+00:00,Karachi,64.78662509918213,µg/m³,4
2025-12-24 01:00:00+00:00,Karachi,66.52966677347818,µg/m³,4
2025-12-24 02:00:00+00:00,Karachi,83.50570818583171,µg/m³,4
2025-12-24 03:00:00+00:00,Karachi,86.93529173533122,µg/m³,4
2025-12-24 04:00:00+00:00,Karachi,96.93787523905435,µg/m³,4
2025-12-24 05:00:00+00:00,Karachi,103.35908323923746,µg/m³,4
2025-12-24 06:00:00+00:00,Karachi,103.40087490081787,µg/m³,4
2025-12-24 07:00:00+00:00,Karachi,59.733145840962734,µg/m³,4
2025-12-24 08:00:00+00:00,Karachi,51.017916742960615,µg/m³,4
2025-12-24 09:00:00+00:00,Karachi,59.27445824941,µg/m³,4
2025-12-24 10:00:00+00:00,Karachi,62.71900030771891,µg/m³,4
2025-12-24 11:00:00+00:00,Karachi,99.60112469991049,µg/m³,4
2025-12-24 12:00:00+00:00,Karachi,98.38834369977315,µg/m³,4
2025-12-24 13:00:00+00:00,Karachi,97.20687503814696,µg/m³,4
2025-12-24 14:00:00+00:00,Karachi,88.29337482452392,µg/m³,4
2025-12-24 15:00:00+00:00,Karachi,113.22695155673557,µg/m³,4
2025-12-24 16:00:00+00:00,Karachi,128.0047256734636,µg/m³,4
2025-12-24 17:00:00+00:00,Karachi,128.8470417658488,µg/m³,4
2025-12-24 18:00:00+00:00,Karachi,143.43137493133545,µg/m³,4
2025-12-24 19:00:00+00:00,Karachi,173.62437496185302,µg/m³,4
2025-12-24 20:00:00+00:00,Karachi,164.30641657511393,µg/m³,4
2025-12-24 21:00:00+00:00,Karachi,175.42700004577637,µg/m³,4
2025-12-24 22:00:00+00:00,Karachi,156.20416673024496,µg/m³,4
2025-12-24 23:00:00+00:00,Karachi,160.07145818074545,µg/m³,4
2025-12-25 00:00:00+00:00,Karachi,161.9858890109592,µg/m³,3
2025-12-25 01:00:00+00:00,Karachi,118.97359697553846,µg/m³,4
2025-12-25 02:00:00+00:00,Karachi,112.74524993896483,µg/m³,4
2025-12-25 03:00:00+00:00,Karachi,132.74283320109052,µg/m³,3
2025-12-25 04:00:00+00:00,Karachi,130.9680499267578,µg/m³,4
2025-12-25 05:00:00+00:00,Karachi,135.12006251017252,µg/m³,4
2025-12-25 06:00:00+00:00,Karachi,102.19533322652181,µg/m³,4
2025-12-25 07:00:00+00:00,Karachi,95.89187488555908,µg/m³,4
2025-12-25 08:00:00+00:00,Karachi,84.28191668192545,µg/m³,4
2025-12-25 09:00:00+00:00,Karachi,61.775537930112904,µg/m³,4
2025-12-25 10:00:00+00:00,Karachi,55.26982494354249,µg/m³,4
2025-12-25 11:00:00+00:00,Karachi,57.799458249409994,µg/m³,4
2025-12-25 12:00:00+00:00,Karachi,66.07779165903727,µg/m³,4
2025-12-25 13:00:00+00:00,Karachi,67.45287494659424,µg/m³,4
2025-12-25 14:00:00+00:00,Karachi,73.16637503306072,µg/m³,4
2025-12-25 15:00:00+00:00,Karachi,76.23333333333333,µg/m³,3
2025-12-25 16:00:00+00:00,Karachi,63.88191668192545,µg/m³,4
2025-12-25 17:00:00+00:00,Karachi,73.1194375038147,µg/m³,4
2025-12-25 18:00:00+00:00,Karachi,93.39524993896485,µg/m³,4
2025-12-25 19:00:00+00:00,Karachi,97.10288882785373,µg/m³,3
2025-12-25 20:00:00+00:00,Karachi,131.86604169209798,µg/m³,4
2025-12-25 21:00:00+00:00,Karachi,150.4411247253418,µg/m³,4
2025-12-25 22:00:00+00:00,Karachi,147.07058347066243,µg/m³,4
2025-12-25 23:00:00+00:00,Karachi,134.58395837148032,µg/m³,4
2025-12-26 00:00:00+00:00,Karachi,114.55074996948242,µg/m³,4
2025-12-26 01:00:00+00:00,Karachi,101.925,µg/m³,4
2025-12-26 02:00:00+00:00,Karachi,94.87075004577636,µg/m³,4
2025-12-26 03:00:00+00:00,Karachi,87.9818333943685,µg/m³,4
2025-12-26 04:00:00+00:00,Karachi,89.28120835622151,µg/m³,4
2025-12-26 05:00:00+00:00,Karachi,111.63216654459634,µg/m³,4
2025-12-26 06:00:00+00:00,Karachi,92.69441668192545,µg/m³,4
2025-12-26 07:00:00+00:00,Karachi,77.51787509918212,µg/m³,4
2025-12-26 08:00:00+00:00,Karachi,79.49095452048562,µg/m³,4
2025-12-26 09:00:00+00:00,Karachi,70.37425003051757,µg/m³,4
2025-12-26 10:00:00+00:00,Karachi,56.216500091552724,µg/m³,3
2025-12-26 11:00:00+00:00,Karachi,46.22949981689454,µg/m³,4
2025-12-26 12:00:00+00:00,Karachi,47.3445416132609,µg/m³,4
2025-12-26 13:00:00+00:00,Karachi,56.41395829518636,µg/m³,4
2025-12-26 14:00:00+00:00,Karachi,70.25470841725668,µg/m³,4
2025-12-26 15:00:00+00:00,Karachi,94.50076528606992,µg/m³,4
2025-12-26 16:00:00+00:00,Karachi,121.53504158655802,µg/m³,4
2025-12-26 17:00:00+00:00,Karachi,131.14904181162515,µg/m³,4
2025-12-26 18:00:00+00:00,Karachi,145.58064568837483,µg/m³,4
2025-12-26 19:00:00+00:00,Karachi,152.25904165903728,µg/m³,4
2025-12-26 20:00:00+00:00,Karachi,163.39633344014487,µg/m³,4
2025-12-26 21:00:00+00:00,Karachi,141.42508328755696,µg/m³,4
2025-12-26 22:00:00+00:00,Karachi,101.61920846303303,µg/m³,4
2025-12-26 23:00:00+00:00,Karachi,89.51041666666667,µg/m³,4
2025-12-27 00:00:00+00:00,Karachi,80.6834166208903,µg/m³,4
2025-12-27 01:00:00+00:00,Karachi,76.25004164377847,µg/m³,4
2025-12-27 02:00:00+00:00,Karachi,66.61437511444092,µg/m³,4
2025-12-27 03:00:00+00:00,Karachi,75.03450012207033,µg/m³,4
2025-12-27 04:00:00+00:00,Karachi,76.99987506866455,µg/m³,4
2025-12-27 05:00:00+00:00,Karachi,73.63112506866455,µg/m³,4
2025-12-27 06:00:00+00:00,Karachi,72.08337497711182,µg/m³,4
2025-12-27 07:00:00+00:00,Karachi,70.66085195188168,µg/m³,3
2025-12-27 08:00:00+00:00,Karachi,65.92550010681154,µg/m³,4
2025-12-27 09:00:00+00:00,Karachi,74.28404165903729,µg/m³,4
2025-12-27 10:00:00+00:00,Karachi,72.29308331807454,µg/m³,4
2025-12-27 11:00:00+00:00,Karachi,68.6152083714803,µg/m³,4
2025-12-27 12:00:00+00:00,Karachi,73.20136099921332,µg/m³,4
2025-12-27 13:00:00+00:00,Karachi,74.66691652933757,µg/m³,4
2025-12-27 14:00:00+00:00,Karachi,95.14366671244304,µg/m³,4
2025-12-27 15:00:00+00:00,Karachi,118.86404158274331,µg/m³,4
2025-12-27 16:00:00+00:00,Karachi,130.36520837148032,µg/m³,4
2025-12-27 17:00:00+00:00,Karachi,161.81533330281576,µg/m³,4
2025-12-27 18:00:00+00:00,Karachi,152.08258336385092,µg/m³,4
2025-12-27 19:00:00+00:00,Karachi,164.238611263699,µg/m³,3
2025-12-27 20:00:00+00:00,Karachi,166.52629172007244,µg/m³,4
2025-12-27 21:00:00+00:00,Karachi,173.06879164377847,µg/m³,4
2025-12-27 22:00:00+00:00,Karachi,149.02258313496907,µg/m³,4
2025-12-27 23:00:00+00:00,Karachi,150.35183351304798,µg/m³,3
2025-12-28 00:00:00+00:00,Karachi,115.15916671752927,µg/m³,3
2025-12-28 01:00:00+00:00,Karachi,90.51324996948242,µg/m³,4
2025-12-28 02:00:00+00:00,Karachi,81.14429175059001,µg/m³,4
2025-12-28 03:00:00+00:00,Karachi,92.89941660563152,µg/m³,4
2025-12-28 04:00:00+00:00,Karachi,101.80645821889242,µg/m³,4
2025-12-28 05:00:00+00:00,Karachi,100.88505562676325,µg/m³,3
2025-12-28 06:00:00+00:00,Karachi,78.02979170481365,µg/m³,4
2025-12-28 07:00:00+00:00,Karachi,65.36316668192546,µg/m³,4
2025-12-28 08:00:00+00:00,Karachi,66.75970834096273,µg/m³,4
2025-12-28 09:00:00+00:00,Karachi,75.49241663614909,µg/m³,4
2025-12-28 10:00:00+00:00,Karachi,71.84850006103517,µg/m³,4
2025-12-28 11:00:00+00:00,Karachi,65.69249992370605,µg/m³,4
2025-12-28 12:00:00+00:00,Karachi,67.04012508392334,µg/m³,4
2025-12-28 13:00:00+00:00,Karachi,68.30576261520386,µg/m³,4
2025-12-28 14:00:00+00:00,Karachi,82.00620835622152,µg/m³,4
2025-12-28 15:00:00+00:00,Karachi,96.61820824940999,µg/m³,4
2025-12-28 16:00:00+00:00,Karachi,112.32045815785726,µg/m³,4
2025-12-28 17:00:00+00:00,Karachi,145.5017222934299,µg/m³,3
2025-12-28 18:00:00+00:00,Karachi,177.14300009409587,µg/m³,4
2025-12-28 19:00:00+00:00,Karachi,155.42275009155273,µg/m³,4
2025-12-28 20:00:00+00:00,Karachi,134.95695832570394,µg/m³,4
2025-12-28 21:00:00+00:00,Karachi,140.11262493133546,µg/m³,4
2025-12-28 22:00:00+00:00,Karachi,136.69249992370604,µg/m³,4
2025-12-28 23:00:00+00:00,Karachi,140.38604170481364,µg/m³,4
2025-12-29 00:00:00+00:00,Karachi,143.48144446478952,µg/m³,3
2025-12-29 01:00:00+00:00,Karachi,140.0519443935818,µg/m³,3
2025-12-29 02:00:00+00:00,Karachi,125.43612499237062,µg/m³,4
2025-12-29 03:00:00+00:00,Karachi,117.03908322652181,µg/m³,4
2025-12-29 04:00:00+00:00,Karachi,113.85194439358183,µg/m³,3
2025-12-29 05:00:00+00:00,Karachi,110.12033316294352,µg/m³,4
2025-12-29 06:00:00+00:00,Karachi,92.16037502288819,µg/m³,4
2025-12-29 07:00:00+00:00,Karachi,83.52488547960917,µg/m³,4
2025-12-29 08:00:00+00:00,Karachi,93.24241663614909,µg/m³,4
2025-12-29 09:00:00+00:00,Karachi,87.04179857042101,µg/m³,4
2025-12-29 10:00:00+00:00,Karachi,85.68530902332729,µg/m³,4
2025-12-29 11:00:00+00:00,Karachi,78.66413193808661,µg/m³,4
2025-12-29 12:00:00+00:00,Karachi,78.870222430759,µg/m³,4
2025-12-29 13:00:00+00:00,Karachi,99.51124992370605,µg/m³,4
2025-12-29 14:00:00+00:00,Karachi,118.31016667683919,µg/m³,3
2025-12-29 15:00:00+00:00,Karachi,151.04691683451335,µg/m³,4
2025-12-29 16:00:00+00:00,Karachi,166.01866675482856,µg/m³,3
2025-12-29 17:00:00+00:00,Karachi,185.23133328755696,µg/m³,4
2025-12-29 18:00:00+00:00,Karachi,202.47908344268797,µg/m³,4
2025-12-29 19:00:00+00:00,Karachi,224.46233297983807,µg/m³,4
2025-12-29 20:00:00+00:00,Karachi,231.12570889790854,µg/m³,4
2025-12-29 21:00:00+00:00,Karachi,201.7264273484548,µg/m³,4
2025-12-29 22:00:00+00:00,Karachi,181.0437915802002,µg/m³,4
2025-12-29 23:00:00+00:00,Karachi,164.12704168955486,µg/m³,4
2025-12-30 00:00:00+00:00,Karachi,134.04770844777423,µg/m³,4
2025-12-30 01:00:00+00:00,Karachi,123.36945832570395,µg/m³,4
2025-12-30 02:00:00+00:00,Karachi,130.60012493133544,µg/m³,4
2025-12-30 03:00:00+00:00,Karachi,134.82283337910968,µg/m³,4
2025-12-30 04:00:00+00:00,Karachi,136.0,µg/m³,1
2025-12-30 05:00:00+00:00,Karachi,189.86174971262614,µg/m³,4
2025-12-30 06:00:00+00:00,Karachi,197.2133331934611,µg/m³,4
2025-12-30 07:00:00+00:00,Karachi,113.01903254897506,µg/m³,4
2025-12-30 08:00:00+00:00,Karachi,80.87762508392333,µg/m³,4
2025-12-30 09:00:00+00:00,Karachi,70.5287811756134,µg/m³,4
2025-12-30 10:00:00+00:00,Karachi,76.78120835622151,µg/m³,4
2025-12-30 11:00:00+00:00,Karachi,75.33259387016295,µg/m³,4
2025-12-30 12:00:00+00:00,Karachi,87.51949996948242,µg/m³,4
2025-12-30 13:00:00+00:00,Karachi,95.99372211032444,µg/m³,3
2025-12-30 14:00:00+00:00,Karachi,96.76774978637695,µg/m³,4
2025-12-30 15:00:00+00:00,Karachi,88.28129164377847,µg/m³,4
2025-12-30 16:00:00+00:00,Karachi,94.89703125953676,µg/m³,4
2025-12-30 17:00:00+00:00,Karachi,55.199458249409986,µg/m³,4
2025-12-30 18:00:00+00:00,Karachi,31.0,µg/m³,1
2025-12-30 19:00:00+00:00,Karachi,37.195444424947105,µg/m³,3
2025-12-30 20:00:00+00:00,Karachi,32.4602917432785,µg/m³,4
2025-12-30 21:00:00+00:00,Karachi,28.148447817564012,µg/m³,4
2025-12-30 22:00:00+00:00,Karachi,25.318791683514917,µg/m³,4
2025-12-30 23:00:00+00:00,Karachi,25.21696972846985,µg/m³,4
2025-12-31 00:00:00+00:00,Karachi,21.521541659037272,µg/m³,4
2025-12-31 01:00:00+00:00,Karachi,31.398277685377337,µg/m³,3
2025-12-31 02:00:00+00:00,Karachi,41.92405556572808,µg/m³,3
2025-12-31 03:00:00+00:00,Karachi,96.74450013902451,µg/m³,3
2025-12-31 04:00:00+00:00,Karachi,64.82694439358181,µg/m³,3
2025-12-31 05:00:00+00:00,Karachi,33.03500012291803,µg/m³,3
2025-12-31 06:00:00+00:00,Karachi,21.608166715833875,µg/m³,3
2025-12-31 07:00:00+00:00,Karachi,13.752722220950657,µg/m³,3
2025-12-31 08:00:00+00:00,Karachi,12.800833331214058,µg/m³,3
2025-12-31 09:00:00+00:00,Karachi,16.746055571238198,µg/m³,3
2025-12-31 10:00:00+00:00,Karachi,11.298999987708198,µg/m³,3
2025-12-31 11:00:00+00:00,Karachi,11.964722209506567,µg/m³,3
2025-12-31 12:00:00+00:00,Karachi,19.07616661919488,µg/m³,3
2025-12-31 13:00:00+00:00,Karachi,33.83616672092014,µg/m³,3
2025-12-31 14:00:00+00:00,Karachi,55.217389000786675,µg/m³,3
2025-12-31 15:00:00+00:00,Karachi,83.40988905164932,µg/m³,3
2025-12-31 16:00:00+00:00,Karachi,90.20294435289172,µg/m³,3
2025-12-31 17:00:00+00:00,Karachi,99.00841662089032,µg/m³,2
2025-12-31 18:00:00+00:00,Karachi,157.80205544365776,µg/m³,3
2025-12-31 19:00:00+00:00,Karachi,157.01538908216688,µg/m³,3
2025-12-31 20:00:00+00:00,Karachi,134.0641109890408,µg/m³,3
2025-12-31 21:00:00+00:00,Karachi,139.1586109585232,µg/m³,3
2025-12-31 22:00:00+00:00,Karachi,132.27877773708767,µg/m³,3
2025-12-31 23:00:00+00:00,Karachi,120.68627768622504,µg/m³,3
2026-01-01 00:00:00+00:00,Karachi,113.37375005086263,µg/m³,3
2026-01-01 01:00:00+00:00,Karachi,105.11055535210501,µg/m³,3
2026-01-01 02:00:00+00:00,Karachi,105.39822218153212,µg/m³,3
2026-01-01 03:00:00+00:00,Karachi,104.48961122300891,µg/m³,3
2026-01-01 04:00:00+00:00,Karachi,109.00466664632161,µg/m³,3
2026-01-01 05:00:00+00:00,Karachi,106.65755547417535,µg/m³,3
2026-01-01 06:00:00+00:00,Karachi,100.72594443427192,µg/m³,3
2026-01-01 07:00:00+00:00,Karachi,79.0035001118978,µg/m³,3
2026-01-01 08:00:00+00:00,Karachi,57.537879675405996,µg/m³,3
2026-01-01 09:00:00+00:00,Karachi,54.03514579137166,µg/m³,2
2026-01-01 10:00:00+00:00,Karachi,52.98694449530708,µg/m³,3
2026-01-01 11:00:00+00:00,Karachi,57.968848396070065,µg/m³,3
2026-01-01 12:00:00+00:00,Karachi,60.79711117214626,µg/m³,3
2026-01-01 13:00:00+00:00,Karachi,95.10258344014485,µg/m³,2
2026-01-01 14:00:00+00:00,Karachi,92.62466684977214,µg/m³,2
2026-01-01 15:00:00+00:00,Karachi,96.7491667429606,µg/m³,2
2026-01-01 16:00:00+00:00,Karachi,104.42741686503092,µg/m³,2
2026-01-01 17:00:00+00:00,Karachi,113.99441668192549,µg/m³,2
2026-01-01 18:00:00+00:00,Karachi,121.01100006103516,µg/m³,2
2026-01-01 19:00:00+00:00,Karachi,119.46388888888889,µg/m³,3
2026-01-01 20:00:00+00:00,Karachi,114.01322207980685,µg/m³,3
2026-01-01 21:00:00+00:00,Karachi,112.75655551486545,µg/m³,3
2026-01-01 22:00:00+00:00,Karachi,98.30722232394749,µg/m³,3
2026-01-01 23:00:00+00:00,Karachi,103.21872211032444,µg/m³,3
2026-01-02 00:00:00+00:00,Karachi,87.05266672770182,µg/m³,3
2026-01-02 01:00:00+00:00,Karachi,86.11761110093859,µg/m³,3
2026-01-02 02:00:00+00:00,Karachi,75.00099995930988,µg/m³,3
2026-01-02 03:00:00+00:00,Karachi,90.71311102973091,µg/m³,3
2026-01-02 04:00:00+00:00,Karachi,92.93605558607312,µg/m³,3
2026-01-02 05:00:00+00:00,Karachi,86.3727779812283,µg/m³,3
2026-01-02 06:00:00+00:00,Karachi,83.15194439358181,µg/m³,3
2026-01-02 07:00:00+00:00,Karachi,67.11686655680337,µg/m³,3
2026-01-02 08:00:00+00:00,Karachi,61.037111070421,µg/m³,3
2026-01-02 09:00:00+00:00,Karachi,63.037111070421,µg/m³,3
2026-01-02 10:00:00+00:00,Karachi,59.447666592068146,µg/m³,3
2026-01-02 11:00:00+00:00,Karachi,57.24833323160808,µg/m³,3
2026-01-02 12:00:00+00:00,Karachi,62.73683344523112,µg/m³,3
2026-01-02 13:00:00+00:00,Karachi,72.71927786933051,µg/m³,3
2026-01-02 14:00:00+00:00,Karachi,73.77009069269354,µg/m³,2
2026-01-02 15:00:00+00:00,Karachi,74.1451942867703,µg/m³,2
2025-10-04 16:00:00+00:00,Islamabad,54.05538898044162,µg/m³,3
2025-10-04 17:00:00+00:00,Islamabad,48.793411925986966,µg/m³,3
2025-10-04 18:00:00+00:00,Islamabad,40.24477772182888,µg/m³,3
2025-10-04 19:00:00+00:00,Islamabad,47.02081932491726,µg/m³,3
2025-10-04 20:00:00+00:00,Islamabad,38.164301038671425,µg/m³,3
2025-10-04 21:00:00+00:00,Islamabad,38.478625043233244,µg/m³,3
2025-10-04 22:00:00+00:00,Islamabad,37.72244457668728,µg/m³,3
2025-10-04 23:00:00+00:00,Islamabad,40.73283335367839,µg/m³,3
2025-10-05 00:00:00+00:00,Islamabad,41.744421393783,µg/m³,3
2025-10-05 01:00:00+00:00,Islamabad,40.5997501373291,µg/m³,3
2025-10-05 02:00:00+00:00,Islamabad,37.49624539834482,µg/m³,3
2025-10-05 03:00:00+00:00,Islamabad,41.95547676792851,µg/m³,3
2025-10-05 04:00:00+00:00,Islamabad,36.25626382562849,µg/m³,3
2025-10-05 05:00:00+00:00,Islamabad,31.967509222913673,µg/m³,3
2025-10-05 06:00:00+00:00,Islamabad,28.957708332273693,µg/m³,3
2025-10-05 07:00:00+00:00,Islamabad,25.048638916015623,µg/m³,3
2025-10-05 08:00:00+00:00,Islamabad,23.542347216606142,µg/m³,3
2025-10-05 09:00:00+00:00,Islamabad,23.96262499756283,µg/m³,3
2025-10-05 10:00:00+00:00,Islamabad,27.06963888450905,µg/m³,3
2025-10-05 11:00:00+00:00,Islamabad,27.7349444354022,µg/m³,3
2025-10-05 12:00:00+00:00,Islamabad,29.602263866530524,µg/m³,3
2025-10-05 13:00:00+00:00,Islamabad,27.683749985694885,µg/m³,3
2025-10-05 14:00:00+00:00,Islamabad,28.513583310445153,µg/m³,3
2025-10-05 15:00:00+00:00,Islamabad,29.951351783010693,µg/m³,3
2025-10-05 16:00:00+00:00,Islamabad,23.656958240049857,µg/m³,3
2025-10-05 17:00:00+00:00,Islamabad,9.618638892306222,µg/m³,3
2025-10-05 18:00:00+00:00,Islamabad,7.2122638922598625,µg/m³,3
2025-10-05 19:00:00+00:00,Islamabad,8.054421300910137,µg/m³,3
2025-10-05 20:00:00+00:00,Islamabad,7.76940740413136,µg/m³,3
2025-10-05 21:00:00+00:00,Islamabad,9.171097228262159,µg/m³,3
2025-10-05 22:00:00+00:00,Islamabad,8.253203697557803,µg/m³,3
2025-10-05 23:00:00+00:00,Islamabad,8.805976845599988,µg/m³,3
2025-10-06 00:00:00+00:00,Islamabad,8.79544444547759,µg/m³,3
2025-10-06 01:00:00+00:00,Islamabad,9.515615738983508,µg/m³,3
2025-10-06 02:00:00+00:00,Islamabad,16.33904629724997,µg/m³,3
2025-10-06 03:00:00+00:00,Islamabad,30.253393460203103,µg/m³,3
2025-10-06 04:00:00+00:00,Islamabad,25.3545531253622,µg/m³,3
2025-10-06 05:00:00+00:00,Islamabad,18.149998734133813,µg/m³,3
2025-10-06 06:00:00+00:00,Islamabad,10.12551389005449,µg/m³,3
2025-10-06 07:00:00+00:00,Islamabad,10.886080807868879,µg/m³,3
2025-10-06 08:00:00+00:00,Islamabad,9.247305552164713,µg/m³,3
2025-10-06 09:00:00+00:00,Islamabad,11.935087962503786,µg/m³,3
2025-10-06 10:00:00+00:00,Islamabad,9.673851861777129,µg/m³,3
2025-10-06 11:00:00+00:00,Islamabad,14.185347220632766,µg/m³,3
2025-10-06 12:00:00+00:00,Islamabad,10.419222222434149,µg/m³,3
2025-10-06 13:00:00+00:00,Islamabad,16.031736106342738,µg/m³,3
2025-10-06 14:00:00+00:00,Islamabad,14.196847222469472,µg/m³,3
2025-10-06 15:00:00+00:00,Islamabad,18.869986123508877,µg/m³,3
2025-10-06 16:00:00+00:00,Islamabad,20.10078703562419,µg/m³,3
2025-10-06 17:00:00+00:00,Islamabad,15.965722232394748,µg/m³,3
2025-10-06 18:00:00+00:00,Islamabad,14.047138886981543,µg/m³,3
2025-10-06 19:00:00+00:00,Islamabad,12.146944443384806,µg/m³,3
2025-10-06 20:00:00+00:00,Islamabad,14.050912033187018,µg/m³,3
2025-10-06 21:00:00+00:00,Islamabad,10.73608796066708,µg/m³,3
2025-10-06 22:00:00+00:00,Islamabad,10.425166670481364,µg/m³,3
2025-10-06 23:00:00+00:00,Islamabad,11.431412042511836,µg/m³,3
2025-10-07 00:00:00+00:00,Islamabad,13.078300929069519,µg/m³,3
2025-10-07 01:00:00+00:00,Islamabad,14.983708336618212,µg/m³,3
2025-10-07 02:00:00+00:00,Islamabad,25.269097230169507,µg/m³,3
2025-10-07 03:00:00+00:00,Islamabad,29.686310104970573,µg/m³,3
2025-10-07 04:00:00+00:00,Islamabad,34.57097222275204,µg/m³,3
2025-10-07 05:00:00+00:00,Islamabad,19.841379635422317,µg/m³,3
2025-10-07 06:00:00+00:00,Islamabad,25.670407408255116,µg/m³,3
2025-10-07 07:00:00+00:00,Islamabad,28.892990733959056,µg/m³,3
2025-10-07 08:00:00+00:00,Islamabad,25.207236116020766,µg/m³,3
2025-10-07 09:00:00+00:00,Islamabad,22.996212968119867,µg/m³,3
2025-10-07 10:00:00+00:00,Islamabad,24.71425926950243,µg/m³,3
2025-10-07 11:00:00+00:00,Islamabad,24.483513893021478,µg/m³,3
2025-10-07 12:00:00+00:00,Islamabad,27.814013865258957,µg/m³,3
2025-10-07 13:00:00+00:00,Islamabad,37.96262034840054,µg/m³,3
2025-10-07 14:00:00+00:00,Islamabad,38.739597188101875,µg/m³,3
2025-10-07 15:00:00+00:00,Islamabad,31.376513873206246,µg/m³,3
2025-10-07 16:00:00+00:00,Islamabad,19.96911574204763,µg/m³,3
2025-10-07 17:00:00+00:00,Islamabad,23.280398148077506,µg/m³,3
2025-10-07 18:00:00+00:00,Islamabad,19.113935170350253,µg/m³,3
2025-10-07 19:00:00+00:00,Islamabad,17.489194447905927,µg/m³,3
2025-10-07 20:00:00+00:00,Islamabad,13.8889583296246,µg/m³,3
2025-10-07 21:00:00+00:00,Islamabad,16.56481944455041,µg/m³,3
2025-10-07 22:00:00+00:00,Islamabad,11.52609722437682,µg/m³,3
2025-10-07 23:00:00+00:00,Islamabad,12.278791682808489,µg/m³,3
2025-10-08 00:00:00+00:00,Islamabad,11.785180555449593,µg/m³,3
2025-10-08 01:00:00+00:00,Islamabad,19.00101388030582,µg/m³,3
2025-10-08 02:00:00+00:00,Islamabad,40.0747547034864,µg/m³,3
2025-10-08 03:00:00+00:00,Islamabad,43.736032493026165,µg/m³,3
2025-10-08 04:00:00+00:00,Islamabad,38.31447671254475,µg/m³,3
2025-10-08 05:00:00+00:00,Islamabad,41.86648609638214,µg/m³,3
2025-10-08 06:00:00+00:00,Islamabad,39.43299533702709,µg/m³,3
2025-10-08 07:00:00+00:00,Islamabad,26.63134090924504,µg/m³,3
2025-10-08 08:00:00+00:00,Islamabad,20.998083337148028,µg/m³,3
2025-10-08 09:00:00+00:00,Islamabad,22.617412036436576,µg/m³,3
2025-10-08 10:00:00+00:00,Islamabad,25.477837966106552,µg/m³,3
2025-10-08 11:00:00+00:00,Islamabad,27.880546294318304,µg/m³,3
2025-10-08 12:00:00+00:00,Islamabad,40.69409262957396,µg/m³,3
2025-10-08 13:00:00+00:00,Islamabad,54.93138893975152,µg/m³,3
2025-10-08 14:00:00+00:00,Islamabad,46.618972171677484,µg/m³,3
2025-10-08 15:00:00+00:00,Islamabad,37.92714348722387,µg/m³,3
2025-10-08 16:00:00+00:00,Islamabad,41.0867732639666,µg/m³,3
2025-10-08 17:00:00+00:00,Islamabad,28.98423608409034,µg/m³,3
2025-10-08 18:00:00+00:00,Islamabad,30.85367129555455,µg/m³,3
2025-10-08 19:00:00+00:00,Islamabad,27.38861574685132,µg/m³,3
2025-10-08 20:00:00+00:00,Islamabad,26.54132406623275,µg/m³,3
2025-10-08 21:00:00+00:00,Islamabad,25.13120370441013,µg/m³,3
2025-10-08 22:00:00+00:00,Islamabad,25.54227313553845,µg/m³,3
2025-10-08 23:00:00+00:00,Islamabad,26.420337971051538,µg/m³,3
2025-10-09 00:00:00+00:00,Islamabad,22.996060178014968,µg/m³,3
2025-10-09 01:00:00+00:00,Islamabad,32.787124962276884,µg/m³,3
2025-10-09 02:00:00+00:00,Islamabad,35.29662493864695,µg/m³,3
2025-10-09 03:00:00+00:00,Islamabad,30.960046300181634,µg/m³,3
2025-10-09 04:00:00+00:00,Islamabad,34.52025001313951,µg/m³,3
2025-10-09 05:00:00+00:00,Islamabad,34.81216197278764,µg/m³,3
2025-10-09 06:00:00+00:00,Islamabad,31.351097126360298,µg/m³,3
2025-10-09 07:00:00+00:00,Islamabad,28.860611063462716,µg/m³,3
2025-10-09 08:00:00+00:00,Islamabad,28.850027786360844,µg/m³,3
2025-10-09 09:00:00+00:00,Islamabad,29.080291658860663,µg/m³,3
2025-10-09 10:00:00+00:00,Islamabad,29.388944496048822,µg/m³,3
2025-10-09 11:00:00+00:00,Islamabad,34.61864814758301,µg/m³,3
2025-10-09 12:00:00+00:00,Islamabad,41.18143987214123,µg/m³,3
2025-10-09 13:00:00+00:00,Islamabad,48.27221763752126,µg/m³,3
2025-10-09 14:00:00+00:00,Islamabad,40.487888971964516,µg/m³,3
2025-10-09 15:00:00+00:00,Islamabad,45.76650477162115,µg/m³,3
2025-10-09 16:00:00+00:00,Islamabad,46.90577317432121,µg/m³,3
2025-10-09 17:00:00+00:00,Islamabad,42.4597916815016,µg/m³,3
2025-10-09 18:00:00+00:00,Islamabad,32.69031479711886,µg/m³,3
2025-10-09 19:00:00+00:00,Islamabad,34.35972692613248,µg/m³,3
2025-10-09 20:00:00+00:00,Islamabad,32.23150008342884,µg/m³,3
2025-10-09 21:00:00+00:00,Islamabad,30.764060073428684,µg/m³,3
2025-10-09 22:00:00+00:00,Islamabad,32.49576392173767,µg/m³,3
2025-10-09 23:00:00+00:00,Islamabad,34.27837506665123,µg/m³,3
2025-10-10 00:00:00+00:00,Islamabad,30.797870244803253,µg/m³,3
2025-10-10 01:00:00+00:00,Islamabad,40.351467673866836,µg/m³,3
2025-10-10 02:00:00+00:00,Islamabad,51.42336582254481,µg/m³,3
2025-10-10 03:00:00+00:00,Islamabad,37.282110977172856,µg/m³,3
2025-10-10 04:00:00+00:00,Islamabad,41.56749088146069,µg/m³,3
2025-10-10 05:00:00+00:00,Islamabad,37.72430548579605,µg/m³,3
2025-10-10 06:00:00+00:00,Islamabad,38.51286549744782,µg/m³,3
2025-10-10 07:00:00+00:00,Islamabad,36.219374953375926,µg/m³,3
2025-10-10 08:00:00+00:00,Islamabad,34.183578710202816,µg/m³,3
2025-10-10 09:00:00+00:00,Islamabad,37.189124940059806,µg/m³,3
2025-10-10 10:00:00+00:00,Islamabad,37.26725933551788,µg/m³,3
2025-10-10 11:00:00+00:00,Islamabad,33.54046757751041,µg/m³,3
2025-10-10 12:00:00+00:00,Islamabad,45.8098054991828,µg/m³,3
2025-10-10 13:00:00+00:00,Islamabad,55.1151805082957,µg/m³,3
2025-10-10 14:00:00+00:00,Islamabad,48.30123624801636,µg/m³,3
2025-10-10 15:00:00+00:00,Islamabad,45.69228249302617,µg/m³,3
2025-10-10 16:00:00+00:00,Islamabad,50.8795045711376,µg/m³,3
2025-10-10 17:00:00+00:00,Islamabad,54.99787498050265,µg/m³,3
2025-10-10 18:00:00+00:00,Islamabad,60.528486103481725,µg/m³,3
2025-10-10 19:00:00+00:00,Islamabad,47.27386101616753,µg/m³,3
2025-10-10 20:00:00+00:00,Islamabad,45.87150001525879,µg/m³,3
2025-10-10 21:00:00+00:00,Islamabad,40.42476380666097,µg/m³,3
2025-10-10 22:00:00+00:00,Islamabad,38.5144582748413,µg/m³,3
2025-10-10 23:00:00+00:00,Islamabad,37.916624895731616,µg/m³,3
2025-10-11 00:00:00+00:00,Islamabad,37.79323151199906,µg/m³,3
2025-10-11 01:00:00+00:00,Islamabad,40.640175854718244,µg/m³,3
2025-10-11 02:00:00+00:00,Islamabad,62.05534708234999,µg/m³,3
2025-10-11 03:00:00+00:00,Islamabad,53.62393050723606,µg/m³,3
2025-10-11 04:00:00+00:00,Islamabad,55.14658805705883,µg/m³,3
2025-10-11 05:00:00+00:00,Islamabad,55.80947217146555,µg/m³,3
2025-10-11 06:00:00+00:00,Islamabad,44.130736112594604,µg/m³,3
2025-10-11 07:00:00+00:00,Islamabad,40.610953652417216,µg/m³,3
2025-10-11 08:00:00+00:00,Islamabad,36.36762957837846,µg/m³,3
2025-10-11 09:00:00+00:00,Islamabad,35.23984724680583,µg/m³,3
2025-10-11 10:00:00+00:00,Islamabad,33.1331574510645,µg/m³,3
2025-10-11 11:00:00+00:00,Islamabad,35.0,µg/m³,1
2025-10-11 12:00:00+00:00,Islamabad,47.512472237481006,µg/m³,3
2025-10-11 13:00:00+00:00,Islamabad,57.34787035341616,µg/m³,3
2025-10-11 14:00:00+00:00,Islamabad,60.37744912747983,µg/m³,3
2025-10-11 15:00:00+00:00,Islamabad,59.71458333333333,µg/m³,3
2025-10-11 16:00:00+00:00,Islamabad,62.81876400841606,µg/m³,3
2025-10-11 17:00:00+00:00,Islamabad,46.25204168955485,µg/m³,3
2025-10-11 18:00:00+00:00,Islamabad,48.90980548593732,µg/m³,3
2025-10-11 19:00:00+00:00,Islamabad,36.4469304950149,µg/m³,3
2025-10-11 20:00:00+00:00,Islamabad,33.43805103920125,µg/m³,3
2025-10-11 21:00:00+00:00,Islamabad,33.37156017268145,µg/m³,3
2025-10-11 22:00:00+00:00,Islamabad,35.255865824664085,µg/m³,3
2025-10-11 23:00:00+00:00,Islamabad,36.78459274857133,µg/m³,3
2025-10-12 00:00:00+00:00,Islamabad,35.45312493642171,µg/m³,3
2025-10-12 01:00:00+00:00,Islamabad,36.609819391038684,µg/m³,3
2025-10-12 02:00:00+00:00,Islamabad,43.861236042446556,µg/m³,3
2025-10-12 03:00:00+00:00,Islamabad,42.20809709760878,µg/m³,3
2025-10-12 04:00:00+00:00,Islamabad,36.6227778116862,µg/m³,3
2025-10-12 05:00:00+00:00,Islamabad,33.88546303024998,µg/m³,3
2025-10-12 06:00:00+00:00,Islamabad,32.3101389143202,µg/m³,3
2025-10-12 07:00:00+00:00,Islamabad,35.73120355959292,µg/m³,3
2025-10-12 08:00:00+00:00,Islamabad,38.288856499283405,µg/m³,3
2025-10-12 09:00:00+00:00,Islamabad,37.80975928129973,µg/m³,3
2025-10-12 10:00:00+00:00,Islamabad,35.074791653951,µg/m³,3
2025-10-12 11:00:00+00:00,Islamabad,39.01988430729619,µg/m³,3
2025-10-12 12:00:00+00:00,Islamabad,48.24151859989873,µg/m³,3
2025-10-12 13:00:00+00:00,Islamabad,60.23644409179687,µg/m³,3
2025-10-12 14:00:00+00:00,Islamabad,57.67709721459283,µg/m³,3
2025-10-12 15:00:00+00:00,Islamabad,53.3195416132609,µg/m³,3
2025-10-12 16:00:00+00:00,Islamabad,55.529254581310134,µg/m³,3
2025-10-12 17:00:00+00:00,Islamabad,51.016601717913595,µg/m³,3
2025-10-12 18:00:00+00:00,Islamabad,42.88474540004024,µg/m³,3
2025-10-12 19:00:00+00:00,Islamabad,35.54959718916152,µg/m³,3
2025-10-12 20:00:00+00:00,Islamabad,36.297999954223634,µg/m³,3
2025-10-12 21:00:00+00:00,Islamabad,42.10833324856228,µg/m³,3
2025-10-12 22:00:00+00:00,Islamabad,38.36399081194843,µg/m³,3
2025-10-12 23:00:00+00:00,Islamabad,36.69234710269504,µg/m³,3
2025-10-13 00:00:00+00:00,Islamabad,36.634874958462184,µg/m³,3
2025-10-13 01:00:00+00:00,Islamabad,43.08343050214979,µg/m³,3
2025-10-13 02:00:00+00:00,Islamabad,50.54834711286757,µg/m³,3
2025-10-13 03:00:00+00:00,Islamabad,39.70134261802391,µg/m³,3
2025-10-13 04:00:00+00:00,Islamabad,37.00734725528293,µg/m³,3
2025-10-13 05:00:00+00:00,Islamabad,37.29204621491609,µg/m³,3
2025-10-13 06:00:00+00:00,Islamabad,41.14372223748101,µg/m³,3
2025-10-13 07:00:00+00:00,Islamabad,41.098657339590574,µg/m³,3
2025-10-13 08:00:00+00:00,Islamabad,43.17791663275825,µg/m³,3
2025-10-13 09:00:00+00:00,Islamabad,43.61068974954111,µg/m³,3
2025-10-13 10:00:00+00:00,Islamabad,42.16596301043475,µg/m³,3
2025-10-13 11:00:00+00:00,Islamabad,48.33788880242241,µg/m³,3
2025-10-13 12:00:00+00:00,Islamabad,56.72534732818604,µg/m³,3
2025-10-13 13:00:00+00:00,Islamabad,63.86071301213017,µg/m³,3
2025-10-13 14:00:00+00:00,Islamabad,74.35092117168286,µg/m³,3
2025-10-13 15:00:00+00:00,Islamabad,59.06901399824354,µg/m³,3
2025-10-13 16:00:00+00:00,Islamabad,49.96306959788004,µg/m³,3
2025-10-13 17:00:00+00:00,Islamabad,48.96206496909812,µg/m³,3
2025-10-13 18:00:00+00:00,Islamabad,47.02775451518871,µg/m³,3
2025-10-13 19:00:00+00:00,Islamabad,47.178708330790194,µg/m³,3
2025-10-13 20:00:00+00:00,Islamabad,49.13926393720839,µg/m³,3
2025-10-13 21:00:00+00:00,Islamabad,53.28177315747297,µg/m³,3
2025-10-13 22:00:00+00:00,Islamabad,54.725972196790906,µg/m³,3
2025-10-13 23:00:00+00:00,Islamabad,48.74255090642858,µg/m³,3
2025-10-14 00:00:00+00:00,Islamabad,50.14504172007242,µg/m³,3
2025-10-14 01:00:00+00:00,Islamabad,52.98317130053485,µg/m³,3
2025-10-14 02:00:00+00:00,Islamabad,62.654555596245665,µg/m³,3
2025-10-14 03:00:00+00:00,Islamabad,53.492374907599554,µg/m³,3
2025-10-14 04:00:00+00:00,Islamabad,58.665527725219725,µg/m³,3
2025-10-14 05:00:00+00:00,Islamabad,54.190583292643225,µg/m³,3
2025-10-14 06:00:00+00:00,Islamabad,60.35537959911205,µg/m³,3
2025-10-14 07:00:00+00:00,Islamabad,65.30165275997587,µg/m³,3
2025-10-14 08:00:00+00:00,Islamabad,61.7670973671807,µg/m³,3
2025-10-14 09:00:00+00:00,Islamabad,54.32709262989186,µg/m³,3
2025-10-14 10:00:00+00:00,Islamabad,50.51341204466643,µg/m³,3
2025-10-14 11:00:00+00:00,Islamabad,52.35377773708768,µg/m³,3
2025-10-14 12:00:00+00:00,Islamabad,65.2783471637302,µg/m³,3
2025-10-14 13:00:00+00:00,Islamabad,62.1654907932988,µg/m³,3
2025-10-14 14:00:00+00:00,Islamabad,61.871639082166894,µg/m³,3
2025-10-14 15:00:00+00:00,Islamabad,55.32311104668511,µg/m³,3
2025-10-14 16:00:00+00:00,Islamabad,51.72112496693929,µg/m³,3
2025-10-14 17:00:00+00:00,Islamabad,51.63823600345188,µg/m³,3
2025-10-14 18:00:00+00:00,Islamabad,52.7089537443938,µg/m³,3
2025-10-14 19:00:00+00:00,Islamabad,51.47217599374277,µg/m³,3
2025-10-14 20:00:00+00:00,Islamabad,53.13845831553141,µg/m³,3
2025-10-14 21:00:00+00:00,Islamabad,53.66358324686686,µg/m³,3
2025-10-14 22:00:00+00:00,Islamabad,51.525249989827465,µg/m³,3
2025-10-14 23:00:00+00:00,Islamabad,50.07838430757875,µg/m³,3
2025-10-15 00:00:00+00:00,Islamabad,48.56958796889694,µg/m³,3
2025-10-15 01:00:00+00:00,Islamabad,58.473703610455544,µg/m³,3
2025-10-15 02:00:00+00:00,Islamabad,75.44484267058196,µg/m³,3
2025-10-15 03:00:00+00:00,Islamabad,69.38531937069361,µg/m³,3
2025-10-15 04:00:00+00:00,Islamabad,62.87571274086281,µg/m³,3
2025-10-15 05:00:00+00:00,Islamabad,63.18464806168168,µg/m³,3
2025-10-15 06:00:00+00:00,Islamabad,56.122777769300676,µg/m³,3
2025-10-15 07:00:00+00:00,Islamabad,50.56461109585232,µg/m³,3
2025-10-15 08:00:00+00:00,Islamabad,47.96401853208189,µg/m³,3
2025-10-15 09:00:00+00:00,Islamabad,46.0173101707741,µg/m³,3
2025-10-15 10:00:00+00:00,Islamabad,45.14228232348407,µg/m³,3
2025-10-15 11:00:00+00:00,Islamabad,45.63448611365425,µg/m³,3
2025-10-15 12:00:00+00:00,Islamabad,51.85195827484131,µg/m³,3
2025-10-15 13:00:00+00:00,Islamabad,52.663375027974446,µg/m³,3
2025-10-15 14:00:00+00:00,Islamabad,67.49015271928575,µg/m³,3
2025-10-15 15:00:00+00:00,Islamabad,58.102666600545255,µg/m³,3
2025-10-15 16:00:00+00:00,Islamabad,58.36418506481029,µg/m³,3
2025-10-15 17:00:00+00:00,Islamabad,52.65134261802391,µg/m³,3
2025-10-15 18:00:00+00:00,Islamabad,55.50120817820231,µg/m³,3
2025-10-15 19:00:00+00:00,Islamabad,51.29963883293999,µg/m³,3
2025-10-15 20:00:00+00:00,Islamabad,51.66985638229935,µg/m³,3
2025-10-15 21:00:00+00:00,Islamabad,48.464027701483836,µg/m³,3
2025-10-15 22:00:00+00:00,Islamabad,45.731708463033044,µg/m³,3
2025-10-15 23:00:00+00:00,Islamabad,45.39751385582818,µg/m³,3
2025-10-16 00:00:00+00:00,Islamabad,45.42231013686568,µg/m³,3
2025-10-16 01:00:00+00:00,Islamabad,50.125347412957076,µg/m³,3
2025-10-16 02:00:00+00:00,Islamabad,89.19418070051405,µg/m³,3
2025-10-16 03:00:00+00:00,Islamabad,78.31424992879232,µg/m³,3
2025-10-16 04:00:00+00:00,Islamabad,72.78790726838288,µg/m³,3
2025-10-16 05:00:00+00:00,Islamabad,76.81394916816994,µg/m³,3
2025-10-16 06:00:00+00:00,Islamabad,75.74018519366228,µg/m³,3
2025-10-16 07:00:00+00:00,Islamabad,72.14218515466762,µg/m³,3
2025-10-16 08:00:00+00:00,Islamabad,62.89654174380832,µg/m³,3
2025-10-16 09:00:00+00:00,Islamabad,54.325874900817865,µg/m³,3
2025-10-16 10:00:00+00:00,Islamabad,54.69358342488607,µg/m³,3
2025-10-16 11:00:00+00:00,Islamabad,55.84051851343225,µg/m³,3
2025-10-16 12:00:00+00:00,Islamabad,73.46436110602484,µg/m³,3
2025-10-16 13:00:00+00:00,Islamabad,99.7272916793823,µg/m³,3
2025-10-16 14:00:00+00:00,Islamabad,98.56995367827238,µg/m³,3
2025-10-16 15:00:00+00:00,Islamabad,77.05879179636638,µg/m³,3
2025-10-16 16:00:00+00:00,Islamabad,63.22131955888536,µg/m³,3
2025-10-16 17:00:00+00:00,Islamabad,67.86880085556595,µg/m³,3
2025-10-16 18:00:00+00:00,Islamabad,64.88308618397825,µg/m³,3
2025-10-16 19:00:00+00:00,Islamabad,60.450374921162926,µg/m³,3
2025-10-16 20:00:00+00:00,Islamabad,54.39580557081434,µg/m³,3
2025-10-16 21:00:00+00:00,Islamabad,64.9490924552635,µg/m³,3
2025-10-16 22:00:00+00:00,Islamabad,57.84152759975857,µg/m³,3
2025-10-16 23:00:00+00:00,Islamabad,55.46605550977918,µg/m³,3
2025-10-17 00:00:00+00:00,Islamabad,54.07183796211526,µg/m³,3
2025-10-17 01:00:00+00:00,Islamabad,59.597625033060716,µg/m³,3
2025-10-17 02:00:00+00:00,Islamabad,84.61338402783429,µg/m³,3
2025-10-17 03:00:00+00:00,Islamabad,63.87371299178513,µg/m³,3
2025-10-17 04:00:00+00:00,Islamabad,70.19976847613299,µg/m³,3
2025-10-17 05:00:00+00:00,Islamabad,78.67246762734874,µg/m³,3
2025-10-17 06:00:00+00:00,Islamabad,74.6308656975075,µg/m³,3
2025-10-17 07:00:00+00:00,Islamabad,76.73130098272252,µg/m³,3
2025-10-17 08:00:00+00:00,Islamabad,74.97197210523818,µg/m³,3
2025-10-17 09:00:00+00:00,Islamabad,66.70480562845866,µg/m³,3
2025-10-17 10:00:00+00:00,Islamabad,57.564235920376255,µg/m³,3
2025-10-17 11:00:00+00:00,Islamabad,57.159374936421706,µg/m³,3
2025-10-17 12:00:00+00:00,Islamabad,70.6091574633563,µg/m³,3
2025-10-17 13:00:00+00:00,Islamabad,82.54243043263753,µg/m³,3
2025-10-17 14:00:00+00:00,Islamabad,81.89783350626628,µg/m³,3
2025-10-17 15:00:00+00:00,Islamabad,73.26977772182887,µg/m³,3
2025-10-17 16:00:00+00:00,Islamabad,79.39881958431668,µg/m³,3
2025-10-17 17:00:00+00:00,Islamabad,69.31234730614555,µg/m³,3
2025-10-17 18:00:00+00:00,Islamabad,60.683810219941314,µg/m³,3
2025-10-17 19:00:00+00:00,Islamabad,61.20144904101337,µg/m³,3
2025-10-17 20:00:00+00:00,Islamabad,57.3582221561008,µg/m³,3
2025-10-17 21:00:00+00:00,Islamabad,56.30507858417653,µg/m³,3
2025-10-17 22:00:00+00:00,Islamabad,54.44527315916838,µg/m³,3
2025-10-17 23:00:00+00:00,Islamabad,48.65143974445485,µg/m³,3
2025-10-18 00:00:00+00:00,Islamabad,49.097749837239576,µg/m³,3
2025-10-18 01:00:00+00:00,Islamabad,55.050370421233,µg/m³,3
2025-10-18 02:00:00+00:00,Islamabad,64.11139811763057,µg/m³,3
2025-10-18 03:00:00+00:00,Islamabad,63.31935631787335,µg/m³,3
2025-10-18 04:00:00+00:00,Islamabad,59.1178333706326,µg/m³,3
2025-10-18 05:00:00+00:00,Islamabad,57.39782866725215,µg/m³,3
2025-10-18 06:00:00+00:00,Islamabad,62.019652790493446,µg/m³,3
2025-10-18 07:00:00+00:00,Islamabad,65.84755116921885,µg/m³,3
2025-10-18 08:00:00+00:00,Islamabad,70.08945840199789,µg/m³,3
2025-10-18 09:00:00+00:00,Islamabad,60.71093035803901,µg/m³,3
2025-10-18 10:00:00+00:00,Islamabad,55.488708559672034,µg/m³,3
2025-10-18 11:00:00+00:00,Islamabad,64.54681478429724,µg/m³,3
2025-10-18 12:00:00+00:00,Islamabad,76.02556025893601,µg/m³,3
2025-10-18 13:00:00+00:00,Islamabad,75.11776854903609,µg/m³,3
2025-10-18 14:00:00+00:00,Islamabad,80.99725002712673,µg/m³,3
2025-10-18 15:00:00+00:00,Islamabad,87.43997226291232,µg/m³,3
2025-10-18 16:00:00+00:00,Islamabad,68.71494437323675,µg/m³,3
2025-10-18 17:00:00+00:00,Islamabad,58.770356489110874,µg/m³,3
2025-10-18 18:00:00+00:00,Islamabad,56.88441670735677,µg/m³,3
2025-10-18 19:00:00+00:00,Islamabad,60.77546300534849,µg/m³,3
2025-10-18 20:00:00+00:00,Islamabad,73.64016672770181,µg/m³,3
2025-10-18 21:00:00+00:00,Islamabad,71.03815118359397,µg/m³,3
2025-10-18 22:00:00+00:00,Islamabad,67.23718047671848,µg/m³,3
2025-10-18 23:00:00+00:00,Islamabad,59.83093047671847,µg/m³,3
2025-10-19 00:00:00+00:00,Islamabad,60.59719433254666,µg/m³,3
2025-10-19 01:00:00+00:00,Islamabad,62.73302781846788,µg/m³,3
2025-10-19 02:00:00+00:00,Islamabad,58.44237023812753,µg/m³,3
2025-10-19 03:00:00+00:00,Islamabad,66.06690281762017,µg/m³,3
2025-10-19 04:00:00+00:00,Islamabad,63.55694444444445,µg/m³,3
2025-10-19 05:00:00+00:00,Islamabad,60.63568036821153,µg/m³,3
2025-10-19 06:00:00+00:00,Islamabad,63.3376342702795,µg/m³,3
2025-10-19 07:00:00+00:00,Islamabad,64.50564355497006,µg/m³,3
2025-10-19 08:00:00+00:00,Islamabad,52.68716209552906,µg/m³,3
2025-10-19 09:00:00+00:00,Islamabad,48.69023600684272,µg/m³,3
2025-10-19 10:00:00+00:00,Islamabad,47.158458137512206,µg/m³,3
2025-10-19 11:00:00+00:00,Islamabad,48.61375945762352,µg/m³,3
2025-10-19 12:00:00+00:00,Islamabad,63.90822211371528,µg/m³,3
2025-10-19 13:00:00+00:00,Islamabad,89.03088870578343,µg/m³,3
2025-10-19 14:00:00+00:00,Islamabad,55.9902452186302,µg/m³,3
2025-10-19 15:00:00+00:00,Islamabad,75.799851848461,µg/m³,3
2025-10-19 16:00:00+00:00,Islamabad,70.21908340454102,µg/m³,3
2025-10-19 17:00:00+00:00,Islamabad,73.96494912747984,µg/m³,3
2025-10-19 18:00:00+00:00,Islamabad,72.16268045637342,µg/m³,3
2025-10-19 19:00:00+00:00,Islamabad,65.6127961759214,µg/m³,3
2025-10-19 20:00:00+00:00,Islamabad,58.20908330281576,µg/m³,3
2025-10-19 21:00:00+00:00,Islamabad,53.4792639626397,µg/m³,3
2025-10-19 22:00:00+00:00,Islamabad,53.075287091290505,µg/m³,3
2025-10-19 23:00:00+00:00,Islamabad,47.09242584793656,µg/m³,3
2025-10-20 00:00:00+00:00,Islamabad,50.47554162343343,µg/m³,3
2025-10-20 01:00:00+00:00,Islamabad,57.70156476056135,µg/m³,3
2025-10-20 02:00:00+00:00,Islamabad,77.68037497202555,µg/m³,3
2025-10-20 03:00:00+00:00,Islamabad,69.80153699804235,µg/m³,3
2025-10-20 04:00:00+00:00,Islamabad,58.864319462246364,µg/m³,3
2025-10-20 05:00:00+00:00,Islamabad,50.0,µg/m³,1
2025-10-20 06:00:00+00:00,Islamabad,52.0,µg/m³,1
2025-10-20 07:00:00+00:00,Islamabad,51.0,µg/m³,1
2025-10-20 08:00:00+00:00,Islamabad,66.33281930287679,µg/m³,3
2025-10-20 09:00:00+00:00,Islamabad,54.72554170820448,µg/m³,3
2025-10-20 10:00:00+00:00,Islamabad,49.763069513108995,µg/m³,3
2025-10-20 11:00:00+00:00,Islamabad,55.58433775018762,µg/m³,3
2025-10-20 12:00:00+00:00,Islamabad,67.79059080644087,µg/m³,3
2025-10-20 13:00:00+00:00,Islamabad,80.40920823415121,µg/m³,3
2025-10-20 14:00:00+00:00,Islamabad,74.98061095343697,µg/m³,3
2025-10-20 15:00:00+00:00,Islamabad,67.36554156409369,µg/m³,3
2025-10-20 16:00:00+00:00,Islamabad,62.887458356221515,µg/m³,3
2025-10-20 17:00:00+00:00,Islamabad,74.75602764553494,µg/m³,3
2025-10-20 18:00:00+00:00,Islamabad,61.061013815138075,µg/m³,3
2025-10-20 19:00:00+00:00,Islamabad,54.70018058353,µg/m³,3
2025-10-20 20:00:00+00:00,Islamabad,48.561527803209096,µg/m³,3
2025-10-20 21:00:00+00:00,Islamabad,48.393365697507505,µg/m³,3
2025-10-20 22:00:00+00:00,Islamabad,48.82297677640562,µg/m³,3
2025-10-20 23:00:00+00:00,Islamabad,45.22613881429036,µg/m³,3
2025-10-21 00:00:00+00:00,Islamabad,45.90829640141239,µg/m³,3
2025-10-21 01:00:00+00:00,Islamabad,51.184564774124716,µg/m³,3
2025-10-21 02:00:00+00:00,Islamabad,74.45277310830575,µg/m³,3
2025-10-21 03:00:00+00:00,Islamabad,67.60259715186226,µg/m³,3
2025-10-21 04:00:00+00:00,Islamabad,57.491004654213235,µg/m³,3
2025-10-21 05:00:00+00:00,Islamabad,57.23110184846101,µg/m³,3
2025-10-21 06:00:00+00:00,Islamabad,55.62222689169425,µg/m³,3
2025-10-21 07:00:00+00:00,Islamabad,57.220884316055866,µg/m³,3
2025-10-21 08:00:00+00:00,Islamabad,55.1100416607327,µg/m³,3
2025-10-21 09:00:00+00:00,Islamabad,45.90622694933856,µg/m³,3
2025-10-21 10:00:00+00:00,Islamabad,36.16450458809181,µg/m³,3
2025-10-21 11:00:00+00:00,Islamabad,43.53999989827474,µg/m³,3
2025-10-21 12:00:00+00:00,Islamabad,51.890935120759174,µg/m³,3
2025-10-21 13:00:00+00:00,Islamabad,62.14883346557617,µg/m³,3
2025-10-21 14:00:00+00:00,Islamabad,61.48783790447093,µg/m³,3
2025-10-21 15:00:00+00:00,Islamabad,69.51268992247405,µg/m³,3
2025-10-21 16:00:00+00:00,Islamabad,62.14999078821253,µg/m³,3
2025-10-21 17:00:00+00:00,Islamabad,59.01062501271566,µg/m³,3
2025-10-21 18:00:00+00:00,Islamabad,61.17186130947537,µg/m³,3
2025-10-21 19:00:00+00:00,Islamabad,55.28206950293647,µg/m³,3
2025-10-21 20:00:00+00:00,Islamabad,65.16359725528294,µg/m³,3
2025-10-21 21:00:00+00:00,Islamabad,53.935342760439276,µg/m³,3
2025-10-21 22:00:00+00:00,Islamabad,51.10858332316081,µg/m³,3
2025-10-21 23:00:00+00:00,Islamabad,48.78127788967557,µg/m³,3
2025-10-22 00:00:00+00:00,Islamabad,47.310662114178704,µg/m³,3
2025-10-22 01:00:00+00:00,Islamabad,49.83867124628137,µg/m³,3
2025-10-22 02:00:00+00:00,Islamabad,60.98579184214274,µg/m³,3
2025-10-22 03:00:00+00:00,Islamabad,55.934536926834674,µg/m³,3
2025-10-22 04:00:00+00:00,Islamabad,58.187416504368635,µg/m³,3
2025-10-22 05:00:00+00:00,Islamabad,54.05183792820683,µg/m³,3
2025-10-22 06:00:00+00:00,Islamabad,52.19503250828495,µg/m³,3
2025-10-22 07:00:00+00:00,Islamabad,49.971872109307185,µg/m³,3
2025-10-22 08:00:00+00:00,Islamabad,48.29337026101572,µg/m³,3
2025-10-22 09:00:00+00:00,Islamabad,45.0107777065701,µg/m³,3
2025-10-22 10:00:00+00:00,Islamabad,40.58823236022332,µg/m³,3
2025-10-22 11:00:00+00:00,Islamabad,42.32661619860716,µg/m³,3
2025-10-22 12:00:00+00:00,Islamabad,50.78158340454102,µg/m³,3
2025-10-22 13:00:00+00:00,Islamabad,68.53906943003336,µg/m³,3
2025-10-22 14:00:00+00:00,Islamabad,72.80000916940195,µg/m³,3
2025-10-22 15:00:00+00:00,Islamabad,54.779314818205656,µg/m³,3
2025-10-22 16:00:00+00:00,Islamabad,44.5221896763201,µg/m³,3
2025-10-22 17:00:00+00:00,Islamabad,37.714314908451506,µg/m³,3
2025-10-22 18:00:00+00:00,Islamabad,39.69744445217981,µg/m³,3
2025-10-22 19:00:00+00:00,Islamabad,35.11681946648492,µg/m³,3
2025-10-22 20:00:00+00:00,Islamabad,34.175847220420835,µg/m³,3
2025-10-22 21:00:00+00:00,Islamabad,33.85893990551984,µg/m³,3
2025-10-22 22:00:00+00:00,Islamabad,35.96458333333333,µg/m³,3
2025-10-22 23:00:00+00:00,Islamabad,35.964763882425096,µg/m³,3
2025-10-23 00:00:00+00:00,Islamabad,36.462013943990065,µg/m³,3
2025-10-23 01:00:00+00:00,Islamabad,44.51239344985397,µg/m³,3
2025-10-23 02:00:00+00:00,Islamabad,59.06596767990678,µg/m³,3
2025-10-23 03:00:00+00:00,Islamabad,74.75923153912579,µg/m³,3
2025-10-23 04:00:00+00:00,Islamabad,60.384055655893654,µg/m³,3
2025-10-23 05:00:00+00:00,Islamabad,55.16355085726138,µg/m³,3
2025-10-23 06:00:00+00:00,Islamabad,48.772780401441786,µg/m³,3
2025-10-23 07:00:00+00:00,Islamabad,49.38062037715205,µg/m³,3
2025-10-23 08:00:00+00:00,Islamabad,49.98559077869762,µg/m³,3
2025-10-23 09:00:00+00:00,Islamabad,47.411041577657066,µg/m³,3
2025-10-23 10:00:00+00:00,Islamabad,50.31140741418909,µg/m³,3
2025-10-23 11:00:00+00:00,Islamabad,54.021189788535786,µg/m³,3
2025-10-23 12:00:00+00:00,Islamabad,65.96273602379694,µg/m³,3
2025-10-23 13:00:00+00:00,Islamabad,65.41024071022316,µg/m³,3
2025-10-23 14:00:00+00:00,Islamabad,69.29929167429607,µg/m³,3
2025-10-23 15:00:00+00:00,Islamabad,54.626986291673454,µg/m³,3
2025-10-23 16:00:00+00:00,Islamabad,63.03426401350233,µg/m³,3
2025-10-23 17:00:00+00:00,Islamabad,50.68447210523817,µg/m³,3
2025-10-23 18:00:00+00:00,Islamabad,49.763763915167914,µg/m³,3
2025-10-23 19:00:00+00:00,Islamabad,41.11470839182536,µg/m³,3
2025-10-23 20:00:00+00:00,Islamabad,38.65539814984357,µg/m³,3
2025-10-23 21:00:00+00:00,Islamabad,41.49524548142045,µg/m³,3
2025-10-23 22:00:00+00:00,Islamabad,42.9587639066908,µg/m³,3
2025-10-23 23:00:00+00:00,Islamabad,43.54476388295492,µg/m³,3
2025-10-24 00:00:00+00:00,Islamabad,41.68079153696696,µg/m³,3
2025-10-24 01:00:00+00:00,Islamabad,49.57318987669768,µg/m³,3
2025-10-24 02:00:00+00:00,Islamabad,55.674819416469994,µg/m³,3
2025-10-24 03:00:00+00:00,Islamabad,59.04259709252252,µg/m³,3
2025-10-24 04:00:00+00:00,Islamabad,50.85684710608589,µg/m³,3
2025-10-24 05:00:00+00:00,Islamabad,41.376148026077836,µg/m³,3
2025-10-24 06:00:00+00:00,Islamabad,40.88279629460087,µg/m³,3
2025-10-24 07:00:00+00:00,Islamabad,46.049342445090964,µg/m³,3
2025-10-24 08:00:00+00:00,Islamabad,50.695847214592824,µg/m³,3
2025-10-24 09:00:00+00:00,Islamabad,55.85093526486997,µg/m³,3
2025-10-24 10:00:00+00:00,Islamabad,55.561666742960604,µg/m³,3
2025-10-24 11:00:00+00:00,Islamabad,64.2078055911594,µg/m³,3
2025-10-24 12:00:00+00:00,Islamabad,59.9039444817437,µg/m³,3
2025-10-24 13:00:00+00:00,Islamabad,78.83433329264322,µg/m³,3
2025-10-24 14:00:00+00:00,Islamabad,64.96465299394397,µg/m³,3
2025-10-24 15:00:00+00:00,Islamabad,77.55784731970893,µg/m³,3
2025-10-24 16:00:00+00:00,Islamabad,69.35825013054742,µg/m³,3
2025-10-24 17:00:00+00:00,Islamabad,70.81950001186794,µg/m³,3
2025-10-24 18:00:00+00:00,Islamabad,61.31031007413511,µg/m³,3
2025-10-24 19:00:00+00:00,Islamabad,58.73429619118019,µg/m³,3
2025-10-24 20:00:00+00:00,Islamabad,51.21263889736599,µg/m³,3
2025-10-24 21:00:00+00:00,Islamabad,48.470786977697294,µg/m³,3
2025-10-24 22:00:00+00:00,Islamabad,47.582430542839894,µg/m³,3
2025-10-24 23:00:00+00:00,Islamabad,46.30061569920293,µg/m³,3
2025-10-25 00:00:00+00:00,Islamabad,45.00779175228542,µg/m³,3
2025-10-25 01:00:00+00:00,Islamabad,46.83141670227051,µg/m³,3
2025-10-25 02:00:00+00:00,Islamabad,57.374708239237464,µg/m³,3
2025-10-25 03:00:00+00:00,Islamabad,63.14897244771322,µg/m³,3
2025-10-25 04:00:00+00:00,Islamabad,58.95492126323558,µg/m³,3
2025-10-25 05:00:00+00:00,Islamabad,45.88464368890832,µg/m³,3
2025-10-25 06:00:00+00:00,Islamabad,43.29793067508274,µg/m³,3
2025-10-25 07:00:00+00:00,Islamabad,41.980152744717074,µg/m³,3
2025-10-25 08:00:00+00:00,Islamabad,44.38979167938232,µg/m³,3
2025-10-25 09:00:00+00:00,Islamabad,48.637453686749495,µg/m³,3
2025-10-25 10:00:00+00:00,Islamabad,51.58833325703939,µg/m³,3
2025-10-25 11:00:00+00:00,Islamabad,54.70037500593398,µg/m³,3
2025-10-25 12:00:00+00:00,Islamabad,71.58400001525878,µg/m³,3
2025-10-25 13:00:00+00:00,Islamabad,76.9511388990614,µg/m³,3
2025-10-25 14:00:00+00:00,Islamabad,71.92364354310212,µg/m³,3
2025-10-25 15:00:00+00:00,Islamabad,70.67436125013563,µg/m³,3
2025-10-25 16:00:00+00:00,Islamabad,69.42282399778014,µg/m³,3
2025-10-25 17:00:00+00:00,Islamabad,66.98676845409251,µg/m³,3
2025-10-25 18:00:00+00:00,Islamabad,62.27819446987576,µg/m³,3
2025-10-25 19:00:00+00:00,Islamabad,57.12837021439163,µg/m³,3
2025-10-25 20:00:00+00:00,Islamabad,54.98641662597657,µg/m³,3
2025-10-25 21:00:00+00:00,Islamabad,52.599754425331405,µg/m³,3
2025-10-25 22:00:00+00:00,Islamabad,47.0,µg/m³,1
2025-10-25 23:00:00+00:00,Islamabad,52.952486144171814,µg/m³,3
2025-10-26 00:00:00+00:00,Islamabad,54.45508792312057,µg/m³,3
2025-10-26 01:00:00+00:00,Islamabad,57.240078643516256,µg/m³,3
2025-10-26 02:00:00+00:00,Islamabad,57.74081952836779,µg/m³,3
2025-10-26 03:00:00+00:00,Islamabad,66.86602778964573,µg/m³,3
2025-10-26 04:00:00+00:00,Islamabad,52.339379529599796,µg/m³,3
2025-10-26 05:00:00+00:00,Islamabad,47.275601860328955,µg/m³,3
2025-10-26 06:00:00+00:00,Islamabad,48.664458401997884,µg/m³,3
2025-10-26 07:00:00+00:00,Islamabad,46.24362485673692,µg/m³,3
2025-10-26 08:00:00+00:00,Islamabad,45.69032409102829,µg/m³,3
2025-10-26 09:00:00+00:00,Islamabad,44.48841667175293,µg/m³,3
2025-10-26 10:00:00+00:00,Islamabad,43.790796350549776,µg/m³,3
2025-10-26 11:00:00+00:00,Islamabad,50.54229157765707,µg/m³,3
2025-10-26 12:00:00+00:00,Islamabad,65.12901384565565,µg/m³,3
2025-10-26 13:00:00+00:00,Islamabad,77.2600092711272,µg/m³,3
2025-10-26 14:00:00+00:00,Islamabad,70.94076387617324,µg/m³,3
2025-10-26 15:00:00+00:00,Islamabad,78.27304618270308,µg/m³,3
2025-10-26 16:00:00+00:00,Islamabad,80.56799540343108,µg/m³,3
2025-10-26 17:00:00+00:00,Islamabad,67.32158792990225,µg/m³,3
2025-10-26 18:00:00+00:00,Islamabad,54.46505100815384,µg/m³,3
2025-10-26 19:00:00+00:00,Islamabad,48.751208474901,µg/m³,3
2025-10-26 20:00:00+00:00,Islamabad,47.87148626115587,µg/m³,3
2025-10-26 21:00:00+00:00,Islamabad,49.724958483378096,µg/m³,3
2025-10-26 22:00:00+00:00,Islamabad,46.191263940599235,µg/m³,3
2025-10-26 23:00:00+00:00,Islamabad,49.710504666081185,µg/m³,3
2025-10-27 00:00:00+00:00,Islamabad,48.698963023998125,µg/m³,3
2025-10-27 01:00:00+00:00,Islamabad,53.837037079422565,µg/m³,3
2025-10-27 02:00:00+00:00,Islamabad,79.28206946055094,µg/m³,3
2025-10-27 03:00:00+00:00,Islamabad,63.91488910251193,µg/m³,3
2025-10-27 04:00:00+00:00,Islamabad,57.866305245293496,µg/m³,3
2025-10-27 05:00:00+00:00,Islamabad,55.633652899000374,µg/m³,3
2025-10-27 06:00:00+00:00,Islamabad,61.129819467332624,µg/m³,3
2025-10-27 07:00:00+00:00,Islamabad,60.577152697245275,µg/m³,3
2025-10-27 08:00:00+00:00,Islamabad,57.57331018094663,µg/m³,3
2025-10-27 09:00:00+00:00,Islamabad,62.112749905056425,µg/m³,3
2025-10-27 10:00:00+00:00,Islamabad,58.87277785407173,µg/m³,3
2025-10-27 11:00:00+00:00,Islamabad,61.73051853886358,µg/m³,3
2025-10-27 12:00:00+00:00,Islamabad,80.39894897319654,µg/m³,3
2025-10-27 13:00:00+00:00,Islamabad,91.01195837656657,µg/m³,3
2025-10-27 14:00:00+00:00,Islamabad,84.72526387108697,µg/m³,3
2025-10-27 15:00:00+00:00,Islamabad,84.42280548943414,µg/m³,3
2025-10-27 16:00:00+00:00,Islamabad,75.8006619700679,µg/m³,3
2025-10-27 17:00:00+00:00,Islamabad,63.42602772182889,µg/m³,3
2025-10-27 18:00:00+00:00,Islamabad,58.66117147516321,µg/m³,3
2025-10-27 19:00:00+00:00,Islamabad,51.22015272776286,µg/m³,3
2025-10-27 20:00:00+00:00,Islamabad,53.67818046145968,µg/m³,3
2025-10-27 21:00:00+00:00,Islamabad,54.5001113043891,µg/m³,3
2025-10-27 22:00:00+00:00,Islamabad,57.63215291765002,µg/m³,3
2025-10-27 23:00:00+00:00,Islamabad,56.92041659884983,µg/m³,3
2025-10-28 00:00:00+00:00,Islamabad,59.045935044465246,µg/m³,3
2025-10-28 01:00:00+00:00,Islamabad,62.21925010681152,µg/m³,3
2025-10-28 02:00:00+00:00,Islamabad,76.36554169125027,µg/m³,3
2025-10-28 03:00:00+00:00,Islamabad,76.92680999614574,µg/m³,3
2025-10-28 04:00:00+00:00,Islamabad,81.48437026694968,µg/m³,3
2025-10-28 05:00:00+00:00,Islamabad,62.870800858956805,µg/m³,3
2025-10-28 06:00:00+00:00,Islamabad,59.43659729427762,µg/m³,3
2025-10-28 07:00:00+00:00,Islamabad,65.77300916601111,µg/m³,3
2025-10-28 08:00:00+00:00,Islamabad,75.47743066151936,µg/m³,3
2025-10-28 09:00:00+00:00,Islamabad,69.75367127171269,µg/m³,3
2025-10-28 10:00:00+00:00,Islamabad,65.67158797228778,µg/m³,3
2025-10-28 11:00:00+00:00,Islamabad,70.06460192645038,µg/m³,3
2025-10-28 12:00:00+00:00,Islamabad,78.01383310953776,µg/m³,3
2025-10-28 13:00:00+00:00,Islamabad,95.00280087082474,µg/m³,3
2025-10-28 14:00:00+00:00,Islamabad,100.98473614586725,µg/m³,3
2025-10-28 15:00:00+00:00,Islamabad,90.84429637767651,µg/m³,3
2025-10-28 16:00:00+00:00,Islamabad,81.61605559455023,µg/m³,3
2025-10-28 17:00:00+00:00,Islamabad,71.03518531234175,µg/m³,3
2025-10-28 18:00:00+00:00,Islamabad,64.76138419398555,µg/m³,3
2025-10-28 19:00:00+00:00,Islamabad,64.56591669718425,µg/m³,3
2025-10-28 20:00:00+00:00,Islamabad,75.14544440375434,µg/m³,3
2025-10-28 21:00:00+00:00,Islamabad,73.42293063269722,µg/m³,3
2025-10-28 22:00:00+00:00,Islamabad,74.43182864012542,µg/m³,3
2025-10-28 23:00:00+00:00,Islamabad,78.92946305451568,µg/m³,3
2025-10-29 00:00:00+00:00,Islamabad,84.16391677856444,µg/m³,3
2025-10-29 01:00:00+00:00,Islamabad,96.91304629290545,µg/m³,3
2025-10-29 02:00:00+00:00,Islamabad,115.37459731631809,µg/m³,3
2025-10-29 03:00:00+00:00,Islamabad,100.89254177941217,µg/m³,3
2025-10-29 04:00:00+00:00,Islamabad,90.53061575006556,µg/m³,3
2025-10-29 05:00:00+00:00,Islamabad,81.59324535087302,µg/m³,3
2025-10-29 06:00:00+00:00,Islamabad,91.59543986143888,µg/m³,3
2025-10-29 07:00:00+00:00,Islamabad,94.66369442409939,µg/m³,3
2025-10-29 08:00:00+00:00,Islamabad,86.06646778671829,µg/m³,3
2025-10-29 09:00:00+00:00,Islamabad,68.92045841217042,µg/m³,3
2025-10-29 10:00:00+00:00,Islamabad,69.95908334520128,µg/m³,3
2025-10-29 11:00:00+00:00,Islamabad,76.08659716712104,µg/m³,3
2025-10-29 12:00:00+00:00,Islamabad,97.46073606279163,µg/m³,3
2025-10-29 13:00:00+00:00,Islamabad,103.48347690017134,µg/m³,3
2025-10-29 14:00:00+00:00,Islamabad,104.43824996948241,µg/m³,3
2025-10-29 15:00:00+00:00,Islamabad,87.71622229682073,µg/m³,3
2025-10-29 16:00:00+00:00,Islamabad,86.34822685100414,µg/m³,3
2025-10-29 17:00:00+00:00,Islamabad,79.34365283118355,µg/m³,3
2025-10-29 18:00:00+00:00,Islamabad,86.71293057335748,µg/m³,3
2025-10-29 19:00:00+00:00,Islamabad,82.39979165395101,µg/m³,3
2025-10-29 20:00:00+00:00,Islamabad,84.77068059709336,µg/m³,3
2025-10-29 21:00:00+00:00,Islamabad,85.47543057335747,µg/m³,3
2025-10-29 22:00:00+00:00,Islamabad,85.05448130854853,µg/m³,3
2025-10-29 23:00:00+00:00,Islamabad,80.11390748200593,µg/m³,3
2025-10-30 00:00:00+00:00,Islamabad,77.94586101108128,µg/m³,3
2025-10-30 01:00:00+00:00,Islamabad,91.7040648283782,µg/m³,3
2025-10-30 02:00:00+00:00,Islamabad,101.81706480803314,µg/m³,3
2025-10-30 03:00:00+00:00,Islamabad,97.98493078019884,µg/m³,3
2025-10-30 04:00:00+00:00,Islamabad,108.79405101493553,µg/m³,3
2025-10-30 05:00:00+00:00,Islamabad,101.22354170481363,µg/m³,3
2025-10-30 06:00:00+00:00,Islamabad,80.0076155839143,µg/m³,3
2025-10-30 07:00:00+00:00,Islamabad,61.600727335611985,µg/m³,3
2025-10-30 08:00:00+00:00,Islamabad,55.907550931859895,µg/m³,3
2025-10-30 09:00:00+00:00,Islamabad,52.39620371218081,µg/m³,3
2025-10-30 10:00:00+00:00,Islamabad,47.76338411260534,µg/m³,3
2025-10-30 11:00:00+00:00,Islamabad,56.252435330991396,µg/m³,3
2025-10-30 12:00:00+00:00,Islamabad,76.10001833880389,µg/m³,3
2025-10-30 13:00:00+00:00,Islamabad,87.17407407407406,µg/m³,3
2025-10-30 14:00:00+00:00,Islamabad,86.79368522078903,µg/m³,3
2025-10-30 15:00:00+00:00,Islamabad,76.59511099921332,µg/m³,3
2025-10-30 16:00:00+00:00,Islamabad,63.97744904270879,µg/m³,3
2025-10-30 17:00:00+00:00,Islamabad,61.34832873167815,µg/m³,3
2025-10-30 18:00:00+00:00,Islamabad,56.673601729781545,µg/m³,3
2025-10-30 19:00:00+00:00,Islamabad,55.33673614925808,µg/m³,3
2025-10-30 20:00:00+00:00,Islamabad,55.262106612876615,µg/m³,3
2025-10-30 21:00:00+00:00,Islamabad,55.05051377614339,µg/m³,3
2025-10-30 22:00:00+00:00,Islamabad,54.9767222934299,µg/m³,3
2025-10-30 23:00:00+00:00,Islamabad,54.259180598788795,µg/m³,3
2025-10-31 00:00:00+00:00,Islamabad,49.878189715632686,µg/m³,3
2025-10-31 01:00:00+00:00,Islamabad,58.513763957553444,µg/m³,3
2025-10-31 02:00:00+00:00,Islamabad,91.65933796211526,µg/m³,3
2025-10-31 03:00:00+00:00,Islamabad,83.96869447496202,µg/m³,3
2025-10-31 04:00:00+00:00,Islamabad,92.08585657896818,µg/m³,3
2025-10-31 05:00:00+00:00,Islamabad,73.92439809728552,µg/m³,3
2025-10-31 06:00:00+00:00,Islamabad,64.91789364991364,µg/m³,3
2025-10-31 07:00:00+00:00,Islamabad,72.46959263836897,µg/m³,3
2025-10-31 08:00:00+00:00,Islamabad,71.79837491777208,µg/m³,3
2025-10-31 09:00:00+00:00,Islamabad,64.54463436691849,µg/m³,3
2025-10-31 10:00:00+00:00,Islamabad,48.12226382361518,µg/m³,3
2025-10-31 11:00:00+00:00,Islamabad,52.2214259394893,µg/m³,3
2025-10-31 12:00:00+00:00,Islamabad,74.41341195989538,µg/m³,3
2025-10-31 13:00:00+00:00,Islamabad,85.2007130375615,µg/m³,3
2025-10-31 14:00:00+00:00,Islamabad,82.29674987792968,µg/m³,3
2025-10-31 15:00:00+00:00,Islamabad,101.36761101616754,µg/m³,3
2025-10-31 16:00:00+00:00,Islamabad,94.45626388125949,µg/m³,3
2025-10-31 17:00:00+00:00,Islamabad,84.57096764599835,µg/m³,3
2025-10-31 18:00:00+00:00,Islamabad,80.12611100938585,µg/m³,3
2025-10-31 19:00:00+00:00,Islamabad,71.2309166378445,µg/m³,3
2025-10-31 20:00:00+00:00,Islamabad,65.92779165903727,µg/m³,3
2025-10-31 21:00:00+00:00,Islamabad,64.08009717729357,µg/m³,3
2025-10-31 22:00:00+00:00,Islamabad,65.90262495676677,µg/m³,3
2025-10-31 23:00:00+00:00,Islamabad,65.42179190317789,µg/m³,3
2025-11-01 00:00:00+00:00,Islamabad,68.51037515004475,µg/m³,3
2025-11-01 01:00:00+00:00,Islamabad,74.3703935905739,µg/m³,3
2025-11-01 02:00:00+00:00,Islamabad,88.39387972796406,µg/m³,3
2025-11-01 03:00:00+00:00,Islamabad,98.05048134415239,µg/m³,3
2025-11-01 04:00:00+00:00,Islamabad,78.28319435119629,µg/m³,3
2025-11-01 05:00:00+00:00,Islamabad,92.85411576871518,µg/m³,3
2025-11-01 06:00:00+00:00,Islamabad,94.31026864228426,µg/m³,3
2025-11-01 07:00:00+00:00,Islamabad,100.13412036189327,µg/m³,3
2025-11-01 08:00:00+00:00,Islamabad,87.56248599158393,µg/m³,3
2025-11-01 09:00:00+00:00,Islamabad,71.86890282101102,µg/m³,3
2025-11-01 10:00:00+00:00,Islamabad,70.8205695046319,µg/m³,3
2025-11-01 11:00:00+00:00,Islamabad,77.8403890821669,µg/m³,3
2025-11-01 12:00:00+00:00,Islamabad,94.1079028447469,µg/m³,3
2025-11-01 13:00:00+00:00,Islamabad,110.55750466099492,µg/m³,3
2025-11-01 14:00:00+00:00,Islamabad,98.97212505340576,µg/m³,3
2025-11-01 15:00:00+00:00,Islamabad,92.53455097763627,µg/m³,3
2025-11-01 16:00:00+00:00,Islamabad,97.04087505340577,µg/m³,3
2025-11-01 17:00:00+00:00,Islamabad,87.71569446987576,µg/m³,3
2025-11-01 18:00:00+00:00,Islamabad,84.16989811084888,µg/m³,3
2025-11-01 19:00:00+00:00,Islamabad,84.18274993896485,µg/m³,3
2025-11-01 20:00:00+00:00,Islamabad,76.74204638445819,µg/m³,3
2025-11-01 21:00:00+00:00,Islamabad,69.47644437154135,µg/m³,3
2025-11-01 22:00:00+00:00,Islamabad,65.65144449869791,µg/m³,3
2025-11-01 23:00:00+00:00,Islamabad,61.91222224765354,µg/m³,3
2025-11-02 00:00:00+00:00,Islamabad,61.41862494150797,µg/m³,3
2025-11-02 01:00:00+00:00,Islamabad,68.3838331858317,µg/m³,3
2025-11-02 02:00:00+00:00,Islamabad,100.53482887833206,µg/m³,3
2025-11-02 03:00:00+00:00,Islamabad,106.52616678873699,µg/m³,3
2025-11-02 04:00:00+00:00,Islamabad,97.59877768622505,µg/m³,3
2025-11-02 05:00:00+00:00,Islamabad,91.81323137636538,µg/m³,3
2025-11-02 06:00:00+00:00,Islamabad,95.29881958431667,µg/m³,3
2025-11-02 07:00:00+00:00,Islamabad,92.26479019353418,µg/m³,3
2025-11-02 08:00:00+00:00,Islamabad,71.64688278951762,µg/m³,3
2025-11-02 09:00:00+00:00,Islamabad,68.16508794007477,µg/m³,3
2025-11-02 10:00:00+00:00,Islamabad,66.03961113823785,µg/m³,3
2025-11-02 11:00:00+00:00,Islamabad,69.56129169464111,µg/m³,3
2025-11-02 12:00:00+00:00,Islamabad,85.78146297313549,µg/m³,3
2025-11-02 13:00:00+00:00,Islamabad,90.7140417098999,µg/m³,3
2025-11-02 14:00:00+00:00,Islamabad,91.05954176584879,µg/m³,3
2025-11-02 15:00:00+00:00,Islamabad,97.4449027803209,µg/m³,3
2025-11-02 16:00:00+00:00,Islamabad,86.84870853424071,µg/m³,3
2025-11-02 17:00:00+00:00,Islamabad,99.54449538478144,µg/m³,3
2025-11-02 18:00:00+00:00,Islamabad,94.69981954362656,µg/m³,3
2025-11-02 19:00:00+00:00,Islamabad,90.44677776760524,µg/m³,3
2025-11-02 20:00:00+00:00,Islamabad,81.54524981180828,µg/m³,3
2025-11-02 21:00:00+00:00,Islamabad,71.04879169464112,µg/m³,3
2025-11-02 22:00:00+00:00,Islamabad,65.5199583053589,µg/m³,3
2025-11-02 23:00:00+00:00,Islamabad,64.49959718916152,µg/m³,3
2025-11-03 00:00:00+00:00,Islamabad,65.5058749516805,µg/m³,3
2025-11-03 01:00:00+00:00,Islamabad,69.50559244509095,µg/m³,3
2025-11-03 02:00:00+00:00,Islamabad,93.37690274980334,µg/m³,3
2025-11-03 03:00:00+00:00,Islamabad,112.70397220187716,µg/m³,3
2025-11-03 04:00:00+00:00,Islamabad,107.03177786933053,µg/m³,3
2025-11-03 05:00:00+00:00,Islamabad,92.95335187558776,µg/m³,3
2025-11-03 06:00:00+00:00,Islamabad,72.6475625038147,µg/m³,2
2025-11-03 07:00:00+00:00,Islamabad,78.6343409798362,µg/m³,2
2025-11-03 08:00:00+00:00,Islamabad,82.22616659800212,µg/m³,2
2025-11-03 09:00:00+00:00,Islamabad,58.73750019073486,µg/m³,2
2025-11-03 10:00:00+00:00,Islamabad,66.29550805409748,µg/m³,3
2025-11-03 11:00:00+00:00,Islamabad,72.45125007629395,µg/m³,3
2025-11-03 12:00:00+00:00,Islamabad,84.72824999491372,µg/m³,3
2025-11-03 13:00:00+00:00,Islamabad,84.36283327738444,µg/m³,3
2025-11-03 14:00:00+00:00,Islamabad,94.79762503306073,µg/m³,3
2025-11-03 15:00:00+00:00,Islamabad,96.43647232055663,µg/m³,3
2025-11-03 16:00:00+00:00,Islamabad,100.954596985711,µg/m³,3
2025-11-03 17:00:00+00:00,Islamabad,79.83027767605252,µg/m³,3
2025-11-03 18:00:00+00:00,Islamabad,83.80788887871635,µg/m³,3
2025-11-03 19:00:00+00:00,Islamabad,89.38948616451688,µg/m³,3
2025-11-03 20:00:00+00:00,Islamabad,97.93034708235,µg/m³,3
2025-11-03 21:00:00+00:00,Islamabad,103.1031388176812,µg/m³,3
2025-11-03 22:00:00+00:00,Islamabad,103.09969448513455,µg/m³,3
2025-11-03 23:00:00+00:00,Islamabad,102.56308339436849,µg/m³,3
2025-11-04 00:00:00+00:00,Islamabad,108.17769436306423,µg/m³,3
2025-11-04 01:00:00+00:00,Islamabad,111.62316665649415,µg/m³,3
2025-11-04 02:00:00+00:00,Islamabad,131.6649585088094,µg/m³,3
2025-11-04 03:00:00+00:00,Islamabad,110.40643045637341,µg/m³,3
2025-11-04 04:00:00+00:00,Islamabad,76.43093288498694,µg/m³,3
2025-11-04 05:00:00+00:00,Islamabad,71.77411109076606,µg/m³,3
2025-11-04 06:00:00+00:00,Islamabad,73.51126393212212,µg/m³,3
2025-11-04 07:00:00+00:00,Islamabad,97.56790286170111,µg/m³,3
2025-11-04 08:00:00+00:00,Islamabad,119.48254150814478,µg/m³,3
2025-11-04 09:00:00+00:00,Islamabad,178.5907916386922,µg/m³,3
2025-11-04 10:00:00+00:00,Islamabad,164.16531942155623,µg/m³,3
2025-11-04 11:00:00+00:00,Islamabad,108.80358806892677,µg/m³,3
2025-11-04 12:00:00+00:00,Islamabad,68.22006935543484,µg/m³,3
2025-11-04 13:00:00+00:00,Islamabad,68.39894451565213,µg/m³,3
2025-11-04 14:00:00+00:00,Islamabad,58.32034736209445,µg/m³,3
2025-11-04 15:00:00+00:00,Islamabad,46.37452765570746,µg/m³,3
2025-11-04 16:00:00+00:00,Islamabad,55.79643073611789,µg/m³,3
2025-11-04 17:00:00+00:00,Islamabad,65.43187503814697,µg/m³,3
2025-11-04 18:00:00+00:00,Islamabad,60.563277604844835,µg/m³,3
2025-11-04 19:00:00+00:00,Islamabad,51.78225008646647,µg/m³,3
2025-11-04 20:00:00+00:00,Islamabad,48.677666727701826,µg/m³,3
2025-11-04 21:00:00+00:00,Islamabad,47.471819284227166,µg/m³,3
2025-11-04 22:00:00+00:00,Islamabad,45.520069355434835,µg/m³,3
2025-11-04 23:00:00+00:00,Islamabad,43.86211119757758,µg/m³,3
2025-11-05 00:00:00+00:00,Islamabad,49.05751395755343,µg/m³,3
2025-11-05 01:00:00+00:00,Islamabad,60.68111118740506,µg/m³,3
2025-11-05 02:00:00+00:00,Islamabad,87.9527083714803,µg/m³,3
2025-11-05 03:00:00+00:00,Islamabad,88.21077770657008,µg/m³,3
2025-11-05 04:00:00+00:00,Islamabad,102.64620366979528,µg/m³,3
2025-11-05 05:00:00+00:00,Islamabad,87.47725016276043,µg/m³,3
2025-11-05 06:00:00+00:00,Islamabad,83.0,µg/m³,1
2025-11-05 07:00:00+00:00,Islamabad,54.07835650267425,µg/m³,3
2025-11-05 08:00:00+00:00,Islamabad,52.859611172146266,µg/m³,3
2025-11-05 09:00:00+00:00,Islamabad,46.91901399824354,µg/m³,3
2025-11-05 10:00:00+00:00,Islamabad,41.2189998626709,µg/m³,3
2025-11-05 11:00:00+00:00,Islamabad,40.47202775743273,µg/m³,3
2025-11-05 12:00:00+00:00,Islamabad,45.15912507375081,µg/m³,3
2025-11-05 13:00:00+00:00,Islamabad,43.378111055162215,µg/m³,3
2025-11-05 14:00:00+00:00,Islamabad,43.27120825449626,µg/m³,3
2025-11-05 15:00:00+00:00,Islamabad,64.0732777065701,µg/m³,3
2025-11-05 16:00:00+00:00,Islamabad,59.83391672770182,µg/m³,3
2025-11-05 17:00:00+00:00,Islamabad,55.667958386739095,µg/m³,3
2025-11-05 18:00:00+00:00,Islamabad,53.63036121792263,µg/m³,3
2025-11-05 19:00:00+00:00,Islamabad,49.07236116197374,µg/m³,3
2025-11-05 20:00:00+00:00,Islamabad,51.136027823554144,µg/m³,3
2025-11-05 21:00:00+00:00,Islamabad,40.334777747260205,µg/m³,3
2025-11-05 22:00:00+00:00,Islamabad,33.19866663614909,µg/m³,3
2025-11-05 23:00:00+00:00,Islamabad,34.37524998982747,µg/m³,3
2025-11-06 00:00:00+00:00,Islamabad,35.85770827134451,µg/m³,3
2025-11-06 01:00:00+00:00,Islamabad,40.14380562835269,µg/m³,3
2025-11-06 02:00:00+00:00,Islamabad,59.434874916076666,µg/m³,3
2025-11-06 03:00:00+00:00,Islamabad,52.737527762518994,µg/m³,3
2025-11-06 04:00:00+00:00,Islamabad,47.34876367780897,µg/m³,3
2025-11-06 05:00:00+00:00,Islamabad,37.914407419275356,µg/m³,3
2025-11-06 06:00:00+00:00,Islamabad,33.857263853814864,µg/m³,3
2025-11-06 07:00:00+00:00,Islamabad,36.27672224574619,µg/m³,3
2025-11-06 08:00:00+00:00,Islamabad,36.87319442696042,µg/m³,3
2025-11-06 09:00:00+00:00,Islamabad,32.79179169866774,µg/m³,3
2025-11-06 10:00:00+00:00,Islamabad,37.26451379987929,µg/m³,3
2025-11-06 11:00:00+00:00,Islamabad,41.18645826975504,µg/m³,3
2025-11-06 12:00:00+00:00,Islamabad,50.11515284644232,µg/m³,3
2025-11-06 13:00:00+00:00,Islamabad,62.05280554029676,µg/m³,3
2025-11-06 14:00:00+00:00,Islamabad,68.94669435289173,µg/m³,3
2025-11-06 15:00:00+00:00,Islamabad,65.87075004577636,µg/m³,3
2025-11-06 16:00:00+00:00,Islamabad,52.922763718499084,µg/m³,3
2025-11-06 17:00:00+00:00,Islamabad,47.201375007629395,µg/m³,3
2025-11-06 18:00:00+00:00,Islamabad,42.87681946224637,µg/m³,3
2025-11-06 19:00:00+00:00,Islamabad,45.825124931335445,µg/m³,3
2025-11-06 20:00:00+00:00,Islamabad,41.88133354187011,µg/m³,3
2025-11-06 21:00:00+00:00,Islamabad,50.75774993896484,µg/m³,3
2025-11-06 22:00:00+00:00,Islamabad,44.01649079499421,µg/m³,3
2025-11-06 23:00:00+00:00,Islamabad,38.71045820448134,µg/m³,3
2025-11-07 00:00:00+00:00,Islamabad,38.396555519104005,µg/m³,3
2025-11-07 01:00:00+00:00,Islamabad,45.72259738710191,µg/m³,3
2025-11-07 02:00:00+00:00,Islamabad,68.07615290747748,µg/m³,3
2025-11-07 03:00:00+00:00,Islamabad,72.76736098395453,µg/m³,3
2025-11-07 04:00:00+00:00,Islamabad,71.45198616451687,µg/m³,3
2025-11-07 05:00:00+00:00,Islamabad,75.33279158274333,µg/m³,3
2025-11-07 06:00:00+00:00,Islamabad,70.54550472542091,µg/m³,3
2025-11-07 07:00:00+00:00,Islamabad,46.24424997965496,µg/m³,3
2025-11-07 08:00:00+00:00,Islamabad,41.8607638253106,µg/m³,3
2025-11-07 09:00:00+00:00,Islamabad,41.13706942664253,µg/m³,3
2025-11-07 10:00:00+00:00,Islamabad,40.67356959448921,µg/m³,3
2025-11-07 11:00:00+00:00,Islamabad,47.89847217135959,µg/m³,3
2025-11-07 12:00:00+00:00,Islamabad,63.00906954871284,µg/m³,3
2025-11-07 13:00:00+00:00,Islamabad,63.978875160217285,µg/m³,3
2025-11-07 14:00:00+00:00,Islamabad,73.86539394494258,µg/m³,3
2025-11-07 15:00:00+00:00,Islamabad,75.67562478383381,µg/m³,3
2025-11-07 16:00:00+00:00,Islamabad,62.05404186248779,µg/m³,3
2025-11-07 17:00:00+00:00,Islamabad,70.72258326212564,µg/m³,3
2025-11-07 18:00:00+00:00,Islamabad,78.65588883294,µg/m³,3
2025-11-07 19:00:00+00:00,Islamabad,78.43592429883553,µg/m³,3
2025-11-07 20:00:00+00:00,Islamabad,49.99376375410292,µg/m³,3
2025-11-07 21:00:00+00:00,Islamabad,48.29041684468587,µg/m³,3
2025-11-07 22:00:00+00:00,Islamabad,45.86719453599718,µg/m³,3
2025-11-07 23:00:00+00:00,Islamabad,46.90930565728081,µg/m³,3
2025-11-08 00:00:00+00:00,Islamabad,44.52994452582465,µg/m³,3
2025-11-08 01:00:00+00:00,Islamabad,50.313138792249894,µg/m³,3
2025-11-08 02:00:00+00:00,Islamabad,70.47069430881078,µg/m³,3
2025-11-08 03:00:00+00:00,Islamabad,89.07884714338513,µg/m³,3
2025-11-08 04:00:00+00:00,Islamabad,69.10777782864041,µg/m³,3
2025-11-08 05:00:00+00:00,Islamabad,83.60062491099039,µg/m³,3
2025-11-08 06:00:00+00:00,Islamabad,74.67073616451688,µg/m³,3
2025-11-08 07:00:00+00:00,Islamabad,75.88136117723253,µg/m³,3
2025-11-08 08:00:00+00:00,Islamabad,60.943513796064586,µg/m³,3
2025-11-08 09:00:00+00:00,Islamabad,52.26298609839546,µg/m³,3
2025-11-08 10:00:00+00:00,Islamabad,44.57525924400047,µg/m³,3
2025-11-08 11:00:00+00:00,Islamabad,51.76455569797091,µg/m³,3
2025-11-08 12:00:00+00:00,Islamabad,66.59150009155273,µg/m³,3
2025-11-08 13:00:00+00:00,Islamabad,71.97411109076606,µg/m³,3
2025-11-08 14:00:00+00:00,Islamabad,66.13955569797092,µg/m³,3
2025-11-08 15:00:00+00:00,Islamabad,68.98235179759838,µg/m³,3
2025-11-08 16:00:00+00:00,Islamabad,71.05030551486546,µg/m³,3
2025-11-08 17:00:00+00:00,Islamabad,56.235055626763234,µg/m³,3
2025-11-08 18:00:00+00:00,Islamabad,58.281666564941396,µg/m³,3
2025-11-08 19:00:00+00:00,Islamabad,51.310166676839195,µg/m³,3
2025-11-08 20:00:00+00:00,Islamabad,44.95383326212565,µg/m³,3
2025-11-08 21:00:00+00:00,Islamabad,42.53322228325738,µg/m³,3
2025-11-08 22:00:00+00:00,Islamabad,41.372828582481105,µg/m³,3
2025-11-08 23:00:00+00:00,Islamabad,49.015347184075246,µg/m³,3
2025-11-09 00:00:00+00:00,Islamabad,47.68455539279514,µg/m³,3
2025-11-09 01:00:00+00:00,Islamabad,51.35922224256728,µg/m³,3
2025-11-09 02:00:00+00:00,Islamabad,64.81861106024847,µg/m³,3
2025-11-09 03:00:00+00:00,Islamabad,81.8118889702691,µg/m³,3
2025-11-09 04:00:00+00:00,Islamabad,63.70655551486545,µg/m³,3
2025-11-09 05:00:00+00:00,Islamabad,53.5141109890408,µg/m³,3
2025-11-09 06:00:00+00:00,Islamabad,64.82607416223597,µg/m³,3
2025-11-09 07:00:00+00:00,Islamabad,75.75645836724175,µg/m³,3
2025-11-09 08:00:00+00:00,Islamabad,66.85305545594957,µg/m³,3
2025-11-09 09:00:00+00:00,Islamabad,59.47944454616971,µg/m³,3
2025-11-09 10:00:00+00:00,Islamabad,55.811722140842015,µg/m³,3
2025-11-09 11:00:00+00:00,Islamabad,62.94893038007948,µg/m³,3
2025-11-09 12:00:00+00:00,Islamabad,71.75266672770182,µg/m³,3
2025-11-09 13:00:00+00:00,Islamabad,77.64416681925456,µg/m³,3
2025-11-09 14:00:00+00:00,Islamabad,86.33166656494141,µg/m³,3
2025-11-09 15:00:00+00:00,Islamabad,94.47572233412001,µg/m³,3
2025-11-09 16:00:00+00:00,Islamabad,85.24281931983099,µg/m³,3
2025-11-09 17:00:00+00:00,Islamabad,72.08083318074544,µg/m³,3
2025-11-09 18:00:00+00:00,Islamabad,76.01605538262261,µg/m³,3
2025-11-09 19:00:00+00:00,Islamabad,58.901722293429906,µg/m³,3
2025-11-09 20:00:00+00:00,Islamabad,55.201055484347876,µg/m³,3
2025-11-09 21:00:00+00:00,Islamabad,57.05755547417535,µg/m³,3
2025-11-09 22:00:00+00:00,Islamabad,50.33677792019315,µg/m³,3
2025-11-09 23:00:00+00:00,Islamabad,53.55072233412,µg/m³,3
2025-11-10 00:00:00+00:00,Islamabad,55.12388899061415,µg/m³,3
2025-11-10 01:00:00+00:00,Islamabad,60.98050003051757,µg/m³,3
2025-11-10 02:00:00+00:00,Islamabad,103.97661124335394,µg/m³,3
2025-11-10 03:00:00+00:00,Islamabad,109.89127799140083,µg/m³,3
2025-11-10 04:00:00+00:00,Islamabad,96.94984717898899,µg/m³,3
2025-11-10 05:00:00+00:00,Islamabad,95.94816665649414,µg/m³,3
2025-11-10 06:00:00+00:00,Islamabad,95.18444434271919,µg/m³,3
2025-11-10 07:00:00+00:00,Islamabad,94.23870830535888,µg/m³,3
2025-11-10 08:00:00+00:00,Islamabad,75.47688886854384,µg/m³,3
2025-11-10 09:00:00+00:00,Islamabad,73.53088896009656,µg/m³,3
2025-11-10 10:00:00+00:00,Islamabad,71.66394428677029,µg/m³,3
2025-11-10 11:00:00+00:00,Islamabad,80.60193038516576,µg/m³,3
2025-11-10 12:00:00+00:00,Islamabad,92.58759262650102,µg/m³,3
2025-11-10 13:00:00+00:00,Islamabad,105.50627788967557,µg/m³,3
2025-11-10 14:00:00+00:00,Islamabad,110.99886110093858,µg/m³,3
2025-11-10 15:00:00+00:00,Islamabad,125.94616673787435,µg/m³,3
2025-11-10 16:00:00+00:00,Islamabad,120.20627788967555,µg/m³,3
2025-11-10 17:00:00+00:00,Islamabad,116.51477779812284,µg/m³,3
2025-11-10 18:00:00+00:00,Islamabad,106.20483322143555,µg/m³,3
2025-11-10 19:00:00+00:00,Islamabad,96.4765740995054,µg/m³,3
2025-11-10 20:00:00+00:00,Islamabad,92.20388420246265,µg/m³,3
2025-11-10 21:00:00+00:00,Islamabad,87.12033335367836,µg/m³,3
2025-11-10 22:00:00+00:00,Islamabad,87.47888878716361,µg/m³,3
2025-11-10 23:00:00+00:00,Islamabad,86.46283340454102,µg/m³,3
2025-11-11 00:00:00+00:00,Islamabad,82.64177771674262,µg/m³,3
2025-11-11 01:00:00+00:00,Islamabad,88.31038877699109,µg/m³,3
2025-11-11 02:00:00+00:00,Islamabad,112.79811113145615,µg/m³,3
2025-11-11 03:00:00+00:00,Islamabad,114.21715263790554,µg/m³,3
2025-11-11 04:00:00+00:00,Islamabad,111.86053701330115,µg/m³,3
2025-11-11 05:00:00+00:00,Islamabad,113.23794445461697,µg/m³,3
2025-11-11 06:00:00+00:00,Islamabad,101.48912045514142,µg/m³,3
2025-11-11 07:00:00+00:00,Islamabad,82.51393053266737,µg/m³,3
2025-11-11 08:00:00+00:00,Islamabad,57.61733322143555,µg/m³,3
2025-11-11 09:00:00+00:00,Islamabad,51.14981016229701,µg/m³,3
2025-11-11 10:00:00+00:00,Islamabad,65.94515289730495,µg/m³,3
2025-11-11 11:00:00+00:00,Islamabad,71.6480556064182,µg/m³,3
2025-11-11 12:00:00+00:00,Islamabad,87.44956942664253,µg/m³,3
2025-11-11 13:00:00+00:00,Islamabad,96.5716389550103,µg/m³,3
2025-11-11 14:00:00+00:00,Islamabad,105.94561097886827,µg/m³,3
2025-11-11 15:00:00+00:00,Islamabad,97.70500005086262,µg/m³,3
2025-11-11 16:00:00+00:00,Islamabad,84.11326397789848,µg/m³,3
2025-11-11 17:00:00+00:00,Islamabad,62.179611121283635,µg/m³,3
2025-11-11 18:00:00+00:00,Islamabad,54.93255547417535,µg/m³,3
2025-11-11 19:00:00+00:00,Islamabad,60.03977779812283,µg/m³,3
2025-11-11 20:00:00+00:00,Islamabad,61.18261099921333,µg/m³,3
2025-11-11 21:00:00+00:00,Islamabad,58.17395826975504,µg/m³,3
2025-11-11 22:00:00+00:00,Islamabad,57.88583348592122,µg/m³,3
2025-11-11 23:00:00+00:00,Islamabad,58.39629192352296,µg/m³,3
2025-11-12 00:00:00+00:00,Islamabad,59.029194556342226,µg/m³,3
2025-11-12 01:00:00+00:00,Islamabad,70.87677781846789,µg/m³,3
2025-11-12 02:00:00+00:00,Islamabad,101.91377783881292,µg/m³,3
2025-11-12 03:00:00+00:00,Islamabad,102.48177761501735,µg/m³,3
2025-11-12 04:00:00+00:00,Islamabad,101.4702546932079,µg/m³,3
2025-11-12 05:00:00+00:00,Islamabad,124.83197233412004,µg/m³,3
2025-11-12 06:00:00+00:00,Islamabad,93.0,µg/m³,1
2025-11-12 07:00:00+00:00,Islamabad,97.0,µg/m³,1
2025-11-12 08:00:00+00:00,Islamabad,94.0,µg/m³,1
2025-11-12 09:00:00+00:00,Islamabad,86.0,µg/m³,1
2025-11-12 10:00:00+00:00,Islamabad,59.0,µg/m³,1
2025-11-12 11:00:00+00:00,Islamabad,71.0,µg/m³,1
2025-11-12 12:00:00+00:00,Islamabad,83.92405556572808,µg/m³,3
2025-11-12 13:00:00+00:00,Islamabad,93.8595971637302,µg/m³,3
2025-11-12 14:00:00+00:00,Islamabad,83.47133331298828,µg/m³,3
2025-11-12 15:00:00+00:00,Islamabad,98.32925008138022,µg/m³,3
2025-11-12 16:00:00+00:00,Islamabad,100.8779443528917,µg/m³,3
2025-11-12 17:00:00+00:00,Islamabad,81.50927776760524,µg/m³,3
2025-11-12 18:00:00+00:00,Islamabad,68.40841649373372,µg/m³,3
2025-11-12 19:00:00+00:00,Islamabad,62.37022230360244,µg/m³,3
2025-11-12 20:00:00+00:00,Islamabad,63.52027782864042,µg/m³,3
2025-11-12 21:00:00+00:00,Islamabad,65.75255567762586,µg/m³,3
2025-11-12 22:00:00+00:00,Islamabad,61.57894431220161,µg/m³,3
2025-11-12 23:00:00+00:00,Islamabad,64.4101666768392,µg/m³,3
2025-11-13 00:00:00+00:00,Islamabad,61.70938881768121,µg/m³,3
2025-11-13 01:00:00+00:00,Islamabad,74.06222212049697,µg/m³,3
2025-11-13 02:00:00+00:00,Islamabad,100.01111111111112,µg/m³,3
2025-11-13 03:00:00+00:00,Islamabad,117.93311123318142,µg/m³,3
2025-11-13 04:00:00+00:00,Islamabad,85.0907684608742,µg/m³,3
2025-11-13 05:00:00+00:00,Islamabad,69.0,µg/m³,1
2025-11-13 06:00:00+00:00,Islamabad,87.4482915878296,µg/m³,3
2025-11-13 07:00:00+00:00,Islamabad,82.07044440375434,µg/m³,3
2025-11-13 08:00:00+00:00,Islamabad,71.7822223239475,µg/m³,3
2025-11-13 09:00:00+00:00,Islamabad,77.61366666158041,µg/m³,3
2025-11-13 10:00:00+00:00,Islamabad,80.9666526582506,µg/m³,3
2025-11-13 11:00:00+00:00,Islamabad,80.74361089070636,µg/m³,3
2025-11-13 12:00:00+00:00,Islamabad,116.57399995591906,µg/m³,3
2025-11-13 13:00:00+00:00,Islamabad,104.9166111416287,µg/m³,3
2025-11-13 14:00:00+00:00,Islamabad,79.0681666056315,µg/m³,2
2025-11-13 15:00:00+00:00,Islamabad,124.96747228834363,µg/m³,3
2025-11-13 16:00:00+00:00,Islamabad,89.56158307393392,µg/m³,2
2025-11-13 17:00:00+00:00,Islamabad,89.81844448513455,µg/m³,3
2025-11-13 18:00:00+00:00,Islamabad,68.56650009155273,µg/m³,3
2025-11-13 19:00:00+00:00,Islamabad,65.49150009155274,µg/m³,3
2025-11-13 20:00:00+00:00,Islamabad,60.71659254851165,µg/m³,3
2025-11-13 21:00:00+00:00,Islamabad,60.69161114162869,µg/m³,3
2025-11-13 22:00:00+00:00,Islamabad,56.700909146395595,µg/m³,3
2025-11-13 23:00:00+00:00,Islamabad,54.639791552225745,µg/m³,3
2025-11-14 00:00:00+00:00,Islamabad,59.022166697184254,µg/m³,3
2025-11-14 02:00:00+00:00,Islamabad,102.3841667175293,µg/m³,3
2025-11-14 03:00:00+00:00,Islamabad,82.78311123318143,µg/m³,3
2025-11-14 04:00:00+00:00,Islamabad,89.54555545383027,µg/m³,3
2025-11-14 05:00:00+00:00,Islamabad,58.0,µg/m³,1
2025-11-14 06:00:00+00:00,Islamabad,56.0,µg/m³,1
2025-11-14 07:00:00+00:00,Islamabad,71.0,µg/m³,1
2025-11-14 08:00:00+00:00,Islamabad,66.0,µg/m³,1
2025-11-14 09:00:00+00:00,Islamabad,79.0,µg/m³,1
2025-11-14 10:00:00+00:00,Islamabad,81.0,µg/m³,1
2025-11-14 13:00:00+00:00,Islamabad,123.19583333333333,µg/m³,2
2025-11-14 14:00:00+00:00,Islamabad,151.67872221204968,µg/m³,3
2025-11-14 15:00:00+00:00,Islamabad,122.50008328755696,µg/m³,2
2025-11-14 16:00:00+00:00,Islamabad,120.87658322652183,µg/m³,2
2025-11-14 17:00:00+00:00,Islamabad,114.87909726036919,µg/m³,3
2025-11-14 18:00:00+00:00,Islamabad,88.5122501373291,µg/m³,2
2025-11-14 19:00:00+00:00,Islamabad,95.90177772599039,µg/m³,3
2025-11-14 20:00:00+00:00,Islamabad,96.83112506866455,µg/m³,2
2025-11-14 21:00:00+00:00,Islamabad,87.46576374901666,µg/m³,3
2025-11-14 22:00:00+00:00,Islamabad,86.81391665140788,µg/m³,2
2025-11-14 23:00:00+00:00,Islamabad,79.30400009155275,µg/m³,2
2025-11-15 00:00:00+00:00,Islamabad,77.13349990844726,µg/m³,2
2025-11-15 01:00:00+00:00,Islamabad,82.14858334859213,µg/m³,2
2025-11-15 02:00:00+00:00,Islamabad,87.95316645304362,µg/m³,2
2025-11-15 03:00:00+00:00,Islamabad,121.50299987792968,µg/m³,2
2025-11-15 04:00:00+00:00,Islamabad,115.44989608128867,µg/m³,2
2025-11-15 05:00:00+00:00,Islamabad,124.02379156748452,µg/m³,2
2025-11-15 06:00:00+00:00,Islamabad,136.43804175059,µg/m³,2
2025-11-15 07:00:00+00:00,Islamabad,126.79687112750429,µg/m³,2
2025-11-15 08:00:00+00:00,Islamabad,63.93191668192546,µg/m³,2
2025-11-15 09:00:00+00:00,Islamabad,53.37766672770183,µg/m³,1
2025-11-15 10:00:00+00:00,Islamabad,63.22516657511394,µg/m³,1
2025-11-15 11:00:00+00:00,Islamabad,113.60000000000002,µg/m³,2
2025-11-15 12:00:00+00:00,Islamabad,128.55233357747397,µg/m³,2
2025-11-15 13:00:00+00:00,Islamabad,120.51399993896484,µg/m³,2
2025-11-15 14:00:00+00:00,Islamabad,131.37616678873698,µg/m³,2
2025-11-15 15:00:00+00:00,Islamabad,132.5318333943685,µg/m³,2
2025-11-15 16:00:00+00:00,Islamabad,133.15391680399574,µg/m³,2
2025-11-15 17:00:00+00:00,Islamabad,118.09741655985513,µg/m³,2
2025-11-15 18:00:00+00:00,Islamabad,117.04874992370605,µg/m³,2
2025-11-15 19:00:00+00:00,Islamabad,106.76391665140787,µg/m³,2
2025-11-15 20:00:00+00:00,Islamabad,98.71283315022785,µg/m³,2
2025-11-15 21:00:00+00:00,Islamabad,93.06108334859212,µg/m³,2
2025-11-15 22:00:00+00:00,Islamabad,89.91650009155273,µg/m³,2
2025-11-15 23:00:00+00:00,Islamabad,89.15566660563152,µg/m³,2
2025-11-16 00:00:00+00:00,Islamabad,88.75741640726724,µg/m³,2
2025-11-16 01:00:00+00:00,Islamabad,93.32295850118001,µg/m³,2
2025-11-16 02:00:00+00:00,Islamabad,107.44183324178061,µg/m³,3
2025-11-16 03:00:00+00:00,Islamabad,112.0,µg/m³,1
2025-11-16 04:00:00+00:00,Islamabad,92.87400004069009,µg/m³,3
2025-11-16 05:00:00+00:00,Islamabad,97.49350001017253,µg/m³,3
2025-11-16 06:00:00+00:00,Islamabad,90.48149998982747,µg/m³,3
2025-11-16 07:00:00+00:00,Islamabad,90.79800008138021,µg/m³,3
2025-11-16 08:00:00+00:00,Islamabad,82.49816665649415,µg/m³,3
2025-11-16 09:00:00+00:00,Islamabad,83.20072233412002,µg/m³,3
2025-11-16 10:00:00+00:00,Islamabad,91.05789350580285,µg/m³,3
2025-11-16 11:00:00+00:00,Islamabad,109.75066655476887,µg/m³,3
2025-11-16 12:00:00+00:00,Islamabad,122.18050003051758,µg/m³,3
2025-11-16 13:00:00+00:00,Islamabad,133.611388736301,µg/m³,3
2025-11-16 14:00:00+00:00,Islamabad,130.33694449530708,µg/m³,3
2025-11-16 15:00:00+00:00,Islamabad,116.2699720594618,µg/m³,3
2025-11-16 16:00:00+00:00,Islamabad,84.12333348592122,µg/m³,2
2025-11-16 17:00:00+00:00,Islamabad,81.54983342488606,µg/m³,2
2025-11-16 18:00:00+00:00,Islamabad,84.6872223112318,µg/m³,2
2025-11-16 19:00:00+00:00,Islamabad,79.21816660563152,µg/m³,2
2025-11-16 20:00:00+00:00,Islamabad,83.1775416056315,µg/m³,2
2025-11-16 21:00:00+00:00,Islamabad,87.55008328755696,µg/m³,2
2025-11-16 22:00:00+00:00,Islamabad,89.06141649882,µg/m³,2
2025-11-16 23:00:00+00:00,Islamabad,89.10966669718425,µg/m³,2
2025-11-17 00:00:00+00:00,Islamabad,90.40933354695638,µg/m³,2
2025-11-17 01:00:00+00:00,Islamabad,90.32033360799153,µg/m³,2
2025-11-17 02:00:00+00:00,Islamabad,107.80510441462197,µg/m³,2
2025-11-17 03:00:00+00:00,Islamabad,135.89177077611288,µg/m³,2
2025-11-17 04:00:00+00:00,Islamabad,133.35077079137167,µg/m³,2
2025-11-17 05:00:00+00:00,Islamabad,108.90099995930989,µg/m³,3
2025-11-17 06:00:00+00:00,Islamabad,105.31886124081082,µg/m³,2
2025-11-17 09:00:00+00:00,Islamabad,102.8494792620341,µg/m³,2
2025-11-17 10:00:00+00:00,Islamabad,101.61479862001207,µg/m³,2
2025-11-17 11:00:00+00:00,Islamabad,108.43955550723604,µg/m³,2
2025-11-17 12:00:00+00:00,Islamabad,102.87770837148031,µg/m³,2
2025-11-17 13:00:00+00:00,Islamabad,109.13274993896485,µg/m³,2
2025-11-17 14:00:00+00:00,Islamabad,131.33233311971028,µg/m³,2
2025-11-17 15:00:00+00:00,Islamabad,118.69997917811075,µg/m³,2
2025-11-17 16:00:00+00:00,Islamabad,108.23458340962728,µg/m³,2
2025-11-17 17:00:00+00:00,Islamabad,113.61961101955838,µg/m³,3
2025-11-17 18:00:00+00:00,Islamabad,98.43638873630101,µg/m³,3
2025-11-17 19:00:00+00:00,Islamabad,93.93238889906142,µg/m³,3
2025-11-17 20:00:00+00:00,Islamabad,92.99683354695638,µg/m³,3
2025-11-17 21:00:00+00:00,Islamabad,94.47183354695638,µg/m³,2
2025-11-17 22:00:00+00:00,Islamabad,89.65950012207031,µg/m³,2
2025-11-17 23:00:00+00:00,Islamabad,94.10183334350585,µg/m³,3
2025-11-18 00:00:00+00:00,Islamabad,98.8712777879503,µg/m³,3
2025-11-18 01:00:00+00:00,Islamabad,98.3754997253418,µg/m³,2
2025-11-18 02:00:00+00:00,Islamabad,116.59788903130426,µg/m³,3
2025-11-18 03:00:00+00:00,Islamabad,149.6189722273085,µg/m³,3
2025-11-18 04:00:00+00:00,Islamabad,104.0,µg/m³,1
2025-11-18 05:00:00+00:00,Islamabad,123.89923602210149,µg/m³,3
2025-11-18 06:00:00+00:00,Islamabad,121.9298888736301,µg/m³,3
2025-11-18 07:00:00+00:00,Islamabad,117.47469435797797,µg/m³,3
2025-11-18 08:00:00+00:00,Islamabad,102.61832409611456,µg/m³,3
2025-11-18 09:00:00+00:00,Islamabad,83.26250025431315,µg/m³,2
2025-11-18 10:00:00+00:00,Islamabad,93.27747219933403,µg/m³,2
2025-11-18 11:00:00+00:00,Islamabad,117.16572223239474,µg/m³,3
2025-11-18 12:00:00+00:00,Islamabad,147.72394451565214,µg/m³,3
2025-11-18 13:00:00+00:00,Islamabad,143.58733342488608,µg/m³,6
2025-11-18 14:00:00+00:00,Islamabad,163.35927776760525,µg/m³,6
2025-11-18 15:00:00+00:00,Islamabad,168.81735719953264,µg/m³,7
2025-11-18 16:00:00+00:00,Islamabad,142.3250750350952,µg/m³,5
2025-11-18 17:00:00+00:00,Islamabad,158.47694439358182,µg/m³,6
2025-11-18 18:00:00+00:00,Islamabad,148.0408333551316,µg/m³,7
2025-11-18 19:00:00+00:00,Islamabad,123.96629168192544,µg/m³,8
2025-11-18 20:00:00+00:00,Islamabad,105.9100833892822,µg/m³,6
2025-11-18 21:00:00+00:00,Islamabad,111.50776667277019,µg/m³,5
2025-11-18 22:00:00+00:00,Islamabad,102.95827780829535,µg/m³,6
2025-11-18 23:00:00+00:00,Islamabad,102.08050003051757,µg/m³,6
2025-11-19 00:00:00+00:00,Islamabad,99.4273333231608,µg/m³,6
2025-11-19 01:00:00+00:00,Islamabad,98.99722222222222,µg/m³,6
2025-11-19 02:00:00+00:00,Islamabad,127.2402500152588,µg/m³,4
2025-11-19 03:00:00+00:00,Islamabad,140.35851044654845,µg/m³,4
2025-11-19 04:00:00+00:00,Islamabad,166.67547206878663,µg/m³,6
2025-11-19 05:00:00+00:00,Islamabad,139.27494445184266,µg/m³,6
2025-11-19 06:00:00+00:00,Islamabad,128.42836664835613,µg/m³,5
2025-11-19 07:00:00+00:00,Islamabad,151.7035416285197,µg/m³,5
2025-11-19 08:00:00+00:00,Islamabad,131.2759444342719,µg/m³,6
2025-11-19 09:00:00+00:00,Islamabad,129.5735486242506,µg/m³,6
2025-11-19 10:00:00+00:00,Islamabad,121.64869439866807,µg/m³,6
2025-11-19 11:00:00+00:00,Islamabad,125.92228710739703,µg/m³,6
2025-11-19 12:00:00+00:00,Islamabad,139.75615283118353,µg/m³,6
2025-11-19 13:00:00+00:00,Islamabad,167.26630950201124,µg/m³,7
2025-11-19 14:00:00+00:00,Islamabad,180.9911944495307,µg/m³,6
2025-11-19 15:00:00+00:00,Islamabad,146.76380553775363,µg/m³,6
2025-11-19 16:00:00+00:00,Islamabad,147.6319236225552,µg/m³,6
2025-11-19 17:00:00+00:00,Islamabad,142.33461899530317,µg/m³,7
2025-11-19 18:00:00+00:00,Islamabad,105.42762508392335,µg/m³,4
2025-11-19 19:00:00+00:00,Islamabad,86.23716669718424,µg/m³,5
2025-11-19 20:00:00+00:00,Islamabad,75.170433400472,µg/m³,5
2025-11-19 21:00:00+00:00,Islamabad,80.3841190519787,µg/m³,7
2025-11-19 22:00:00+00:00,Islamabad,75.26835708618164,µg/m³,7
2025-11-19 23:00:00+00:00,Islamabad,72.94967853001187,µg/m³,7
2025-11-20 00:00:00+00:00,Islamabad,77.49841677347818,µg/m³,6
2025-11-20 01:00:00+00:00,Islamabad,80.86208330790201,µg/m³,6
2025-11-20 02:00:00+00:00,Islamabad,93.4772666422526,µg/m³,5
2025-11-20 03:00:00+00:00,Islamabad,101.48943333943684,µg/m³,5
2025-11-20 04:00:00+00:00,Islamabad,103.34492496490479,µg/m³,5
2025-11-20 05:00:00+00:00,Islamabad,111.81616663614909,µg/m³,5
2025-11-20 06:00:00+00:00,Islamabad,115.67221177948846,µg/m³,4
2025-11-20 07:00:00+00:00,Islamabad,99.61437492370605,µg/m³,6
2025-11-20 08:00:00+00:00,Islamabad,110.05386935340034,µg/m³,5
2025-11-20 09:00:00+00:00,Islamabad,122.10572225782607,µg/m³,4
2025-11-20 10:00:00+00:00,Islamabad,121.19490005493162,µg/m³,5
2025-11-20 11:00:00+00:00,Islamabad,126.11436670939126,µg/m³,5
2025-11-20 12:00:00+00:00,Islamabad,128.75546386294894,µg/m³,5
2025-11-20 13:00:00+00:00,Islamabad,119.08365558200413,µg/m³,5
2025-11-20 14:00:00+00:00,Islamabad,117.57610000610353,µg/m³,5
2025-11-20 15:00:00+00:00,Islamabad,112.44440012613931,µg/m³,5
2025-11-20 16:00:00+00:00,Islamabad,102.58440002441407,µg/m³,5
2025-11-20 17:00:00+00:00,Islamabad,96.39261103736028,µg/m³,6
2025-11-20 18:00:00+00:00,Islamabad,91.28173809959775,µg/m³,7
2025-11-20 19:00:00+00:00,Islamabad,81.61676185244606,µg/m³,7
2025-11-20 20:00:00+00:00,Islamabad,84.64294587833024,µg/m³,7
2025-11-20 21:00:00+00:00,Islamabad,81.73869642530168,µg/m³,7
2025-11-20 22:00:00+00:00,Islamabad,85.74485720679873,µg/m³,7
2025-11-20 23:00:00+00:00,Islamabad,86.8079762413388,µg/m³,7
2025-11-21 00:00:00+00:00,Islamabad,88.93844443427191,µg/m³,6
2025-11-21 01:00:00+00:00,Islamabad,81.31269048055013,µg/m³,7
2025-11-21 02:00:00+00:00,Islamabad,92.23890475318545,µg/m³,7
2025-11-21 03:00:00+00:00,Islamabad,115.50554861492581,µg/m³,8
2025-11-21 04:00:00+00:00,Islamabad,112.78625236440587,µg/m³,6
2025-11-21 05:00:00+00:00,Islamabad,118.82325694825913,µg/m³,6
2025-11-21 06:00:00+00:00,Islamabad,119.57890973620947,µg/m³,6
2025-11-21 07:00:00+00:00,Islamabad,144.0792188167572,µg/m³,4
2025-11-21 08:00:00+00:00,Islamabad,131.6391333516439,µg/m³,5
2025-11-21 09:00:00+00:00,Islamabad,113.42287509918215,µg/m³,5
2025-11-21 10:00:00+00:00,Islamabad,101.85488332112631,µg/m³,5
2025-11-21 11:00:00+00:00,Islamabad,114.4469526969062,µg/m³,5
2025-11-21 12:00:00+00:00,Islamabad,133.3072749710083,µg/m³,5
2025-11-21 13:00:00+00:00,Islamabad,141.3732777065701,µg/m³,6
2025-11-21 14:00:00+00:00,Islamabad,140.36623326619466,µg/m³,5
2025-11-21 15:00:00+00:00,Islamabad,143.39359724256727,µg/m³,6
2025-11-21 16:00:00+00:00,Islamabad,135.17766672770182,µg/m³,6
2025-11-21 17:00:00+00:00,Islamabad,113.01006663004557,µg/m³,5
2025-11-21 18:00:00+00:00,Islamabad,105.26440002441407,µg/m³,5
2025-11-21 19:00:00+00:00,Islamabad,87.07688100905646,µg/m³,7
2025-11-21 20:00:00+00:00,Islamabad,88.30557141985211,µg/m³,7
2025-11-21 21:00:00+00:00,Islamabad,86.26462497711181,µg/m³,8
2025-11-21 22:00:00+00:00,Islamabad,87.34656248092651,µg/m³,8
2025-11-21 23:00:00+00:00,Islamabad,89.58308327992756,µg/m³,8
2025-11-22 00:00:00+00:00,Islamabad,94.2412381126767,µg/m³,7
2025-11-22 01:00:00+00:00,Islamabad,94.84243745803833,µg/m³,8
2025-11-22 02:00:00+00:00,Islamabad,121.63194444444444,µg/m³,6
2025-11-22 03:00:00+00:00,Islamabad,131.87272220187717,µg/m³,6
2025-11-22 04:00:00+00:00,Islamabad,123.95393330891928,µg/m³,5
2025-11-22 05:00:00+00:00,Islamabad,135.5998305214776,µg/m³,5
2025-11-22 06:00:00+00:00,Islamabad,146.69375,µg/m³,8
2025-11-22 07:00:00+00:00,Islamabad,144.19218647669234,µg/m³,7
2025-11-22 08:00:00+00:00,Islamabad,138.471875,µg/m³,8
2025-11-22 09:00:00+00:00,Islamabad,124.8153489669164,µg/m³,8
2025-11-22 10:00:00+00:00,Islamabad,108.751952398391,µg/m³,7
2025-11-22 11:00:00+00:00,Islamabad,104.26280946277437,µg/m³,7
2025-11-22 12:00:00+00:00,Islamabad,134.21129367767819,µg/m³,7
2025-11-22 13:00:00+00:00,Islamabad,150.4449067827255,µg/m³,7
2025-11-22 14:00:00+00:00,Islamabad,157.29585831960043,µg/m³,5
2025-11-22 15:00:00+00:00,Islamabad,155.8093888176812,µg/m³,5
2025-11-22 16:00:00+00:00,Islamabad,158.24644911730732,µg/m³,6
2025-11-22 17:00:00+00:00,Islamabad,139.24994447496204,µg/m³,6
2025-11-22 18:00:00+00:00,Islamabad,115.69061896914526,µg/m³,7
2025-11-22 19:00:00+00:00,Islamabad,115.76018459683372,µg/m³,7
2025-11-22 20:00:00+00:00,Islamabad,106.24061902364095,µg/m³,7
2025-11-22 21:00:00+00:00,Islamabad,105.80168759028118,µg/m³,6
2025-11-22 22:00:00+00:00,Islamabad,97.70124208965,µg/m³,7
2025-11-22 23:00:00+00:00,Islamabad,91.06434520539783,µg/m³,7
2025-11-23 00:00:00+00:00,Islamabad,93.86002386183966,µg/m³,7
2025-11-23 01:00:00+00:00,Islamabad,95.47795250302269,µg/m³,7
2025-11-23 02:00:00+00:00,Islamabad,115.1894999186198,µg/m³,6
2025-11-23 03:00:00+00:00,Islamabad,144.52260009765627,µg/m³,5
2025-11-23 04:00:00+00:00,Islamabad,147.88974168141684,µg/m³,5
2025-11-23 05:00:00+00:00,Islamabad,144.7748970497979,µg/m³,5
2025-11-23 06:00:00+00:00,Islamabad,127.97879989624023,µg/m³,5
2025-11-23 07:00:00+00:00,Islamabad,129.61116663614908,µg/m³,6
2025-11-23 08:00:00+00:00,Islamabad,114.81228572300503,µg/m³,7
2025-11-23 09:00:00+00:00,Islamabad,98.83175396389431,µg/m³,7
2025-11-23 10:00:00+00:00,Islamabad,92.64,µg/m³,5
2025-11-23 11:00:00+00:00,Islamabad,112.2,µg/m³,5
2025-11-23 12:00:00+00:00,Islamabad,134.25,µg/m³,4
2025-11-23 13:00:00+00:00,Islamabad,130.57131255467732,µg/m³,6
2025-11-23 14:00:00+00:00,Islamabad,172.7206428527832,µg/m³,7
2025-11-23 15:00:00+00:00,Islamabad,126.7502250289917,µg/m³,5
2025-11-23 16:00:00+00:00,Islamabad,120.20850896661932,µg/m³,5
2025-11-23 17:00:00+00:00,Islamabad,112.91874439663357,µg/m³,5
2025-11-23 18:00:00+00:00,Islamabad,120.79076734648811,µg/m³,8
2025-11-23 19:00:00+00:00,Islamabad,101.19166666666666,µg/m³,8
2025-11-23 20:00:00+00:00,Islamabad,90.09276197524298,µg/m³,7
2025-11-23 21:00:00+00:00,Islamabad,87.36623811267671,µg/m³,7
2025-11-23 22:00:00+00:00,Islamabad,87.97969051542736,µg/m³,7
2025-11-23 23:00:00+00:00,Islamabad,87.6015000479562,µg/m³,7
2025-11-24 00:00:00+00:00,Islamabad,84.03333333333333,µg/m³,7
2025-11-24 01:00:00+00:00,Islamabad,85.77865970399644,µg/m³,6
2025-11-24 02:00:00+00:00,Islamabad,122.69074999491373,µg/m³,6
2025-11-24 03:00:00+00:00,Islamabad,162.66666666666666,µg/m³,3
2025-11-24 04:00:00+00:00,Islamabad,122.55838618384469,µg/m³,5
2025-11-24 05:00:00+00:00,Islamabad,115.17577223036024,µg/m³,5
2025-11-24 06:00:00+00:00,Islamabad,108.53738894992405,µg/m³,6
2025-11-24 07:00:00+00:00,Islamabad,101.96493336995442,µg/m³,5
2025-11-24 08:00:00+00:00,Islamabad,103.63611448605855,µg/m³,4
2025-11-24 09:00:00+00:00,Islamabad,113.54574164072673,µg/m³,5
2025-11-24 10:00:00+00:00,Islamabad,113.33586112128364,µg/m³,5
2025-11-24 11:00:00+00:00,Islamabad,116.69495267656114,µg/m³,5
2025-11-24 12:00:00+00:00,Islamabad,134.14293324788412,µg/m³,5
2025-11-24 13:00:00+00:00,Islamabad,142.57687496185304,µg/m³,5
2025-11-24 14:00:00+00:00,Islamabad,148.7283555179172,µg/m³,5
2025-11-24 15:00:00+00:00,Islamabad,151.7565555657281,µg/m³,5
2025-11-24 16:00:00+00:00,Islamabad,136.56559717390272,µg/m³,4
2025-11-24 17:00:00+00:00,Islamabad,132.3544047401065,µg/m³,7
2025-11-24 18:00:00+00:00,Islamabad,126.40939582188923,µg/m³,8
2025-11-24 19:00:00+00:00,Islamabad,92.97807148524694,µg/m³,7
2025-11-24 20:00:00+00:00,Islamabad,94.22325000762939,µg/m³,8
2025-11-24 21:00:00+00:00,Islamabad,89.01421432495117,µg/m³,7
2025-11-24 22:00:00+00:00,Islamabad,89.47307139805386,µg/m³,7
2025-11-24 23:00:00+00:00,Islamabad,89.66140481858027,µg/m³,7
2025-11-25 00:00:00+00:00,Islamabad,81.49261810514662,µg/m³,6
2025-11-25 01:00:00+00:00,Islamabad,89.7174285888672,µg/m³,7
2025-11-25 02:00:00+00:00,Islamabad,137.13702778286404,µg/m³,6
2025-11-25 03:00:00+00:00,Islamabad,148.52310002644856,µg/m³,5
2025-11-25 04:00:00+00:00,Islamabad,116.13578814930386,µg/m³,4
2025-11-25 05:00:00+00:00,Islamabad,132.3736194652981,µg/m³,6
2025-11-25 06:00:00+00:00,Islamabad,135.4264139260186,µg/m³,5
2025-11-25 07:00:00+00:00,Islamabad,127.73468751907347,µg/m³,8
2025-11-25 08:00:00+00:00,Islamabad,126.18949995495025,µg/m³,7
2025-11-25 09:00:00+00:00,Islamabad,125.0489999771118,µg/m³,8
2025-11-25 10:00:00+00:00,Islamabad,108.57831343393478,µg/m³,7
2025-11-25 11:00:00+00:00,Islamabad,112.95410935878753,µg/m³,8
2025-11-25 12:00:00+00:00,Islamabad,121.58810416857402,µg/m³,8
2025-11-25 13:00:00+00:00,Islamabad,134.65688098725818,µg/m³,7
2025-11-25 14:00:00+00:00,Islamabad,160.0784524463472,µg/m³,7
2025-11-25 15:00:00+00:00,Islamabad,142.73020833333334,µg/m³,6
2025-11-25 16:00:00+00:00,Islamabad,154.81122028714137,µg/m³,7
2025-11-25 17:00:00+00:00,Islamabad,132.15972499847413,µg/m³,5
2025-11-25 18:00:00+00:00,Islamabad,143.05831548599969,µg/m³,7
2025-11-25 19:00:00+00:00,Islamabad,119.24325000217982,µg/m³,7
2025-11-25 20:00:00+00:00,Islamabad,122.93954168955486,µg/m³,8
2025-11-25 21:00:00+00:00,Islamabad,120.48158327738444,µg/m³,6
2025-11-25 22:00:00+00:00,Islamabad,106.37086313338507,µg/m³,7
2025-11-25 23:00:00+00:00,Islamabad,101.62704758417037,µg/m³,7
2025-11-26 00:00:00+00:00,Islamabad,98.38190280066594,µg/m³,6
2025-11-26 01:00:00+00:00,Islamabad,97.62042706807455,µg/m³,8
2025-11-26 02:00:00+00:00,Islamabad,143.70227779812282,µg/m³,6
2025-11-26 03:00:00+00:00,Islamabad,169.72897604079475,µg/m³,7
2025-11-26 04:00:00+00:00,Islamabad,156.96338661688347,µg/m³,6
2025-11-26 05:00:00+00:00,Islamabad,123.93513891432019,µg/m³,6
2025-11-26 06:00:00+00:00,Islamabad,109.9868125597636,µg/m³,6
2025-11-26 07:00:00+00:00,Islamabad,117.23500003814698,µg/m³,8
2025-11-26 08:00:00+00:00,Islamabad,109.24092064509315,µg/m³,7
2025-11-26 09:00:00+00:00,Islamabad,104.48401782626196,µg/m³,7
2025-11-26 10:00:00+00:00,Islamabad,99.41464884621756,µg/m³,7
2025-11-26 11:00:00+00:00,Islamabad,121.51545041099426,µg/m³,7
2025-11-26 12:00:00+00:00,Islamabad,147.35653564816428,µg/m³,7
2025-11-26 13:00:00+00:00,Islamabad,174.76716660999116,µg/m³,7
2025-11-26 14:00:00+00:00,Islamabad,195.60611311594647,µg/m³,7
2025-11-26 15:00:00+00:00,Islamabad,174.36863188213772,µg/m³,6
2025-11-26 16:00:00+00:00,Islamabad,147.18371216282702,µg/m³,5
2025-11-26 17:00:00+00:00,Islamabad,144.03605095898664,µg/m³,6
2025-11-26 18:00:00+00:00,Islamabad,122.40592858450752,µg/m³,7
2025-11-26 19:00:00+00:00,Islamabad,117.91623811267671,µg/m³,7
2025-11-26 20:00:00+00:00,Islamabad,116.83291670481364,µg/m³,8
2025-11-26 21:00:00+00:00,Islamabad,111.50909525553384,µg/m³,7
2025-11-26 22:00:00+00:00,Islamabad,102.52433331807455,µg/m³,8
2025-11-26 23:00:00+00:00,Islamabad,102.81240470522927,µg/m³,7
2025-11-27 00:00:00+00:00,Islamabad,99.76655561659071,µg/m³,6
2025-11-27 01:00:00+00:00,Islamabad,99.53941663106282,µg/m³,6
2025-11-27 02:00:00+00:00,Islamabad,132.01503331502278,µg/m³,5
2025-11-27 03:00:00+00:00,Islamabad,160.31833333333333,µg/m³,5
2025-11-27 04:00:00+00:00,Islamabad,164.540816599528,µg/m³,5
2025-11-27 05:00:00+00:00,Islamabad,149.06828832096522,µg/m³,4
2025-11-27 06:00:00+00:00,Islamabad,150.38333333333333,µg/m³,5
2025-11-27 07:00:00+00:00,Islamabad,151.06583333333333,µg/m³,5
2025-11-27 08:00:00+00:00,Islamabad,152.6982024238223,µg/m³,7
2025-11-27 09:00:00+00:00,Islamabad,139.09023435115813,µg/m³,8
2025-11-27 10:00:00+00:00,Islamabad,125.74171032981268,µg/m³,7
2025-11-27 11:00:00+00:00,Islamabad,136.4083402739631,µg/m³,8
2025-11-27 12:00:00+00:00,Islamabad,167.81733340308782,µg/m³,7
2025-11-27 13:00:00+00:00,Islamabad,196.08890475318546,µg/m³,7
2025-11-27 14:00:00+00:00,Islamabad,202.07383926936558,µg/m³,7
2025-11-27 15:00:00+00:00,Islamabad,160.66526387108698,µg/m³,5
2025-11-27 16:00:00+00:00,Islamabad,147.12409096457742,µg/m³,5
2025-11-27 17:00:00+00:00,Islamabad,140.6217059834798,µg/m³,5
2025-11-27 18:00:00+00:00,Islamabad,124.45210006713867,µg/m³,5
2025-11-27 19:00:00+00:00,Islamabad,132.95795237223305,µg/m³,7
2025-11-27 20:00:00+00:00,Islamabad,113.48099483648937,µg/m³,8
2025-11-27 21:00:00+00:00,Islamabad,107.544802125295,µg/m³,8
2025-11-27 22:00:00+00:00,Islamabad,114.90392859322684,µg/m³,7
2025-11-27 23:00:00+00:00,Islamabad,105.2865000406901,µg/m³,6
2025-11-28 00:00:00+00:00,Islamabad,101.34033330281575,µg/m³,6
2025-11-28 01:00:00+00:00,Islamabad,104.0486666361491,µg/m³,4
2025-11-28 02:00:00+00:00,Islamabad,126.17117265065511,µg/m³,7
2025-11-28 03:00:00+00:00,Islamabad,158.6518250656128,µg/m³,5
2025-11-28 04:00:00+00:00,Islamabad,142.4831944571601,µg/m³,6
2025-11-28 05:00:00+00:00,Islamabad,140.33632639778986,µg/m³,6
2025-11-28 06:00:00+00:00,Islamabad,160.78789482419455,µg/m³,7
2025-11-28 07:00:00+00:00,Islamabad,151.09438098725818,µg/m³,7
2025-11-28 08:00:00+00:00,Islamabad,128.2084166208903,µg/m³,6
2025-11-28 09:00:00+00:00,Islamabad,113.67304626747413,µg/m³,6
2025-11-28 10:00:00+00:00,Islamabad,121.415356459441,µg/m³,6
2025-11-28 11:00:00+00:00,Islamabad,134.4840583928426,µg/m³,5
2025-11-28 12:00:00+00:00,Islamabad,152.48149998982748,µg/m³,6
2025-11-28 13:00:00+00:00,Islamabad,146.83559997558592,µg/m³,5
2025-11-28 14:00:00+00:00,Islamabad,125.16331950293647,µg/m³,4
2025-11-28 15:00:00+00:00,Islamabad,124.99168755213421,µg/m³,4
2025-11-28 16:00:00+00:00,Islamabad,121.33740149989274,µg/m³,4
2025-11-28 17:00:00+00:00,Islamabad,174.23115280575223,µg/m³,6
2025-11-28 18:00:00+00:00,Islamabad,167.45337505340578,µg/m³,6
2025-11-28 19:00:00+00:00,Islamabad,134.9425555759006,µg/m³,6
2025-11-28 20:00:00+00:00,Islamabad,129.3722777472602,µg/m³,6
2025-11-28 21:00:00+00:00,Islamabad,120.27911114162869,µg/m³,6
2025-11-28 22:00:00+00:00,Islamabad,105.15595830281575,µg/m³,6
2025-11-28 23:00:00+00:00,Islamabad,100.13940002441407,µg/m³,5
2025-11-29 00:00:00+00:00,Islamabad,94.37490005493164,µg/m³,5
2025-11-29 01:00:00+00:00,Islamabad,91.29072498321533,µg/m³,5
2025-11-29 02:00:00+00:00,Islamabad,109.27487506866456,µg/m³,4
2025-11-29 03:00:00+00:00,Islamabad,129.13620834350587,µg/m³,4
2025-11-29 04:00:00+00:00,Islamabad,134.01198948224385,µg/m³,4
2025-11-29 05:00:00+00:00,Islamabad,142.51778140068055,µg/m³,4
2025-11-29 06:00:00+00:00,Islamabad,150.94404169718425,µg/m³,4
2025-11-29 07:00:00+00:00,Islamabad,159.18889999389648,µg/m³,5
2025-11-29 08:00:00+00:00,Islamabad,155.15030564202203,µg/m³,6
2025-11-29 09:00:00+00:00,Islamabad,136.43228706077295,µg/m³,6
2025-11-29 10:00:00+00:00,Islamabad,156.22933894687228,µg/m³,5
2025-11-29 11:00:00+00:00,Islamabad,146.68474998474122,µg/m³,6
2025-11-29 12:00:00+00:00,Islamabad,160.17993882073296,µg/m³,5
2025-11-29 13:00:00+00:00,Islamabad,147.72385827382408,µg/m³,5
2025-11-29 14:00:00+00:00,Islamabad,181.27392360899185,µg/m³,6
2025-11-29 15:00:00+00:00,Islamabad,192.93233337402344,µg/m³,6
2025-11-29 16:00:00+00:00,Islamabad,194.22840275234648,µg/m³,6
2025-11-29 17:00:00+00:00,Islamabad,190.5594166437785,µg/m³,6
2025-11-29 18:00:00+00:00,Islamabad,179.5013888253106,µg/m³,6
2025-11-29 19:00:00+00:00,Islamabad,153.24857634438408,µg/m³,6
2025-11-29 20:00:00+00:00,Islamabad,114.48241666158039,µg/m³,6
2025-11-29 21:00:00+00:00,Islamabad,109.35904165903726,µg/m³,6
2025-11-29 22:00:00+00:00,Islamabad,111.45186110602485,µg/m³,6
2025-11-29 23:00:00+00:00,Islamabad,107.84074999491372,µg/m³,6
2025-11-30 00:00:00+00:00,Islamabad,106.77630560133191,µg/m³,6
2025-11-30 01:00:00+00:00,Islamabad,103.59509994506837,µg/m³,5
2025-11-30 02:00:00+00:00,Islamabad,105.14905556572808,µg/m³,3
2025-11-30 03:00:00+00:00,Islamabad,112.45277777777778,µg/m³,3
2025-11-30 04:00:00+00:00,Islamabad,137.77359375953674,µg/m³,4
2025-11-30 05:00:00+00:00,Islamabad,142.3513750076294,µg/m³,4
2025-11-30 06:00:00+00:00,Islamabad,141.21402770148384,µg/m³,6
2025-11-30 07:00:00+00:00,Islamabad,147.8385694419013,µg/m³,5
2025-11-30 08:00:00+00:00,Islamabad,122.55351388719346,µg/m³,6
2025-11-30 09:00:00+00:00,Islamabad,108.27545143763224,µg/m³,6
2025-11-30 10:00:00+00:00,Islamabad,108.78527772691514,µg/m³,6
2025-11-30 11:00:00+00:00,Islamabad,113.44313884311252,µg/m³,6
2025-11-30 12:00:00+00:00,Islamabad,136.77833330559008,µg/m³,6
2025-11-30 13:00:00+00:00,Islamabad,162.98682404270878,µg/m³,6
2025-11-30 14:00:00+00:00,Islamabad,133.98333333333335,µg/m³,4
2025-11-30 15:00:00+00:00,Islamabad,126.46604162851969,µg/m³,4
2025-11-30 16:00:00+00:00,Islamabad,107.69174995422364,µg/m³,4
2025-11-30 17:00:00+00:00,Islamabad,107.22541681925455,µg/m³,4
2025-11-30 18:00:00+00:00,Islamabad,173.88711115519206,µg/m³,6
2025-11-30 19:00:00+00:00,Islamabad,162.28105557759602,µg/m³,6
2025-11-30 20:00:00+00:00,Islamabad,142.87450002034504,µg/m³,6
2025-11-30 21:00:00+00:00,Islamabad,135.8935277726915,µg/m³,6
2025-11-30 22:00:00+00:00,Islamabad,105.84399998982747,µg/m³,6
2025-11-30 23:00:00+00:00,Islamabad,101.2205554538303,µg/m³,6
2025-12-01 00:00:00+00:00,Islamabad,93.62826670328776,µg/m³,5
2025-12-01 01:00:00+00:00,Islamabad,91.01530554029677,µg/m³,6
2025-12-01 02:00:00+00:00,Islamabad,128.75152088801067,µg/m³,6
2025-12-01 03:00:00+00:00,Islamabad,110.18266665140787,µg/m³,4
2025-12-01 04:00:00+00:00,Islamabad,114.29045832951863,µg/m³,4
2025-12-01 05:00:00+00:00,Islamabad,119.56195834477742,µg/m³,4
2025-12-01 06:00:00+00:00,Islamabad,139.76248611874053,µg/m³,5
2025-12-01 07:00:00+00:00,Islamabad,142.72783330281575,µg/m³,6
2025-12-01 08:00:00+00:00,Islamabad,145.5,µg/m³,4
2025-12-01 09:00:00+00:00,Islamabad,116.40704861746894,µg/m³,6
2025-12-01 10:00:00+00:00,Islamabad,126.98315835316976,µg/m³,5
2025-12-01 11:00:00+00:00,Islamabad,135.5535972595215,µg/m³,6
2025-12-01 12:00:00+00:00,Islamabad,155.53725690841677,µg/m³,6
2025-12-01 13:00:00+00:00,Islamabad,197.16519459618462,µg/m³,6
2025-12-01 14:00:00+00:00,Islamabad,231.70293777253892,µg/m³,6
2025-12-01 15:00:00+00:00,Islamabad,160.70443754196168,µg/m³,4
2025-12-01 16:00:00+00:00,Islamabad,143.51344787279766,µg/m³,4
2025-12-01 17:00:00+00:00,Islamabad,166.29737504323325,µg/m³,6
2025-12-01 18:00:00+00:00,Islamabad,174.09592368867663,µg/m³,6
2025-12-01 19:00:00+00:00,Islamabad,151.10827780829536,µg/m³,6
2025-12-01 20:00:00+00:00,Islamabad,133.32547221713597,µg/m³,6
2025-12-01 21:00:00+00:00,Islamabad,117.70783335367838,µg/m³,6
2025-12-01 22:00:00+00:00,Islamabad,114.48325004577636,µg/m³,6
2025-12-01 23:00:00+00:00,Islamabad,111.66358324686685,µg/m³,6
2025-12-02 00:00:00+00:00,Islamabad,111.3483999633789,µg/m³,5
2025-12-02 01:00:00+00:00,Islamabad,100.8125,µg/m³,6
2025-12-02 02:00:00+00:00,Islamabad,105.12858327229817,µg/m³,4
2025-12-02 03:00:00+00:00,Islamabad,137.662863852761,µg/m³,4
2025-12-02 04:00:00+00:00,Islamabad,134.43032648298475,µg/m³,4
2025-12-02 05:00:00+00:00,Islamabad,137.46940264172025,µg/m³,4
2025-12-02 06:00:00+00:00,Islamabad,123.37694210123134,µg/m³,6
2025-12-02 07:00:00+00:00,Islamabad,104.14934724171957,µg/m³,6
2025-12-02 08:00:00+00:00,Islamabad,82.69634719424778,µg/m³,6
2025-12-02 09:00:00+00:00,Islamabad,74.12837498982748,µg/m³,6
2025-12-02 10:00:00+00:00,Islamabad,82.62529443528918,µg/m³,5
2025-12-02 11:00:00+00:00,Islamabad,96.78917491912841,µg/m³,5
2025-12-02 12:00:00+00:00,Islamabad,120.05315745318376,µg/m³,6
2025-12-02 13:00:00+00:00,Islamabad,141.53672223331952,µg/m³,6
2025-12-02 14:00:00+00:00,Islamabad,130.31725006103517,µg/m³,4
2025-12-02 15:00:00+00:00,Islamabad,135.09712505340576,µg/m³,4
2025-12-02 16:00:00+00:00,Islamabad,134.62158330281574,µg/m³,4
2025-12-02 17:00:00+00:00,Islamabad,129.97554175059,µg/m³,4
2025-12-02 18:00:00+00:00,Islamabad,121.59104850557115,µg/m³,6
2025-12-02 19:00:00+00:00,Islamabad,120.00374997456869,µg/m³,6
2025-12-02 20:00:00+00:00,Islamabad,116.86863882276747,µg/m³,6
2025-12-02 21:00:00+00:00,Islamabad,118.35956659952801,µg/m³,5
2025-12-02 22:00:00+00:00,Islamabad,87.4304722679986,µg/m³,6
2025-12-02 23:00:00+00:00,Islamabad,98.23097224765354,µg/m³,6
2025-12-03 00:00:00+00:00,Islamabad,97.76530554029677,µg/m³,6
2025-12-03 01:00:00+00:00,Islamabad,97.20783335367838,µg/m³,6
2025-12-03 02:00:00+00:00,Islamabad,99.17087497711182,µg/m³,4
2025-12-03 03:00:00+00:00,Islamabad,113.71590628623962,µg/m³,4
2025-12-03 04:00:00+00:00,Islamabad,142.35352074305217,µg/m³,4
2025-12-03 05:00:00+00:00,Islamabad,168.76737511952717,µg/m³,4
2025-12-03 06:00:00+00:00,Islamabad,165.8349479834239,µg/m³,4
2025-12-03 07:00:00+00:00,Islamabad,168.27405552334255,µg/m³,6
2025-12-03 08:00:00+00:00,Islamabad,155.40054152170816,µg/m³,5
2025-12-03 09:00:00+00:00,Islamabad,148.9764166514079,µg/m³,6
2025-12-03 10:00:00+00:00,Islamabad,150.55130560133193,µg/m³,6
2025-12-03 11:00:00+00:00,Islamabad,186.1043889363607,µg/m³,6
2025-12-03 12:00:00+00:00,Islamabad,187.88297216627333,µg/m³,6
2025-12-03 13:00:00+00:00,Islamabad,207.53166666666667,µg/m³,5
2025-12-03 14:00:00+00:00,Islamabad,163.45931941138375,µg/m³,3
2025-12-03 15:00:00+00:00,Islamabad,174.76458333333335,µg/m³,4
2025-12-03 16:00:00+00:00,Islamabad,171.78762493133547,µg/m³,4
2025-12-03 17:00:00+00:00,Islamabad,155.7470001220703,µg/m³,3
2025-12-03 18:00:00+00:00,Islamabad,147.51879164377848,µg/m³,4
2025-12-03 19:00:00+00:00,Islamabad,189.65522215101456,µg/m³,6
2025-12-03 20:00:00+00:00,Islamabad,202.32993336995443,µg/m³,5
2025-12-03 21:00:00+00:00,Islamabad,154.09858334859211,µg/m³,6
2025-12-03 22:00:00+00:00,Islamabad,167.66813884311253,µg/m³,6
2025-12-03 23:00:00+00:00,Islamabad,157.8627666727702,µg/m³,5
2025-12-04 00:00:00+00:00,Islamabad,121.6148333231608,µg/m³,6
2025-12-04 01:00:00+00:00,Islamabad,119.26996668497722,µg/m³,5
2025-12-04 02:00:00+00:00,Islamabad,171.54541664123533,µg/m³,6
2025-12-04 03:00:00+00:00,Islamabad,195.24677776760527,µg/m³,6
2025-12-04 04:00:00+00:00,Islamabad,182.16794781684877,µg/m³,4
2025-12-04 05:00:00+00:00,Islamabad,200.36612491607664,µg/m³,4
2025-12-04 06:00:00+00:00,Islamabad,188.94312496185302,µg/m³,4
2025-12-04 07:00:00+00:00,Islamabad,181.39980209668477,µg/m³,4
2025-12-04 08:00:00+00:00,Islamabad,172.5799722883436,µg/m³,6
2025-12-04 09:00:00+00:00,Islamabad,176.56470834943983,µg/m³,6
2025-12-04 10:00:00+00:00,Islamabad,147.40883331298826,µg/m³,6
2025-12-04 11:00:00+00:00,Islamabad,149.58199990590413,µg/m³,6
2025-12-04 12:00:00+00:00,Islamabad,154.68788878122965,µg/m³,6
2025-12-04 13:00:00+00:00,Islamabad,162.73106253941853,µg/m³,6
2025-12-04 14:00:00+00:00,Islamabad,181.01299997965495,µg/m³,6
2025-12-04 15:00:00+00:00,Islamabad,160.69816665649415,µg/m³,3
2025-12-04 16:00:00+00:00,Islamabad,153.96474990844726,µg/m³,4
2025-12-04 17:00:00+00:00,Islamabad,164.5054583867391,µg/m³,4
2025-12-04 18:00:00+00:00,Islamabad,165.4450833638509,µg/m³,4
2025-12-04 19:00:00+00:00,Islamabad,162.6798749923706,µg/m³,4
2025-12-04 20:00:00+00:00,Islamabad,177.5902777777778,µg/m³,6
2025-12-04 21:00:00+00:00,Islamabad,168.371902762519,µg/m³,6
2025-12-04 22:00:00+00:00,Islamabad,169.35663192537098,µg/m³,6
2025-12-04 23:00:00+00:00,Islamabad,161.22541669209798,µg/m³,6
2025-12-05 00:00:00+00:00,Islamabad,155.5550278133816,µg/m³,6
2025-12-05 01:00:00+00:00,Islamabad,162.15491676330566,µg/m³,6
2025-12-05 02:00:00+00:00,Islamabad,156.298170126809,µg/m³,4
2025-12-05 03:00:00+00:00,Islamabad,167.54308331807454,µg/m³,4
2025-12-05 04:00:00+00:00,Islamabad,191.9380661699507,µg/m³,4
2025-12-05 05:00:00+00:00,Islamabad,166.96859358151755,µg/m³,4
2025-12-05 06:00:00+00:00,Islamabad,136.0022083600362,µg/m³,4
2025-12-05 07:00:00+00:00,Islamabad,120.66846871376038,µg/m³,4
2025-12-05 08:00:00+00:00,Islamabad,93.10499999999999,µg/m³,5
2025-12-05 09:00:00+00:00,Islamabad,90.92877773708767,µg/m³,3
2025-12-05 10:00:00+00:00,Islamabad,107.89346659342448,µg/m³,5
2025-12-05 11:00:00+00:00,Islamabad,126.97996668497721,µg/m³,5
2025-12-05 12:00:00+00:00,Islamabad,159.86100006103516,µg/m³,6
2025-12-05 13:00:00+00:00,Islamabad,188.39677785237632,µg/m³,6
2025-12-05 14:00:00+00:00,Islamabad,155.10012493133547,µg/m³,4
2025-12-05 15:00:00+00:00,Islamabad,138.76016670862833,µg/m³,4
2025-12-05 16:00:00+00:00,Islamabad,142.0486249923706,µg/m³,4
2025-12-05 17:00:00+00:00,Islamabad,159.07970841725665,µg/m³,4
2025-12-05 18:00:00+00:00,Islamabad,217.87138883802626,µg/m³,6
2025-12-05 19:00:00+00:00,Islamabad,198.53244438171387,µg/m³,6
2025-12-05 20:00:00+00:00,Islamabad,182.03697213066948,µg/m³,6
2025-12-05 21:00:00+00:00,Islamabad,173.64816665649414,µg/m³,6
2025-12-05 22:00:00+00:00,Islamabad,172.10636117723251,µg/m³,6
2025-12-05 23:00:00+00:00,Islamabad,166.4520334370931,µg/m³,5
2025-12-06 00:00:00+00:00,Islamabad,140.7788666788737,µg/m³,5
2025-12-06 01:00:00+00:00,Islamabad,154.17022230360243,µg/m³,6
2025-12-06 02:00:00+00:00,Islamabad,160.96619444953072,µg/m³,6
2025-12-06 03:00:00+00:00,Islamabad,167.0523331960042,µg/m³,4
2025-12-06 04:00:00+00:00,Islamabad,175.18462505340577,µg/m³,4
2025-12-06 05:00:00+00:00,Islamabad,165.74737491607667,µg/m³,4
2025-12-06 06:00:00+00:00,Islamabad,165.82350006103513,µg/m³,4
2025-12-06 07:00:00+00:00,Islamabad,137.07762508392335,µg/m³,4
2025-12-06 08:00:00+00:00,Islamabad,119.9784652180142,µg/m³,6
2025-12-06 09:00:00+00:00,Islamabad,116.29403469297621,µg/m³,6
2025-12-06 10:00:00+00:00,Islamabad,114.88199996948242,µg/m³,6
2025-12-06 11:00:00+00:00,Islamabad,122.35974998474121,µg/m³,6
2025-12-06 12:00:00+00:00,Islamabad,120.02683334350586,µg/m³,6
2025-12-06 13:00:00+00:00,Islamabad,133.99241665734186,µg/m³,6
2025-12-06 14:00:00+00:00,Islamabad,145.0512917200724,µg/m³,4
2025-12-06 15:00:00+00:00,Islamabad,150.5646666208903,µg/m³,4
2025-12-06 16:00:00+00:00,Islamabad,156.85404173533124,µg/m³,4
2025-12-06 17:00:00+00:00,Islamabad,155.15641657511395,µg/m³,4
2025-12-06 18:00:00+00:00,Islamabad,144.58745835622153,µg/m³,4
2025-12-06 19:00:00+00:00,Islamabad,152.39375012715658,µg/m³,6
2025-12-06 20:00:00+00:00,Islamabad,146.28227784898544,µg/m³,6
2025-12-06 21:00:00+00:00,Islamabad,138.3392500559489,µg/m³,6
2025-12-06 22:00:00+00:00,Islamabad,125.71158332824707,µg/m³,6
2025-12-06 23:00:00+00:00,Islamabad,116.56008338928223,µg/m³,6
2025-12-07 00:00:00+00:00,Islamabad,106.00836109585232,µg/m³,6
2025-12-07 01:00:00+00:00,Islamabad,100.54344448513454,µg/m³,6
2025-12-07 02:00:00+00:00,Islamabad,110.55152770148383,µg/m³,6
2025-12-07 03:00:00+00:00,Islamabad,95.24466654459636,µg/m³,4
2025-12-07 04:00:00+00:00,Islamabad,129.0393751144409,µg/m³,4
2025-12-07 05:00:00+00:00,Islamabad,143.99041659037272,µg/m³,4
2025-12-07 06:00:00+00:00,Islamabad,142.08412494659424,µg/m³,4
2025-12-07 07:00:00+00:00,Islamabad,142.68713883294,µg/m³,6
2025-12-07 08:00:00+00:00,Islamabad,109.90658312479655,µg/m³,6
2025-12-07 09:00:00+00:00,Islamabad,89.38058331807454,µg/m³,4
2025-12-07 10:00:00+00:00,Islamabad,73.74169998168945,µg/m³,5
2025-12-07 11:00:00+00:00,Islamabad,69.34106669108073,µg/m³,5
2025-12-07 12:00:00+00:00,Islamabad,78.8077176977087,µg/m³,6
2025-12-07 13:00:00+00:00,Islamabad,83.50516662597657,µg/m³,6
2025-12-07 14:00:00+00:00,Islamabad,95.24016665140788,µg/m³,5
2025-12-07 15:00:00+00:00,Islamabad,100.5606088814912,µg/m³,6
2025-12-07 16:00:00+00:00,Islamabad,111.94095834096272,µg/m³,6
2025-12-07 17:00:00+00:00,Islamabad,118.98069910120081,µg/m³,6
2025-12-07 18:00:00+00:00,Islamabad,119.80649998982749,µg/m³,6
2025-12-07 19:00:00+00:00,Islamabad,117.74074999491374,µg/m³,6
2025-12-07 20:00:00+00:00,Islamabad,118.02681563020957,µg/m³,6
2025-12-07 21:00:00+00:00,Islamabad,110.92773335774739,µg/m³,5
2025-12-07 22:00:00+00:00,Islamabad,100.43610000610352,µg/m³,5
2025-12-07 23:00:00+00:00,Islamabad,97.17802764044866,µg/m³,6
2025-12-08 00:00:00+00:00,Islamabad,93.12016657511393,µg/m³,5
2025-12-08 01:00:00+00:00,Islamabad,98.49858334859213,µg/m³,6
2025-12-08 02:00:00+00:00,Islamabad,118.93113882276748,µg/m³,6
2025-12-08 03:00:00+00:00,Islamabad,103.64531947241888,µg/m³,3
2025-12-08 04:00:00+00:00,Islamabad,125.31270474857754,µg/m³,4
2025-12-08 05:00:00+00:00,Islamabad,145.18241669336956,µg/m³,4
2025-12-08 06:00:00+00:00,Islamabad,150.05308335622152,µg/m³,4
2025-12-08 07:00:00+00:00,Islamabad,140.03814818770798,µg/m³,6
2025-12-08 08:00:00+00:00,Islamabad,110.76883328755697,µg/m³,4
2025-12-08 09:00:00+00:00,Islamabad,94.60443333943685,µg/m³,5
2025-12-08 10:00:00+00:00,Islamabad,93.23106669108073,µg/m³,5
2025-12-08 11:00:00+00:00,Islamabad,101.4977903000032,µg/m³,6
2025-12-08 12:00:00+00:00,Islamabad,111.00550003051758,µg/m³,5
2025-12-08 13:00:00+00:00,Islamabad,128.72583312988283,µg/m³,6
2025-12-08 14:00:00+00:00,Islamabad,109.56258328755698,µg/m³,4
2025-12-08 15:00:00+00:00,Islamabad,114.65540903264827,µg/m³,4
2025-12-08 16:00:00+00:00,Islamabad,114.67295831044515,µg/m³,4
2025-12-08 17:00:00+00:00,Islamabad,109.80154158274333,µg/m³,4
2025-12-08 18:00:00+00:00,Islamabad,116.94650001525878,µg/m³,4
2025-12-08 19:00:00+00:00,Islamabad,154.35747218661837,µg/m³,6
2025-12-08 20:00:00+00:00,Islamabad,145.65833333333333,µg/m³,6
2025-12-08 21:00:00+00:00,Islamabad,142.53208325703937,µg/m³,6
2025-12-08 22:00:00+00:00,Islamabad,125.51688876681857,µg/m³,6
2025-12-08 23:00:00+00:00,Islamabad,135.7591667175293,µg/m³,6
2025-12-09 00:00:00+00:00,Islamabad,125.57371528413562,µg/m³,6
2025-12-09 01:00:00+00:00,Islamabad,140.249909708235,µg/m³,6
2025-12-09 02:00:00+00:00,Islamabad,122.93691660563151,µg/m³,4
2025-12-09 03:00:00+00:00,Islamabad,138.16304175059003,µg/m³,4
2025-12-09 04:00:00+00:00,Islamabad,144.54460417429607,µg/m³,4
2025-12-09 05:00:00+00:00,Islamabad,141.30378127098083,µg/m³,4
2025-12-09 06:00:00+00:00,Islamabad,134.6679583867391,µg/m³,4
2025-12-09 07:00:00+00:00,Islamabad,125.27591933356392,µg/m³,6
2025-12-09 08:00:00+00:00,Islamabad,145.6097662862142,µg/m³,5
2025-12-09 09:00:00+00:00,Islamabad,153.55553806446218,µg/m³,6
2025-12-09 10:00:00+00:00,Islamabad,103.99196524090236,µg/m³,6
2025-12-09 11:00:00+00:00,Islamabad,106.83902782864043,µg/m³,6
2025-12-09 12:00:00+00:00,Islamabad,123.32516670227051,µg/m³,6
2025-12-09 13:00:00+00:00,Islamabad,133.6855556064182,µg/m³,6
2025-12-09 14:00:00+00:00,Islamabad,144.7875,µg/m³,6
2025-12-09 15:00:00+00:00,Islamabad,139.05095818837484,µg/m³,4
2025-12-09 16:00:00+00:00,Islamabad,138.3041805797153,µg/m³,4
2025-12-09 17:00:00+00:00,Islamabad,128.39985411961874,µg/m³,4
2025-12-09 18:00:00+00:00,Islamabad,122.01179167429606,µg/m³,4
2025-12-09 19:00:00+00:00,Islamabad,144.92955559624565,µg/m³,6
2025-12-09 20:00:00+00:00,Islamabad,154.85427771674262,µg/m³,6
2025-12-09 21:00:00+00:00,Islamabad,143.15366668701174,µg/m³,6
2025-12-09 22:00:00+00:00,Islamabad,143.85280554029677,µg/m³,6
2025-12-09 23:00:00+00:00,Islamabad,148.92100009918212,µg/m³,6
2025-12-10 00:00:00+00:00,Islamabad,130.18366673787435,µg/m³,6
2025-12-10 01:00:00+00:00,Islamabad,130.36244447496202,µg/m³,6
2025-12-10 02:00:00+00:00,Islamabad,148.40730561150446,µg/m³,6
2025-12-10 03:00:00+00:00,Islamabad,160.84230211575826,µg/m³,4
2025-12-10 04:00:00+00:00,Islamabad,158.20111113654244,µg/m³,3
2025-12-10 05:00:00+00:00,Islamabad,162.55256596141393,µg/m³,4
2025-12-10 06:00:00+00:00,Islamabad,175.89730550977916,µg/m³,6
2025-12-10 07:00:00+00:00,Islamabad,176.0229930135939,µg/m³,6
2025-12-10 08:00:00+00:00,Islamabad,150.39222221374513,µg/m³,6
2025-12-10 09:00:00+00:00,Islamabad,116.83311575430412,µg/m³,6
2025-12-10 10:00:00+00:00,Islamabad,105.77233333587647,µg/m³,6
2025-12-10 11:00:00+00:00,Islamabad,114.14076393975152,µg/m³,6
2025-12-10 12:00:00+00:00,Islamabad,133.99261101616753,µg/m³,6
2025-12-10 13:00:00+00:00,Islamabad,141.78330557081435,µg/m³,6
2025-12-10 14:00:00+00:00,Islamabad,140.91978125572206,µg/m³,4
2025-12-10 15:00:00+00:00,Islamabad,146.3096251487732,µg/m³,4
2025-12-10 16:00:00+00:00,Islamabad,147.43107642067804,µg/m³,4
2025-12-10 17:00:00+00:00,Islamabad,141.76119439866807,µg/m³,4
2025-12-10 18:00:00+00:00,Islamabad,160.8786666870117,µg/m³,6
2025-12-10 19:00:00+00:00,Islamabad,161.7100902663337,µg/m³,6
2025-12-10 20:00:00+00:00,Islamabad,145.99536111619736,µg/m³,6
2025-12-10 21:00:00+00:00,Islamabad,149.08019438849556,µg/m³,6
2025-12-10 22:00:00+00:00,Islamabad,146.78197220696345,µg/m³,6
2025-12-10 23:00:00+00:00,Islamabad,142.46899998982747,µg/m³,6
2025-12-11 00:00:00+00:00,Islamabad,135.5843888176812,µg/m³,6
2025-12-11 01:00:00+00:00,Islamabad,140.55652775234645,µg/m³,6
2025-12-11 02:00:00+00:00,Islamabad,138.87718744277953,µg/m³,4
2025-12-11 03:00:00+00:00,Islamabad,149.7652500152588,µg/m³,4
2025-12-11 04:00:00+00:00,Islamabad,171.29736460049946,µg/m³,4
2025-12-11 05:00:00+00:00,Islamabad,172.89385401407878,µg/m³,4
2025-12-11 06:00:00+00:00,Islamabad,160.57581243515014,µg/m³,4
2025-12-11 07:00:00+00:00,Islamabad,189.19521527820166,µg/m³,6
2025-12-11 08:00:00+00:00,Islamabad,151.47267355389064,µg/m³,6
2025-12-11 09:00:00+00:00,Islamabad,132.071627302523,µg/m³,6
2025-12-11 10:00:00+00:00,Islamabad,143.87522910435993,µg/m³,6
2025-12-11 11:00:00+00:00,Islamabad,153.24757405033816,µg/m³,6
2025-12-11 12:00:00+00:00,Islamabad,168.85101855242695,µg/m³,6
2025-12-11 13:00:00+00:00,Islamabad,162.82619995117187,µg/m³,5
2025-12-11 14:00:00+00:00,Islamabad,140.4826250076294,µg/m³,4
2025-12-11 15:00:00+00:00,Islamabad,139.59486113654242,µg/m³,4
2025-12-11 16:00:00+00:00,Islamabad,144.26516672770182,µg/m³,4
2025-12-11 17:00:00+00:00,Islamabad,175.4050833384196,µg/m³,6
2025-12-11 18:00:00+00:00,Islamabad,181.20233332316081,µg/m³,6
2025-12-11 19:00:00+00:00,Islamabad,187.67044440375435,µg/m³,6
2025-12-11 20:00:00+00:00,Islamabad,175.9679445054796,µg/m³,6
2025-12-11 21:00:00+00:00,Islamabad,163.5291389041477,µg/m³,6
2025-12-11 22:00:00+00:00,Islamabad,132.26373341878258,µg/m³,5
2025-12-11 23:00:00+00:00,Islamabad,170.04547216627333,µg/m³,6
2025-12-12 00:00:00+00:00,Islamabad,155.99676382276746,µg/m³,6
2025-12-12 01:00:00+00:00,Islamabad,162.65977774726022,µg/m³,6
2025-12-12 02:00:00+00:00,Islamabad,139.40742710431417,µg/m³,4
2025-12-12 03:00:00+00:00,Islamabad,154.97937488555908,µg/m³,4
2025-12-12 04:00:00+00:00,Islamabad,214.478061158922,µg/m³,5
2025-12-12 05:00:00+00:00,Islamabad,197.46327081256445,µg/m³,6
2025-12-12 06:00:00+00:00,Islamabad,205.2170069694519,µg/m³,6
2025-12-12 07:00:00+00:00,Islamabad,201.48569441901313,µg/m³,6
2025-12-12 08:00:00+00:00,Islamabad,179.97219445970322,µg/m³,6
2025-12-12 09:00:00+00:00,Islamabad,179.72760395473904,µg/m³,6
2025-12-12 10:00:00+00:00,Islamabad,192.34929169548886,µg/m³,6
2025-12-12 11:00:00+00:00,Islamabad,205.12131848576095,µg/m³,6
2025-12-12 12:00:00+00:00,Islamabad,224.6552847226461,µg/m³,6
2025-12-12 13:00:00+00:00,Islamabad,228.9333450599953,µg/m³,6
2025-12-12 14:00:00+00:00,Islamabad,199.97482290267942,µg/m³,4
2025-12-12 15:00:00+00:00,Islamabad,174.89799995422365,µg/m³,4
2025-12-12 16:00:00+00:00,Islamabad,169.44343038135105,µg/m³,4
2025-12-12 17:00:00+00:00,Islamabad,158.69729162851968,µg/m³,4
2025-12-12 18:00:00+00:00,Islamabad,160.3967082341512,µg/m³,4
2025-12-12 19:00:00+00:00,Islamabad,156.80283330281574,µg/m³,4
2025-12-12 20:00:00+00:00,Islamabad,146.58879172007244,µg/m³,4
2025-12-12 21:00:00+00:00,Islamabad,149.35833333333335,µg/m³,4
2025-12-12 22:00:00+00:00,Islamabad,154.63541666666666,µg/m³,4
2025-12-12 23:00:00+00:00,Islamabad,147.69166666666666,µg/m³,4
2025-12-13 00:00:00+00:00,Islamabad,151.05362491607667,µg/m³,4
2025-12-13 01:00:00+00:00,Islamabad,125.95329176584879,µg/m³,4
2025-12-13 02:00:00+00:00,Islamabad,146.9396249771118,µg/m³,4
2025-12-13 03:00:00+00:00,Islamabad,143.3209166208903,µg/m³,4
2025-12-13 04:00:00+00:00,Islamabad,177.2309166908264,µg/m³,4
2025-12-13 05:00:00+00:00,Islamabad,185.33133322397867,µg/m³,4
2025-12-13 06:00:00+00:00,Islamabad,163.25973947842914,µg/m³,4
2025-12-13 07:00:00+00:00,Islamabad,151.96439940664504,µg/m³,4
2025-12-13 08:00:00+00:00,Islamabad,156.2228750228882,µg/m³,4
2025-12-13 09:00:00+00:00,Islamabad,166.0085380713145,µg/m³,4
2025-12-13 10:00:00+00:00,Islamabad,155.4077951166365,µg/m³,4
2025-12-13 11:00:00+00:00,Islamabad,165.4976876894633,µg/m³,4
2025-12-13 12:00:00+00:00,Islamabad,176.13070824941,µg/m³,4
2025-12-13 13:00:00+00:00,Islamabad,161.54714577992758,µg/m³,4
2025-12-13 14:00:00+00:00,Islamabad,137.687527762519,µg/m³,3
2025-12-13 15:00:00+00:00,Islamabad,150.3515555911594,µg/m³,4
2025-12-13 16:00:00+00:00,Islamabad,141.79346884091694,µg/m³,4
2025-12-13 17:00:00+00:00,Islamabad,107.65004164377848,µg/m³,4
2025-12-13 18:00:00+00:00,Islamabad,107.11766649881999,µg/m³,4
2025-12-13 19:00:00+00:00,Islamabad,96.64516665140788,µg/m³,4
2025-12-13 20:00:00+00:00,Islamabad,94.07095826466877,µg/m³,4
2025-12-13 21:00:00+00:00,Islamabad,81.11687488555908,µg/m³,4
2025-12-13 22:00:00+00:00,Islamabad,90.5088229338328,µg/m³,4
2025-12-13 23:00:00+00:00,Islamabad,98.39558347066243,µg/m³,4
2025-12-14 00:00:00+00:00,Islamabad,92.82995827992758,µg/m³,4
2025-12-14 01:00:00+00:00,Islamabad,90.90082500457763,µg/m³,5
2025-12-14 02:00:00+00:00,Islamabad,119.58283335367838,µg/m³,6
2025-12-14 03:00:00+00:00,Islamabad,148.29816665649415,µg/m³,6
2025-12-14 04:00:00+00:00,Islamabad,128.27106669108073,µg/m³,5
2025-12-14 05:00:00+00:00,Islamabad,115.47143346150715,µg/m³,5
2025-12-14 06:00:00+00:00,Islamabad,110.65066660563153,µg/m³,5
2025-12-14 07:00:00+00:00,Islamabad,104.2519242257783,µg/m³,6
2025-12-14 08:00:00+00:00,Islamabad,136.34244439866808,µg/m³,6
2025-12-14 09:00:00+00:00,Islamabad,182.18744988759357,µg/m³,5
2025-12-14 10:00:00+00:00,Islamabad,166.7158026928372,µg/m³,5
2025-12-14 11:00:00+00:00,Islamabad,166.74869439866805,µg/m³,6
2025-12-14 12:00:00+00:00,Islamabad,195.23916651407876,µg/m³,5
2025-12-14 13:00:00+00:00,Islamabad,199.24249998728433,µg/m³,6
2025-12-14 14:00:00+00:00,Islamabad,196.55877778795033,µg/m³,6
2025-12-14 15:00:00+00:00,Islamabad,203.6479165395101,µg/m³,6
2025-12-14 16:00:00+00:00,Islamabad,209.0652361975776,µg/m³,6
2025-12-14 17:00:00+00:00,Islamabad,202.90879984537762,µg/m³,5
2025-12-14 18:00:00+00:00,Islamabad,192.5542998758952,µg/m³,5
2025-12-14 19:00:00+00:00,Islamabad,155.4763611263699,µg/m³,6
2025-12-14 20:00:00+00:00,Islamabad,119.79786661783855,µg/m³,5
2025-12-14 21:00:00+00:00,Islamabad,103.38290833791098,µg/m³,5
2025-12-14 22:00:00+00:00,Islamabad,101.06279998779296,µg/m³,5
2025-12-14 23:00:00+00:00,Islamabad,104.60803475909763,µg/m³,6
2025-12-15 00:00:00+00:00,Islamabad,95.84927501678467,µg/m³,5
2025-12-15 01:00:00+00:00,Islamabad,97.17311113145615,µg/m³,6
2025-12-15 02:00:00+00:00,Islamabad,129.56556666056315,µg/m³,5
2025-12-15 03:00:00+00:00,Islamabad,152.82619995117187,µg/m³,5
2025-12-15 04:00:00+00:00,Islamabad,156.7286944495307,µg/m³,6
2025-12-15 05:00:00+00:00,Islamabad,153.89069408840604,µg/m³,6
2025-12-15 06:00:00+00:00,Islamabad,156.2217222213745,µg/m³,6
2025-12-15 07:00:00+00:00,Islamabad,154.87361106872558,µg/m³,6
2025-12-15 08:00:00+00:00,Islamabad,155.77836664835613,µg/m³,5
2025-12-15 09:00:00+00:00,Islamabad,148.58422911961873,µg/m³,6
2025-12-15 10:00:00+00:00,Islamabad,164.10325822194417,µg/m³,5
2025-12-15 11:00:00+00:00,Islamabad,168.57079856660633,µg/m³,6
2025-12-15 12:00:00+00:00,Islamabad,179.97849304411147,µg/m³,6
2025-12-15 13:00:00+00:00,Islamabad,191.68927781846787,µg/m³,6
2025-12-15 14:00:00+00:00,Islamabad,206.10880555046933,µg/m³,6
2025-12-15 15:00:00+00:00,Islamabad,215.45127498626707,µg/m³,5
2025-12-15 16:00:00+00:00,Islamabad,216.86712029068556,µg/m³,6
2025-12-15 17:00:00+00:00,Islamabad,200.98061339413678,µg/m³,6
2025-12-15 18:00:00+00:00,Islamabad,151.79623326619466,µg/m³,5
2025-12-15 19:00:00+00:00,Islamabad,137.70896662394205,µg/m³,5
2025-12-15 20:00:00+00:00,Islamabad,139.18663885328505,µg/m³,6
2025-12-15 21:00:00+00:00,Islamabad,129.37991676330566,µg/m³,6
2025-12-15 22:00:00+00:00,Islamabad,123.57436802122328,µg/m³,6
2025-12-15 23:00:00+00:00,Islamabad,117.97830001831055,µg/m³,5
2025-12-16 00:00:00+00:00,Islamabad,117.90380004882813,µg/m³,5
2025-12-16 01:00:00+00:00,Islamabad,126.91779998779296,µg/m³,5
2025-12-16 02:00:00+00:00,Islamabad,133.51627773708768,µg/m³,6
2025-12-16 03:00:00+00:00,Islamabad,168.6915665690104,µg/m³,5
2025-12-16 04:00:00+00:00,Islamabad,205.11087510426842,µg/m³,5
2025-12-16 05:00:00+00:00,Islamabad,209.78718283264723,µg/m³,6
2025-12-16 06:00:00+00:00,Islamabad,198.62984157562255,µg/m³,5
2025-12-16 07:00:00+00:00,Islamabad,170.06386641184488,µg/m³,5
2025-12-16 08:00:00+00:00,Islamabad,185.103900197347,µg/m³,5
2025-12-16 09:00:00+00:00,Islamabad,190.12038896348744,µg/m³,6
2025-12-16 10:00:00+00:00,Islamabad,196.46676948971216,µg/m³,5
2025-12-16 11:00:00+00:00,Islamabad,184.93598052554663,µg/m³,5
2025-12-16 12:00:00+00:00,Islamabad,196.49889994303385,µg/m³,5
2025-12-16 13:00:00+00:00,Islamabad,197.24336664835613,µg/m³,5
2025-12-16 14:00:00+00:00,Islamabad,218.44861089918348,µg/m³,6
2025-12-16 15:00:00+00:00,Islamabad,210.53948601616753,µg/m³,6
2025-12-16 16:00:00+00:00,Islamabad,189.36454184214273,µg/m³,5
2025-12-16 17:00:00+00:00,Islamabad,190.12424982706705,µg/m³,5
2025-12-16 18:00:00+00:00,Islamabad,176.56156481990106,µg/m³,6
2025-12-16 19:00:00+00:00,Islamabad,164.5795332845052,µg/m³,5
2025-12-16 20:00:00+00:00,Islamabad,150.58433334350585,µg/m³,5
2025-12-16 21:00:00+00:00,Islamabad,138.76518338521322,µg/m³,5
2025-12-16 22:00:00+00:00,Islamabad,129.42169998168944,µg/m³,5
2025-12-16 23:00:00+00:00,Islamabad,129.51593343098958,µg/m³,5
2025-12-17 00:00:00+00:00,Islamabad,120.89986673990884,µg/m³,5
2025-12-17 01:00:00+00:00,Islamabad,141.26623346964521,µg/m³,5
2025-12-17 02:00:00+00:00,Islamabad,135.09699999491374,µg/m³,6
2025-12-17 03:00:00+00:00,Islamabad,186.73804164886474,µg/m³,5
2025-12-17 04:00:00+00:00,Islamabad,186.8910333251953,µg/m³,5
2025-12-17 05:00:00+00:00,Islamabad,153.8613666788737,µg/m³,5
2025-12-17 06:00:00+00:00,Islamabad,142.4952583440145,µg/m³,5
2025-12-17 07:00:00+00:00,Islamabad,163.8467999267578,µg/m³,5
2025-12-17 08:00:00+00:00,Islamabad,148.0,µg/m³,3
2025-12-17 09:00:00+00:00,Islamabad,192.8295002237956,µg/m³,5
2025-12-17 10:00:00+00:00,Islamabad,190.54977083206177,µg/m³,6
2025-12-17 11:00:00+00:00,Islamabad,216.3811913172404,µg/m³,5
2025-12-17 12:00:00+00:00,Islamabad,210.72962772793238,µg/m³,5
2025-12-17 13:00:00+00:00,Islamabad,191.15787522633872,µg/m³,5
2025-12-17 14:00:00+00:00,Islamabad,176.25369169871013,µg/m³,5
2025-12-17 15:00:00+00:00,Islamabad,166.11691903361566,µg/m³,6
2025-12-17 16:00:00+00:00,Islamabad,153.75341669718424,µg/m³,5
2025-12-17 17:00:00+00:00,Islamabad,145.6295278125339,µg/m³,6
2025-12-17 18:00:00+00:00,Islamabad,140.20364170074464,µg/m³,5
2025-12-17 19:00:00+00:00,Islamabad,124.71259029176501,µg/m³,6
2025-12-17 20:00:00+00:00,Islamabad,119.61573323567708,µg/m³,5
2025-12-17 21:00:00+00:00,Islamabad,110.9787499745687,µg/m³,6
2025-12-17 22:00:00+00:00,Islamabad,108.55106669108072,µg/m³,5
2025-12-17 23:00:00+00:00,Islamabad,106.38673329671224,µg/m³,5
2025-12-18 00:00:00+00:00,Islamabad,105.76176661173504,µg/m³,5
2025-12-18 01:00:00+00:00,Islamabad,118.02363636363637,µg/m³,5
2025-12-18 02:00:00+00:00,Islamabad,124.81556666056315,µg/m³,5
2025-12-18 03:00:00+00:00,Islamabad,150.0767915980021,µg/m³,5
2025-12-18 04:00:00+00:00,Islamabad,163.60163335164387,µg/m³,5
2025-12-18 05:00:00+00:00,Islamabad,160.49651396009656,µg/m³,6
2025-12-18 06:00:00+00:00,Islamabad,176.30597218407524,µg/m³,6
2025-12-18 07:00:00+00:00,Islamabad,215.12355504816227,µg/m³,5
2025-12-18 08:00:00+00:00,Islamabad,222.96819997151692,µg/m³,5
2025-12-18 09:00:00+00:00,Islamabad,202.1454583697849,µg/m³,6
2025-12-18 10:00:00+00:00,Islamabad,197.98391660054526,µg/m³,6
2025-12-18 11:00:00+00:00,Islamabad,203.2834791501363,µg/m³,6
2025-12-18 12:00:00+00:00,Islamabad,223.05619995117186,µg/m³,5
2025-12-18 13:00:00+00:00,Islamabad,217.91774163564045,µg/m³,5
2025-12-18 14:00:00+00:00,Islamabad,220.52386810514665,µg/m³,6
2025-12-18 15:00:00+00:00,Islamabad,221.74035652301927,µg/m³,6
2025-12-18 16:00:00+00:00,Islamabad,182.0562331644694,µg/m³,5
2025-12-18 17:00:00+00:00,Islamabad,196.37827763027613,µg/m³,6
2025-12-18 18:00:00+00:00,Islamabad,192.75860864273227,µg/m³,6
2025-12-18 19:00:00+00:00,Islamabad,182.45830001831055,µg/m³,5
2025-12-18 20:00:00+00:00,Islamabad,174.96509994506837,µg/m³,5
2025-12-18 21:00:00+00:00,Islamabad,177.53770004272462,µg/m³,5
2025-12-18 22:00:00+00:00,Islamabad,158.49210006713867,µg/m³,5
2025-12-18 23:00:00+00:00,Islamabad,186.1225001525879,µg/m³,5
2025-12-19 00:00:00+00:00,Islamabad,163.06816675821938,µg/m³,5
2025-12-19 01:00:00+00:00,Islamabad,187.52839996337892,µg/m³,5
2025-12-19 02:00:00+00:00,Islamabad,194.7359334309896,µg/m³,5
2025-12-19 03:00:00+00:00,Islamabad,214.1994999779595,µg/m³,6
2025-12-19 04:00:00+00:00,Islamabad,221.7478242520933,µg/m³,6
2025-12-19 05:00:00+00:00,Islamabad,195.5632584253947,µg/m³,5
2025-12-19 06:00:00+00:00,Islamabad,193.60502781338164,µg/m³,6
2025-12-19 07:00:00+00:00,Islamabad,205.48105987619473,µg/m³,6
2025-12-19 08:00:00+00:00,Islamabad,194.37027757432725,µg/m³,6
2025-12-19 09:00:00+00:00,Islamabad,194.8909667078654,µg/m³,5
2025-12-19 10:00:00+00:00,Islamabad,201.1870762930976,µg/m³,6
2025-12-19 11:00:00+00:00,Islamabad,221.5637253570557,µg/m³,5
2025-12-19 12:00:00+00:00,Islamabad,242.84308340284556,µg/m³,6
2025-12-19 13:00:00+00:00,Islamabad,229.03566665649416,µg/m³,6
2025-12-19 14:00:00+00:00,Islamabad,222.61483319600424,µg/m³,6
2025-12-19 15:00:00+00:00,Islamabad,216.86356670379638,µg/m³,5
2025-12-19 16:00:00+00:00,Islamabad,219.91903368632,µg/m³,5
2025-12-19 17:00:00+00:00,Islamabad,203.4729097896152,µg/m³,6
2025-12-19 18:00:00+00:00,Islamabad,193.77441673278807,µg/m³,6
2025-12-19 19:00:00+00:00,Islamabad,184.18266647338868,µg/m³,5
2025-12-19 20:00:00+00:00,Islamabad,165.8956332906087,µg/m³,5
2025-12-19 21:00:00+00:00,Islamabad,160.70088890923395,µg/m³,6
2025-12-19 22:00:00+00:00,Islamabad,154.55383336385088,µg/m³,5
2025-12-19 23:00:00+00:00,Islamabad,145.91814584732057,µg/m³,6
2025-12-20 00:00:00+00:00,Islamabad,138.40297236972387,µg/m³,6
2025-12-20 01:00:00+00:00,Islamabad,128.01173329671224,µg/m³,5
2025-12-20 02:00:00+00:00,Islamabad,130.50597224765355,µg/m³,6
2025-12-20 03:00:00+00:00,Islamabad,164.84027777777777,µg/m³,6
2025-12-20 04:00:00+00:00,Islamabad,179.2379465350398,µg/m³,6
2025-12-20 05:00:00+00:00,Islamabad,176.08326670328776,µg/m³,5
2025-12-20 06:00:00+00:00,Islamabad,172.6011333211263,µg/m³,5
2025-12-20 07:00:00+00:00,Islamabad,179.42226944393582,µg/m³,5
2025-12-20 08:00:00+00:00,Islamabad,165.21152079900108,µg/m³,6
2025-12-20 09:00:00+00:00,Islamabad,168.2320667521159,µg/m³,5
2025-12-20 10:00:00+00:00,Islamabad,174.85769996643066,µg/m³,5
2025-12-20 11:00:00+00:00,Islamabad,170.76133108845465,µg/m³,6
2025-12-20 12:00:00+00:00,Islamabad,183.38749999999996,µg/m³,6
2025-12-20 13:00:00+00:00,Islamabad,190.64858343336314,µg/m³,6
2025-12-20 14:00:00+00:00,Islamabad,195.2597453152692,µg/m³,6
2025-12-20 15:00:00+00:00,Islamabad,200.46282865029795,µg/m³,6
2025-12-20 16:00:00+00:00,Islamabad,202.1295555750529,µg/m³,6
2025-12-20 17:00:00+00:00,Islamabad,191.67647524515786,µg/m³,5
2025-12-20 18:00:00+00:00,Islamabad,202.0944166395399,µg/m³,6
2025-12-20 19:00:00+00:00,Islamabad,189.4324442969428,µg/m³,6
2025-12-20 20:00:00+00:00,Islamabad,183.74488881429036,µg/m³,6
2025-12-20 21:00:00+00:00,Islamabad,163.4148334248861,µg/m³,5
2025-12-20 22:00:00+00:00,Islamabad,167.9083610958523,µg/m³,6
2025-12-20 23:00:00+00:00,Islamabad,149.6092500050863,µg/m³,6
2025-12-21 00:00:00+00:00,Islamabad,141.7786666870117,µg/m³,6
2025-12-21 01:00:00+00:00,Islamabad,144.71472227308485,µg/m³,6
2025-12-21 02:00:00+00:00,Islamabad,148.69396662394206,µg/m³,5
2025-12-21 03:00:00+00:00,Islamabad,156.16899993896484,µg/m³,5
2025-12-21 04:00:00+00:00,Islamabad,154.53925005594888,µg/m³,6
2025-12-21 05:00:00+00:00,Islamabad,171.83238889906139,µg/m³,6
2025-12-21 06:00:00+00:00,Islamabad,153.78933334350586,µg/m³,6
2025-12-21 07:00:00+00:00,Islamabad,126.01763341267903,µg/m³,5
2025-12-21 08:00:00+00:00,Islamabad,114.76596674601237,µg/m³,5
2025-12-21 09:00:00+00:00,Islamabad,102.78337273337624,µg/m³,5
2025-12-21 10:00:00+00:00,Islamabad,83.03829161326091,µg/m³,4
2025-12-21 11:00:00+00:00,Islamabad,71.32129179636637,µg/m³,4
2025-12-21 12:00:00+00:00,Islamabad,62.16654173533121,µg/m³,4
2025-12-21 13:00:00+00:00,Islamabad,62.18370010375976,µg/m³,5
2025-12-21 14:00:00+00:00,Islamabad,84.37637500762939,µg/m³,4
2025-12-21 15:00:00+00:00,Islamabad,82.04369784990945,µg/m³,4
2025-12-21 16:00:00+00:00,Islamabad,42.983257017532985,µg/m³,4
2025-12-21 17:00:00+00:00,Islamabad,52.25809722476535,µg/m³,4
2025-12-21 18:00:00+00:00,Islamabad,61.87854162851969,µg/m³,4
2025-12-21 19:00:00+00:00,Islamabad,59.56393330891926,µg/m³,5
2025-12-21 20:00:00+00:00,Islamabad,69.04344448513454,µg/m³,6
2025-12-21 21:00:00+00:00,Islamabad,66.34300003051756,µg/m³,6
2025-12-21 22:00:00+00:00,Islamabad,78.31563329060873,µg/m³,5
2025-12-21 23:00:00+00:00,Islamabad,91.72493336995444,µg/m³,5
2025-12-22 00:00:00+00:00,Islamabad,82.49494442409939,µg/m³,6
2025-12-22 01:00:00+00:00,Islamabad,68.74136102464463,µg/m³,6
2025-12-22 02:00:00+00:00,Islamabad,67.88619439866808,µg/m³,6
2025-12-22 03:00:00+00:00,Islamabad,52.644861136542424,µg/m³,6
2025-12-22 04:00:00+00:00,Islamabad,70.47361111111111,µg/m³,6
2025-12-22 05:00:00+00:00,Islamabad,69.02393050723606,µg/m³,6
2025-12-22 06:00:00+00:00,Islamabad,44.74826670328776,µg/m³,5
2025-12-22 07:00:00+00:00,Islamabad,40.573555586073134,µg/m³,6
2025-12-22 08:00:00+00:00,Islamabad,35.77305095813893,µg/m³,6
2025-12-22 09:00:00+00:00,Islamabad,40.078655582004124,µg/m³,5
2025-12-22 10:00:00+00:00,Islamabad,48.00426661173502,µg/m³,5
2025-12-22 11:00:00+00:00,Islamabad,49.305650024414064,µg/m³,5
2025-12-22 12:00:00+00:00,Islamabad,62.7311444261339,µg/m³,5
2025-12-22 13:00:00+00:00,Islamabad,61.82169998168945,µg/m³,5
2025-12-22 14:00:00+00:00,Islamabad,64.26066652933757,µg/m³,4
2025-12-22 15:00:00+00:00,Islamabad,83.74970836639405,µg/m³,4
2025-12-22 16:00:00+00:00,Islamabad,63.192933247884106,µg/m³,5
2025-12-22 17:00:00+00:00,Islamabad,56.029900054931645,µg/m³,5
2025-12-22 18:00:00+00:00,Islamabad,59.05045846303304,µg/m³,4
2025-12-22 19:00:00+00:00,Islamabad,49.70009994506835,µg/m³,5
2025-12-22 20:00:00+00:00,Islamabad,45.4716000366211,µg/m³,5
2025-12-22 21:00:00+00:00,Islamabad,41.20487504800161,µg/m³,4
2025-12-22 22:00:00+00:00,Islamabad,49.15056664148966,µg/m³,5
2025-12-22 23:00:00+00:00,Islamabad,49.48950002034506,µg/m³,5
2025-12-23 00:00:00+00:00,Islamabad,44.24937499364218,µg/m³,4
2025-12-23 01:00:00+00:00,Islamabad,41.77403329849243,µg/m³,5
2025-12-23 02:00:00+00:00,Islamabad,48.312733313242596,µg/m³,5
2025-12-23 03:00:00+00:00,Islamabad,55.44503333409627,µg/m³,5
2025-12-23 04:00:00+00:00,Islamabad,47.84729158878326,µg/m³,4
2025-12-23 05:00:00+00:00,Islamabad,48.13999997456868,µg/m³,5
2025-12-23 06:00:00+00:00,Islamabad,47.09804166952769,µg/m³,5
2025-12-23 07:00:00+00:00,Islamabad,39.919908357196384,µg/m³,5
2025-12-23 08:00:00+00:00,Islamabad,34.441555404663085,µg/m³,4
2025-12-23 09:00:00+00:00,Islamabad,33.13669157663981,µg/m³,4
2025-12-23 10:00:00+00:00,Islamabad,35.929999923706056,µg/m³,4
2025-12-23 11:00:00+00:00,Islamabad,39.916500091552734,µg/m³,4
2025-12-23 12:00:00+00:00,Islamabad,45.41898964246114,µg/m³,4
2025-12-23 13:00:00+00:00,Islamabad,49.359604136149095,µg/m³,4
2025-12-23 14:00:00+00:00,Islamabad,60.00745843251546,µg/m³,4
2025-12-23 15:00:00+00:00,Islamabad,67.95341669718425,µg/m³,4
2025-12-23 16:00:00+00:00,Islamabad,67.12512493133545,µg/m³,4
2025-12-23 17:00:00+00:00,Islamabad,63.97995827992757,µg/m³,4
2025-12-23 18:00:00+00:00,Islamabad,68.09308331807455,µg/m³,4
2025-12-23 19:00:00+00:00,Islamabad,59.06175003051757,µg/m³,4
2025-12-23 20:00:00+00:00,Islamabad,59.8589583714803,µg/m³,4
2025-12-23 21:00:00+00:00,Islamabad,58.41254164377849,µg/m³,4
2025-12-23 22:00:00+00:00,Islamabad,61.75974998474122,µg/m³,4
2025-12-23 23:00:00+00:00,Islamabad,59.37370827992757,µg/m³,4
2025-12-24 00:00:00+00:00,Islamabad,49.82145837148031,µg/m³,4
2025-12-24 01:00:00+00:00,Islamabad,51.129166666666656,µg/m³,4
2025-12-24 02:00:00+00:00,Islamabad,61.81158345540365,µg/m³,4
2025-12-24 03:00:00+00:00,Islamabad,75.60400009950003,µg/m³,4
2025-12-24 04:00:00+00:00,Islamabad,55.1442084312439,µg/m³,4
2025-12-24 05:00:00+00:00,Islamabad,43.366833241780604,µg/m³,4
2025-12-24 06:00:00+00:00,Islamabad,44.36112505594889,µg/m³,4
2025-12-24 07:00:00+00:00,Islamabad,43.812541651725766,µg/m³,4
2025-12-24 08:00:00+00:00,Islamabad,35.65766666730245,µg/m³,4
2025-12-24 09:00:00+00:00,Islamabad,39.76312503814697,µg/m³,4
2025-12-24 10:00:00+00:00,Islamabad,37.076458295186356,µg/m³,4
2025-12-24 11:00:00+00:00,Islamabad,39.946291796366374,µg/m³,4
2025-12-24 12:00:00+00:00,Islamabad,58.333916727701826,µg/m³,4
2025-12-24 13:00:00+00:00,Islamabad,86.09466265476111,µg/m³,4
2025-12-24 14:00:00+00:00,Islamabad,82.06883328755697,µg/m³,4
2025-12-24 15:00:00+00:00,Islamabad,79.33183339436849,µg/m³,4
2025-12-24 16:00:00+00:00,Islamabad,81.30480202039082,µg/m³,4
2025-12-24 17:00:00+00:00,Islamabad,70.22208340962727,µg/m³,4
2025-12-24 18:00:00+00:00,Islamabad,57.54095834096273,µg/m³,4
2025-12-24 19:00:00+00:00,Islamabad,54.46929175059,µg/m³,4
2025-12-24 20:00:00+00:00,Islamabad,52.1554583867391,µg/m³,4
2025-12-24 21:00:00+00:00,Islamabad,47.29366671244304,µg/m³,4
2025-12-24 22:00:00+00:00,Islamabad,46.329916636149086,µg/m³,4
2025-12-24 23:00:00+00:00,Islamabad,47.28554159800211,µg/m³,4
2025-12-25 00:00:00+00:00,Islamabad,45.90770829518636,µg/m³,4
2025-12-25 01:00:00+00:00,Islamabad,50.18424987792969,µg/m³,4
2025-12-25 02:00:00+00:00,Islamabad,51.16054159800212,µg/m³,4
2025-12-25 03:00:00+00:00,Islamabad,72.62708333333333,µg/m³,4
2025-12-25 04:00:00+00:00,Islamabad,106.59245815277099,µg/m³,4
2025-12-25 05:00:00+00:00,Islamabad,83.54758332570394,µg/m³,4
2025-12-25 06:00:00+00:00,Islamabad,84.46029173533121,µg/m³,4
2025-12-25 07:00:00+00:00,Islamabad,75.4763750076294,µg/m³,4
2025-12-25 08:00:00+00:00,Islamabad,66.13207642767165,µg/m³,4
2025-12-25 09:00:00+00:00,Islamabad,70.47152774598862,µg/m³,4
2025-12-25 10:00:00+00:00,Islamabad,70.74592700004578,µg/m³,4
2025-12-25 11:00:00+00:00,Islamabad,79.53993743260702,µg/m³,4
2025-12-25 12:00:00+00:00,Islamabad,82.46783345540365,µg/m³,4
2025-12-25 13:00:00+00:00,Islamabad,84.74571871757507,µg/m³,4
2025-12-25 14:00:00+00:00,Islamabad,124.67593343098959,µg/m³,5
2025-12-25 15:00:00+00:00,Islamabad,98.08307296435038,µg/m³,4
2025-12-25 16:00:00+00:00,Islamabad,86.7988958676656,µg/m³,4
2025-12-25 17:00:00+00:00,Islamabad,85.7786019925718,µg/m³,3
2025-12-25 18:00:00+00:00,Islamabad,83.49108327229817,µg/m³,4
2025-12-25 19:00:00+00:00,Islamabad,70.49154173533123,µg/m³,4
2025-12-25 20:00:00+00:00,Islamabad,60.93883336385091,µg/m³,4
2025-12-25 21:00:00+00:00,Islamabad,61.44245827992757,µg/m³,4
2025-12-25 22:00:00+00:00,Islamabad,64.79595826466878,µg/m³,4
2025-12-25 23:00:00+00:00,Islamabad,62.660458310445144,µg/m³,4
2025-12-26 00:00:00+00:00,Islamabad,66.56295846303304,µg/m³,4
2025-12-26 01:00:00+00:00,Islamabad,68.60212497711181,µg/m³,4
2025-12-26 02:00:00+00:00,Islamabad,75.28408330281576,µg/m³,4
2025-12-26 03:00:00+00:00,Islamabad,96.0195416132609,µg/m³,4
2025-12-26 04:00:00+00:00,Islamabad,90.99244796435038,µg/m³,4
2025-12-26 05:00:00+00:00,Islamabad,91.99351035753887,µg/m³,4
2025-12-26 06:00:00+00:00,Islamabad,103.21448253525628,µg/m³,4
2025-12-26 07:00:00+00:00,Islamabad,94.04136812422011,µg/m³,4
2025-12-26 08:00:00+00:00,Islamabad,94.45486346158114,µg/m³,4
2025-12-26 09:00:00+00:00,Islamabad,85.21455210049947,µg/m³,4
2025-12-26 10:00:00+00:00,Islamabad,83.14815621376037,µg/m³,4
2025-12-26 11:00:00+00:00,Islamabad,99.49133342107137,µg/m³,4
2025-12-26 12:00:00+00:00,Islamabad,120.01209368705749,µg/m³,4
2025-12-26 13:00:00+00:00,Islamabad,123.44412479400634,µg/m³,4
2025-12-26 14:00:00+00:00,Islamabad,123.73349990844727,µg/m³,4
2025-12-26 15:00:00+00:00,Islamabad,124.89095834096274,µg/m³,4
2025-12-26 16:00:00+00:00,Islamabad,108.31701392067802,µg/m³,4
2025-12-26 17:00:00+00:00,Islamabad,109.65745843251547,µg/m³,4
2025-12-26 18:00:00+00:00,Islamabad,104.276291624705,µg/m³,4
2025-12-26 19:00:00+00:00,Islamabad,100.36366678873698,µg/m³,4
2025-12-26 20:00:00+00:00,Islamabad,99.66862506866455,µg/m³,4
2025-12-26 21:00:00+00:00,Islamabad,81.42591654459636,µg/m³,4
2025-12-26 22:00:00+00:00,Islamabad,80.50145829518635,µg/m³,4
2025-12-26 23:00:00+00:00,Islamabad,80.4478333791097,µg/m³,4
2025-12-27 00:00:00+00:00,Islamabad,81.04516665140788,µg/m³,4
2025-12-27 01:00:00+00:00,Islamabad,78.94145567152235,µg/m³,5
2025-12-27 02:00:00+00:00,Islamabad,106.78664588928223,µg/m³,4
2025-12-27 03:00:00+00:00,Islamabad,131.51335401535033,µg/m³,4
2025-12-27 04:00:00+00:00,Islamabad,165.45766696929934,µg/m³,4
2025-12-27 05:00:00+00:00,Islamabad,158.50264581044513,µg/m³,4
2025-12-27 06:00:00+00:00,Islamabad,145.54864590962728,µg/m³,4
2025-12-27 07:00:00+00:00,Islamabad,146.58421883583068,µg/m³,4
2025-12-27 08:00:00+00:00,Islamabad,145.0228333791097,µg/m³,4
2025-12-27 09:00:00+00:00,Islamabad,147.5338998921712,µg/m³,5
2025-12-27 10:00:00+00:00,Islamabad,148.2550833384196,µg/m³,4
2025-12-27 11:00:00+00:00,Islamabad,167.60908330281575,µg/m³,4
2025-12-27 12:00:00+00:00,Islamabad,180.0736249923706,µg/m³,4
2025-12-27 13:00:00+00:00,Islamabad,172.31595834096274,µg/m³,4
2025-12-27 14:00:00+00:00,Islamabad,158.02026054064433,µg/m³,4
2025-12-27 15:00:00+00:00,Islamabad,153.27291673024496,µg/m³,4
2025-12-27 16:00:00+00:00,Islamabad,166.94779173533124,µg/m³,4
2025-12-27 17:00:00+00:00,Islamabad,151.67350006103516,µg/m³,4
2025-12-27 18:00:00+00:00,Islamabad,115.6165833791097,µg/m³,4
2025-12-27 19:00:00+00:00,Islamabad,100.11183331807455,µg/m³,4
2025-12-27 20:00:00+00:00,Islamabad,90.59029165903728,µg/m³,4
2025-12-27 21:00:00+00:00,Islamabad,89.52720826466877,µg/m³,4
2025-12-27 22:00:00+00:00,Islamabad,97.48909373283387,µg/m³,4
2025-12-27 23:00:00+00:00,Islamabad,100.36962490081787,µg/m³,4
2025-12-28 00:00:00+00:00,Islamabad,89.78412494659423,µg/m³,4
2025-12-28 01:00:00+00:00,Islamabad,93.6398854414622,µg/m³,4
2025-12-28 02:00:00+00:00,Islamabad,104.77370827992758,µg/m³,4
2025-12-28 03:00:00+00:00,Islamabad,116.6709166208903,µg/m³,4
2025-12-28 04:00:00+00:00,Islamabad,121.62810417811076,µg/m³,4
2025-12-28 05:00:00+00:00,Islamabad,120.52141672770183,µg/m³,4
2025-12-28 06:00:00+00:00,Islamabad,106.28804175059,µg/m³,4
2025-12-28 07:00:00+00:00,Islamabad,104.40358327229818,µg/m³,4
2025-12-28 08:00:00+00:00,Islamabad,88.73054167429606,µg/m³,4
2025-12-28 09:00:00+00:00,Islamabad,99.69073958396912,µg/m³,4
2025-12-28 10:00:00+00:00,Islamabad,115.23804175059001,µg/m³,4
2025-12-28 11:00:00+00:00,Islamabad,130.101888900333,µg/m³,4
2025-12-28 12:00:00+00:00,Islamabad,130.98620827992758,µg/m³,4
2025-12-28 13:00:00+00:00,Islamabad,146.26722923914593,µg/m³,4
2025-12-28 14:00:00+00:00,Islamabad,174.951291624705,µg/m³,4
2025-12-28 15:00:00+00:00,Islamabad,163.84099998474125,µg/m³,4
2025-12-28 16:00:00+00:00,Islamabad,157.64770844777425,µg/m³,4
2025-12-28 17:00:00+00:00,Islamabad,148.6540833791097,µg/m³,4
2025-12-28 18:00:00+00:00,Islamabad,153.56529165903729,µg/m³,4
2025-12-28 19:00:00+00:00,Islamabad,153.97512493133544,µg/m³,4
2025-12-28 20:00:00+00:00,Islamabad,129.79025001525878,µg/m³,4
2025-12-28 21:00:00+00:00,Islamabad,119.62658322652182,µg/m³,4
2025-12-28 22:00:00+00:00,Islamabad,111.2234332784017,µg/m³,5
2025-12-28 23:00:00+00:00,Islamabad,103.96604162851969,µg/m³,4
2025-12-29 00:00:00+00:00,Islamabad,102.96399993896483,µg/m³,4
2025-12-29 01:00:00+00:00,Islamabad,101.178843832016,µg/m³,4
2025-12-29 02:00:00+00:00,Islamabad,112.77793059878879,µg/m³,4
2025-12-29 03:00:00+00:00,Islamabad,130.7930000305176,µg/m³,4
2025-12-29 04:00:00+00:00,Islamabad,151.54627059300742,µg/m³,4
2025-12-29 05:00:00+00:00,Islamabad,156.46755207379658,µg/m³,4
2025-12-29 06:00:00+00:00,Islamabad,171.12729155222576,µg/m³,4
2025-12-29 07:00:00+00:00,Islamabad,201.59462490081788,µg/m³,4
2025-12-29 08:00:00+00:00,Islamabad,208.32256231307983,µg/m³,4
2025-12-29 09:00:00+00:00,Islamabad,249.1845493740506,µg/m³,4
2025-12-29 10:00:00+00:00,Islamabad,226.01329193115237,µg/m³,4
2025-12-29 11:00:00+00:00,Islamabad,231.06691665649416,µg/m³,4
2025-12-29 12:00:00+00:00,Islamabad,262.70004177093506,µg/m³,4
2025-12-29 13:00:00+00:00,Islamabad,294.13226420084635,µg/m³,4
2025-12-29 14:00:00+00:00,Islamabad,260.1299385070801,µg/m³,4
2025-12-29 15:00:00+00:00,Islamabad,215.19733333587646,µg/m³,4
2025-12-29 16:00:00+00:00,Islamabad,185.67389999389644,µg/m³,5
2025-12-29 17:00:00+00:00,Islamabad,192.22966651916505,µg/m³,4
2025-12-29 18:00:00+00:00,Islamabad,184.04160828908283,µg/m³,5
2025-12-29 19:00:00+00:00,Islamabad,154.42687511444092,µg/m³,4
2025-12-29 20:00:00+00:00,Islamabad,140.02287502288817,µg/m³,4
2025-12-29 21:00:00+00:00,Islamabad,125.7924166361491,µg/m³,4
2025-12-29 22:00:00+00:00,Islamabad,115.9895729223887,µg/m³,4
2025-12-29 23:00:00+00:00,Islamabad,104.97353119850159,µg/m³,4
2025-12-30 00:00:00+00:00,Islamabad,96.70994788805643,µg/m³,4
2025-12-30 01:00:00+00:00,Islamabad,92.56112499237061,µg/m³,4
2025-12-30 02:00:00+00:00,Islamabad,99.6497349247788,µg/m³,4
2025-12-30 03:00:00+00:00,Islamabad,135.50858319600425,µg/m³,4
2025-12-30 04:00:00+00:00,Islamabad,170.5,µg/m³,2
2025-12-30 05:00:00+00:00,Islamabad,197.64144781430562,µg/m³,4
2025-12-30 06:00:00+00:00,Islamabad,201.75071867307028,µg/m³,4
2025-12-30 07:00:00+00:00,Islamabad,218.9203748703003,µg/m³,4
2025-12-30 08:00:00+00:00,Islamabad,157.3118958791097,µg/m³,4
2025-12-30 09:00:00+00:00,Islamabad,176.3230832417806,µg/m³,4
2025-12-30 10:00:00+00:00,Islamabad,157.41035420099897,µg/m³,4
2025-12-30 11:00:00+00:00,Islamabad,169.9426736301846,µg/m³,4
2025-12-30 12:00:00+00:00,Islamabad,185.28792499542234,µg/m³,5
2025-12-30 13:00:00+00:00,Islamabad,208.43670819600425,µg/m³,4
2025-12-30 14:00:00+00:00,Islamabad,199.12954184214274,µg/m³,4
2025-12-30 15:00:00+00:00,Islamabad,209.0195416132609,µg/m³,4
2025-12-30 16:00:00+00:00,Islamabad,205.1131144364675,µg/m³,4
2025-12-30 17:00:00+00:00,Islamabad,188.1578958829244,µg/m³,4
2025-12-30 18:00:00+00:00,Islamabad,124.0,µg/m³,2
2025-12-30 19:00:00+00:00,Islamabad,157.50695832570395,µg/m³,4
2025-12-30 20:00:00+00:00,Islamabad,157.8242083867391,µg/m³,4
2025-12-30 21:00:00+00:00,Islamabad,149.42970841725668,µg/m³,4
2025-12-30 22:00:00+00:00,Islamabad,122.2566563129425,µg/m³,4
2025-12-30 23:00:00+00:00,Islamabad,110.27224998474124,µg/m³,4
2025-12-31 00:00:00+00:00,Islamabad,118.46937503814698,µg/m³,4
2025-12-31 01:00:00+00:00,Islamabad,122.13987483978275,µg/m³,4
2025-12-31 02:00:00+00:00,Islamabad,135.73762505849203,µg/m³,4
2025-12-31 03:00:00+00:00,Islamabad,137.4766248703003,µg/m³,4
2025-12-31 04:00:00+00:00,Islamabad,164.8028752009074,µg/m³,4
2025-12-31 05:00:00+00:00,Islamabad,169.30739221043055,µg/m³,4
2025-12-31 06:00:00+00:00,Islamabad,163.79586459795635,µg/m³,4
2025-12-31 07:00:00+00:00,Islamabad,165.7895521322886,µg/m³,4
2025-12-31 08:00:00+00:00,Islamabad,135.1619171142578,µg/m³,4
2025-12-31 09:00:00+00:00,Islamabad,137.93124993642172,µg/m³,4
2025-12-31 10:00:00+00:00,Islamabad,173.87874994277954,µg/m³,4
2025-12-31 11:00:00+00:00,Islamabad,146.53515629768373,µg/m³,4
2025-12-31 12:00:00+00:00,Islamabad,126.78341671625775,µg/m³,4
2025-12-31 13:00:00+00:00,Islamabad,155.97579861746894,µg/m³,4
2025-12-31 14:00:00+00:00,Islamabad,156.8630001068115,µg/m³,4
2025-12-31 15:00:00+00:00,Islamabad,130.82900009155273,µg/m³,4
2025-12-31 16:00:00+00:00,Islamabad,119.09006252288819,µg/m³,4
2025-12-31 17:00:00+00:00,Islamabad,99.99416666666667,µg/m³,4
2025-12-31 18:00:00+00:00,Islamabad,54.06408322652181,µg/m³,4
2025-12-31 19:00:00+00:00,Islamabad,70.37216669718424,µg/m³,4
2025-12-31 20:00:00+00:00,Islamabad,68.39162502288818,µg/m³,4
2025-12-31 21:00:00+00:00,Islamabad,29.596708234151208,µg/m³,4
2025-12-31 22:00:00+00:00,Islamabad,26.849208386739093,µg/m³,4
2025-12-31 23:00:00+00:00,Islamabad,28.861208279927574,µg/m³,4
2026-01-01 00:00:00+00:00,Islamabad,31.81996668497721,µg/m³,5
2026-01-01 01:00:00+00:00,Islamabad,35.49012508392334,µg/m³,4
2026-01-01 02:00:00+00:00,Islamabad,38.09716669718424,µg/m³,4
2026-01-01 03:00:00+00:00,Islamabad,43.034541575113934,µg/m³,4
2026-01-01 04:00:00+00:00,Islamabad,46.99516665140788,µg/m³,4
2026-01-01 05:00:00+00:00,Islamabad,39.93754164377848,µg/m³,4
2026-01-01 06:00:00+00:00,Islamabad,52.92441660563151,µg/m³,4
2026-01-01 07:00:00+00:00,Islamabad,58.86599998474121,µg/m³,4
2026-01-01 08:00:00+00:00,Islamabad,63.12291666666667,µg/m³,4
2026-01-01 09:00:00+00:00,Islamabad,72.32720826466878,µg/m³,4
2026-01-01 10:00:00+00:00,Islamabad,70.1977813243866,µg/m³,4
2026-01-01 11:00:00+00:00,Islamabad,68.81263649680398,µg/m³,4
2026-01-01 12:00:00+00:00,Islamabad,65.19085413614908,µg/m³,4
2026-01-01 13:00:00+00:00,Islamabad,82.29791666666665,µg/m³,4
2026-01-01 14:00:00+00:00,Islamabad,74.34454161326092,µg/m³,4
2026-01-01 15:00:00+00:00,Islamabad,72.54320824940999,µg/m³,4
2026-01-01 16:00:00+00:00,Islamabad,73.37920831044515,µg/m³,4
2026-01-01 17:00:00+00:00,Islamabad,60.224125099182125,µg/m³,4
2026-01-01 18:00:00+00:00,Islamabad,53.400041643778486,µg/m³,4
2026-01-01 19:00:00+00:00,Islamabad,53.3959166208903,µg/m³,4
2026-01-01 20:00:00+00:00,Islamabad,48.92833340962728,µg/m³,4
2026-01-01 21:00:00+00:00,Islamabad,43.82106669108073,µg/m³,5
2026-01-01 22:00:00+00:00,Islamabad,39.85166651407877,µg/m³,4
2026-01-01 23:00:00+00:00,Islamabad,45.758416620890294,µg/m³,4
2026-01-02 00:00:00+00:00,Islamabad,48.044541613260904,µg/m³,4
2026-01-02 01:00:00+00:00,Islamabad,47.669333394368486,µg/m³,4
2026-01-02 02:00:00+00:00,Islamabad,53.25608342488607,µg/m³,4
2026-01-02 03:00:00+00:00,Islamabad,97.90957290331524,µg/m³,4
2026-01-02 04:00:00+00:00,Islamabad,87.38886112636989,µg/m³,3
2026-01-02 05:00:00+00:00,Islamabad,76.59555545383029,µg/m³,3
2026-01-02 06:00:00+00:00,Islamabad,72.07233329349094,µg/m³,3
2026-01-02 07:00:00+00:00,Islamabad,56.44133389790853,µg/m³,4
2026-01-02 08:00:00+00:00,Islamabad,94.02827763027615,µg/m³,4
2026-01-02 09:00:00+00:00,Islamabad,66.1603298134274,µg/m³,4
2026-01-02 10:00:00+00:00,Islamabad,61.465788200166486,µg/m³,4
2026-01-02 11:00:00+00:00,Islamabad,61.62901050249735,µg/m³,4
2026-01-02 12:00:00+00:00,Islamabad,77.60770829518637,µg/m³,4
2026-01-02 13:00:00+00:00,Islamabad,82.58187503814696,µg/m³,4
2026-01-02 14:00:00+00:00,Islamabad,67.60972733931108,µg/m³,4
2026-01-02 15:00:00+00:00,Islamabad,110.7450833638509,µg/m³,3
2025-11-18 13:00:00+00:00,Peshawar,305.25,µg/m³,4
2025-11-18 14:00:00+00:00,Peshawar,274.875,µg/m³,4
2025-11-18 15:00:00+00:00,Peshawar,303.18,µg/m³,5
2025-11-18 16:00:00+00:00,Peshawar,310.3333333333333,µg/m³,3
2025-11-18 17:00:00+00:00,Peshawar,298.675,µg/m³,4
2025-11-18 18:00:00+00:00,Peshawar,323.0,µg/m³,4
2025-11-18 19:00:00+00:00,Peshawar,261.025,µg/m³,4
2025-11-18 20:00:00+00:00,Peshawar,215.125,µg/m³,4
2025-11-18 21:00:00+00:00,Peshawar,234.95999999999998,µg/m³,5
2025-11-18 22:00:00+00:00,Peshawar,165.35,µg/m³,4
2025-11-18 23:00:00+00:00,Peshawar,184.35,µg/m³,4
2025-11-19 00:00:00+00:00,Peshawar,160.53333333333333,µg/m³,3
2025-11-19 01:00:00+00:00,Peshawar,165.775,µg/m³,4
2025-11-19 02:00:00+00:00,Peshawar,159.93333333333334,µg/m³,3
2025-11-19 03:00:00+00:00,Peshawar,231.70000000000002,µg/m³,3
2025-11-19 04:00:00+00:00,Peshawar,243.29999999999998,µg/m³,3
2025-11-19 05:00:00+00:00,Peshawar,240.86666666666667,µg/m³,3
2025-11-19 06:00:00+00:00,Peshawar,256.2,µg/m³,3
2025-11-19 07:00:00+00:00,Peshawar,192.76666666666665,µg/m³,3
2025-11-19 08:00:00+00:00,Peshawar,229.775,µg/m³,4
2025-11-19 09:00:00+00:00,Peshawar,204.86666666666667,µg/m³,3
2025-11-19 10:00:00+00:00,Peshawar,220.75,µg/m³,4
2025-11-19 11:00:00+00:00,Peshawar,219.36666666666667,µg/m³,3
2025-11-19 12:00:00+00:00,Peshawar,264.1333333333333,µg/m³,3
2025-11-19 13:00:00+00:00,Peshawar,306.1333333333333,µg/m³,3
2025-11-19 14:00:00+00:00,Peshawar,324.1,µg/m³,4
2025-11-19 15:00:00+00:00,Peshawar,413.6666666666667,µg/m³,3
2025-11-19 16:00:00+00:00,Peshawar,451.5,µg/m³,2
2025-11-19 17:00:00+00:00,Peshawar,385.4666666666667,µg/m³,3
2025-11-19 18:00:00+00:00,Peshawar,278.85,µg/m³,2
2025-11-19 19:00:00+00:00,Peshawar,268.6,µg/m³,4
2025-11-19 20:00:00+00:00,Peshawar,224.15,µg/m³,4
2025-11-19 21:00:00+00:00,Peshawar,223.925,µg/m³,4
2025-11-19 22:00:00+00:00,Peshawar,198.33333333333334,µg/m³,3
2025-11-19 23:00:00+00:00,Peshawar,175.1,µg/m³,2
2025-11-20 00:00:00+00:00,Peshawar,149.525,µg/m³,4
2025-11-20 01:00:00+00:00,Peshawar,153.75,µg/m³,4
2025-11-20 02:00:00+00:00,Peshawar,217.25,µg/m³,4
2025-11-20 03:00:00+00:00,Peshawar,252.0666666666667,µg/m³,3
2025-11-20 04:00:00+00:00,Peshawar,273.2,µg/m³,2
2025-11-20 05:00:00+00:00,Peshawar,219.66666666666666,µg/m³,3
2025-11-20 06:00:00+00:00,Peshawar,191.73333333333335,µg/m³,3
2025-11-20 07:00:00+00:00,Peshawar,196.63333333333333,µg/m³,3
2025-11-20 08:00:00+00:00,Peshawar,266.5,µg/m³,2
2025-11-20 09:00:00+00:00,Peshawar,181.73333333333335,µg/m³,3
2025-11-20 10:00:00+00:00,Peshawar,163.83333333333334,µg/m³,3
2025-11-20 11:00:00+00:00,Peshawar,175.63333333333333,µg/m³,3
2025-11-20 12:00:00+00:00,Peshawar,217.46666666666667,µg/m³,3
2025-11-20 13:00:00+00:00,Peshawar,273.06666666666666,µg/m³,3
2025-11-20 14:00:00+00:00,Peshawar,323.59999999999997,µg/m³,3
2025-11-20 15:00:00+00:00,Peshawar,197.9,µg/m³,1
2025-11-20 16:00:00+00:00,Peshawar,355.0,µg/m³,1
2025-11-20 17:00:00+00:00,Peshawar,288.3,µg/m³,2
2025-11-20 18:00:00+00:00,Peshawar,323.4,µg/m³,4
2025-11-20 19:00:00+00:00,Peshawar,304.76666666666665,µg/m³,3
2025-11-20 20:00:00+00:00,Peshawar,306.6666666666667,µg/m³,3
2025-11-20 21:00:00+00:00,Peshawar,262.275,µg/m³,4
2025-11-20 22:00:00+00:00,Peshawar,145.375,µg/m³,4
2025-11-20 23:00:00+00:00,Peshawar,178.3,µg/m³,2
2025-11-21 00:00:00+00:00,Peshawar,206.0,µg/m³,2
2025-11-21 01:00:00+00:00,Peshawar,196.0,µg/m³,3
2025-11-21 02:00:00+00:00,Peshawar,217.0,µg/m³,2
2025-11-21 03:00:00+00:00,Peshawar,201.3,µg/m³,4
2025-11-21 04:00:00+00:00,Peshawar,221.0,µg/m³,3
2025-11-21 05:00:00+00:00,Peshawar,205.86666666666667,µg/m³,3
2025-11-21 06:00:00+00:00,Peshawar,188.66666666666666,µg/m³,3
2025-11-21 07:00:00+00:00,Peshawar,240.0,µg/m³,1
2025-11-21 08:00:00+00:00,Peshawar,193.79999999999998,µg/m³,3
2025-11-21 09:00:00+00:00,Peshawar,138.55,µg/m³,2
2025-11-21 10:00:00+00:00,Peshawar,163.5,µg/m³,3
2025-11-21 11:00:00+00:00,Peshawar,166.66666666666666,µg/m³,3
2025-11-21 12:00:00+00:00,Peshawar,180.45,µg/m³,2
2025-11-21 13:00:00+00:00,Peshawar,224.03333333333333,µg/m³,3
2025-11-21 14:00:00+00:00,Peshawar,250.4,µg/m³,2
2025-11-21 15:00:00+00:00,Peshawar,214.8,µg/m³,2
2025-11-21 16:00:00+00:00,Peshawar,402.0,µg/m³,1
2025-11-21 17:00:00+00:00,Peshawar,196.05,µg/m³,2
2025-11-21 18:00:00+00:00,Peshawar,206.9333333333333,µg/m³,3
2025-11-21 19:00:00+00:00,Peshawar,234.45,µg/m³,4
2025-11-21 20:00:00+00:00,Peshawar,171.96666666666667,µg/m³,3
2025-11-21 21:00:00+00:00,Peshawar,150.95,µg/m³,4
2025-11-21 22:00:00+00:00,Peshawar,163.83333333333334,µg/m³,3
2025-11-21 23:00:00+00:00,Peshawar,166.725,µg/m³,4
2025-11-22 00:00:00+00:00,Peshawar,160.725,µg/m³,4
2025-11-22 01:00:00+00:00,Peshawar,176.075,µg/m³,4
2025-11-22 02:00:00+00:00,Peshawar,224.20000000000002,µg/m³,3
2025-11-22 03:00:00+00:00,Peshawar,285.0,µg/m³,3
2025-11-22 04:00:00+00:00,Peshawar,173.6,µg/m³,2
2025-11-22 05:00:00+00:00,Peshawar,170.675,µg/m³,4
2025-11-22 06:00:00+00:00,Peshawar,172.74,µg/m³,5
2025-11-22 07:00:00+00:00,Peshawar,147.7,µg/m³,5
2025-11-22 08:00:00+00:00,Peshawar,145.38,µg/m³,5
2025-11-22 09:00:00+00:00,Peshawar,75.23333333333333,µg/m³,3
2025-11-22 10:00:00+00:00,Peshawar,95.6,µg/m³,4
2025-11-22 11:00:00+00:00,Peshawar,114.325,µg/m³,4
2025-11-22 12:00:00+00:00,Peshawar,182.66666666666666,µg/m³,3
2025-11-22 13:00:00+00:00,Peshawar,213.6,µg/m³,4
2025-11-22 14:00:00+00:00,Peshawar,239.1,µg/m³,3
2025-11-22 15:00:00+00:00,Peshawar,217.13333333333333,µg/m³,3
2025-11-22 16:00:00+00:00,Peshawar,225.5,µg/m³,2
2025-11-22 17:00:00+00:00,Peshawar,191.79999999999998,µg/m³,3
2025-11-22 18:00:00+00:00,Peshawar,214.04000000000002,µg/m³,5
2025-11-22 19:00:00+00:00,Peshawar,195.56,µg/m³,5
2025-11-22 20:00:00+00:00,Peshawar,153.825,µg/m³,4
2025-11-22 21:00:00+00:00,Peshawar,144.02,µg/m³,5
2025-11-22 22:00:00+00:00,Peshawar,173.57999999999998,µg/m³,5
2025-11-22 23:00:00+00:00,Peshawar,180.0,µg/m³,3
2025-11-23 00:00:00+00:00,Peshawar,167.52,µg/m³,5
2025-11-23 01:00:00+00:00,Peshawar,167.62,µg/m³,5
2025-11-23 02:00:00+00:00,Peshawar,179.85999999999999,µg/m³,5
2025-11-23 03:00:00+00:00,Peshawar,188.29999999999998,µg/m³,3
2025-11-23 04:00:00+00:00,Peshawar,194.4333333333333,µg/m³,3
2025-11-23 05:00:00+00:00,Peshawar,184.03333333333333,µg/m³,3
2025-11-23 06:00:00+00:00,Peshawar,164.13333333333333,µg/m³,3
2025-11-23 07:00:00+00:00,Peshawar,170.28,µg/m³,5
2025-11-23 08:00:00+00:00,Peshawar,167.76,µg/m³,5
2025-11-23 09:00:00+00:00,Peshawar,161.1,µg/m³,5
2025-11-23 10:00:00+00:00,Peshawar,164.925,µg/m³,4
2025-11-23 11:00:00+00:00,Peshawar,225.34,µg/m³,5
2025-11-23 12:00:00+00:00,Peshawar,288.6666666666667,µg/m³,3
2025-11-23 13:00:00+00:00,Peshawar,309.75,µg/m³,4
2025-11-23 14:00:00+00:00,Peshawar,323.52,µg/m³,5
2025-11-23 15:00:00+00:00,Peshawar,260.1,µg/m³,2
2025-11-23 16:00:00+00:00,Peshawar,413.0,µg/m³,2
2025-11-23 17:00:00+00:00,Peshawar,313.46666666666664,µg/m³,3
2025-11-23 18:00:00+00:00,Peshawar,233.78000000000003,µg/m³,5
2025-11-23 19:00:00+00:00,Peshawar,176.88,µg/m³,5
2025-11-23 20:00:00+00:00,Peshawar,152.975,µg/m³,4
2025-11-23 21:00:00+00:00,Peshawar,172.24,µg/m³,5
2025-11-23 22:00:00+00:00,Peshawar,141.12,µg/m³,5
2025-11-23 23:00:00+00:00,Peshawar,183.25,µg/m³,4
2025-11-24 00:00:00+00:00,Peshawar,180.35999999999999,µg/m³,5
2025-11-24 01:00:00+00:00,Peshawar,210.3,µg/m³,5
2025-11-24 02:00:00+00:00,Peshawar,177.53333333333333,µg/m³,3
2025-11-24 03:00:00+00:00,Peshawar,259.59999999999997,µg/m³,3
2025-11-24 04:00:00+00:00,Peshawar,249.9,µg/m³,3
2025-11-24 05:00:00+00:00,Peshawar,214.16666666666666,µg/m³,3
2025-11-24 06:00:00+00:00,Peshawar,216.66666666666666,µg/m³,3
2025-11-24 07:00:00+00:00,Peshawar,166.93333333333334,µg/m³,3
2025-11-24 08:00:00+00:00,Peshawar,128.35,µg/m³,2
2025-11-24 09:00:00+00:00,Peshawar,134.33333333333334,µg/m³,3
2025-11-24 10:00:00+00:00,Peshawar,135.73333333333332,µg/m³,3
2025-11-24 11:00:00+00:00,Peshawar,162.1,µg/m³,3
2025-11-24 12:00:00+00:00,Peshawar,212.26666666666665,µg/m³,3
2025-11-24 13:00:00+00:00,Peshawar,210.55,µg/m³,2
2025-11-24 14:00:00+00:00,Peshawar,290.93333333333334,µg/m³,3
2025-11-24 15:00:00+00:00,Peshawar,284.6333333333333,µg/m³,3
2025-11-24 16:00:00+00:00,Peshawar,372.0,µg/m³,2
2025-11-24 17:00:00+00:00,Peshawar,267.0,µg/m³,2
2025-11-24 18:00:00+00:00,Peshawar,185.9,µg/m³,5
2025-11-24 19:00:00+00:00,Peshawar,160.18,µg/m³,5
2025-11-24 20:00:00+00:00,Peshawar,145.15,µg/m³,4
2025-11-24 21:00:00+00:00,Peshawar,146.12,µg/m³,5
2025-11-24 22:00:00+00:00,Peshawar,142.35999999999999,µg/m³,5
2025-11-24 23:00:00+00:00,Peshawar,212.0,µg/m³,4
2025-11-25 00:00:00+00:00,Peshawar,214.06,µg/m³,5
2025-11-25 01:00:00+00:00,Peshawar,208.24,µg/m³,5
2025-11-25 02:00:00+00:00,Peshawar,155.76666666666668,µg/m³,3
2025-11-25 03:00:00+00:00,Peshawar,211.73333333333335,µg/m³,3
2025-11-25 04:00:00+00:00,Peshawar,215.6,µg/m³,3
2025-11-25 05:00:00+00:00,Peshawar,156.6,µg/m³,3
2025-11-25 06:00:00+00:00,Peshawar,115.13333333333333,µg/m³,3
2025-11-25 07:00:00+00:00,Peshawar,125.02000000000001,µg/m³,5
2025-11-25 08:00:00+00:00,Peshawar,122.95,µg/m³,4
2025-11-25 09:00:00+00:00,Peshawar,130.02,µg/m³,5
2025-11-25 10:00:00+00:00,Peshawar,128.98,µg/m³,5
2025-11-25 11:00:00+00:00,Peshawar,136.9,µg/m³,5
2025-11-25 12:00:00+00:00,Peshawar,181.72,µg/m³,5
2025-11-25 13:00:00+00:00,Peshawar,219.075,µg/m³,4
2025-11-25 14:00:00+00:00,Peshawar,244.5,µg/m³,4
2025-11-25 15:00:00+00:00,Peshawar,257.75,µg/m³,4
2025-11-25 16:00:00+00:00,Peshawar,300.75,µg/m³,4
2025-11-25 17:00:00+00:00,Peshawar,317.5,µg/m³,2
2025-11-25 18:00:00+00:00,Peshawar,277.0,µg/m³,2
2025-11-25 19:00:00+00:00,Peshawar,220.66666666666666,µg/m³,3
2025-11-25 20:00:00+00:00,Peshawar,201.0,µg/m³,3
2025-11-25 21:00:00+00:00,Peshawar,254.25,µg/m³,4
2025-11-25 22:00:00+00:00,Peshawar,205.51999999999998,µg/m³,5
2025-11-25 23:00:00+00:00,Peshawar,200.75,µg/m³,4
2025-11-26 00:00:00+00:00,Peshawar,152.275,µg/m³,4
2025-11-26 01:00:00+00:00,Peshawar,169.32,µg/m³,5
2025-11-26 02:00:00+00:00,Peshawar,180.14000000000001,µg/m³,5
2025-11-26 03:00:00+00:00,Peshawar,195.1,µg/m³,5
2025-11-26 04:00:00+00:00,Peshawar,222.38000000000002,µg/m³,5
2025-11-26 05:00:00+00:00,Peshawar,202.53333333333333,µg/m³,3
2025-11-26 06:00:00+00:00,Peshawar,183.23333333333335,µg/m³,3
2025-11-26 07:00:00+00:00,Peshawar,228.5,µg/m³,4
2025-11-26 08:00:00+00:00,Peshawar,166.85,µg/m³,4
2025-11-26 09:00:00+00:00,Peshawar,169.025,µg/m³,4
2025-11-26 10:00:00+00:00,Peshawar,173.95,µg/m³,4
2025-11-26 11:00:00+00:00,Peshawar,194.525,µg/m³,4
2025-11-26 12:00:00+00:00,Peshawar,235.775,µg/m³,4
2025-11-26 13:00:00+00:00,Peshawar,310.0,µg/m³,3
2025-11-26 14:00:00+00:00,Peshawar,272.5,µg/m³,2
2025-11-26 15:00:00+00:00,Peshawar,307.0,µg/m³,3
2025-11-26 16:00:00+00:00,Peshawar,304.5,µg/m³,2
2025-11-26 17:00:00+00:00,Peshawar,287.03333333333336,µg/m³,3
2025-11-26 18:00:00+00:00,Peshawar,203.725,µg/m³,4
2025-11-26 19:00:00+00:00,Peshawar,207.575,µg/m³,4
2025-11-26 20:00:00+00:00,Peshawar,199.425,µg/m³,4
2025-11-26 21:00:00+00:00,Peshawar,186.575,µg/m³,4
2025-11-26 22:00:00+00:00,Peshawar,190.4,µg/m³,4
2025-11-26 23:00:00+00:00,Peshawar,194.33333333333334,µg/m³,3
2025-11-27 00:00:00+00:00,Peshawar,182.875,µg/m³,4
2025-11-27 01:00:00+00:00,Peshawar,204.175,µg/m³,4
2025-11-27 02:00:00+00:00,Peshawar,224.13333333333333,µg/m³,3
2025-11-27 03:00:00+00:00,Peshawar,229.0666666666667,µg/m³,3
2025-11-27 04:00:00+00:00,Peshawar,232.9,µg/m³,2
2025-11-27 05:00:00+00:00,Peshawar,224.79999999999998,µg/m³,3
2025-11-27 06:00:00+00:00,Peshawar,195.9,µg/m³,3
2025-11-27 07:00:00+00:00,Peshawar,140.0,µg/m³,3
2025-11-27 08:00:00+00:00,Peshawar,144.66666666666666,µg/m³,3
2025-11-27 09:00:00+00:00,Peshawar,162.33333333333334,µg/m³,3
2025-11-27 10:00:00+00:00,Peshawar,172.85,µg/m³,4
2025-11-27 11:00:00+00:00,Peshawar,209.7,µg/m³,4
2025-11-27 12:00:00+00:00,Peshawar,192.0,µg/m³,1
2025-11-27 13:00:00+00:00,Peshawar,284.06666666666666,µg/m³,3
2025-11-27 14:00:00+00:00,Peshawar,264.7,µg/m³,2
2025-11-27 15:00:00+00:00,Peshawar,396.0,µg/m³,1
2025-11-27 17:00:00+00:00,Peshawar,256.9,µg/m³,2
2025-11-27 18:00:00+00:00,Peshawar,277.05,µg/m³,2
2025-11-27 19:00:00+00:00,Peshawar,225.26666666666665,µg/m³,3
2025-11-27 20:00:00+00:00,Peshawar,196.5666666666667,µg/m³,3
2025-11-27 21:00:00+00:00,Peshawar,179.79999999999998,µg/m³,3
2025-11-27 22:00:00+00:00,Peshawar,177.0,µg/m³,2
2025-11-27 23:00:00+00:00,Peshawar,182.0,µg/m³,2
2025-11-28 00:00:00+00:00,Peshawar,164.06666666666666,µg/m³,3
2025-11-28 01:00:00+00:00,Peshawar,157.0,µg/m³,2
2025-11-28 02:00:00+00:00,Peshawar,132.7,µg/m³,2
2025-11-28 03:00:00+00:00,Peshawar,206.55,µg/m³,2
2025-11-28 04:00:00+00:00,Peshawar,203.9,µg/m³,2
2025-11-28 05:00:00+00:00,Peshawar,187.4,µg/m³,2
2025-11-28 06:00:00+00:00,Peshawar,158.6,µg/m³,3
2025-11-28 07:00:00+00:00,Peshawar,133.33333333333334,µg/m³,3
2025-11-28 08:00:00+00:00,Peshawar,129.33333333333334,µg/m³,3
2025-11-28 09:00:00+00:00,Peshawar,151.26666666666668,µg/m³,3
2025-11-28 10:00:00+00:00,Peshawar,150.93333333333334,µg/m³,3
2025-11-28 11:00:00+00:00,Peshawar,176.5666666666667,µg/m³,3
2025-11-28 12:00:00+00:00,Peshawar,208.8,µg/m³,2
2025-11-28 13:00:00+00:00,Peshawar,244.1,µg/m³,3
2025-11-28 14:00:00+00:00,Peshawar,392.95,µg/m³,2
2025-11-28 15:00:00+00:00,Peshawar,346.85,µg/m³,2
2025-11-28 16:00:00+00:00,Peshawar,126.1,µg/m³,1
2025-11-28 17:00:00+00:00,Peshawar,192.95,µg/m³,2
2025-11-28 18:00:00+00:00,Peshawar,151.36666666666667,µg/m³,3
2025-11-28 19:00:00+00:00,Peshawar,150.03333333333333,µg/m³,3
2025-11-28 20:00:00+00:00,Peshawar,161.29999999999998,µg/m³,3
2025-11-28 21:00:00+00:00,Peshawar,171.0666666666667,µg/m³,3
2025-11-28 22:00:00+00:00,Peshawar,154.96666666666667,µg/m³,3
2025-11-28 23:00:00+00:00,Peshawar,152.06666666666666,µg/m³,3
2025-11-29 00:00:00+00:00,Peshawar,125.56666666666666,µg/m³,3
2025-11-29 01:00:00+00:00,Peshawar,107.06666666666666,µg/m³,3
2025-11-29 02:00:00+00:00,Peshawar,123.25,µg/m³,2
2025-11-29 03:00:00+00:00,Peshawar,202.0,µg/m³,1
2025-11-29 04:00:00+00:00,Peshawar,226.0,µg/m³,1
2025-11-29 05:00:00+00:00,Peshawar,198.0,µg/m³,1
2025-11-29 06:00:00+00:00,Peshawar,206.0,µg/m³,1
2025-11-29 07:00:00+00:00,Peshawar,184.525,µg/m³,4
2025-11-29 08:00:00+00:00,Peshawar,171.55,µg/m³,4
2025-11-29 09:00:00+00:00,Peshawar,132.125,µg/m³,4
2025-11-29 10:00:00+00:00,Peshawar,125.93333333333334,µg/m³,3
2025-11-29 11:00:00+00:00,Peshawar,143.3,µg/m³,4
2025-11-29 12:00:00+00:00,Peshawar,178.95,µg/m³,4
2025-11-29 13:00:00+00:00,Peshawar,254.7,µg/m³,4
2025-11-29 14:00:00+00:00,Peshawar,290.85,µg/m³,4
2025-11-29 15:00:00+00:00,Peshawar,259.15,µg/m³,4
2025-11-29 16:00:00+00:00,Peshawar,279.225,µg/m³,4
2025-11-29 17:00:00+00:00,Peshawar,301.6,µg/m³,4
2025-11-29 18:00:00+00:00,Peshawar,280.475,µg/m³,4
2025-11-29 19:00:00+00:00,Peshawar,264.3,µg/m³,4
2025-11-29 20:00:00+00:00,Peshawar,249.75,µg/m³,4
2025-11-29 21:00:00+00:00,Peshawar,226.3,µg/m³,4
2025-11-29 22:00:00+00:00,Peshawar,131.5,µg/m³,2
2025-11-29 23:00:00+00:00,Peshawar,117.0,µg/m³,2
2025-11-30 00:00:00+00:00,Peshawar,116.0,µg/m³,2
2025-11-30 01:00:00+00:00,Peshawar,107.0,µg/m³,2
2025-11-30 02:00:00+00:00,Peshawar,154.8,µg/m³,2
2025-11-30 03:00:00+00:00,Peshawar,192.95,µg/m³,2
2025-11-30 04:00:00+00:00,Peshawar,228.9,µg/m³,2
2025-11-30 05:00:00+00:00,Peshawar,222.45,µg/m³,2
2025-11-30 06:00:00+00:00,Peshawar,195.4,µg/m³,4
2025-11-30 07:00:00+00:00,Peshawar,192.66666666666666,µg/m³,3
2025-11-30 08:00:00+00:00,Peshawar,167.0,µg/m³,3
2025-11-30 09:00:00+00:00,Peshawar,135.075,µg/m³,4
2025-11-30 10:00:00+00:00,Peshawar,120.675,µg/m³,4
2025-11-30 11:00:00+00:00,Peshawar,163.55,µg/m³,4
2025-11-30 12:00:00+00:00,Peshawar,234.66666666666666,µg/m³,3
2025-11-30 13:00:00+00:00,Peshawar,275.05,µg/m³,4
2025-11-30 14:00:00+00:00,Peshawar,264.45,µg/m³,2
2025-11-30 15:00:00+00:00,Peshawar,322.0,µg/m³,1
2025-11-30 16:00:00+00:00,Peshawar,291.0,µg/m³,1
2025-11-30 17:00:00+00:00,Peshawar,280.6,µg/m³,2
2025-11-30 18:00:00+00:00,Peshawar,296.775,µg/m³,4
2025-11-30 19:00:00+00:00,Peshawar,289.875,µg/m³,4
2025-11-30 20:00:00+00:00,Peshawar,261.9,µg/m³,4
2025-11-30 21:00:00+00:00,Peshawar,249.55,µg/m³,4
2025-11-30 22:00:00+00:00,Peshawar,231.075,µg/m³,4
2025-11-30 23:00:00+00:00,Peshawar,281.0,µg/m³,2
2025-12-01 00:00:00+00:00,Peshawar,236.1,µg/m³,3
2025-12-01 01:00:00+00:00,Peshawar,214.875,µg/m³,4
2025-12-01 02:00:00+00:00,Peshawar,199.1,µg/m³,4
2025-12-01 03:00:00+00:00,Peshawar,196.8,µg/m³,2
2025-12-01 04:00:00+00:00,Peshawar,199.9,µg/m³,2
2025-12-01 05:00:00+00:00,Peshawar,170.5,µg/m³,2
2025-12-01 06:00:00+00:00,Peshawar,190.45,µg/m³,4
2025-12-01 07:00:00+00:00,Peshawar,135.0,µg/m³,2
2025-12-01 08:00:00+00:00,Peshawar,155.0,µg/m³,3
2025-12-01 09:00:00+00:00,Peshawar,174.33333333333334,µg/m³,3
2025-12-01 10:00:00+00:00,Peshawar,146.0,µg/m³,2
2025-12-01 11:00:00+00:00,Peshawar,193.65,µg/m³,4
2025-12-01 12:00:00+00:00,Peshawar,268.3,µg/m³,4
2025-12-01 13:00:00+00:00,Peshawar,255.16666666666666,µg/m³,3
2025-12-01 14:00:00+00:00,Peshawar,339.59999999999997,µg/m³,3
2025-12-01 15:00:00+00:00,Peshawar,294.1,µg/m³,1
2025-12-01 16:00:00+00:00,Peshawar,320.0,µg/m³,1
2025-12-01 17:00:00+00:00,Peshawar,307.525,µg/m³,4
2025-12-01 18:00:00+00:00,Peshawar,250.475,µg/m³,4
2025-12-01 19:00:00+00:00,Peshawar,278.1,µg/m³,4
2025-12-01 20:00:00+00:00,Peshawar,247.0,µg/m³,3
2025-12-01 21:00:00+00:00,Peshawar,236.05,µg/m³,4
2025-12-01 22:00:00+00:00,Peshawar,245.53333333333333,µg/m³,3
2025-12-01 23:00:00+00:00,Peshawar,233.7,µg/m³,4
2025-12-02 00:00:00+00:00,Peshawar,210.2,µg/m³,4
2025-12-02 01:00:00+00:00,Peshawar,198.925,µg/m³,4
2025-12-02 02:00:00+00:00,Peshawar,199.9,µg/m³,2
2025-12-02 03:00:00+00:00,Peshawar,203.15,µg/m³,2
2025-12-02 04:00:00+00:00,Peshawar,222.75,µg/m³,2
2025-12-02 05:00:00+00:00,Peshawar,212.6,µg/m³,2
2025-12-02 06:00:00+00:00,Peshawar,190.96666666666667,µg/m³,3
2025-12-02 07:00:00+00:00,Peshawar,144.1,µg/m³,2
2025-12-02 08:00:00+00:00,Peshawar,138.43333333333334,µg/m³,3
2025-12-02 09:00:00+00:00,Peshawar,180.7,µg/m³,4
2025-12-02 10:00:00+00:00,Peshawar,181.95,µg/m³,4
2025-12-02 11:00:00+00:00,Peshawar,222.35,µg/m³,4
2025-12-02 12:00:00+00:00,Peshawar,278.6666666666667,µg/m³,3
2025-12-02 13:00:00+00:00,Peshawar,340.275,µg/m³,4
2025-12-02 14:00:00+00:00,Peshawar,326.3,µg/m³,2
2025-12-02 15:00:00+00:00,Peshawar,328.5,µg/m³,2
2025-12-02 16:00:00+00:00,Peshawar,397.0,µg/m³,1
2025-12-02 17:00:00+00:00,Peshawar,376.0,µg/m³,1
2025-12-02 18:00:00+00:00,Peshawar,273.975,µg/m³,4
2025-12-02 19:00:00+00:00,Peshawar,254.575,µg/m³,4
2025-12-02 20:00:00+00:00,Peshawar,214.75,µg/m³,4
2025-12-02 21:00:00+00:00,Peshawar,244.15,µg/m³,4
2025-12-02 22:00:00+00:00,Peshawar,227.625,µg/m³,4
2025-12-02 23:00:00+00:00,Peshawar,217.33333333333334,µg/m³,3
2025-12-03 00:00:00+00:00,Peshawar,214.25,µg/m³,4
2025-12-03 01:00:00+00:00,Peshawar,215.7,µg/m³,4
2025-12-03 02:00:00+00:00,Peshawar,186.6,µg/m³,2
2025-12-03 03:00:00+00:00,Peshawar,174.55,µg/m³,2
2025-12-03 04:00:00+00:00,Peshawar,242.0,µg/m³,1
2025-12-03 05:00:00+00:00,Peshawar,210.0,µg/m³,1
2025-12-03 06:00:00+00:00,Peshawar,140.0,µg/m³,1
2025-12-03 07:00:00+00:00,Peshawar,153.33333333333334,µg/m³,3
2025-12-03 08:00:00+00:00,Peshawar,143.95,µg/m³,4
2025-12-03 09:00:00+00:00,Peshawar,139.775,µg/m³,4
2025-12-03 10:00:00+00:00,Peshawar,109.39999999999999,µg/m³,3
2025-12-03 11:00:00+00:00,Peshawar,185.0,µg/m³,4
2025-12-03 12:00:00+00:00,Peshawar,246.9,µg/m³,4
2025-12-03 13:00:00+00:00,Peshawar,250.26666666666665,µg/m³,3
2025-12-03 14:00:00+00:00,Peshawar,273.75,µg/m³,2
2025-12-03 15:00:00+00:00,Peshawar,302.85,µg/m³,2
2025-12-03 16:00:00+00:00,Peshawar,327.15,µg/m³,2
2025-12-03 17:00:00+00:00,Peshawar,258.5,µg/m³,2
2025-12-03 18:00:00+00:00,Peshawar,199.1,µg/m³,2
2025-12-03 19:00:00+00:00,Peshawar,192.625,µg/m³,4
2025-12-03 20:00:00+00:00,Peshawar,166.1,µg/m³,4
2025-12-03 21:00:00+00:00,Peshawar,174.4,µg/m³,4
2025-12-03 22:00:00+00:00,Peshawar,208.275,µg/m³,4
2025-12-03 23:00:00+00:00,Peshawar,236.0,µg/m³,3
2025-12-04 00:00:00+00:00,Peshawar,221.33333333333334,µg/m³,3
2025-12-04 01:00:00+00:00,Peshawar,130.0,µg/m³,2
2025-12-04 02:00:00+00:00,Peshawar,243.925,µg/m³,4
2025-12-04 03:00:00+00:00,Peshawar,289.125,µg/m³,4
2025-12-04 04:00:00+00:00,Peshawar,206.0,µg/m³,2
2025-12-04 05:00:00+00:00,Peshawar,236.3,µg/m³,2
2025-12-04 06:00:00+00:00,Peshawar,210.6,µg/m³,2
2025-12-04 07:00:00+00:00,Peshawar,194.175,µg/m³,4
2025-12-04 08:00:00+00:00,Peshawar,182.525,µg/m³,4
2025-12-04 09:00:00+00:00,Peshawar,198.75,µg/m³,4
2025-12-04 10:00:00+00:00,Peshawar,223.16666666666666,µg/m³,3
2025-12-04 11:00:00+00:00,Peshawar,274.95,µg/m³,4
2025-12-04 12:00:00+00:00,Peshawar,307.75,µg/m³,4
2025-12-04 13:00:00+00:00,Peshawar,351.3,µg/m³,4
2025-12-04 14:00:00+00:00,Peshawar,419.0,µg/m³,2
2025-12-04 15:00:00+00:00,Peshawar,441.0,µg/m³,1
2025-12-04 16:00:00+00:00,Peshawar,387.45,µg/m³,2
2025-12-04 17:00:00+00:00,Peshawar,360.8,µg/m³,2
2025-12-04 18:00:00+00:00,Peshawar,336.45,µg/m³,2
2025-12-04 19:00:00+00:00,Peshawar,323.5,µg/m³,2
2025-12-04 20:00:00+00:00,Peshawar,349.875,µg/m³,4
2025-12-04 21:00:00+00:00,Peshawar,317.25,µg/m³,4
2025-12-04 22:00:00+00:00,Peshawar,282.35,µg/m³,4
2025-12-04 23:00:00+00:00,Peshawar,271.325,µg/m³,4
2025-12-05 00:00:00+00:00,Peshawar,235.625,µg/m³,4
2025-12-05 01:00:00+00:00,Peshawar,270.975,µg/m³,4
2025-12-05 02:00:00+00:00,Peshawar,253.65,µg/m³,2
2025-12-05 03:00:00+00:00,Peshawar,270.95,µg/m³,2
2025-12-05 04:00:00+00:00,Peshawar,292.4,µg/m³,2
2025-12-05 05:00:00+00:00,Peshawar,276.1,µg/m³,2
2025-12-05 06:00:00+00:00,Peshawar,233.4,µg/m³,2
2025-12-05 07:00:00+00:00,Peshawar,233.79999999999998,µg/m³,3
2025-12-05 08:00:00+00:00,Peshawar,211.5,µg/m³,3
2025-12-05 09:00:00+00:00,Peshawar,173.4,µg/m³,3
2025-12-05 10:00:00+00:00,Peshawar,169.56666666666666,µg/m³,3
2025-12-05 11:00:00+00:00,Peshawar,214.16666666666666,µg/m³,3
2025-12-05 12:00:00+00:00,Peshawar,251.0666666666667,µg/m³,3
2025-12-05 13:00:00+00:00,Peshawar,311.23333333333335,µg/m³,3
2025-12-05 14:00:00+00:00,Peshawar,325.8,µg/m³,2
2025-12-05 15:00:00+00:00,Peshawar,285.25,µg/m³,2
2025-12-05 16:00:00+00:00,Peshawar,282.0,µg/m³,1
2025-12-05 17:00:00+00:00,Peshawar,179.55,µg/m³,2
2025-12-05 18:00:00+00:00,Peshawar,139.03333333333333,µg/m³,3
2025-12-05 19:00:00+00:00,Peshawar,136.06666666666666,µg/m³,3
2025-12-05 20:00:00+00:00,Peshawar,166.86666666666667,µg/m³,3
2025-12-05 21:00:00+00:00,Peshawar,155.9,µg/m³,3
2025-12-05 22:00:00+00:00,Peshawar,148.4,µg/m³,3
2025-12-05 23:00:00+00:00,Peshawar,113.5,µg/m³,2
2025-12-06 00:00:00+00:00,Peshawar,101.0,µg/m³,2
2025-12-06 01:00:00+00:00,Peshawar,113.0,µg/m³,2
2025-12-06 02:00:00+00:00,Peshawar,121.89999999999999,µg/m³,3
2025-12-06 03:00:00+00:00,Peshawar,176.0,µg/m³,1
2025-12-06 04:00:00+00:00,Peshawar,215.15,µg/m³,2
2025-12-06 05:00:00+00:00,Peshawar,145.25,µg/m³,2
2025-12-06 06:00:00+00:00,Peshawar,83.9,µg/m³,1
2025-12-06 07:00:00+00:00,Peshawar,64.35,µg/m³,2
2025-12-06 08:00:00+00:00,Peshawar,60.2,µg/m³,2
2025-12-06 09:00:00+00:00,Peshawar,54.7,µg/m³,2
2025-12-06 10:00:00+00:00,Peshawar,48.2,µg/m³,2
2025-12-06 11:00:00+00:00,Peshawar,117.06666666666666,µg/m³,3
2025-12-06 12:00:00+00:00,Peshawar,151.66666666666666,µg/m³,3
2025-12-06 13:00:00+00:00,Peshawar,159.775,µg/m³,4
2025-12-06 14:00:00+00:00,Peshawar,184.05,µg/m³,2
2025-12-06 15:00:00+00:00,Peshawar,212.05,µg/m³,2
2025-12-06 16:00:00+00:00,Peshawar,177.0,µg/m³,1
2025-12-06 17:00:00+00:00,Peshawar,107.1,µg/m³,2
2025-12-06 18:00:00+00:00,Peshawar,112.4,µg/m³,2
2025-12-06 19:00:00+00:00,Peshawar,168.15,µg/m³,4
2025-12-06 20:00:00+00:00,Peshawar,161.225,µg/m³,4
2025-12-06 21:00:00+00:00,Peshawar,174.075,µg/m³,4
2025-12-06 22:00:00+00:00,Peshawar,197.4,µg/m³,3
2025-12-06 23:00:00+00:00,Peshawar,228.33333333333334,µg/m³,3
2025-12-07 00:00:00+00:00,Peshawar,225.825,µg/m³,4
2025-12-07 01:00:00+00:00,Peshawar,219.0,µg/m³,4
2025-12-07 02:00:00+00:00,Peshawar,233.9,µg/m³,4
2025-12-07 04:00:00+00:00,Peshawar,246.75,µg/m³,2
2025-12-07 05:00:00+00:00,Peshawar,204.8,µg/m³,2
2025-12-07 06:00:00+00:00,Peshawar,160.6,µg/m³,2
2025-12-07 07:00:00+00:00,Peshawar,170.79999999999998,µg/m³,3
2025-12-07 08:00:00+00:00,Peshawar,151.13333333333333,µg/m³,3
2025-12-07 09:00:00+00:00,Peshawar,118.03333333333335,µg/m³,3
2025-12-07 10:00:00+00:00,Peshawar,157.175,µg/m³,4
2025-12-07 11:00:00+00:00,Peshawar,166.8,µg/m³,4
2025-12-07 12:00:00+00:00,Peshawar,242.0,µg/m³,3
2025-12-07 13:00:00+00:00,Peshawar,274.625,µg/m³,4
2025-12-07 14:00:00+00:00,Peshawar,301.875,µg/m³,4
2025-12-07 15:00:00+00:00,Peshawar,309.85,µg/m³,4
2025-12-07 16:00:00+00:00,Peshawar,332.6666666666667,µg/m³,3
2025-12-07 17:00:00+00:00,Peshawar,335.25,µg/m³,4
2025-12-07 18:00:00+00:00,Peshawar,287.7,µg/m³,4
2025-12-07 19:00:00+00:00,Peshawar,275.075,µg/m³,4
2025-12-07 20:00:00+00:00,Peshawar,268.375,µg/m³,4
2025-12-07 21:00:00+00:00,Peshawar,200.4333333333333,µg/m³,3
2025-12-07 22:00:00+00:00,Peshawar,166.075,µg/m³,4
2025-12-07 23:00:00+00:00,Peshawar,195.66666666666666,µg/m³,3
2025-12-08 00:00:00+00:00,Peshawar,193.8,µg/m³,4
2025-12-08 01:00:00+00:00,Peshawar,203.35,µg/m³,4
2025-12-08 02:00:00+00:00,Peshawar,229.2,µg/m³,4
2025-12-08 03:00:00+00:00,Peshawar,177.5,µg/m³,1
2025-12-08 04:00:00+00:00,Peshawar,195.95,µg/m³,2
2025-12-08 05:00:00+00:00,Peshawar,170.3,µg/m³,2
2025-12-08 06:00:00+00:00,Peshawar,142.25,µg/m³,2
2025-12-08 07:00:00+00:00,Peshawar,123.85,µg/m³,2
2025-12-08 08:00:00+00:00,Peshawar,153.33333333333334,µg/m³,3
2025-12-08 09:00:00+00:00,Peshawar,142.775,µg/m³,4
2025-12-08 10:00:00+00:00,Peshawar,137.45,µg/m³,4
2025-12-08 11:00:00+00:00,Peshawar,185.35,µg/m³,4
2025-12-08 12:00:00+00:00,Peshawar,244.7,µg/m³,4
2025-12-08 13:00:00+00:00,Peshawar,280.825,µg/m³,4
2025-12-08 14:00:00+00:00,Peshawar,263.8,µg/m³,2
2025-12-08 15:00:00+00:00,Peshawar,296.0,µg/m³,1
2025-12-08 16:00:00+00:00,Peshawar,309.0,µg/m³,1
2025-12-08 17:00:00+00:00,Peshawar,267.35,µg/m³,2
2025-12-08 18:00:00+00:00,Peshawar,269.0,µg/m³,1
2025-12-08 19:00:00+00:00,Peshawar,253.525,µg/m³,4
2025-12-08 20:00:00+00:00,Peshawar,270.23333333333335,µg/m³,3
2025-12-08 21:00:00+00:00,Peshawar,185.70000000000002,µg/m³,3
2025-12-08 22:00:00+00:00,Peshawar,123.33333333333333,µg/m³,3
2025-12-08 23:00:00+00:00,Peshawar,99.0,µg/m³,2
2025-12-09 00:00:00+00:00,Peshawar,89.0,µg/m³,2
2025-12-09 01:00:00+00:00,Peshawar,121.66666666666667,µg/m³,3
2025-12-09 02:00:00+00:00,Peshawar,121.3,µg/m³,2
2025-12-09 03:00:00+00:00,Peshawar,160.4,µg/m³,2
2025-12-09 04:00:00+00:00,Peshawar,166.15,µg/m³,2
2025-12-09 05:00:00+00:00,Peshawar,149.25,µg/m³,2
2025-12-09 06:00:00+00:00,Peshawar,116.2,µg/m³,2
2025-12-09 07:00:00+00:00,Peshawar,189.0,µg/m³,3
2025-12-09 08:00:00+00:00,Peshawar,173.66666666666666,µg/m³,3
2025-12-09 09:00:00+00:00,Peshawar,94.1,µg/m³,4
2025-12-09 10:00:00+00:00,Peshawar,105.4,µg/m³,4
2025-12-09 11:00:00+00:00,Peshawar,128.4,µg/m³,4
2025-12-09 12:00:00+00:00,Peshawar,176.725,µg/m³,4
2025-12-09 13:00:00+00:00,Peshawar,215.3,µg/m³,4
2025-12-09 14:00:00+00:00,Peshawar,272.175,µg/m³,4
2025-12-09 15:00:00+00:00,Peshawar,232.75,µg/m³,2
2025-12-09 16:00:00+00:00,Peshawar,302.0,µg/m³,1
2025-12-09 17:00:00+00:00,Peshawar,271.55,µg/m³,2
2025-12-09 18:00:00+00:00,Peshawar,269.25,µg/m³,2
2025-12-09 19:00:00+00:00,Peshawar,270.0,µg/m³,4
2025-12-09 20:00:00+00:00,Peshawar,242.775,µg/m³,4
2025-12-09 21:00:00+00:00,Peshawar,208.0,µg/m³,4
2025-12-09 22:00:00+00:00,Peshawar,153.525,µg/m³,4
2025-12-09 23:00:00+00:00,Peshawar,197.0,µg/m³,3
2025-12-10 00:00:00+00:00,Peshawar,170.0,µg/m³,3
2025-12-10 01:00:00+00:00,Peshawar,153.0,µg/m³,3
2025-12-10 02:00:00+00:00,Peshawar,178.33333333333334,µg/m³,3
2025-12-10 03:00:00+00:00,Peshawar,165.15,µg/m³,2
2025-12-10 04:00:00+00:00,Peshawar,184.7,µg/m³,2
2025-12-10 05:00:00+00:00,Peshawar,147.4,µg/m³,2
2025-12-10 06:00:00+00:00,Peshawar,94.06666666666666,µg/m³,3
2025-12-10 07:00:00+00:00,Peshawar,103.86666666666667,µg/m³,3
2025-12-10 08:00:00+00:00,Peshawar,105.8,µg/m³,3
2025-12-10 09:00:00+00:00,Peshawar,104.89999999999999,µg/m³,3
2025-12-10 10:00:00+00:00,Peshawar,99.76666666666667,µg/m³,3
2025-12-10 11:00:00+00:00,Peshawar,122.63333333333333,µg/m³,3
2025-12-10 12:00:00+00:00,Peshawar,171.86666666666667,µg/m³,3
2025-12-10 13:00:00+00:00,Peshawar,168.95,µg/m³,2
2025-12-10 14:00:00+00:00,Peshawar,214.95,µg/m³,2
2025-12-10 15:00:00+00:00,Peshawar,229.75,µg/m³,2
2025-12-10 16:00:00+00:00,Peshawar,228.05,µg/m³,2
2025-12-10 17:00:00+00:00,Peshawar,240.85,µg/m³,2
2025-12-10 18:00:00+00:00,Peshawar,273.475,µg/m³,4
2025-12-10 19:00:00+00:00,Peshawar,253.625,µg/m³,4
2025-12-10 20:00:00+00:00,Peshawar,189.775,µg/m³,4
2025-12-10 21:00:00+00:00,Peshawar,147.5,µg/m³,4
2025-12-10 22:00:00+00:00,Peshawar,121.225,µg/m³,4
2025-12-10 23:00:00+00:00,Peshawar,125.1,µg/m³,4
2025-12-11 00:00:00+00:00,Peshawar,159.9,µg/m³,4
2025-12-11 01:00:00+00:00,Peshawar,173.625,µg/m³,4
2025-12-11 02:00:00+00:00,Peshawar,159.3,µg/m³,2
2025-12-11 03:00:00+00:00,Peshawar,187.75,µg/m³,2
2025-12-11 04:00:00+00:00,Peshawar,209.05,µg/m³,2
2025-12-11 05:00:00+00:00,Peshawar,186.0,µg/m³,2
2025-12-11 06:00:00+00:00,Peshawar,169.4,µg/m³,2
2025-12-11 07:00:00+00:00,Peshawar,184.6,µg/m³,4
2025-12-11 08:00:00+00:00,Peshawar,160.975,µg/m³,4
2025-12-11 09:00:00+00:00,Peshawar,169.625,µg/m³,4
2025-12-11 10:00:00+00:00,Peshawar,172.65,µg/m³,4
2025-12-11 11:00:00+00:00,Peshawar,198.65,µg/m³,4
2025-12-11 12:00:00+00:00,Peshawar,234.525,µg/m³,4
2025-12-11 13:00:00+00:00,Peshawar,263.425,µg/m³,4
2025-12-11 14:00:00+00:00,Peshawar,283.0,µg/m³,1
2025-12-11 15:00:00+00:00,Peshawar,243.1,µg/m³,2
2025-12-11 16:00:00+00:00,Peshawar,271.25,µg/m³,2
2025-12-11 17:00:00+00:00,Peshawar,247.15,µg/m³,2
2025-12-11 18:00:00+00:00,Peshawar,275.025,µg/m³,4
2025-12-11 19:00:00+00:00,Peshawar,286.275,µg/m³,4
2025-12-11 20:00:00+00:00,Peshawar,265.2,µg/m³,4
2025-12-11 21:00:00+00:00,Peshawar,255.625,µg/m³,4
2025-12-11 22:00:00+00:00,Peshawar,243.25,µg/m³,4
2025-12-11 23:00:00+00:00,Peshawar,245.33333333333334,µg/m³,3
2025-12-12 00:00:00+00:00,Peshawar,184.425,µg/m³,4
2025-12-12 01:00:00+00:00,Peshawar,106.0,µg/m³,1
2025-12-12 02:00:00+00:00,Peshawar,185.0,µg/m³,1
2025-12-12 03:00:00+00:00,Peshawar,184.8,µg/m³,2
2025-12-12 04:00:00+00:00,Peshawar,211.25,µg/m³,2
2025-12-12 05:00:00+00:00,Peshawar,203.4,µg/m³,2
2025-12-12 06:00:00+00:00,Peshawar,199.9,µg/m³,2
2025-12-12 07:00:00+00:00,Peshawar,205.45,µg/m³,2
2025-12-12 08:00:00+00:00,Peshawar,220.9,µg/m³,2
2025-12-12 09:00:00+00:00,Peshawar,204.6,µg/m³,2
2025-12-12 10:00:00+00:00,Peshawar,184.85,µg/m³,2
2025-12-12 11:00:00+00:00,Peshawar,193.3,µg/m³,2
2025-12-12 12:00:00+00:00,Peshawar,236.55,µg/m³,2
2025-12-12 13:00:00+00:00,Peshawar,264.35,µg/m³,2
2025-12-12 14:00:00+00:00,Peshawar,353.0,µg/m³,1
2025-12-12 15:00:00+00:00,Peshawar,294.75,µg/m³,2
2025-12-12 16:00:00+00:00,Peshawar,296.15,µg/m³,2
2025-12-12 17:00:00+00:00,Peshawar,328.7,µg/m³,2
2025-12-12 18:00:00+00:00,Peshawar,315.1,µg/m³,2
2025-12-12 19:00:00+00:00,Peshawar,303.2,µg/m³,2
2025-12-12 20:00:00+00:00,Peshawar,215.2,µg/m³,1
2025-12-12 21:00:00+00:00,Peshawar,180.3,µg/m³,2
2025-12-12 22:00:00+00:00,Peshawar,182.14999999999998,µg/m³,2
2025-12-12 23:00:00+00:00,Peshawar,153.0,µg/m³,1
2025-12-13 00:00:00+00:00,Peshawar,254.95,µg/m³,2
2025-12-13 01:00:00+00:00,Peshawar,248.45,µg/m³,2
2025-12-13 02:00:00+00:00,Peshawar,229.1,µg/m³,2
2025-12-13 03:00:00+00:00,Peshawar,239.75,µg/m³,2
2025-12-13 04:00:00+00:00,Peshawar,268.25,µg/m³,2
2025-12-13 05:00:00+00:00,Peshawar,264.75,µg/m³,2
2025-12-13 06:00:00+00:00,Peshawar,268.2,µg/m³,2
2025-12-13 07:00:00+00:00,Peshawar,247.9,µg/m³,2
2025-12-13 08:00:00+00:00,Peshawar,223.95,µg/m³,2
2025-12-13 09:00:00+00:00,Peshawar,237.8,µg/m³,2
2025-12-13 10:00:00+00:00,Peshawar,218.9,µg/m³,2
2025-12-13 11:00:00+00:00,Peshawar,232.0,µg/m³,2
2025-12-13 12:00:00+00:00,Peshawar,324.0,µg/m³,1
2025-12-13 13:00:00+00:00,Peshawar,382.0,µg/m³,1
2025-12-13 14:00:00+00:00,Peshawar,347.05,µg/m³,2
2025-12-13 15:00:00+00:00,Peshawar,318.9,µg/m³,1
2025-12-13 17:00:00+00:00,Peshawar,320.9,µg/m³,1
2025-12-13 18:00:00+00:00,Peshawar,283.8,µg/m³,1
2025-12-13 19:00:00+00:00,Peshawar,254.6,µg/m³,1
2025-12-13 20:00:00+00:00,Peshawar,197.15,µg/m³,2
2025-12-13 21:00:00+00:00,Peshawar,191.3,µg/m³,2
2025-12-13 22:00:00+00:00,Peshawar,178.5,µg/m³,2
2025-12-13 23:00:00+00:00,Peshawar,165.9,µg/m³,1
2025-12-14 00:00:00+00:00,Peshawar,183.1,µg/m³,1
2025-12-14 01:00:00+00:00,Peshawar,219.35,µg/m³,2
2025-12-14 02:00:00+00:00,Peshawar,208.4,µg/m³,2
2025-12-14 03:00:00+00:00,Peshawar,208.45,µg/m³,2
2025-12-14 04:00:00+00:00,Peshawar,264.35,µg/m³,2
2025-12-14 05:00:00+00:00,Peshawar,221.3,µg/m³,2
2025-12-14 06:00:00+00:00,Peshawar,323.0,µg/m³,1
2025-12-14 07:00:00+00:00,Peshawar,231.05,µg/m³,2
2025-12-14 08:00:00+00:00,Peshawar,232.8,µg/m³,2
2025-12-14 09:00:00+00:00,Peshawar,214.1,µg/m³,2
2025-12-14 10:00:00+00:00,Peshawar,212.45,µg/m³,2
2025-12-14 11:00:00+00:00,Peshawar,136.6,µg/m³,1
2025-12-14 12:00:00+00:00,Peshawar,388.0,µg/m³,1
2025-12-14 13:00:00+00:00,Peshawar,382.0,µg/m³,1
2025-12-14 14:00:00+00:00,Peshawar,287.5,µg/m³,2
2025-12-14 15:00:00+00:00,Peshawar,262.0,µg/m³,2
2025-12-14 16:00:00+00:00,Peshawar,266.7,µg/m³,2
2025-12-14 17:00:00+00:00,Peshawar,315.95,µg/m³,2
2025-12-14 18:00:00+00:00,Peshawar,303.45,µg/m³,2
2025-12-14 19:00:00+00:00,Peshawar,290.55,µg/m³,2
2025-12-14 20:00:00+00:00,Peshawar,298.7,µg/m³,2
2025-12-14 21:00:00+00:00,Peshawar,226.6,µg/m³,1
2025-12-14 22:00:00+00:00,Peshawar,174.35000000000002,µg/m³,2
2025-12-14 23:00:00+00:00,Peshawar,196.9,µg/m³,1
2025-12-15 00:00:00+00:00,Peshawar,187.3,µg/m³,1
2025-12-15 01:00:00+00:00,Peshawar,134.5,µg/m³,1
2025-12-15 02:00:00+00:00,Peshawar,126.95,µg/m³,2
2025-12-15 03:00:00+00:00,Peshawar,243.45,µg/m³,2
2025-12-15 04:00:00+00:00,Peshawar,238.4,µg/m³,2
2025-12-15 05:00:00+00:00,Peshawar,267.95,µg/m³,2
2025-12-15 06:00:00+00:00,Peshawar,236.35,µg/m³,2
2025-12-15 07:00:00+00:00,Peshawar,214.65,µg/m³,2
2025-12-15 08:00:00+00:00,Peshawar,171.7,µg/m³,2
2025-12-15 09:00:00+00:00,Peshawar,135.45,µg/m³,2
2025-12-15 10:00:00+00:00,Peshawar,132.15,µg/m³,2
2025-12-15 11:00:00+00:00,Peshawar,176.7,µg/m³,2
2025-12-15 12:00:00+00:00,Peshawar,218.75,µg/m³,2
2025-12-15 13:00:00+00:00,Peshawar,259.4,µg/m³,2
2025-12-15 14:00:00+00:00,Peshawar,301.05,µg/m³,2
2025-12-15 15:00:00+00:00,Peshawar,307.6,µg/m³,2
2025-12-15 16:00:00+00:00,Peshawar,295.85,µg/m³,2
2025-12-15 17:00:00+00:00,Peshawar,270.4,µg/m³,2
2025-12-15 18:00:00+00:00,Peshawar,286.6,µg/m³,2
2025-12-15 19:00:00+00:00,Peshawar,258.05,µg/m³,2
2025-12-15 20:00:00+00:00,Peshawar,244.1,µg/m³,2
2025-12-15 21:00:00+00:00,Peshawar,238.05,µg/m³,2
2025-12-15 22:00:00+00:00,Peshawar,237.75,µg/m³,2
2025-12-15 23:00:00+00:00,Peshawar,219.45,µg/m³,2
2025-12-16 00:00:00+00:00,Peshawar,252.0,µg/m³,1
2025-12-16 01:00:00+00:00,Peshawar,181.5,µg/m³,2
2025-12-16 02:00:00+00:00,Peshawar,189.1,µg/m³,2
2025-12-16 03:00:00+00:00,Peshawar,214.45,µg/m³,2
2025-12-16 04:00:00+00:00,Peshawar,240.7,µg/m³,2
2025-12-16 05:00:00+00:00,Peshawar,254.05,µg/m³,2
2025-12-16 06:00:00+00:00,Peshawar,254.4,µg/m³,2
2025-12-16 07:00:00+00:00,Peshawar,238.15,µg/m³,2
2025-12-16 08:00:00+00:00,Peshawar,158.35,µg/m³,2
2025-12-16 09:00:00+00:00,Peshawar,150.1,µg/m³,2
2025-12-16 10:00:00+00:00,Peshawar,150.3,µg/m³,2
2025-12-16 11:00:00+00:00,Peshawar,127.7,µg/m³,2
2025-12-16 12:00:00+00:00,Peshawar,137.35,µg/m³,2
2025-12-16 13:00:00+00:00,Peshawar,190.8,µg/m³,2
2025-12-16 14:00:00+00:00,Peshawar,206.05,µg/m³,2
2025-12-16 15:00:00+00:00,Peshawar,239.55,µg/m³,2
2025-12-16 16:00:00+00:00,Peshawar,286.0,µg/m³,1
2025-12-16 17:00:00+00:00,Peshawar,254.25,µg/m³,2
2025-12-16 18:00:00+00:00,Peshawar,256.85,µg/m³,2
2025-12-16 19:00:00+00:00,Peshawar,251.7,µg/m³,2
2025-12-16 20:00:00+00:00,Peshawar,258.45,µg/m³,2
2025-12-16 21:00:00+00:00,Peshawar,241.4,µg/m³,2
2025-12-16 22:00:00+00:00,Peshawar,247.8,µg/m³,2
2025-12-16 23:00:00+00:00,Peshawar,254.6,µg/m³,2
2025-12-17 00:00:00+00:00,Peshawar,257.9,µg/m³,2
2025-12-17 01:00:00+00:00,Peshawar,188.2,µg/m³,1
2025-12-17 02:00:00+00:00,Peshawar,185.5,µg/m³,1
2025-12-17 03:00:00+00:00,Peshawar,251.55,µg/m³,2
2025-12-17 04:00:00+00:00,Peshawar,273.45,µg/m³,2
2025-12-17 05:00:00+00:00,Peshawar,296.8,µg/m³,2
2025-12-17 06:00:00+00:00,Peshawar,299.85,µg/m³,2
2025-12-17 07:00:00+00:00,Peshawar,267.3,µg/m³,2
2025-12-17 08:00:00+00:00,Peshawar,226.25,µg/m³,2
2025-12-17 09:00:00+00:00,Peshawar,213.25,µg/m³,2
2025-12-17 10:00:00+00:00,Peshawar,199.8,µg/m³,2
2025-12-17 11:00:00+00:00,Peshawar,213.45,µg/m³,2
2025-12-17 12:00:00+00:00,Peshawar,273.7,µg/m³,2
2025-12-17 13:00:00+00:00,Peshawar,435.0,µg/m³,1
2025-12-17 14:00:00+00:00,Peshawar,401.0,µg/m³,1
2025-12-17 15:00:00+00:00,Peshawar,439.0,µg/m³,1
2025-12-17 16:00:00+00:00,Peshawar,467.0,µg/m³,1
2025-12-17 17:00:00+00:00,Peshawar,453.0,µg/m³,1
2025-12-17 18:00:00+00:00,Peshawar,443.0,µg/m³,1
2025-12-17 19:00:00+00:00,Peshawar,368.25,µg/m³,2
2025-12-17 20:00:00+00:00,Peshawar,353.4,µg/m³,2
2025-12-17 21:00:00+00:00,Peshawar,334.0,µg/m³,2
2025-12-17 22:00:00+00:00,Peshawar,296.65,µg/m³,2
2025-12-17 23:00:00+00:00,Peshawar,339.0,µg/m³,1
2025-12-18 00:00:00+00:00,Peshawar,322.0,µg/m³,1
2025-12-18 01:00:00+00:00,Peshawar,192.5,µg/m³,1
2025-12-18 02:00:00+00:00,Peshawar,251.7,µg/m³,2
2025-12-18 03:00:00+00:00,Peshawar,254.45,µg/m³,2
2025-12-18 04:00:00+00:00,Peshawar,245.95,µg/m³,2
2025-12-18 05:00:00+00:00,Peshawar,260.0,µg/m³,2
2025-12-18 06:00:00+00:00,Peshawar,287.2,µg/m³,2
2025-12-18 07:00:00+00:00,Peshawar,286.65,µg/m³,2
2025-12-18 08:00:00+00:00,Peshawar,253.45,µg/m³,2
2025-12-18 09:00:00+00:00,Peshawar,279.45,µg/m³,2
2025-12-18 10:00:00+00:00,Peshawar,283.7,µg/m³,2
2025-12-18 11:00:00+00:00,Peshawar,300.15,µg/m³,2
2025-12-18 12:00:00+00:00,Peshawar,319.35,µg/m³,2
2025-12-18 13:00:00+00:00,Peshawar,345.5,µg/m³,2
2025-12-18 14:00:00+00:00,Peshawar,358.6,µg/m³,2
2025-12-18 15:00:00+00:00,Peshawar,360.4,µg/m³,2
2025-12-18 16:00:00+00:00,Peshawar,444.0,µg/m³,1
2025-12-18 17:00:00+00:00,Peshawar,348.15,µg/m³,2
2025-12-18 18:00:00+00:00,Peshawar,284.9,µg/m³,2
2025-12-18 19:00:00+00:00,Peshawar,229.05,µg/m³,2
2025-12-18 20:00:00+00:00,Peshawar,203.0,µg/m³,2
2025-12-18 21:00:00+00:00,Peshawar,161.0,µg/m³,1
2025-12-18 22:00:00+00:00,Peshawar,143.0,µg/m³,1
2025-12-18 23:00:00+00:00,Peshawar,133.0,µg/m³,1
2025-12-19 00:00:00+00:00,Peshawar,134.0,µg/m³,1
2025-12-19 01:00:00+00:00,Peshawar,191.6,µg/m³,2
2025-12-19 02:00:00+00:00,Peshawar,204.8,µg/m³,2
2025-12-19 03:00:00+00:00,Peshawar,192.5,µg/m³,2
2025-12-19 04:00:00+00:00,Peshawar,257.35,µg/m³,2
2025-12-19 05:00:00+00:00,Peshawar,286.0,µg/m³,1
2025-12-19 06:00:00+00:00,Peshawar,274.7,µg/m³,2
2025-12-19 07:00:00+00:00,Peshawar,246.05,µg/m³,2
2025-12-19 08:00:00+00:00,Peshawar,154.35,µg/m³,2
2025-12-19 09:00:00+00:00,Peshawar,100.0,µg/m³,2
2025-12-19 10:00:00+00:00,Peshawar,198.3,µg/m³,2
2025-12-19 11:00:00+00:00,Peshawar,118.6,µg/m³,1
2025-12-19 12:00:00+00:00,Peshawar,231.9,µg/m³,2
2025-12-19 13:00:00+00:00,Peshawar,256.75,µg/m³,2
2025-12-19 14:00:00+00:00,Peshawar,427.0,µg/m³,1
2025-12-19 15:00:00+00:00,Peshawar,341.8,µg/m³,2
2025-12-19 16:00:00+00:00,Peshawar,411.0,µg/m³,1
2025-12-19 17:00:00+00:00,Peshawar,396.0,µg/m³,1
2025-12-19 18:00:00+00:00,Peshawar,404.0,µg/m³,1
2025-12-19 19:00:00+00:00,Peshawar,410.0,µg/m³,1
2025-12-19 20:00:00+00:00,Peshawar,390.0,µg/m³,1
2025-12-19 21:00:00+00:00,Peshawar,370.0,µg/m³,1
2025-12-20 02:00:00+00:00,Peshawar,150.4,µg/m³,1
2025-12-20 03:00:00+00:00,Peshawar,348.0,µg/m³,1
2025-12-20 04:00:00+00:00,Peshawar,389.0,µg/m³,1
2025-12-20 05:00:00+00:00,Peshawar,305.85,µg/m³,2
2025-12-20 06:00:00+00:00,Peshawar,330.35,µg/m³,2
2025-12-20 07:00:00+00:00,Peshawar,387.0,µg/m³,1
2025-12-20 08:00:00+00:00,Peshawar,296.2,µg/m³,2
2025-12-20 09:00:00+00:00,Peshawar,414.0,µg/m³,1
2025-12-20 10:00:00+00:00,Peshawar,306.3,µg/m³,2
2025-12-20 11:00:00+00:00,Peshawar,329.1,µg/m³,2
2025-12-20 12:00:00+00:00,Peshawar,345.5,µg/m³,2
2025-12-20 13:00:00+00:00,Peshawar,366.7,µg/m³,2
2025-12-20 14:00:00+00:00,Peshawar,366.3,µg/m³,2
2025-12-20 15:00:00+00:00,Peshawar,374.1,µg/m³,2
2025-12-20 16:00:00+00:00,Peshawar,378.0,µg/m³,2
2025-12-20 17:00:00+00:00,Peshawar,415.3,µg/m³,2
2025-12-20 18:00:00+00:00,Peshawar,360.4,µg/m³,2
2025-12-20 19:00:00+00:00,Peshawar,296.2,µg/m³,1
2025-12-20 20:00:00+00:00,Peshawar,249.05,µg/m³,2
2025-12-20 21:00:00+00:00,Peshawar,284.3,µg/m³,1
2025-12-20 22:00:00+00:00,Peshawar,273.9,µg/m³,2
2025-12-21 00:00:00+00:00,Peshawar,232.85,µg/m³,2
2025-12-21 01:00:00+00:00,Peshawar,215.95,µg/m³,2
2025-12-21 02:00:00+00:00,Peshawar,225.0,µg/m³,2
2025-12-21 03:00:00+00:00,Peshawar,152.2,µg/m³,1
2025-12-21 04:00:00+00:00,Peshawar,131.1,µg/m³,1
2025-12-21 05:00:00+00:00,Peshawar,198.3,µg/m³,1
2025-12-21 06:00:00+00:00,Peshawar,257.8,µg/m³,2
2025-12-21 07:00:00+00:00,Peshawar,229.0,µg/m³,1
2025-12-21 08:00:00+00:00,Peshawar,192.0,µg/m³,1
2025-12-21 09:00:00+00:00,Peshawar,193.0,µg/m³,1
2025-12-21 10:00:00+00:00,Peshawar,114.3,µg/m³,2
2025-12-21 11:00:00+00:00,Peshawar,119.0,µg/m³,2
2025-12-21 12:00:00+00:00,Peshawar,121.75,µg/m³,2
2025-12-21 13:00:00+00:00,Peshawar,124.15,µg/m³,2
2025-12-21 14:00:00+00:00,Peshawar,79.5,µg/m³,1
2025-12-21 15:00:00+00:00,Peshawar,79.3,µg/m³,1
2025-12-21 17:00:00+00:00,Peshawar,141.5,µg/m³,1
2025-12-21 18:00:00+00:00,Peshawar,117.85000000000001,µg/m³,2
2025-12-21 19:00:00+00:00,Peshawar,145.2,µg/m³,1
2025-12-21 20:00:00+00:00,Peshawar,63.45,µg/m³,2
2025-12-21 21:00:00+00:00,Peshawar,51.7,µg/m³,1
2025-12-21 22:00:00+00:00,Peshawar,38.75,µg/m³,2
2025-12-21 23:00:00+00:00,Peshawar,35.2,µg/m³,1
2025-12-22 00:00:00+00:00,Peshawar,51.85,µg/m³,2
2025-12-22 01:00:00+00:00,Peshawar,40.05,µg/m³,2
2025-12-22 02:00:00+00:00,Peshawar,48.7,µg/m³,2
2025-12-22 03:00:00+00:00,Peshawar,39.1,µg/m³,1
2025-12-22 04:00:00+00:00,Peshawar,66.55,µg/m³,2
2025-12-22 05:00:00+00:00,Peshawar,79.2,µg/m³,2
2025-12-22 06:00:00+00:00,Peshawar,60.25,µg/m³,2
2025-12-22 07:00:00+00:00,Peshawar,53.2,µg/m³,2
2025-12-22 08:00:00+00:00,Peshawar,50.55,µg/m³,2
2025-12-22 09:00:00+00:00,Peshawar,49.4,µg/m³,2
2025-12-22 10:00:00+00:00,Peshawar,36.85,µg/m³,2
2025-12-22 11:00:00+00:00,Peshawar,53.0,µg/m³,2
2025-12-22 12:00:00+00:00,Peshawar,60.45,µg/m³,2
2025-12-22 14:00:00+00:00,Peshawar,29.4,µg/m³,1
2025-12-22 15:00:00+00:00,Peshawar,39.9,µg/m³,1
2025-12-22 16:00:00+00:00,Peshawar,48.35,µg/m³,2
2025-12-22 17:00:00+00:00,Peshawar,62.1,µg/m³,1
2025-12-22 18:00:00+00:00,Peshawar,51.65,µg/m³,2
2025-12-22 19:00:00+00:00,Peshawar,47.150000000000006,µg/m³,2
2025-12-22 20:00:00+00:00,Peshawar,40.900000000000006,µg/m³,2
2025-12-22 21:00:00+00:00,Peshawar,38.0,µg/m³,2
2025-12-22 22:00:00+00:00,Peshawar,32.4,µg/m³,2
2025-12-22 23:00:00+00:00,Peshawar,24.0,µg/m³,1
2025-12-23 00:00:00+00:00,Peshawar,35.349999999999994,µg/m³,2
2025-12-23 01:00:00+00:00,Peshawar,36.7,µg/m³,2
2025-12-23 02:00:00+00:00,Peshawar,38.65,µg/m³,2
2025-12-23 03:00:00+00:00,Peshawar,106.05,µg/m³,2
2025-12-23 04:00:00+00:00,Peshawar,97.75,µg/m³,2
2025-12-23 05:00:00+00:00,Peshawar,54.2,µg/m³,1
2025-12-23 06:00:00+00:00,Peshawar,43.8,µg/m³,2
2025-12-23 07:00:00+00:00,Peshawar,43.7,µg/m³,2
2025-12-23 08:00:00+00:00,Peshawar,39.2,µg/m³,2
2025-12-23 09:00:00+00:00,Peshawar,36.35,µg/m³,2
2025-12-23 10:00:00+00:00,Peshawar,29.5,µg/m³,2
2025-12-23 11:00:00+00:00,Peshawar,25.05,µg/m³,2
2025-12-23 12:00:00+00:00,Peshawar,40.35,µg/m³,2
2025-12-23 13:00:00+00:00,Peshawar,37.15,µg/m³,2
2025-12-23 14:00:00+00:00,Peshawar,32.75,µg/m³,2
2025-12-23 15:00:00+00:00,Peshawar,78.6,µg/m³,2
2025-12-23 16:00:00+00:00,Peshawar,90.8,µg/m³,2
2025-12-23 17:00:00+00:00,Peshawar,88.05,µg/m³,2
2025-12-23 18:00:00+00:00,Peshawar,80.15,µg/m³,2
2025-12-23 19:00:00+00:00,Peshawar,89.1,µg/m³,2
2025-12-23 20:00:00+00:00,Peshawar,62.8,µg/m³,2
2025-12-23 21:00:00+00:00,Peshawar,71.45,µg/m³,2
2025-12-23 22:00:00+00:00,Peshawar,64.75,µg/m³,2
2025-12-23 23:00:00+00:00,Peshawar,55.7,µg/m³,2
2025-12-24 00:00:00+00:00,Peshawar,67.55,µg/m³,2
2025-12-24 01:00:00+00:00,Peshawar,72.6,µg/m³,2
2025-12-24 02:00:00+00:00,Peshawar,87.05,µg/m³,2
2025-12-24 03:00:00+00:00,Peshawar,111.55,µg/m³,2
2025-12-24 04:00:00+00:00,Peshawar,94.3,µg/m³,2
2025-12-24 05:00:00+00:00,Peshawar,66.45,µg/m³,2
2025-12-24 06:00:00+00:00,Peshawar,83.0,µg/m³,1
2025-12-24 07:00:00+00:00,Peshawar,68.0,µg/m³,1
2025-12-24 08:00:00+00:00,Peshawar,65.0,µg/m³,1
2025-12-24 09:00:00+00:00,Peshawar,46.4,µg/m³,2
2025-12-24 10:00:00+00:00,Peshawar,47.2,µg/m³,2
2025-12-24 11:00:00+00:00,Peshawar,53.15,µg/m³,2
2025-12-24 12:00:00+00:00,Peshawar,61.6,µg/m³,1
2025-12-24 13:00:00+00:00,Peshawar,170.0,µg/m³,2
2025-12-24 14:00:00+00:00,Peshawar,178.0,µg/m³,1
2025-12-24 15:00:00+00:00,Peshawar,171.45,µg/m³,2
2025-12-24 16:00:00+00:00,Peshawar,230.0,µg/m³,1
2025-12-24 17:00:00+00:00,Peshawar,163.55,µg/m³,2
2025-12-24 18:00:00+00:00,Peshawar,126.1,µg/m³,2
2025-12-24 19:00:00+00:00,Peshawar,117.7,µg/m³,2
2025-12-24 20:00:00+00:00,Peshawar,91.0,µg/m³,2
2025-12-24 21:00:00+00:00,Peshawar,84.75,µg/m³,2
2025-12-24 22:00:00+00:00,Peshawar,64.4,µg/m³,2
2025-12-24 23:00:00+00:00,Peshawar,64.0,µg/m³,1
2025-12-25 00:00:00+00:00,Peshawar,61.15,µg/m³,2
2025-12-25 01:00:00+00:00,Peshawar,67.25,µg/m³,2
2025-12-25 02:00:00+00:00,Peshawar,92.1,µg/m³,2
2025-12-25 03:00:00+00:00,Peshawar,144.15,µg/m³,2
2025-12-25 04:00:00+00:00,Peshawar,179.65,µg/m³,2
2025-12-25 05:00:00+00:00,Peshawar,161.85,µg/m³,2
2025-12-25 06:00:00+00:00,Peshawar,76.5,µg/m³,2
2025-12-25 07:00:00+00:00,Peshawar,69.25,µg/m³,2
2025-12-25 08:00:00+00:00,Peshawar,68.65,µg/m³,2
2025-12-25 09:00:00+00:00,Peshawar,46.5,µg/m³,2
2025-12-25 10:00:00+00:00,Peshawar,37.25,µg/m³,2
2025-12-25 11:00:00+00:00,Peshawar,82.45,µg/m³,2
2025-12-25 12:00:00+00:00,Peshawar,94.5,µg/m³,2
2025-12-25 13:00:00+00:00,Peshawar,141.9,µg/m³,2
2025-12-25 14:00:00+00:00,Peshawar,174.45,µg/m³,2
2025-12-25 15:00:00+00:00,Peshawar,181.4,µg/m³,2
2025-12-25 16:00:00+00:00,Peshawar,199.7,µg/m³,2
2025-12-25 17:00:00+00:00,Peshawar,208.4,µg/m³,2
2025-12-25 18:00:00+00:00,Peshawar,156.6,µg/m³,2
2025-12-25 19:00:00+00:00,Peshawar,142.15,µg/m³,2
2025-12-25 20:00:00+00:00,Peshawar,133.6,µg/m³,2
2025-12-25 21:00:00+00:00,Peshawar,134.55,µg/m³,2
2025-12-25 22:00:00+00:00,Peshawar,136.5,µg/m³,2
2025-12-25 23:00:00+00:00,Peshawar,175.0,µg/m³,1
2025-12-26 00:00:00+00:00,Peshawar,136.85,µg/m³,2
2025-12-26 01:00:00+00:00,Peshawar,103.25,µg/m³,2
2025-12-26 02:00:00+00:00,Peshawar,108.05,µg/m³,2
2025-12-26 03:00:00+00:00,Peshawar,135.05,µg/m³,2
2025-12-26 04:00:00+00:00,Peshawar,152.2,µg/m³,2
2025-12-26 05:00:00+00:00,Peshawar,120.0,µg/m³,1
2025-12-26 06:00:00+00:00,Peshawar,134.0,µg/m³,1
2025-12-26 07:00:00+00:00,Peshawar,114.0,µg/m³,1
2025-12-26 08:00:00+00:00,Peshawar,103.0,µg/m³,1
2025-12-26 09:00:00+00:00,Peshawar,100.0,µg/m³,1
2025-12-26 10:00:00+00:00,Peshawar,75.0,µg/m³,1
2025-12-26 11:00:00+00:00,Peshawar,86.0,µg/m³,1
2025-12-26 12:00:00+00:00,Peshawar,105.75,µg/m³,2
2025-12-26 13:00:00+00:00,Peshawar,179.0,µg/m³,1
2025-12-26 14:00:00+00:00,Peshawar,180.85,µg/m³,2
2025-12-26 15:00:00+00:00,Peshawar,191.35,µg/m³,2
2025-12-26 16:00:00+00:00,Peshawar,190.0,µg/m³,1
2025-12-26 17:00:00+00:00,Peshawar,146.45,µg/m³,2
2025-12-26 18:00:00+00:00,Peshawar,130.85,µg/m³,2
2025-12-26 19:00:00+00:00,Peshawar,106.9,µg/m³,2
2025-12-26 20:00:00+00:00,Peshawar,81.45,µg/m³,2
2025-12-26 21:00:00+00:00,Peshawar,62.3,µg/m³,2
2025-12-26 22:00:00+00:00,Peshawar,54.3,µg/m³,2
2025-12-26 23:00:00+00:00,Peshawar,70.0,µg/m³,1
2025-12-27 00:00:00+00:00,Peshawar,71.0,µg/m³,2
2025-12-27 01:00:00+00:00,Peshawar,88.2,µg/m³,2
2025-12-27 02:00:00+00:00,Peshawar,97.95,µg/m³,2
2025-12-27 03:00:00+00:00,Peshawar,137.95,µg/m³,2
2025-12-27 04:00:00+00:00,Peshawar,198.65,µg/m³,2
2025-12-27 05:00:00+00:00,Peshawar,170.85,µg/m³,2
2025-12-27 06:00:00+00:00,Peshawar,188.0,µg/m³,1
2025-12-27 07:00:00+00:00,Peshawar,93.9,µg/m³,2
2025-12-27 08:00:00+00:00,Peshawar,47.05,µg/m³,2
2025-12-27 09:00:00+00:00,Peshawar,36.85,µg/m³,2
2025-12-27 10:00:00+00:00,Peshawar,48.1,µg/m³,2
2025-12-27 11:00:00+00:00,Peshawar,60.05,µg/m³,2
2025-12-27 12:00:00+00:00,Peshawar,92.9,µg/m³,2
2025-12-27 13:00:00+00:00,Peshawar,125.85,µg/m³,2
2025-12-27 14:00:00+00:00,Peshawar,163.5,µg/m³,2
2025-12-27 15:00:00+00:00,Peshawar,181.5,µg/m³,2
2025-12-27 16:00:00+00:00,Peshawar,193.5,µg/m³,2
2025-12-27 17:00:00+00:00,Peshawar,217.95,µg/m³,2
2025-12-27 18:00:00+00:00,Peshawar,188.75,µg/m³,2
2025-12-27 19:00:00+00:00,Peshawar,196.8,µg/m³,2
2025-12-27 20:00:00+00:00,Peshawar,180.65,µg/m³,2
2025-12-27 21:00:00+00:00,Peshawar,140.65,µg/m³,2
2025-12-27 22:00:00+00:00,Peshawar,96.1,µg/m³,2
2025-12-27 23:00:00+00:00,Peshawar,119.0,µg/m³,1
2025-12-28 00:00:00+00:00,Peshawar,112.0,µg/m³,2
2025-12-28 01:00:00+00:00,Peshawar,100.55,µg/m³,2
2025-12-28 02:00:00+00:00,Peshawar,162.95,µg/m³,2
2025-12-28 03:00:00+00:00,Peshawar,252.0,µg/m³,1
2025-12-28 04:00:00+00:00,Peshawar,209.0,µg/m³,2
2025-12-28 05:00:00+00:00,Peshawar,230.8,µg/m³,2
2025-12-28 06:00:00+00:00,Peshawar,249.85,µg/m³,2
2025-12-28 07:00:00+00:00,Peshawar,230.65,µg/m³,2
2025-12-28 08:00:00+00:00,Peshawar,212.7,µg/m³,2
2025-12-28 09:00:00+00:00,Peshawar,220.3,µg/m³,2
2025-12-28 10:00:00+00:00,Peshawar,186.4,µg/m³,2
2025-12-28 11:00:00+00:00,Peshawar,202.15,µg/m³,2
2025-12-28 12:00:00+00:00,Peshawar,316.0,µg/m³,1
2025-12-28 13:00:00+00:00,Peshawar,307.7,µg/m³,2
2025-12-28 14:00:00+00:00,Peshawar,297.45,µg/m³,2
2025-12-28 15:00:00+00:00,Peshawar,318.3,µg/m³,2
2025-12-28 16:00:00+00:00,Peshawar,381.0,µg/m³,1
2025-12-28 17:00:00+00:00,Peshawar,299.45,µg/m³,2
2025-12-28 18:00:00+00:00,Peshawar,263.5,µg/m³,2
2025-12-28 19:00:00+00:00,Peshawar,231.5,µg/m³,2
2025-12-28 20:00:00+00:00,Peshawar,186.7,µg/m³,2
2025-12-28 21:00:00+00:00,Peshawar,186.0,µg/m³,2
2025-12-28 22:00:00+00:00,Peshawar,164.95,µg/m³,2
2025-12-28 23:00:00+00:00,Peshawar,146.4,µg/m³,2
2025-12-29 00:00:00+00:00,Peshawar,139.05,µg/m³,2
2025-12-29 01:00:00+00:00,Peshawar,170.5,µg/m³,2
2025-12-29 02:00:00+00:00,Peshawar,168.7,µg/m³,2
2025-12-29 03:00:00+00:00,Peshawar,202.65,µg/m³,2
2025-12-29 04:00:00+00:00,Peshawar,204.75,µg/m³,2
2025-12-29 05:00:00+00:00,Peshawar,222.8,µg/m³,2
2025-12-29 06:00:00+00:00,Peshawar,194.0,µg/m³,2
2025-12-29 07:00:00+00:00,Peshawar,164.75,µg/m³,2
2025-12-29 08:00:00+00:00,Peshawar,119.25,µg/m³,2
2025-12-29 09:00:00+00:00,Peshawar,103.65,µg/m³,2
2025-12-29 10:00:00+00:00,Peshawar,81.75,µg/m³,2
2025-12-29 11:00:00+00:00,Peshawar,86.85,µg/m³,2
2025-12-29 12:00:00+00:00,Peshawar,136.75,µg/m³,2
2025-12-29 13:00:00+00:00,Peshawar,161.25,µg/m³,2
2025-12-29 14:00:00+00:00,Peshawar,187.6,µg/m³,2
2025-12-29 15:00:00+00:00,Peshawar,173.4,µg/m³,2
2025-12-29 16:00:00+00:00,Peshawar,183.95,µg/m³,2
2025-12-29 17:00:00+00:00,Peshawar,212.65,µg/m³,2
2025-12-29 18:00:00+00:00,Peshawar,211.25,µg/m³,2
2025-12-29 19:00:00+00:00,Peshawar,211.25,µg/m³,2
2025-12-29 20:00:00+00:00,Peshawar,206.55,µg/m³,2
2025-12-29 21:00:00+00:00,Peshawar,210.75,µg/m³,2
2025-12-29 22:00:00+00:00,Peshawar,206.8,µg/m³,2
2025-12-29 23:00:00+00:00,Peshawar,197.2,µg/m³,2
2025-12-30 00:00:00+00:00,Peshawar,213.65,µg/m³,2
2025-12-30 01:00:00+00:00,Peshawar,205.55,µg/m³,2
2025-12-30 02:00:00+00:00,Peshawar,222.85,µg/m³,2
2025-12-30 03:00:00+00:00,Peshawar,256.7,µg/m³,2
2025-12-30 04:00:00+00:00,Peshawar,286.1,µg/m³,2
2025-12-30 05:00:00+00:00,Peshawar,168.9,µg/m³,1
2025-12-30 06:00:00+00:00,Peshawar,225.35,µg/m³,2
2025-12-30 07:00:00+00:00,Peshawar,211.7,µg/m³,2
2025-12-30 08:00:00+00:00,Peshawar,205.4,µg/m³,2
2025-12-30 09:00:00+00:00,Peshawar,209.4,µg/m³,2
2025-12-30 10:00:00+00:00,Peshawar,205.05,µg/m³,2
2025-12-30 11:00:00+00:00,Peshawar,132.9,µg/m³,1
2025-12-30 12:00:00+00:00,Peshawar,101.3,µg/m³,1
2025-12-30 13:00:00+00:00,Peshawar,102.5,µg/m³,1
2025-12-30 15:00:00+00:00,Peshawar,34.8,µg/m³,1
2025-12-30 16:00:00+00:00,Peshawar,35.6,µg/m³,1
2025-12-30 17:00:00+00:00,Peshawar,23.6,µg/m³,1
2025-12-30 18:00:00+00:00,Peshawar,21.0,µg/m³,1
2025-12-30 19:00:00+00:00,Peshawar,21.0,µg/m³,1
2025-12-30 20:00:00+00:00,Peshawar,21.45,µg/m³,2
2025-12-30 21:00:00+00:00,Peshawar,29.950000000000003,µg/m³,2
2025-12-30 22:00:00+00:00,Peshawar,24.6,µg/m³,2
2025-12-30 23:00:00+00:00,Peshawar,24.0,µg/m³,1
2025-12-31 00:00:00+00:00,Peshawar,20.25,µg/m³,2
2025-12-31 01:00:00+00:00,Peshawar,17.6,µg/m³,2
2025-12-31 02:00:00+00:00,Peshawar,33.7,µg/m³,2
2025-12-31 03:00:00+00:00,Peshawar,52.4,µg/m³,1
2025-12-31 04:00:00+00:00,Peshawar,70.0,µg/m³,1
2025-12-31 05:00:00+00:00,Peshawar,98.6,µg/m³,2
2025-12-31 06:00:00+00:00,Peshawar,59.1,µg/m³,1
2025-12-31 07:00:00+00:00,Peshawar,65.9,µg/m³,1
2025-12-31 08:00:00+00:00,Peshawar,116.25,µg/m³,2
2025-12-31 09:00:00+00:00,Peshawar,48.4,µg/m³,2
2025-12-31 10:00:00+00:00,Peshawar,46.55,µg/m³,2
2025-12-31 11:00:00+00:00,Peshawar,51.8,µg/m³,2
2025-12-31 12:00:00+00:00,Peshawar,45.7,µg/m³,2
2025-12-31 13:00:00+00:00,Peshawar,42.3,µg/m³,2
2025-12-31 14:00:00+00:00,Peshawar,31.45,µg/m³,2
2025-12-31 15:00:00+00:00,Peshawar,25.8,µg/m³,2
2025-12-31 16:00:00+00:00,Peshawar,22.1,µg/m³,2
2025-12-31 17:00:00+00:00,Peshawar,9.6,µg/m³,1
2025-12-31 18:00:00+00:00,Peshawar,10.899999999999999,µg/m³,2
2025-12-31 19:00:00+00:00,Peshawar,9.95,µg/m³,2
2025-12-31 20:00:00+00:00,Peshawar,8.850000000000001,µg/m³,2
2025-12-31 21:00:00+00:00,Peshawar,7.8,µg/m³,2
2025-12-31 22:00:00+00:00,Peshawar,7.25,µg/m³,2
2025-12-31 23:00:00+00:00,Peshawar,8.6,µg/m³,1
2026-01-01 00:00:00+00:00,Peshawar,13.55,µg/m³,2
2026-01-01 01:00:00+00:00,Peshawar,14.45,µg/m³,2
2026-01-01 02:00:00+00:00,Peshawar,15.75,µg/m³,2
2026-01-01 03:00:00+00:00,Peshawar,17.9,µg/m³,1
2026-01-01 04:00:00+00:00,Peshawar,31.8,µg/m³,1
2026-01-01 05:00:00+00:00,Peshawar,34.75,µg/m³,2
2026-01-01 06:00:00+00:00,Peshawar,24.05,µg/m³,2
2026-01-01 07:00:00+00:00,Peshawar,20.6,µg/m³,2
2026-01-01 08:00:00+00:00,Peshawar,17.1,µg/m³,2
2026-01-01 09:00:00+00:00,Peshawar,16.6,µg/m³,2
2026-01-01 10:00:00+00:00,Peshawar,17.05,µg/m³,2
2026-01-01 11:00:00+00:00,Peshawar,15.25,µg/m³,2
2026-01-01 12:00:00+00:00,Peshawar,42.0,µg/m³,1
2026-01-01 13:00:00+00:00,Peshawar,70.0,µg/m³,1
2026-01-01 14:00:00+00:00,Peshawar,65.25,µg/m³,2
2026-01-01 15:00:00+00:00,Peshawar,72.25,µg/m³,2
2026-01-01 17:00:00+00:00,Peshawar,106.64999999999999,µg/m³,2
2026-01-01 18:00:00+00:00,Peshawar,86.6,µg/m³,1
2026-01-01 19:00:00+00:00,Peshawar,65.95,µg/m³,2
2026-01-01 20:00:00+00:00,Peshawar,69.35,µg/m³,2
2026-01-01 21:00:00+00:00,Peshawar,46.2,µg/m³,2
2026-01-01 22:00:00+00:00,Peshawar,36.95,µg/m³,2
2026-01-02 00:00:00+00:00,Peshawar,31.25,µg/m³,2
2026-01-02 01:00:00+00:00,Peshawar,40.400000000000006,µg/m³,2
2026-01-02 02:00:00+00:00,Peshawar,44.95,µg/m³,2
2026-01-02 03:00:00+00:00,Peshawar,72.35,µg/m³,2
2026-01-02 04:00:00+00:00,Peshawar,107.1,µg/m³,2
2026-01-02 05:00:00+00:00,Peshawar,77.4,µg/m³,2
2026-01-02 06:00:00+00:00,Peshawar,60.75,µg/m³,2
2026-01-02 07:00:00+00:00,Peshawar,48.2,µg/m³,2
2026-01-02 08:00:00+00:00,Peshawar,38.8,µg/m³,2
2026-01-02 09:00:00+00:00,Peshawar,35.8,µg/m³,2
2026-01-02 10:00:00+00:00,Peshawar,25.7,µg/m³,2
2026-01-02 11:00:00+00:00,Peshawar,31.5,µg/m³,2
2026-01-02 12:00:00+00:00,Peshawar,42.75,µg/m³,2
2026-01-02 13:00:00+00:00,Peshawar,71.7,µg/m³,2
2026-01-02 14:00:00+00:00,Peshawar,107.05,µg/m³,2
2025-10-04 16:00:00+00:00,Faisalabad,131.7557498931885,µg/m³,1
2025-10-04 17:00:00+00:00,Faisalabad,136.01120827992756,µg/m³,1
2025-10-04 18:00:00+00:00,Faisalabad,115.01858342488607,µg/m³,1
2025-10-04 22:00:00+00:00,Faisalabad,38.25750026702881,µg/m³,1
2025-10-04 23:00:00+00:00,Faisalabad,34.842249735196425,µg/m³,1
2025-10-05 00:00:00+00:00,Faisalabad,15.316888883378768,µg/m³,1
2025-10-05 01:00:00+00:00,Faisalabad,7.678291678428651,µg/m³,1
2025-10-05 02:00:00+00:00,Faisalabad,18.952999941507972,µg/m³,1
2025-10-05 03:00:00+00:00,Faisalabad,23.815750010808312,µg/m³,1
2025-10-05 04:00:00+00:00,Faisalabad,24.723166656494143,µg/m³,1
2025-10-05 05:00:00+00:00,Faisalabad,25.763458259900407,µg/m³,1
2025-10-05 06:00:00+00:00,Faisalabad,31.667374777793885,µg/m³,1
2025-10-05 07:00:00+00:00,Faisalabad,20.87837498188019,µg/m³,1
2025-10-05 08:00:00+00:00,Faisalabad,12.843611113230388,µg/m³,1
2025-10-05 09:00:00+00:00,Faisalabad,16.44862498442332,µg/m³,1
2025-10-05 10:00:00+00:00,Faisalabad,18.16570834318797,µg/m³,1
2025-10-05 11:00:00+00:00,Faisalabad,20.972500006357826,µg/m³,1
2025-10-05 12:00:00+00:00,Faisalabad,26.91904167334239,µg/m³,1
2025-10-05 13:00:00+00:00,Faisalabad,33.493249829610185,µg/m³,1
2025-10-05 14:00:00+00:00,Faisalabad,64.21337528228759,µg/m³,1
2025-10-05 15:00:00+00:00,Faisalabad,83.43758328755698,µg/m³,1
2025-10-05 16:00:00+00:00,Faisalabad,67.99220803578694,µg/m³,1
2025-10-05 17:00:00+00:00,Faisalabad,62.85454146067301,µg/m³,1
2025-10-05 18:00:00+00:00,Faisalabad,72.01820863087973,µg/m³,1
2025-10-05 19:00:00+00:00,Faisalabad,60.22095826466878,µg/m³,1
2025-10-05 20:00:00+00:00,Faisalabad,46.75095818837483,µg/m³,1
2025-10-05 21:00:00+00:00,Faisalabad,44.97791659037271,µg/m³,1
2025-10-05 22:00:00+00:00,Faisalabad,24.806791647275286,µg/m³,1
2025-10-05 23:00:00+00:00,Faisalabad,19.830402779579163,µg/m³,1
2025-10-06 00:00:00+00:00,Faisalabad,4.783416671057542,µg/m³,1
2025-10-06 01:00:00+00:00,Faisalabad,20.063916500409444,µg/m³,1
2025-10-06 02:00:00+00:00,Faisalabad,47.264500045776366,µg/m³,1
2025-10-06 03:00:00+00:00,Faisalabad,39.390083440144856,µg/m³,1
2025-10-06 04:00:00+00:00,Faisalabad,45.13699989318848,µg/m³,1
2025-10-06 05:00:00+00:00,Faisalabad,32.84650020599365,µg/m³,1
2025-10-06 06:00:00+00:00,Faisalabad,30.103055715560913,µg/m³,1
2025-10-06 07:00:00+00:00,Faisalabad,19.97598484790686,µg/m³,1
2025-10-06 08:00:00+00:00,Faisalabad,23.416611030366685,µg/m³,1
2025-10-06 09:00:00+00:00,Faisalabad,29.713181813557945,µg/m³,1
2025-10-06 10:00:00+00:00,Faisalabad,23.227575706713125,µg/m³,1
2025-10-06 11:00:00+00:00,Faisalabad,9.590000011302807,µg/m³,1
2025-10-06 12:00:00+00:00,Faisalabad,15.162136358203309,µg/m³,1
2025-10-06 13:00:00+00:00,Faisalabad,32.51420806248982,µg/m³,1
2025-10-06 14:00:00+00:00,Faisalabad,30.668722094429867,µg/m³,1
2025-10-06 15:00:00+00:00,Faisalabad,32.73408320744833,µg/m³,1
2025-10-06 16:00:00+00:00,Faisalabad,33.071750148137404,µg/m³,1
2025-10-06 17:00:00+00:00,Faisalabad,35.76941668192546,µg/m³,1
2025-10-06 18:00:00+00:00,Faisalabad,36.10370855331421,µg/m³,1
2025-10-06 19:00:00+00:00,Faisalabad,37.36020806630452,µg/m³,1
2025-10-06 20:00:00+00:00,Faisalabad,34.13999977111816,µg/m³,1
2025-10-06 21:00:00+00:00,Faisalabad,40.75745855967204,µg/m³,1
2025-10-06 22:00:00+00:00,Faisalabad,39.64873591528998,µg/m³,1
2025-10-06 23:00:00+00:00,Faisalabad,46.036749680837,µg/m³,1
2025-10-07 00:00:00+00:00,Faisalabad,27.410166660944622,µg/m³,1
2025-10-07 01:00:00+00:00,Faisalabad,34.53908341725667,µg/m³,1
2025-10-07 02:00:00+00:00,Faisalabad,30.586416665712992,µg/m³,1
2025-10-07 03:00:00+00:00,Faisalabad,29.54311132166121,µg/m³,1
2025-10-07 04:00:00+00:00,Faisalabad,33.32112496958838,µg/m³,1
2025-10-07 05:00:00+00:00,Faisalabad,10.56348485657663,µg/m³,1
2025-10-07 06:00:00+00:00,Faisalabad,11.631736066606308,µg/m³,1
2025-10-07 07:00:00+00:00,Faisalabad,9.267083326975504,µg/m³,1
2025-10-07 08:00:00+00:00,Faisalabad,11.43969691883434,µg/m³,1
2025-10-07 09:00:00+00:00,Faisalabad,14.841000080108643,µg/m³,1
2025-10-07 10:00:00+00:00,Faisalabad,17.786787842259262,µg/m³,1
2025-10-07 11:00:00+00:00,Faisalabad,24.042638911141292,µg/m³,1
2025-10-07 12:00:00+00:00,Faisalabad,25.429472202724877,µg/m³,1
2025-10-07 13:00:00+00:00,Faisalabad,43.83654155731201,µg/m³,1
2025-10-07 14:00:00+00:00,Faisalabad,44.793652576870386,µg/m³,1
2025-10-07 15:00:00+00:00,Faisalabad,49.64677776760525,µg/m³,1
2025-10-07 16:00:00+00:00,Faisalabad,53.033707745869954,µg/m³,1
2025-10-07 17:00:00+00:00,Faisalabad,57.65537509918212,µg/m³,1
2025-10-07 18:00:00+00:00,Faisalabad,65.04062519073487,µg/m³,1
2025-10-07 19:00:00+00:00,Faisalabad,54.24083340962728,µg/m³,1
2025-10-07 20:00:00+00:00,Faisalabad,65.964722527398,µg/m³,1
2025-10-07 21:00:00+00:00,Faisalabad,73.30087490081787,µg/m³,1
2025-10-07 22:00:00+00:00,Faisalabad,135.55579153696698,µg/m³,1
2025-10-07 23:00:00+00:00,Faisalabad,151.322207959493,µg/m³,1
2025-10-08 00:00:00+00:00,Faisalabad,72.66744401719836,µg/m³,1
2025-10-08 01:00:00+00:00,Faisalabad,105.8953748703003,µg/m³,1
2025-10-08 02:00:00+00:00,Faisalabad,119.44804197947185,µg/m³,1
2025-10-08 03:00:00+00:00,Faisalabad,146.81837482452394,µg/m³,1
2025-10-08 04:00:00+00:00,Faisalabad,60.88349990844727,µg/m³,1
2025-10-08 05:00:00+00:00,Faisalabad,38.990069177415634,µg/m³,1
2025-10-08 06:00:00+00:00,Faisalabad,30.929514074325564,µg/m³,1
2025-10-08 07:00:00+00:00,Faisalabad,23.666197008075134,µg/m³,1
2025-10-08 08:00:00+00:00,Faisalabad,32.9456060293949,µg/m³,1
2025-10-08 09:00:00+00:00,Faisalabad,27.81013888782925,µg/m³,1
2025-10-08 10:00:00+00:00,Faisalabad,27.926055460506017,µg/m³,1
2025-10-08 11:00:00+00:00,Faisalabad,32.15326384703318,µg/m³,1
2025-10-08 12:00:00+00:00,Faisalabad,31.800333118438722,µg/m³,1
2025-10-08 13:00:00+00:00,Faisalabad,37.13840258121491,µg/m³,1
2025-10-08 14:00:00+00:00,Faisalabad,54.39545853932699,µg/m³,1
2025-10-08 15:00:00+00:00,Faisalabad,104.74840251074896,µg/m³,1
2025-10-08 16:00:00+00:00,Faisalabad,113.03873606787788,µg/m³,1
2025-10-08 17:00:00+00:00,Faisalabad,66.71949996948243,µg/m³,1
2025-10-08 18:00:00+00:00,Faisalabad,91.01829153696696,µg/m³,1
2025-10-08 19:00:00+00:00,Faisalabad,57.43658345540365,µg/m³,1
2025-10-08 20:00:00+00:00,Faisalabad,51.58540291256376,µg/m³,1
2025-10-08 21:00:00+00:00,Faisalabad,46.324208386739095,µg/m³,1
2025-10-08 22:00:00+00:00,Faisalabad,56.05108350118002,µg/m³,1
2025-10-08 23:00:00+00:00,Faisalabad,62.49549980163574,µg/m³,1
2025-10-09 00:00:00+00:00,Faisalabad,73.6701250076294,µg/m³,1
2025-10-09 01:00:00+00:00,Faisalabad,74.24941660563151,µg/m³,1
2025-10-09 02:00:00+00:00,Faisalabad,94.57570832570394,µg/m³,1
2025-10-09 03:00:00+00:00,Faisalabad,103.15502781338161,µg/m³,1
2025-10-09 04:00:00+00:00,Faisalabad,58.01149992509322,µg/m³,1
2025-10-09 05:00:00+00:00,Faisalabad,50.88861126369901,µg/m³,1
2025-10-09 06:00:00+00:00,Faisalabad,40.34549994468689,µg/m³,1
2025-10-09 07:00:00+00:00,Faisalabad,36.13727214119651,µg/m³,1
2025-10-09 08:00:00+00:00,Faisalabad,33.72691644032797,µg/m³,1
2025-10-09 09:00:00+00:00,Faisalabad,35.333283240000405,µg/m³,1
2025-10-09 10:00:00+00:00,Faisalabad,35.9590279923545,µg/m³,1
2025-10-09 11:00:00+00:00,Faisalabad,33.67445848782857,µg/m³,1
2025-10-09 12:00:00+00:00,Faisalabad,45.05654196739197,µg/m³,1
2025-10-09 13:00:00+00:00,Faisalabad,63.951139153374555,µg/m³,1
2025-10-09 14:00:00+00:00,Faisalabad,117.7676529990302,µg/m³,1
2025-10-09 15:00:00+00:00,Faisalabad,166.4013886345757,µg/m³,1
2025-10-09 16:00:00+00:00,Faisalabad,205.99620850880942,µg/m³,1
2025-10-09 17:00:00+00:00,Faisalabad,228.22345803578696,µg/m³,1
2025-10-09 18:00:00+00:00,Faisalabad,179.99395860036216,µg/m³,1
2025-10-09 19:00:00+00:00,Faisalabad,150.91666666666666,µg/m³,1
2025-10-09 20:00:00+00:00,Faisalabad,131.16391665140787,µg/m³,1
2025-10-09 21:00:00+00:00,Faisalabad,126.10366655985513,µg/m³,1
2025-10-09 22:00:00+00:00,Faisalabad,114.03945840199788,µg/m³,1
2025-10-09 23:00:00+00:00,Faisalabad,106.92125015258789,µg/m³,1
2025-10-10 00:00:00+00:00,Faisalabad,107.72383321126301,µg/m³,1
2025-10-10 01:00:00+00:00,Faisalabad,81.42170823415121,µg/m³,1
2025-10-10 02:00:00+00:00,Faisalabad,113.71466636657715,µg/m³,1
2025-10-10 03:00:00+00:00,Faisalabad,114.22999979654946,µg/m³,1
2025-10-10 04:00:00+00:00,Faisalabad,71.67129192352296,µg/m³,1
2025-10-10 05:00:00+00:00,Faisalabad,48.814013820224346,µg/m³,1
2025-10-10 06:00:00+00:00,Faisalabad,41.04481936560737,µg/m³,1
2025-10-10 07:00:00+00:00,Faisalabad,34.843819512261284,µg/m³,1
2025-10-10 08:00:00+00:00,Faisalabad,32.67469470236037,µg/m³,1
2025-10-10 09:00:00+00:00,Faisalabad,31.681277638011508,µg/m³,1
2025-10-10 10:00:00+00:00,Faisalabad,36.35045838356018,µg/m³,1
2025-10-10 11:00:00+00:00,Faisalabad,39.340485996670196,µg/m³,1
2025-10-10 12:00:00+00:00,Faisalabad,47.256528006659615,µg/m³,1
2025-10-10 13:00:00+00:00,Faisalabad,63.196944597032335,µg/m³,1
2025-10-10 14:00:00+00:00,Faisalabad,65.53883358183361,µg/m³,1
2025-10-10 15:00:00+00:00,Faisalabad,113.10441691080727,µg/m³,1
2025-10-10 16:00:00+00:00,Faisalabad,119.98854185740151,µg/m³,1
2025-10-10 17:00:00+00:00,Faisalabad,126.83958333333335,µg/m³,1
2025-10-10 18:00:00+00:00,Faisalabad,117.57004159291584,µg/m³,1
2025-10-10 19:00:00+00:00,Faisalabad,128.62841669718424,µg/m³,1
2025-10-10 20:00:00+00:00,Faisalabad,136.33349990844727,µg/m³,1
2025-10-10 21:00:00+00:00,Faisalabad,135.07299995422363,µg/m³,1
2025-10-10 22:00:00+00:00,Faisalabad,142.76258328755696,µg/m³,1
2025-10-10 23:00:00+00:00,Faisalabad,157.94866663614908,µg/m³,1
2025-10-11 00:00:00+00:00,Faisalabad,173.95497203403048,µg/m³,1
2025-10-11 01:00:00+00:00,Faisalabad,171.49054152170814,µg/m³,1
2025-10-11 02:00:00+00:00,Faisalabad,218.76433340708414,µg/m³,1
2025-10-11 03:00:00+00:00,Faisalabad,102.70266672770184,µg/m³,1
2025-10-11 04:00:00+00:00,Faisalabad,56.979590745405716,µg/m³,1
2025-10-11 05:00:00+00:00,Faisalabad,52.12691739400228,µg/m³,1
2025-10-11 06:00:00+00:00,Faisalabad,44.35749990289862,µg/m³,1
2025-10-11 07:00:00+00:00,Faisalabad,47.79408238728842,µg/m³,1
2025-10-11 08:00:00+00:00,Faisalabad,45.55704532970082,µg/m³,1
2025-10-11 09:00:00+00:00,Faisalabad,45.085277472601994,µg/m³,1
2025-10-11 10:00:00+00:00,Faisalabad,41.74412492116293,µg/m³,1
2025-10-11 12:00:00+00:00,Faisalabad,43.03366661071777,µg/m³,1
2025-10-11 13:00:00+00:00,Faisalabad,55.115528149074976,µg/m³,1
2025-10-11 14:00:00+00:00,Faisalabad,70.2641248703003,µg/m³,1
2025-10-11 15:00:00+00:00,Faisalabad,96.02895882924399,µg/m³,1
2025-10-11 16:00:00+00:00,Faisalabad,145.19658330281578,µg/m³,1
2025-10-11 17:00:00+00:00,Faisalabad,163.80430547926161,µg/m³,1
2025-10-11 18:00:00+00:00,Faisalabad,101.92283261617025,µg/m³,1
2025-10-11 19:00:00+00:00,Faisalabad,103.79545853932699,µg/m³,1
2025-10-11 20:00:00+00:00,Faisalabad,101.83504187266033,µg/m³,1
2025-10-11 21:00:00+00:00,Faisalabad,78.32970841725667,µg/m³,1
2025-10-11 22:00:00+00:00,Faisalabad,72.78665286170111,µg/m³,1
2025-10-11 23:00:00+00:00,Faisalabad,99.77975006103516,µg/m³,1
2025-10-12 00:00:00+00:00,Faisalabad,106.38123599158394,µg/m³,1
2025-10-12 01:00:00+00:00,Faisalabad,98.59754187266032,µg/m³,1
2025-10-12 02:00:00+00:00,Faisalabad,75.85340256161159,µg/m³,1
2025-10-12 03:00:00+00:00,Faisalabad,88.55424995422364,µg/m³,1
2025-10-12 04:00:00+00:00,Faisalabad,71.72520860036214,µg/m³,1
2025-10-12 05:00:00+00:00,Faisalabad,55.49716669718425,µg/m³,1
2025-10-12 06:00:00+00:00,Faisalabad,45.14308293660483,µg/m³,1
2025-10-12 07:00:00+00:00,Faisalabad,38.7932497660319,µg/m³,1
2025-10-12 08:00:00+00:00,Faisalabad,37.96562480926513,µg/m³,1
2025-10-12 09:00:00+00:00,Faisalabad,37.30009755028618,µg/m³,1
2025-10-12 10:00:00+00:00,Faisalabad,40.370916620890306,µg/m³,1
2025-10-12 11:00:00+00:00,Faisalabad,39.66929175059001,µg/m³,1
2025-10-12 12:00:00+00:00,Faisalabad,49.350916544596366,µg/m³,1
2025-10-12 13:00:00+00:00,Faisalabad,76.70309730105929,µg/m³,1
2025-10-12 14:00:00+00:00,Faisalabad,100.6934581120809,µg/m³,1
2025-10-12 15:00:00+00:00,Faisalabad,127.92945855458576,µg/m³,1
2025-10-12 16:00:00+00:00,Faisalabad,150.13187503814697,µg/m³,1
2025-10-12 17:00:00+00:00,Faisalabad,167.15526366763646,µg/m³,1
2025-10-12 18:00:00+00:00,Faisalabad,193.93579146067302,µg/m³,1
2025-10-12 19:00:00+00:00,Faisalabad,206.20912494659424,µg/m³,1
2025-10-12 20:00:00+00:00,Faisalabad,239.06291681925458,µg/m³,1
2025-10-12 21:00:00+00:00,Faisalabad,165.20224990844724,µg/m³,1
2025-10-12 22:00:00+00:00,Faisalabad,172.59379164377847,µg/m³,1
2025-10-12 23:00:00+00:00,Faisalabad,199.4686664581299,µg/m³,1
2025-10-13 00:00:00+00:00,Faisalabad,216.96472227308485,µg/m³,1
2025-10-13 01:00:00+00:00,Faisalabad,201.18279158274333,µg/m³,1
2025-10-13 02:00:00+00:00,Faisalabad,210.6842082341512,µg/m³,1
2025-10-13 03:00:00+00:00,Faisalabad,168.0546661376953,µg/m³,1
2025-10-13 04:00:00+00:00,Faisalabad,135.5064001464844,µg/m³,1
2025-10-13 05:00:00+00:00,Faisalabad,50.75591000643644,µg/m³,1
2025-10-13 06:00:00+00:00,Faisalabad,53.85587482452393,µg/m³,1
2025-10-13 07:00:00+00:00,Faisalabad,45.70550003051758,µg/m³,1
2025-10-13 08:00:00+00:00,Faisalabad,42.54460624926018,µg/m³,1
2025-10-13 09:00:00+00:00,Faisalabad,38.577591566605996,µg/m³,1
2025-10-13 10:00:00+00:00,Faisalabad,40.571833546956384,µg/m³,1
2025-10-13 11:00:00+00:00,Faisalabad,35.48622776378284,µg/m³,1
2025-10-13 12:00:00+00:00,Faisalabad,53.05916659037272,µg/m³,1
2025-10-13 13:00:00+00:00,Faisalabad,75.01158345540365,µg/m³,1
2025-10-13 14:00:00+00:00,Faisalabad,116.3022082646688,µg/m³,1
2025-10-13 15:00:00+00:00,Faisalabad,139.9278333028158,µg/m³,1
2025-10-13 16:00:00+00:00,Faisalabad,144.59033292134603,µg/m³,1
2025-10-13 17:00:00+00:00,Faisalabad,163.63166681925455,µg/m³,1
2025-10-13 18:00:00+00:00,Faisalabad,191.99283345540366,µg/m³,1
2025-10-13 19:00:00+00:00,Faisalabad,227.82466646830244,µg/m³,1
2025-10-13 20:00:00+00:00,Faisalabad,226.24033330281577,µg/m³,1
2025-10-13 21:00:00+00:00,Faisalabad,209.71337528228756,µg/m³,1
2025-10-13 22:00:00+00:00,Faisalabad,201.10845813751223,µg/m³,1
2025-10-13 23:00:00+00:00,Faisalabad,209.98516629536945,µg/m³,1
2025-10-14 00:00:00+00:00,Faisalabad,255.53375097910566,µg/m³,1
2025-10-14 01:00:00+00:00,Faisalabad,236.77874959309895,µg/m³,1
2025-10-14 02:00:00+00:00,Faisalabad,254.5687074661255,µg/m³,1
2025-10-14 03:00:00+00:00,Faisalabad,251.84166827731664,µg/m³,1
2025-10-14 04:00:00+00:00,Faisalabad,201.082180680169,µg/m³,1
2025-10-14 05:00:00+00:00,Faisalabad,79.25143929683802,µg/m³,1
2025-10-14 06:00:00+00:00,Faisalabad,49.0554855134752,µg/m³,1
2025-10-14 07:00:00+00:00,Faisalabad,42.26298622555203,µg/m³,1
2025-10-14 08:00:00+00:00,Faisalabad,42.897152688768166,µg/m³,1
2025-10-14 09:00:00+00:00,Faisalabad,40.934000396728514,µg/m³,1
2025-10-14 10:00:00+00:00,Faisalabad,44.584697052926735,µg/m³,1
2025-10-14 11:00:00+00:00,Faisalabad,47.64231984880235,µg/m³,1
2025-10-14 12:00:00+00:00,Faisalabad,55.83012447357178,µg/m³,1
2025-10-14 13:00:00+00:00,Faisalabad,119.85505570305718,µg/m³,1
2025-10-14 14:00:00+00:00,Faisalabad,138.36283327738442,µg/m³,1
2025-10-14 15:00:00+00:00,Faisalabad,126.2401667277018,µg/m³,1
2025-10-14 16:00:00+00:00,Faisalabad,110.4102080663045,µg/m³,1
2025-10-14 17:00:00+00:00,Faisalabad,115.06918057335747,µg/m³,1
2025-10-14 18:00:00+00:00,Faisalabad,120.007125155131,µg/m³,1
2025-10-14 19:00:00+00:00,Faisalabad,136.8831667582194,µg/m³,1
2025-10-14 20:00:00+00:00,Faisalabad,151.22137508392333,µg/m³,1
2025-10-14 21:00:00+00:00,Faisalabad,164.49995835622155,µg/m³,1
2025-10-14 22:00:00+00:00,Faisalabad,153.5892914454142,µg/m³,1
2025-10-14 23:00:00+00:00,Faisalabad,162.4075834910075,µg/m³,1
2025-10-15 00:00:00+00:00,Faisalabad,217.86087512969974,µg/m³,1
2025-10-15 01:00:00+00:00,Faisalabad,232.1271251042684,µg/m³,1
2025-10-15 02:00:00+00:00,Faisalabad,234.51175003051753,µg/m³,1
2025-10-15 03:00:00+00:00,Faisalabad,190.78129164377845,µg/m³,1
2025-10-15 04:00:00+00:00,Faisalabad,123.62592428958777,µg/m³,1
2025-10-15 05:00:00+00:00,Faisalabad,85.02500013871628,µg/m³,1
2025-10-15 06:00:00+00:00,Faisalabad,51.617000579833984,µg/m³,1
2025-10-15 07:00:00+00:00,Faisalabad,53.2765832265218,µg/m³,1
2025-10-15 08:00:00+00:00,Faisalabad,68.742575674346,µg/m³,1
2025-10-15 09:00:00+00:00,Faisalabad,63.038333638509116,µg/m³,1
2025-10-15 10:00:00+00:00,Faisalabad,69.40808347066243,µg/m³,1
2025-10-15 11:00:00+00:00,Faisalabad,67.72454217274984,µg/m³,1
2025-10-15 12:00:00+00:00,Faisalabad,84.07803044174658,µg/m³,1
2025-10-15 13:00:00+00:00,Faisalabad,152.40180494520402,µg/m³,1
2025-10-15 14:00:00+00:00,Faisalabad,184.4692504882813,µg/m³,1
2025-10-15 15:00:00+00:00,Faisalabad,196.5664725833469,µg/m³,1
2025-10-15 16:00:00+00:00,Faisalabad,201.27774963378906,µg/m³,1
2025-10-15 17:00:00+00:00,Faisalabad,161.5007916132609,µg/m³,1
2025-10-15 18:00:00+00:00,Faisalabad,190.0502915064494,µg/m³,1
2025-10-15 19:00:00+00:00,Faisalabad,221.2285420099894,µg/m³,1
2025-10-15 20:00:00+00:00,Faisalabad,210.2962085088094,µg/m³,1
2025-10-15 21:00:00+00:00,Faisalabad,252.08158365885416,µg/m³,1
2025-10-15 22:00:00+00:00,Faisalabad,232.88849868774412,µg/m³,1
2025-10-15 23:00:00+00:00,Faisalabad,199.1252498626709,µg/m³,1
2025-10-16 00:00:00+00:00,Faisalabad,236.89099998474123,µg/m³,1
2025-10-16 01:00:00+00:00,Faisalabad,241.8984578450521,µg/m³,1
2025-10-16 02:00:00+00:00,Faisalabad,285.77458445231116,µg/m³,1
2025-10-16 03:00:00+00:00,Faisalabad,235.15077819824225,µg/m³,1
2025-10-16 04:00:00+00:00,Faisalabad,152.92950002496895,µg/m³,1
2025-10-16 05:00:00+00:00,Faisalabad,103.30128814234877,µg/m³,1
2025-10-16 06:00:00+00:00,Faisalabad,72.40166676839192,µg/m³,1
2025-10-16 07:00:00+00:00,Faisalabad,57.89212096243194,µg/m³,1
2025-10-16 08:00:00+00:00,Faisalabad,56.40568230368874,µg/m³,1
2025-10-16 09:00:00+00:00,Faisalabad,70.08218189586292,µg/m³,1
2025-10-16 10:00:00+00:00,Faisalabad,72.46229203542073,µg/m³,1
2025-10-16 11:00:00+00:00,Faisalabad,69.46355548434788,µg/m³,1
2025-10-16 12:00:00+00:00,Faisalabad,84.66213896009657,µg/m³,1
2025-10-16 13:00:00+00:00,Faisalabad,117.4420277065701,µg/m³,1
2025-10-16 14:00:00+00:00,Faisalabad,143.4693891737196,µg/m³,1
2025-10-16 15:00:00+00:00,Faisalabad,156.0087085088094,µg/m³,1
2025-10-16 16:00:00+00:00,Faisalabad,180.17704168955484,µg/m³,1
2025-10-16 17:00:00+00:00,Faisalabad,198.8142776913113,µg/m³,1
2025-10-16 18:00:00+00:00,Faisalabad,213.7936250686646,µg/m³,1
2025-10-16 19:00:00+00:00,Faisalabad,228.28054180145264,µg/m³,1
2025-10-16 20:00:00+00:00,Faisalabad,246.99891713460286,µg/m³,1
2025-10-16 21:00:00+00:00,Faisalabad,244.11683286031086,µg/m³,1
2025-10-16 22:00:00+00:00,Faisalabad,239.0132083257039,µg/m³,1
2025-10-16 23:00:00+00:00,Faisalabad,259.07883447011307,µg/m³,1
2025-10-17 00:00:00+00:00,Faisalabad,281.50924809773767,µg/m³,1
2025-10-17 01:00:00+00:00,Faisalabad,274.650625038147,µg/m³,1
2025-10-17 02:00:00+00:00,Faisalabad,256.40620708465576,µg/m³,1
2025-10-17 03:00:00+00:00,Faisalabad,141.1323331197103,µg/m³,1
2025-10-17 04:00:00+00:00,Faisalabad,102.12493097517223,µg/m³,1
2025-10-17 05:00:00+00:00,Faisalabad,79.67613864474826,µg/m³,1
2025-10-17 06:00:00+00:00,Faisalabad,85.21555540296767,µg/m³,1
2025-10-17 07:00:00+00:00,Faisalabad,70.08068188753995,µg/m³,1
2025-10-17 08:00:00+00:00,Faisalabad,77.62450014750162,µg/m³,1
2025-10-17 09:00:00+00:00,Faisalabad,78.16606024539833,µg/m³,1
2025-10-17 10:00:00+00:00,Faisalabad,70.86219706679834,µg/m³,1
2025-10-17 11:00:00+00:00,Faisalabad,86.51701407962376,µg/m³,1
2025-10-17 12:00:00+00:00,Faisalabad,163.8630609223337,µg/m³,1
2025-10-17 13:00:00+00:00,Faisalabad,224.85843132866754,µg/m³,1
2025-10-17 14:00:00+00:00,Faisalabad,181.25680948893228,µg/m³,1
2025-10-17 15:00:00+00:00,Faisalabad,178.23183339436846,µg/m³,1
2025-10-17 16:00:00+00:00,Faisalabad,184.15686090257432,µg/m³,1
2025-10-17 17:00:00+00:00,Faisalabad,190.58245805104573,µg/m³,1
2025-10-17 18:00:00+00:00,Faisalabad,217.49791666666667,µg/m³,1
2025-10-17 19:00:00+00:00,Faisalabad,236.52862491607667,µg/m³,1
2025-10-17 20:00:00+00:00,Faisalabad,245.7237089157104,µg/m³,1
2025-10-17 21:00:00+00:00,Faisalabad,255.75363951789006,µg/m³,1
2025-10-17 22:00:00+00:00,Faisalabad,270.8631665547689,µg/m³,1
2025-10-17 23:00:00+00:00,Faisalabad,264.5514558156331,µg/m³,1
2025-10-18 00:00:00+00:00,Faisalabad,296.41328926086425,µg/m³,1
2025-10-18 01:00:00+00:00,Faisalabad,302.78141733805336,µg/m³,1
2025-10-18 02:00:00+00:00,Faisalabad,311.29695727030435,µg/m³,1
2025-10-18 03:00:00+00:00,Faisalabad,261.8796262105306,µg/m³,1
2025-10-18 04:00:00+00:00,Faisalabad,159.18776387108696,µg/m³,1
2025-10-18 05:00:00+00:00,Faisalabad,114.43196961373992,µg/m³,1
2025-10-18 06:00:00+00:00,Faisalabad,76.85675733161696,µg/m³,1
2025-10-18 07:00:00+00:00,Faisalabad,78.00286106533474,µg/m³,1
2025-10-18 08:00:00+00:00,Faisalabad,72.5000297315193,µg/m³,1
2025-10-18 09:00:00+00:00,Faisalabad,76.87768086327448,µg/m³,1
2025-10-18 10:00:00+00:00,Faisalabad,79.47491658528646,µg/m³,1
2025-10-18 11:00:00+00:00,Faisalabad,78.38519494798449,µg/m³,1
2025-10-18 12:00:00+00:00,Faisalabad,107.66966654459635,µg/m³,1
2025-10-18 13:00:00+00:00,Faisalabad,168.6947914759318,µg/m³,1
2025-10-18 14:00:00+00:00,Faisalabad,245.7847078323364,µg/m³,1
2025-10-18 15:00:00+00:00,Faisalabad,233.54983380635576,µg/m³,1
2025-10-18 16:00:00+00:00,Faisalabad,195.37387485504152,µg/m³,1
2025-10-18 17:00:00+00:00,Faisalabad,184.3648892296685,µg/m³,1
2025-10-18 18:00:00+00:00,Faisalabad,230.3370421727498,µg/m³,1
2025-10-18 19:00:00+00:00,Faisalabad,264.44488887786866,µg/m³,1
2025-10-18 20:00:00+00:00,Faisalabad,258.30353991190594,µg/m³,1
2025-10-18 21:00:00+00:00,Faisalabad,243.6790418624878,µg/m³,1
2025-10-18 22:00:00+00:00,Faisalabad,237.31119414435491,µg/m³,1
2025-10-18 23:00:00+00:00,Faisalabad,249.95799929300946,µg/m³,1
2025-10-19 00:00:00+00:00,Faisalabad,308.91295738220214,µg/m³,1
2025-10-19 01:00:00+00:00,Faisalabad,294.44741744995116,µg/m³,1
2025-10-19 02:00:00+00:00,Faisalabad,292.1582106272379,µg/m³,1
2025-10-19 03:00:00+00:00,Faisalabad,343.1036516401503,µg/m³,1
2025-10-19 04:00:00+00:00,Faisalabad,341.8183734893799,µg/m³,1
2025-10-19 05:00:00+00:00,Faisalabad,172.33600006103518,µg/m³,1
2025-10-19 06:00:00+00:00,Faisalabad,107.92854200998941,µg/m³,1
2025-10-19 07:00:00+00:00,Faisalabad,98.93324966430663,µg/m³,1
2025-10-19 08:00:00+00:00,Faisalabad,84.52766672770183,µg/m³,1
2025-10-19 09:00:00+00:00,Faisalabad,80.69304167429605,µg/m³,1
2025-10-19 10:00:00+00:00,Faisalabad,60.31404158274333,µg/m³,1
2025-10-19 11:00:00+00:00,Faisalabad,78.14791666666666,µg/m³,1
2025-10-19 12:00:00+00:00,Faisalabad,145.05237483978271,µg/m³,1
2025-10-19 13:00:00+00:00,Faisalabad,147.28783315022787,µg/m³,1
2025-10-19 14:00:00+00:00,Faisalabad,189.71887493133545,µg/m³,1
2025-10-19 15:00:00+00:00,Faisalabad,268.4722082773844,µg/m³,1
2025-10-19 16:00:00+00:00,Faisalabad,225.07016633351645,µg/m³,1
2025-10-19 17:00:00+00:00,Faisalabad,213.26341692606604,µg/m³,1
2025-10-19 18:00:00+00:00,Faisalabad,258.81091594696045,µg/m³,1
2025-10-19 19:00:00+00:00,Faisalabad,277.615584564209,µg/m³,1
2025-10-19 20:00:00+00:00,Faisalabad,255.1091648101806,µg/m³,1
2025-10-19 21:00:00+00:00,Faisalabad,250.61191641489665,µg/m³,1
2025-10-19 22:00:00+00:00,Faisalabad,261.736376063029,µg/m³,1
2025-10-19 23:00:00+00:00,Faisalabad,273.32370872497563,µg/m³,1
2025-10-20 00:00:00+00:00,Faisalabad,292.259334564209,µg/m³,1
2025-10-20 01:00:00+00:00,Faisalabad,284.53657010396324,µg/m³,1
2025-10-20 02:00:00+00:00,Faisalabad,249.45366630554201,µg/m³,1
2025-10-20 03:00:00+00:00,Faisalabad,185.21587467193604,µg/m³,1
2025-10-20 04:00:00+00:00,Faisalabad,150.15666681925455,µg/m³,1
2025-10-20 08:00:00+00:00,Faisalabad,72.68458315531413,µg/m³,1
2025-10-20 09:00:00+00:00,Faisalabad,65.58338898552789,µg/m³,1
2025-10-20 10:00:00+00:00,Faisalabad,58.79128822557854,µg/m³,1
2025-10-20 11:00:00+00:00,Faisalabad,84.73083305358887,µg/m³,1
2025-10-20 12:00:00+00:00,Faisalabad,84.24677241932262,µg/m³,1
2025-10-20 13:00:00+00:00,Faisalabad,114.49426398807104,µg/m³,1
2025-10-20 14:00:00+00:00,Faisalabad,100.90627788967556,µg/m³,1
2025-10-20 15:00:00+00:00,Faisalabad,89.69716695149741,µg/m³,1
2025-10-20 16:00:00+00:00,Faisalabad,109.18538877699113,µg/m³,1
2025-10-20 17:00:00+00:00,Faisalabad,151.92791633605955,µg/m³,1
2025-10-20 18:00:00+00:00,Faisalabad,161.75008316040038,µg/m³,1
2025-10-20 19:00:00+00:00,Faisalabad,212.86837495168047,µg/m³,1
2025-10-20 20:00:00+00:00,Faisalabad,197.21933339436848,µg/m³,1
2025-10-20 21:00:00+00:00,Faisalabad,170.47741686503093,µg/m³,1
2025-10-20 22:00:00+00:00,Faisalabad,163.58979155222573,µg/m³,1
2025-10-20 23:00:00+00:00,Faisalabad,150.78141657511392,µg/m³,1
2025-10-21 00:00:00+00:00,Faisalabad,188.8418193605211,µg/m³,1
2025-10-21 01:00:00+00:00,Faisalabad,173.88825035095215,µg/m³,1
2025-10-21 02:00:00+00:00,Faisalabad,210.71087474823,µg/m³,1
2025-10-21 03:00:00+00:00,Faisalabad,258.39329153696696,µg/m³,1
2025-10-21 04:00:00+00:00,Faisalabad,192.33859712812637,µg/m³,1
2025-10-21 05:00:00+00:00,Faisalabad,99.04090319739447,µg/m³,1
2025-10-21 06:00:00+00:00,Faisalabad,82.98863705721769,µg/m³,1
2025-10-21 07:00:00+00:00,Faisalabad,61.829264089796276,µg/m³,1
2025-10-21 08:00:00+00:00,Faisalabad,52.059458096822105,µg/m³,1
2025-10-21 09:00:00+00:00,Faisalabad,52.61234730614556,µg/m³,1
2025-10-21 10:00:00+00:00,Faisalabad,49.76980548434788,µg/m³,1
2025-10-21 11:00:00+00:00,Faisalabad,64.6346386803521,µg/m³,1
2025-10-21 12:00:00+00:00,Faisalabad,90.61674995422364,µg/m³,1
2025-10-21 13:00:00+00:00,Faisalabad,142.29286121792262,µg/m³,1
2025-10-21 14:00:00+00:00,Faisalabad,172.29216651916502,µg/m³,1
2025-10-21 15:00:00+00:00,Faisalabad,220.21791636149086,µg/m³,1
2025-10-21 16:00:00+00:00,Faisalabad,229.02468805313111,µg/m³,1
2025-10-21 17:00:00+00:00,Faisalabad,223.67726391686332,µg/m³,1
2025-10-21 18:00:00+00:00,Faisalabad,289.49909720950654,µg/m³,1
2025-10-21 19:00:00+00:00,Faisalabad,312.17663319905597,µg/m³,1
2025-10-21 20:00:00+00:00,Faisalabad,268.39062391916906,µg/m³,1
2025-10-21 21:00:00+00:00,Faisalabad,193.95071389334544,µg/m³,1
2025-10-21 22:00:00+00:00,Faisalabad,240.78383356730143,µg/m³,1
2025-10-21 23:00:00+00:00,Faisalabad,263.4449997584025,µg/m³,1
2025-10-22 00:00:00+00:00,Faisalabad,214.3553334554036,µg/m³,1
2025-10-22 01:00:00+00:00,Faisalabad,232.80031958685979,µg/m³,1
2025-10-22 02:00:00+00:00,Faisalabad,324.3129443698459,µg/m³,1
2025-10-22 03:00:00+00:00,Faisalabad,252.09456782870822,µg/m³,1
2025-10-22 04:00:00+00:00,Faisalabad,173.38320878346767,µg/m³,1
2025-10-22 05:00:00+00:00,Faisalabad,126.78705567253961,µg/m³,1
2025-10-22 06:00:00+00:00,Faisalabad,93.23641688028971,µg/m³,1
2025-10-22 07:00:00+00:00,Faisalabad,72.59166697184244,µg/m³,1
2025-10-22 08:00:00+00:00,Faisalabad,75.66177753872341,µg/m³,1
2025-10-22 09:00:00+00:00,Faisalabad,60.19278795646898,µg/m³,1
2025-10-22 10:00:00+00:00,Faisalabad,59.951091822871454,µg/m³,1
2025-10-22 11:00:00+00:00,Faisalabad,61.71348465428208,µg/m³,1
2025-10-22 12:00:00+00:00,Faisalabad,86.24741681416829,µg/m³,1
2025-10-22 13:00:00+00:00,Faisalabad,107.0780552758111,µg/m³,1
2025-10-22 14:00:00+00:00,Faisalabad,160.02836117214625,µg/m³,1
2025-10-22 15:00:00+00:00,Faisalabad,219.57684735192194,µg/m³,1
2025-10-22 16:00:00+00:00,Faisalabad,165.0368469450209,µg/m³,1
2025-10-22 17:00:00+00:00,Faisalabad,141.54587523142496,µg/m³,1
2025-10-22 18:00:00+00:00,Faisalabad,177.31022720336912,µg/m³,1
2025-10-22 19:00:00+00:00,Faisalabad,168.61586104498969,µg/m³,1
2025-10-22 20:00:00+00:00,Faisalabad,141.02129179636637,µg/m³,1
2025-10-22 21:00:00+00:00,Faisalabad,150.29073611365422,µg/m³,1
2025-10-22 22:00:00+00:00,Faisalabad,142.4958749771118,µg/m³,1
2025-10-22 23:00:00+00:00,Faisalabad,146.42737522125245,µg/m³,1
2025-10-23 00:00:00+00:00,Faisalabad,176.79504121144615,µg/m³,1
2025-10-23 01:00:00+00:00,Faisalabad,180.8726389143202,µg/m³,1
2025-10-23 02:00:00+00:00,Faisalabad,219.22595443725587,µg/m³,1
2025-10-23 03:00:00+00:00,Faisalabad,244.64629173278806,µg/m³,1
2025-10-23 04:00:00+00:00,Faisalabad,245.19158183203805,µg/m³,1
2025-10-23 05:00:00+00:00,Faisalabad,162.03275032043456,µg/m³,1
2025-10-23 06:00:00+00:00,Faisalabad,134.30283317565917,µg/m³,1
2025-10-23 07:00:00+00:00,Faisalabad,99.85063879224988,µg/m³,1
2025-10-23 08:00:00+00:00,Faisalabad,91.97660587195195,µg/m³,1
2025-10-23 09:00:00+00:00,Faisalabad,86.479749806722,µg/m³,1
2025-10-23 10:00:00+00:00,Faisalabad,86.68331983354358,µg/m³,1
2025-10-23 11:00:00+00:00,Faisalabad,95.08009721967909,µg/m³,1
2025-10-23 12:00:00+00:00,Faisalabad,114.54044409857856,µg/m³,1
2025-10-23 13:00:00+00:00,Faisalabad,126.57584726545547,µg/m³,1
2025-10-23 14:00:00+00:00,Faisalabad,150.2104026582506,µg/m³,1
2025-10-23 15:00:00+00:00,Faisalabad,230.54570980072018,µg/m³,1
2025-10-23 16:00:00+00:00,Faisalabad,278.4600067138672,µg/m³,1
2025-10-23 17:00:00+00:00,Faisalabad,273.4231949869792,µg/m³,1
2025-10-23 18:00:00+00:00,Faisalabad,298.46036368476024,µg/m³,1
2025-10-23 19:00:00+00:00,Faisalabad,308.62546518961585,µg/m³,1
2025-10-23 20:00:00+00:00,Faisalabad,307.8638473048355,µg/m³,1
2025-10-23 21:00:00+00:00,Faisalabad,307.5134861755371,µg/m³,1
2025-10-23 22:00:00+00:00,Faisalabad,294.7718475765652,µg/m³,1
2025-10-23 23:00:00+00:00,Faisalabad,300.9895725795201,µg/m³,1
2025-10-24 00:00:00+00:00,Faisalabad,349.0799865722656,µg/m³,1
2025-10-24 03:00:00+00:00,Faisalabad,390.88944668240015,µg/m³,1
2025-10-24 04:00:00+00:00,Faisalabad,250.118111928304,µg/m³,1
2025-10-24 05:00:00+00:00,Faisalabad,133.71344456142847,µg/m³,1
2025-10-24 06:00:00+00:00,Faisalabad,101.2152503967285,µg/m³,1
2025-10-24 07:00:00+00:00,Faisalabad,116.07865280575224,µg/m³,1
2025-10-24 08:00:00+00:00,Faisalabad,97.35986154344346,µg/m³,1
2025-10-24 09:00:00+00:00,Faisalabad,86.65261082119412,µg/m³,1
2025-10-24 10:00:00+00:00,Faisalabad,92.80256955888537,µg/m³,1
2025-10-24 11:00:00+00:00,Faisalabad,93.22939416133998,µg/m³,1
2025-10-24 12:00:00+00:00,Faisalabad,148.84150009155272,µg/m³,1
2025-10-24 13:00:00+00:00,Faisalabad,179.49537525177,µg/m³,1
2025-10-24 14:00:00+00:00,Faisalabad,201.60292402325257,µg/m³,1
2025-10-24 15:00:00+00:00,Faisalabad,265.8126398086548,µg/m³,1
2025-10-24 16:00:00+00:00,Faisalabad,247.8450972451104,µg/m³,1
2025-10-24 17:00:00+00:00,Faisalabad,256.6149236505682,µg/m³,1
2025-10-24 18:00:00+00:00,Faisalabad,238.7733058505588,µg/m³,1
2025-10-24 19:00:00+00:00,Faisalabad,236.26540130615234,µg/m³,1
2025-10-24 20:00:00+00:00,Faisalabad,282.9670027414958,µg/m³,1
2025-10-24 21:00:00+00:00,Faisalabad,337.9609294346401,µg/m³,1
2025-10-25 01:00:00+00:00,Faisalabad,331.26189202202687,µg/m³,1
2025-10-25 02:00:00+00:00,Faisalabad,348.3508467102051,µg/m³,1
2025-10-25 03:00:00+00:00,Faisalabad,389.0911798650568,µg/m³,1
2025-10-25 07:00:00+00:00,Faisalabad,125.074777730306,µg/m³,1
2025-10-25 08:00:00+00:00,Faisalabad,115.95344433254667,µg/m³,1
2025-10-25 09:00:00+00:00,Faisalabad,112.81315280066595,µg/m³,1
2025-10-25 10:00:00+00:00,Faisalabad,119.33587525685626,µg/m³,1
2025-10-25 11:00:00+00:00,Faisalabad,119.34655541314021,µg/m³,1
2025-10-25 12:00:00+00:00,Faisalabad,153.17019466824001,µg/m³,1
2025-10-25 13:00:00+00:00,Faisalabad,209.8215836207072,µg/m³,1
2025-10-25 14:00:00+00:00,Faisalabad,273.26753934224445,µg/m³,1
2025-10-25 15:00:00+00:00,Faisalabad,303.7905817667643,µg/m³,1
2025-10-25 16:00:00+00:00,Faisalabad,314.1737607744005,µg/m³,1
2025-10-25 17:00:00+00:00,Faisalabad,257.4103758494059,µg/m³,1
2025-10-25 18:00:00+00:00,Faisalabad,221.75605578952366,µg/m³,1
2025-10-25 19:00:00+00:00,Faisalabad,228.77806928422714,µg/m³,1
2025-10-25 20:00:00+00:00,Faisalabad,263.58098759121367,µg/m³,1
2025-10-25 21:00:00+00:00,Faisalabad,251.64995816548665,µg/m³,1
2025-10-25 23:00:00+00:00,Faisalabad,299.22054328918455,µg/m³,1
2025-10-26 00:00:00+00:00,Faisalabad,306.6484846750895,µg/m³,1
2025-10-26 01:00:00+00:00,Faisalabad,296.7054997762045,µg/m³,1
2025-10-26 02:00:00+00:00,Faisalabad,333.00788989596896,µg/m³,1
2025-10-26 03:00:00+00:00,Faisalabad,317.96033579508463,µg/m³,1
2025-10-26 04:00:00+00:00,Faisalabad,259.50091749827067,µg/m³,1
2025-10-26 05:00:00+00:00,Faisalabad,161.41129156748454,µg/m³,1
2025-10-26 06:00:00+00:00,Faisalabad,152.45795815785726,µg/m³,1
2025-10-26 07:00:00+00:00,Faisalabad,139.93466644287108,µg/m³,1
2025-10-26 08:00:00+00:00,Faisalabad,149.18691660563152,µg/m³,1
2025-10-26 09:00:00+00:00,Faisalabad,165.4790833791097,µg/m³,1
2025-10-26 10:00:00+00:00,Faisalabad,178.6887920167711,µg/m³,1
2025-10-26 11:00:00+00:00,Faisalabad,192.12438909742568,µg/m³,1
2025-10-26 12:00:00+00:00,Faisalabad,178.10162525177,µg/m³,1
2025-10-26 13:00:00+00:00,Faisalabad,226.3140832265218,µg/m³,1
2025-10-26 14:00:00+00:00,Faisalabad,243.36454168955484,µg/m³,1
2025-10-26 15:00:00+00:00,Faisalabad,240.43272175259062,µg/m³,1
2025-10-26 16:00:00+00:00,Faisalabad,260.24991741180423,µg/m³,1
2025-10-26 17:00:00+00:00,Faisalabad,311.0329149881999,µg/m³,1
2025-10-26 18:00:00+00:00,Faisalabad,317.9626645406087,µg/m³,1
2025-10-26 19:00:00+00:00,Faisalabad,344.119918568929,µg/m³,1
2025-10-26 20:00:00+00:00,Faisalabad,348.44961140950517,µg/m³,1
2025-10-26 21:00:00+00:00,Faisalabad,364.8920431772867,µg/m³,1
2025-10-26 22:00:00+00:00,Faisalabad,353.8739978366428,µg/m³,1
2025-10-26 23:00:00+00:00,Faisalabad,353.1901662190755,µg/m³,1
2025-10-27 00:00:00+00:00,Faisalabad,380.52533187866214,µg/m³,1
2025-10-27 01:00:00+00:00,Faisalabad,392.9512076059977,µg/m³,1
2025-10-27 02:00:00+00:00,Faisalabad,389.4362477620443,µg/m³,1
2025-10-27 03:00:00+00:00,Faisalabad,373.19233601888027,µg/m³,1
2025-10-27 04:00:00+00:00,Faisalabad,307.52159843444826,µg/m³,1
2025-10-27 05:00:00+00:00,Faisalabad,260.19586096869574,µg/m³,1
2025-10-27 06:00:00+00:00,Faisalabad,194.00449981689454,µg/m³,1
2025-10-27 07:00:00+00:00,Faisalabad,190.87690274980332,µg/m³,1
2025-10-27 08:00:00+00:00,Faisalabad,199.87734813690187,µg/m³,1
2025-10-27 09:00:00+00:00,Faisalabad,173.10779170989989,µg/m³,1
2025-10-27 10:00:00+00:00,Faisalabad,212.96695762210422,µg/m³,1
2025-10-27 11:00:00+00:00,Faisalabad,207.89176408979628,µg/m³,1
2025-10-27 12:00:00+00:00,Faisalabad,232.1039019054837,µg/m³,1
2025-10-27 13:00:00+00:00,Faisalabad,304.97650044759115,µg/m³,1
2025-10-27 14:00:00+00:00,Faisalabad,314.6461233774822,µg/m³,1
2025-10-27 15:00:00+00:00,Faisalabad,302.50044436984587,µg/m³,1
2025-10-27 16:00:00+00:00,Faisalabad,317.78308232625324,µg/m³,1
2025-10-27 17:00:00+00:00,Faisalabad,307.0112626393637,µg/m³,1
2025-10-27 18:00:00+00:00,Faisalabad,314.39129202100963,µg/m³,1
2025-10-27 19:00:00+00:00,Faisalabad,328.3867767333985,µg/m³,1
2025-10-27 20:00:00+00:00,Faisalabad,327.7807089487712,µg/m³,1
2025-10-27 21:00:00+00:00,Faisalabad,357.38537483215333,µg/m³,1
2025-10-27 22:00:00+00:00,Faisalabad,343.47533467610674,µg/m³,1
2025-10-27 23:00:00+00:00,Faisalabad,330.0373354593913,µg/m³,1
2025-10-28 00:00:00+00:00,Faisalabad,372.01212348938,µg/m³,1
2025-10-28 01:00:00+00:00,Faisalabad,392.90870984395355,µg/m³,1
2025-10-28 02:00:00+00:00,Faisalabad,405.72320950826014,µg/m³,1
2025-10-28 03:00:00+00:00,Faisalabad,416.2208751678466,µg/m³,1
2025-10-28 04:00:00+00:00,Faisalabad,375.3903344896105,µg/m³,1
2025-10-28 05:00:00+00:00,Faisalabad,355.9909554799397,µg/m³,1
2025-10-28 06:00:00+00:00,Faisalabad,312.3553194257948,µg/m³,1
2025-10-28 07:00:00+00:00,Faisalabad,259.7205118179321,µg/m³,1
2025-10-28 08:00:00+00:00,Faisalabad,221.01808319091796,µg/m³,1
2025-10-28 09:00:00+00:00,Faisalabad,224.2919029659695,µg/m³,1
2025-10-28 10:00:00+00:00,Faisalabad,234.890902434455,µg/m³,1
2025-10-28 11:00:00+00:00,Faisalabad,273.4063040415446,µg/m³,1
2025-10-28 12:00:00+00:00,Faisalabad,294.51287371317545,µg/m³,1
2025-10-28 13:00:00+00:00,Faisalabad,326.9743464575874,µg/m³,1
2025-10-28 14:00:00+00:00,Faisalabad,329.1101526472304,µg/m³,1
2025-10-28 15:00:00+00:00,Faisalabad,336.41709802415636,µg/m³,1
2025-10-28 16:00:00+00:00,Faisalabad,343.42191543579105,µg/m³,1
2025-10-28 17:00:00+00:00,Faisalabad,334.8906263987223,µg/m³,1
2025-10-28 18:00:00+00:00,Faisalabad,324.6975150638156,µg/m³,1
2025-10-28 19:00:00+00:00,Faisalabad,335.23171017964677,µg/m³,1
2025-10-28 20:00:00+00:00,Faisalabad,341.9298480987549,µg/m³,1
2025-10-28 21:00:00+00:00,Faisalabad,358.9830414242215,µg/m³,1
2025-10-28 22:00:00+00:00,Faisalabad,390.11166610717777,µg/m³,1
2025-10-28 23:00:00+00:00,Faisalabad,364.88073497348364,µg/m³,1
2025-10-29 00:00:00+00:00,Faisalabad,366.67479082743324,µg/m³,1
2025-10-29 01:00:00+00:00,Faisalabad,382.76815410190164,µg/m³,1
2025-10-29 02:00:00+00:00,Faisalabad,425.977460776435,µg/m³,1
2025-10-29 03:00:00+00:00,Faisalabad,406.7044176737467,µg/m³,1
2025-10-29 04:00:00+00:00,Faisalabad,398.05925089518223,µg/m³,1
2025-10-29 05:00:00+00:00,Faisalabad,333.4638600667318,µg/m³,1
2025-10-29 06:00:00+00:00,Faisalabad,296.44705674913195,µg/m³,1
2025-10-29 07:00:00+00:00,Faisalabad,294.77222408718535,µg/m³,1
2025-10-29 08:00:00+00:00,Faisalabad,315.67884127298987,µg/m³,1
2025-10-29 09:00:00+00:00,Faisalabad,333.9018462710911,µg/m³,1
2025-10-29 10:00:00+00:00,Faisalabad,257.93583323160806,µg/m³,1
2025-10-29 11:00:00+00:00,Faisalabad,227.54555558098684,µg/m³,1
2025-10-29 12:00:00+00:00,Faisalabad,305.09615406460233,µg/m³,1
2025-10-31 10:00:00+00:00,Faisalabad,136.23062496185304,µg/m³,1
2025-10-31 11:00:00+00:00,Faisalabad,134.38243028852676,µg/m³,1
2025-10-31 12:00:00+00:00,Faisalabad,156.0830830891927,µg/m³,1
2025-10-31 13:00:00+00:00,Faisalabad,166.8609030193753,µg/m³,1
2025-11-03 13:00:00+00:00,Faisalabad,172.97145837148028,µg/m³,1
2025-11-04 04:00:00+00:00,Faisalabad,489.0566434587751,µg/m³,1
2025-11-04 05:00:00+00:00,Faisalabad,391.29504127502446,µg/m³,1
2025-11-04 06:00:00+00:00,Faisalabad,304.01062609354653,µg/m³,1
2025-11-04 07:00:00+00:00,Faisalabad,267.184502029419,µg/m³,1
2025-11-04 08:00:00+00:00,Faisalabad,182.8189998626709,µg/m³,1
2025-11-04 09:00:00+00:00,Faisalabad,315.8277080535889,µg/m³,1
2025-11-04 10:00:00+00:00,Faisalabad,369.50679384867345,µg/m³,1
2025-11-04 11:00:00+00:00,Faisalabad,414.53401290045844,µg/m³,1
2025-11-04 12:00:00+00:00,Faisalabad,440.56208114624025,µg/m³,1
2025-11-04 13:00:00+00:00,Faisalabad,423.3320392608643,µg/m³,1
2025-11-07 04:00:00+00:00,Faisalabad,107.65366617838542,µg/m³,1
2025-11-07 05:00:00+00:00,Faisalabad,92.79070847829183,µg/m³,1
2025-11-07 06:00:00+00:00,Faisalabad,78.91987514495848,µg/m³,1
2025-11-07 07:00:00+00:00,Faisalabad,64.21187534332276,µg/m³,1
2025-11-07 08:00:00+00:00,Faisalabad,53.392041460673006,µg/m³,1
2025-11-07 09:00:00+00:00,Faisalabad,51.007583363850905,µg/m³,1
2025-11-07 10:00:00+00:00,Faisalabad,53.75316683451336,µg/m³,1
2025-11-07 11:00:00+00:00,Faisalabad,64.91012516021729,µg/m³,1
2025-11-07 12:00:00+00:00,Faisalabad,83.64225006103516,µg/m³,1
2025-11-07 13:00:00+00:00,Faisalabad,124.75008290608726,µg/m³,1
2025-11-07 14:00:00+00:00,Faisalabad,221.67549972534178,µg/m³,1
2025-11-07 15:00:00+00:00,Faisalabad,253.78291581471763,µg/m³,1
2025-11-07 16:00:00+00:00,Faisalabad,264.9667500813802,µg/m³,1
2025-11-07 17:00:00+00:00,Faisalabad,194.53441626230872,µg/m³,1
2025-11-07 18:00:00+00:00,Faisalabad,197.5002498626709,µg/m³,1
2025-11-07 19:00:00+00:00,Faisalabad,230.81204549616038,µg/m³,1
2025-11-07 20:00:00+00:00,Faisalabad,258.71633281707767,µg/m³,1
2025-11-07 21:00:00+00:00,Faisalabad,275.7548309326172,µg/m³,1
2025-11-07 22:00:00+00:00,Faisalabad,257.6516253789266,µg/m³,1
2025-11-07 23:00:00+00:00,Faisalabad,304.45741577148436,µg/m³,1
2025-11-08 00:00:00+00:00,Faisalabad,289.7456659952799,µg/m³,1
2025-11-08 01:00:00+00:00,Faisalabad,299.78508478800455,µg/m³,1
2025-11-08 02:00:00+00:00,Faisalabad,317.059289932251,µg/m³,1
2025-11-08 03:00:00+00:00,Faisalabad,277.6668758392334,µg/m³,1
2025-11-08 04:00:00+00:00,Faisalabad,271.19004001617435,µg/m³,1
2025-11-08 05:00:00+00:00,Faisalabad,185.27774963378906,µg/m³,1
2025-11-08 06:00:00+00:00,Faisalabad,134.68620827992754,µg/m³,1
2025-11-08 07:00:00+00:00,Faisalabad,100.39920838673908,µg/m³,1
2025-11-08 08:00:00+00:00,Faisalabad,90.95979162851971,µg/m³,1
2025-11-08 09:00:00+00:00,Faisalabad,70.6603333791097,µg/m³,1
2025-11-08 10:00:00+00:00,Faisalabad,57.80493764877319,µg/m³,1
2025-11-08 11:00:00+00:00,Faisalabad,81.54166666666667,µg/m³,1
2025-11-08 12:00:00+00:00,Faisalabad,104.72266642252605,µg/m³,1
2025-11-08 13:00:00+00:00,Faisalabad,154.02216695149738,µg/m³,1
2025-11-08 14:00:00+00:00,Faisalabad,212.75033315022787,µg/m³,1
2025-11-08 15:00:00+00:00,Faisalabad,254.5353322347005,µg/m³,1
2025-11-08 16:00:00+00:00,Faisalabad,231.5168329874674,µg/m³,1
2025-11-08 17:00:00+00:00,Faisalabad,247.5058326721191,µg/m³,1
2025-11-08 18:00:00+00:00,Faisalabad,234.26366678873697,µg/m³,1
2025-11-08 19:00:00+00:00,Faisalabad,257.3164998372395,µg/m³,1
2025-11-08 20:00:00+00:00,Faisalabad,282.2748326619466,µg/m³,1
2025-11-08 21:00:00+00:00,Faisalabad,290.86933288574215,µg/m³,1
2025-11-08 22:00:00+00:00,Faisalabad,334.35566711425776,µg/m³,1
2025-11-08 23:00:00+00:00,Faisalabad,331.3104975382486,µg/m³,1
2025-11-09 00:00:00+00:00,Faisalabad,310.03524932861325,µg/m³,1
2025-11-09 01:00:00+00:00,Faisalabad,317.0691655476888,µg/m³,1
2025-11-09 02:00:00+00:00,Faisalabad,324.7969991048177,µg/m³,1
2025-11-09 03:00:00+00:00,Faisalabad,303.81683400472,µg/m³,1
2025-11-09 04:00:00+00:00,Faisalabad,302.72850290934247,µg/m³,1
2025-11-09 05:00:00+00:00,Faisalabad,207.28633321126304,µg/m³,1
2025-11-09 06:00:00+00:00,Faisalabad,95.01100006103515,µg/m³,1
2025-11-09 07:00:00+00:00,Faisalabad,70.09733327229817,µg/m³,1
2025-11-09 08:00:00+00:00,Faisalabad,57.007833607991536,µg/m³,1
2025-11-09 09:00:00+00:00,Faisalabad,52.122499847412115,µg/m³,1
2025-11-09 10:00:00+00:00,Faisalabad,55.586333211263025,µg/m³,1
2025-11-09 11:00:00+00:00,Faisalabad,71.98033345540365,µg/m³,1
2025-11-09 12:00:00+00:00,Faisalabad,100.12416712443034,µg/m³,1
2025-11-09 13:00:00+00:00,Faisalabad,140.23016688028974,µg/m³,1
2025-11-09 14:00:00+00:00,Faisalabad,181.55316645304364,µg/m³,1
2025-11-09 15:00:00+00:00,Faisalabad,222.47516657511392,µg/m³,1
2025-11-09 16:00:00+00:00,Faisalabad,269.78100102742513,µg/m³,1
2025-11-09 17:00:00+00:00,Faisalabad,276.4556671142579,µg/m³,1
2025-11-09 18:00:00+00:00,Faisalabad,296.4221664428711,µg/m³,1
2025-11-09 19:00:00+00:00,Faisalabad,326.7393351236979,µg/m³,1
2025-11-09 20:00:00+00:00,Faisalabad,319.71099955240885,µg/m³,1
2025-11-09 21:00:00+00:00,Faisalabad,321.9030008951823,µg/m³,1
2025-11-09 22:00:00+00:00,Faisalabad,313.343830871582,µg/m³,1
2025-11-09 23:00:00+00:00,Faisalabad,350.613498433431,µg/m³,1
2025-11-10 00:00:00+00:00,Faisalabad,356.76599731445316,µg/m³,1
2025-11-10 01:00:00+00:00,Faisalabad,360.34683176676435,µg/m³,1
2025-11-10 02:00:00+00:00,Faisalabad,382.0298304239909,µg/m³,1
2025-11-10 03:00:00+00:00,Faisalabad,397.51950022379555,µg/m³,1
2025-11-10 04:00:00+00:00,Faisalabad,298.2280008951823,µg/m³,1
2025-11-10 05:00:00+00:00,Faisalabad,228.41650034586587,µg/m³,1
2025-11-10 06:00:00+00:00,Faisalabad,155.17983373006183,µg/m³,1
2025-11-10 07:00:00+00:00,Faisalabad,135.6163335164388,µg/m³,1
2025-11-10 08:00:00+00:00,Faisalabad,135.4971664428711,µg/m³,1
2025-11-10 09:00:00+00:00,Faisalabad,115.27233327229817,µg/m³,1
2025-11-10 10:00:00+00:00,Faisalabad,174.6110003153483,µg/m³,1
2025-11-10 11:00:00+00:00,Faisalabad,211.6111676534017,µg/m³,1
2025-11-10 12:00:00+00:00,Faisalabad,175.813666788737,µg/m³,1
2025-11-10 13:00:00+00:00,Faisalabad,202.54999999999998,µg/m³,1
2025-11-10 14:00:00+00:00,Faisalabad,236.12766571044924,µg/m³,1
2025-11-10 15:00:00+00:00,Faisalabad,273.1888331095378,µg/m³,1
2025-11-10 16:00:00+00:00,Faisalabad,299.98316599527993,µg/m³,1
2025-11-10 17:00:00+00:00,Faisalabad,331.5261230044894,µg/m³,1
2025-11-10 18:00:00+00:00,Faisalabad,383.44511286417645,µg/m³,1
2025-11-10 19:00:00+00:00,Faisalabad,374.6693328857422,µg/m³,1
2025-11-10 20:00:00+00:00,Faisalabad,389.39183400472,µg/m³,1
2025-11-10 21:00:00+00:00,Faisalabad,395.55866800944005,µg/m³,1
2025-11-10 22:00:00+00:00,Faisalabad,372.680332438151,µg/m³,1
2025-11-10 23:00:00+00:00,Faisalabad,377.98633422851555,µg/m³,1
2025-11-11 00:00:00+00:00,Faisalabad,390.3113342285156,µg/m³,1
2025-11-11 01:00:00+00:00,Faisalabad,382.06633199055995,µg/m³,1
2025-11-11 02:00:00+00:00,Faisalabad,370.8971664428711,µg/m³,1
2025-11-11 03:00:00+00:00,Faisalabad,346.2054997762045,µg/m³,1
2025-11-11 04:00:00+00:00,Faisalabad,298.004830678304,µg/m³,1
2025-11-11 05:00:00+00:00,Faisalabad,267.3639999389648,µg/m³,1
2025-11-11 06:00:00+00:00,Faisalabad,248.50900141398117,µg/m³,1
2025-11-11 07:00:00+00:00,Faisalabad,267.9773315429688,µg/m³,1
2025-11-11 08:00:00+00:00,Faisalabad,149.49716669718424,µg/m³,1
2025-11-11 09:00:00+00:00,Faisalabad,142.84150009155272,µg/m³,1
2025-11-11 10:00:00+00:00,Faisalabad,136.54449971516928,µg/m³,1
2025-11-11 11:00:00+00:00,Faisalabad,135.82766672770182,µg/m³,1
2025-11-11 12:00:00+00:00,Faisalabad,180.0251665751139,µg/m³,1
2025-11-11 13:00:00+00:00,Faisalabad,233.28266703287758,µg/m³,1
2025-11-11 14:00:00+00:00,Faisalabad,277.27516708374026,µg/m³,1
2025-11-11 15:00:00+00:00,Faisalabad,320.09750111897785,µg/m³,1
2025-11-11 16:00:00+00:00,Faisalabad,383.33583221435555,µg/m³,1
2025-11-11 17:00:00+00:00,Faisalabad,395.4701695760091,µg/m³,1
2025-11-11 18:00:00+00:00,Faisalabad,433.2359995524088,µg/m³,1
2025-11-11 19:00:00+00:00,Faisalabad,463.00583445231126,µg/m³,1
2025-11-11 20:00:00+00:00,Faisalabad,490.6276662190755,µg/m³,1
2025-11-11 21:00:00+00:00,Faisalabad,471.8581659952799,µg/m³,1
2025-11-11 22:00:00+00:00,Faisalabad,458.3969991048177,µg/m³,1
2025-11-11 23:00:00+00:00,Faisalabad,425.08350067138673,µg/m³,1
2025-11-12 00:00:00+00:00,Faisalabad,327.24683176676433,µg/m³,1
2025-11-12 01:00:00+00:00,Faisalabad,324.7388331095378,µg/m³,1
2025-11-12 02:00:00+00:00,Faisalabad,369.25816599527997,µg/m³,1
2025-11-12 03:00:00+00:00,Faisalabad,355.34750111897785,µg/m³,1
2025-11-12 04:00:00+00:00,Faisalabad,350.4593206193712,µg/m³,1
2025-11-12 05:00:00+00:00,Faisalabad,268.90016606648766,µg/m³,1
2025-11-12 12:00:00+00:00,Faisalabad,129.98550033569336,µg/m³,1
2025-11-12 13:00:00+00:00,Faisalabad,150.31966654459634,µg/m³,1
2025-11-12 14:00:00+00:00,Faisalabad,205.68349990844726,µg/m³,1
2025-11-12 15:00:00+00:00,Faisalabad,216.33033345540366,µg/m³,1
2025-11-12 16:00:00+00:00,Faisalabad,216.5060001373291,µg/m³,1
2025-11-12 17:00:00+00:00,Faisalabad,240.0918337504069,µg/m³,1
2025-11-12 18:00:00+00:00,Faisalabad,228.43033345540366,µg/m³,1
2025-11-12 19:00:00+00:00,Faisalabad,255.1693318684896,µg/m³,1
2025-11-12 20:00:00+00:00,Faisalabad,276.5086680094401,µg/m³,1
2025-11-12 21:00:00+00:00,Faisalabad,264.55283330281577,µg/m³,1
2025-11-12 22:00:00+00:00,Faisalabad,294.4138331095378,µg/m³,1
2025-11-12 23:00:00+00:00,Faisalabad,335.32733154296875,µg/m³,1
2025-11-13 00:00:00+00:00,Faisalabad,357.5618362426758,µg/m³,1
2025-11-13 01:00:00+00:00,Faisalabad,351.96700134277336,µg/m³,1
2025-11-13 02:00:00+00:00,Faisalabad,420.3056671142578,µg/m³,1
2025-11-13 03:00:00+00:00,Faisalabad,394.75600179036456,µg/m³,1
2025-11-13 04:00:00+00:00,Faisalabad,253.22749964396158,µg/m³,1
2025-11-13 06:00:00+00:00,Faisalabad,159.42533315022789,µg/m³,1
2025-11-13 07:00:00+00:00,Faisalabad,149.86666666666665,µg/m³,1
2025-11-13 08:00:00+00:00,Faisalabad,134.4080001831055,µg/m³,1
2025-11-13 09:00:00+00:00,Faisalabad,113.59733327229817,µg/m³,1
2025-11-13 10:00:00+00:00,Faisalabad,114.06683324178061,µg/m³,1
2025-11-13 11:00:00+00:00,Faisalabad,177.01887505849206,µg/m³,1
2025-11-13 12:00:00+00:00,Faisalabad,200.73055555555558,µg/m³,1
2025-11-13 13:00:00+00:00,Faisalabad,252.6501673380534,µg/m³,1
2025-11-13 14:00:00+00:00,Faisalabad,257.49133224487304,µg/m³,1
2025-11-13 15:00:00+00:00,Faisalabad,282.38633422851564,µg/m³,1
2025-11-13 16:00:00+00:00,Faisalabad,376.79450022379564,µg/m³,1
2025-11-13 17:00:00+00:00,Faisalabad,405.03916778564445,µg/m³,1
2025-11-13 18:00:00+00:00,Faisalabad,432.4421686808268,µg/m³,1
2025-11-13 19:00:00+00:00,Faisalabad,434.22233378092454,µg/m³,1
2025-11-13 20:00:00+00:00,Faisalabad,420.9253346761068,µg/m³,1
2025-11-13 21:00:00+00:00,Faisalabad,426.3530008951823,µg/m³,1
2025-11-13 22:00:00+00:00,Faisalabad,435.61218206232246,µg/m³,1
2025-11-13 23:00:00+00:00,Faisalabad,439.4751673380535,µg/m³,1
2025-11-14 00:00:00+00:00,Faisalabad,443.030332438151,µg/m³,1
2025-11-14 02:00:00+00:00,Faisalabad,417.753335571289,µg/m³,1
2025-11-14 03:00:00+00:00,Faisalabad,472.6060012817384,µg/m³,1
2025-11-14 04:00:00+00:00,Faisalabad,423.1949979146322,µg/m³,1
2025-11-14 13:00:00+00:00,Faisalabad,207.14983342488608,µg/m³,1
2025-11-14 14:00:00+00:00,Faisalabad,246.71666539510093,µg/m³,1
2025-11-14 15:00:00+00:00,Faisalabad,294.5911646525065,µg/m³,1
2025-11-14 16:00:00+00:00,Faisalabad,304.5301651000977,µg/m³,1
2025-11-14 17:00:00+00:00,Faisalabad,343.3517189025879,µg/m³,1
2025-11-14 18:00:00+00:00,Faisalabad,368.3036116706001,µg/m³,1
2025-11-14 19:00:00+00:00,Faisalabad,361.26100234985347,µg/m³,1
2025-11-14 20:00:00+00:00,Faisalabad,366.6219991048177,µg/m³,1
2025-11-14 21:00:00+00:00,Faisalabad,351.8638331095378,µg/m³,1
2025-11-14 22:00:00+00:00,Faisalabad,339.93916778564454,µg/m³,1
2025-11-14 23:00:00+00:00,Faisalabad,333.9975011189778,µg/m³,1
2025-11-15 00:00:00+00:00,Faisalabad,341.2941655476888,µg/m³,1
2025-11-15 01:00:00+00:00,Faisalabad,331.43916778564454,µg/m³,1
2025-11-15 02:00:00+00:00,Faisalabad,363.00583445231126,µg/m³,1
2025-11-15 03:00:00+00:00,Faisalabad,384.93116912841793,µg/m³,1
2025-11-15 04:00:00+00:00,Faisalabad,279.916498819987,µg/m³,1
2025-11-15 05:00:00+00:00,Faisalabad,159.73333333333335,µg/m³,1
2025-11-15 06:00:00+00:00,Faisalabad,149.31100006103514,µg/m³,1
2025-11-15 07:00:00+00:00,Faisalabad,107.85849990844726,µg/m³,1
2025-11-15 08:00:00+00:00,Faisalabad,72.26949996948242,µg/m³,1
2025-11-15 09:00:00+00:00,Faisalabad,69.91933339436848,µg/m³,1
2025-11-15 10:00:00+00:00,Faisalabad,61.99466654459635,µg/m³,1
2025-11-15 11:00:00+00:00,Faisalabad,55.66966654459636,µg/m³,1
2025-11-15 12:00:00+00:00,Faisalabad,79.22500000000001,µg/m³,1
2025-11-15 13:00:00+00:00,Faisalabad,309.6331667582194,µg/m³,1
2025-11-15 14:00:00+00:00,Faisalabad,278.53116709391276,µg/m³,1
2025-11-15 15:00:00+00:00,Faisalabad,250.68599904378252,µg/m³,1
2025-11-15 16:00:00+00:00,Faisalabad,382.1334991455078,µg/m³,1
2025-11-15 17:00:00+00:00,Faisalabad,293.78650156656903,µg/m³,1
2025-11-15 18:00:00+00:00,Faisalabad,268.4188308715821,µg/m³,1
2025-11-15 19:00:00+00:00,Faisalabad,296.78883310953773,µg/m³,1
2025-11-15 20:00:00+00:00,Faisalabad,339.7083333333333,µg/m³,1
2025-11-15 21:00:00+00:00,Faisalabad,332.4636657714844,µg/m³,1
2025-11-15 22:00:00+00:00,Faisalabad,327.0531682332357,µg/m³,1
2025-11-15 23:00:00+00:00,Faisalabad,321.3223337809245,µg/m³,1
2025-11-16 00:00:00+00:00,Faisalabad,340.2670013427734,µg/m³,1
2025-11-16 01:00:00+00:00,Faisalabad,335.08316599527996,µg/m³,1
2025-11-16 02:00:00+00:00,Faisalabad,350.87233378092446,µg/m³,1
2025-11-16 04:00:00+00:00,Faisalabad,218.93383280436197,µg/m³,1
2025-11-16 05:00:00+00:00,Faisalabad,234.73316650390623,µg/m³,1
2025-11-16 06:00:00+00:00,Faisalabad,138.19150009155274,µg/m³,1
2025-11-16 07:00:00+00:00,Faisalabad,148.64983342488605,µg/m³,1
2025-11-16 08:00:00+00:00,Faisalabad,134.48300018310547,µg/m³,1
2025-11-16 09:00:00+00:00,Faisalabad,126.9504997253418,µg/m³,1
2025-11-16 10:00:00+00:00,Faisalabad,108.94666697184245,µg/m³,1
2025-11-16 11:00:00+00:00,Faisalabad,119.36383336385092,µg/m³,1
2025-11-16 12:00:00+00:00,Faisalabad,153.59008344014487,µg/m³,1
2025-11-16 13:00:00+00:00,Faisalabad,212.82466684977214,µg/m³,1
2025-11-16 14:00:00+00:00,Faisalabad,270.69983266194663,µg/m³,1
2025-11-16 15:00:00+00:00,Faisalabad,323.56366577148435,µg/m³,1
2025-11-16 16:00:00+00:00,Faisalabad,374.65316823323565,µg/m³,1
2025-11-16 17:00:00+00:00,Faisalabad,386.29099731445314,µg/m³,1
2025-11-16 18:00:00+00:00,Faisalabad,347.55566711425786,µg/m³,1
2025-11-16 19:00:00+00:00,Faisalabad,382.9810017903647,µg/m³,1
2025-11-16 20:00:00+00:00,Faisalabad,381.6170013427734,µg/m³,1
2025-11-16 21:00:00+00:00,Faisalabad,402.6243306477865,µg/m³,1
2025-11-16 22:00:00+00:00,Faisalabad,420.20499776204423,µg/m³,1
2025-11-16 23:00:00+00:00,Faisalabad,460.78599955240884,µg/m³,1
2025-11-17 00:00:00+00:00,Faisalabad,459.7804997762044,µg/m³,1
2025-11-17 01:00:00+00:00,Faisalabad,410.61916554768885,µg/m³,1
2025-11-17 02:00:00+00:00,Faisalabad,423.2631637573241,µg/m³,1
2025-11-17 03:00:00+00:00,Faisalabad,423.7778335571289,µg/m³,1
2025-11-17 04:00:00+00:00,Faisalabad,295.79966735839844,µg/m³,1
2025-11-17 05:00:00+00:00,Faisalabad,209.41099955240884,µg/m³,1
2025-11-17 06:00:00+00:00,Faisalabad,167.54150009155273,µg/m³,1
2025-11-17 09:00:00+00:00,Faisalabad,90.33283360799153,µg/m³,1
2025-11-17 10:00:00+00:00,Faisalabad,91.1393330891927,µg/m³,1
2025-11-17 11:00:00+00:00,Faisalabad,116.13916651407878,µg/m³,1
2025-11-17 12:00:00+00:00,Faisalabad,113.49999999999999,µg/m³,1
2025-11-17 13:00:00+00:00,Faisalabad,177.38349990844725,µg/m³,1
2025-11-17 14:00:00+00:00,Faisalabad,230.97783330281575,µg/m³,1
2025-11-17 15:00:00+00:00,Faisalabad,231.85266672770183,µg/m³,1
2025-11-17 16:00:00+00:00,Faisalabad,276.2943747202556,µg/m³,1
2025-11-17 17:00:00+00:00,Faisalabad,333.8899598439534,µg/m³,1
2025-11-17 18:00:00+00:00,Faisalabad,322.1893351236979,µg/m³,1
2025-11-17 19:00:00+00:00,Faisalabad,272.29699961344403,µg/m³,1
2025-11-17 20:00:00+00:00,Faisalabad,222.48933308919268,µg/m³,1
2025-11-17 21:00:00+00:00,Faisalabad,221.28866678873695,µg/m³,1
2025-11-17 22:00:00+00:00,Faisalabad,240.39716695149738,µg/m³,1
2025-11-17 23:00:00+00:00,Faisalabad,250.72216695149743,µg/m³,1
2025-11-18 00:00:00+00:00,Faisalabad,265.2310012817383,µg/m³,1
2025-11-18 01:00:00+00:00,Faisalabad,287.44983240763344,µg/m³,1
2025-11-18 02:00:00+00:00,Faisalabad,357.4140004475912,µg/m³,1
2025-11-18 03:00:00+00:00,Faisalabad,473.5223347981771,µg/m³,1
2025-11-18 05:00:00+00:00,Faisalabad,346.13549753824867,µg/m³,1
2025-11-18 06:00:00+00:00,Faisalabad,341.20533243815106,µg/m³,1
2025-11-18 07:00:00+00:00,Faisalabad,159.84179121653239,µg/m³,1
2025-11-18 08:00:00+00:00,Faisalabad,124.67766672770182,µg/m³,1
2025-11-18 09:00:00+00:00,Faisalabad,116.62491671244305,µg/m³,1
2025-11-18 10:00:00+00:00,Faisalabad,142.6188885582818,µg/m³,1
2025-11-18 11:00:00+00:00,Faisalabad,136.62450052897134,µg/m³,1
2025-11-18 12:00:00+00:00,Faisalabad,164.95283330281578,µg/m³,1
2025-11-18 13:00:00+00:00,Faisalabad,237.90350011189778,µg/m³,1
2025-11-18 14:00:00+00:00,Faisalabad,274.06133422851565,µg/m³,1
2025-11-18 15:00:00+00:00,Faisalabad,287.8943328857422,µg/m³,1
2025-11-18 16:00:00+00:00,Faisalabad,291.78049977620446,µg/m³,1
2025-11-18 17:00:00+00:00,Faisalabad,292.68049977620444,µg/m³,1
2025-11-18 18:00:00+00:00,Faisalabad,312.81383310953777,µg/m³,1
2025-11-18 19:00:00+00:00,Faisalabad,357.8781682332356,µg/m³,1
2025-11-18 20:00:00+00:00,Faisalabad,358.075,µg/m³,1
2025-11-18 21:00:00+00:00,Faisalabad,314.55,µg/m³,1
2025-11-18 22:00:00+00:00,Faisalabad,321.20350290934243,µg/m³,1
2025-11-18 23:00:00+00:00,Faisalabad,352.3260040283203,µg/m³,1
2025-11-19 00:00:00+00:00,Faisalabad,348.2707524617513,µg/m³,1
2025-11-19 01:00:00+00:00,Faisalabad,308.8140004475911,µg/m³,1
2025-11-19 02:00:00+00:00,Faisalabad,294.256169128418,µg/m³,1
2025-11-19 03:00:00+00:00,Faisalabad,281.6106648763021,µg/m³,1
2025-11-19 04:00:00+00:00,Faisalabad,241.86350021362304,µg/m³,1
2025-11-19 05:00:00+00:00,Faisalabad,232.2334996541341,µg/m³,1
2025-11-19 06:00:00+00:00,Faisalabad,184.48866678873696,µg/m³,1
2025-11-19 07:00:00+00:00,Faisalabad,135.08050003051758,µg/m³,1
2025-11-19 08:00:00+00:00,Faisalabad,121.50566660563152,µg/m³,1
2025-11-19 09:00:00+00:00,Faisalabad,105.78616663614908,µg/m³,1
2025-11-19 10:00:00+00:00,Faisalabad,106.28383305867511,µg/m³,1
2025-11-19 11:00:00+00:00,Faisalabad,135.23899993896484,µg/m³,1
2025-11-19 12:00:00+00:00,Faisalabad,130.4940002441406,µg/m³,1
2025-11-19 13:00:00+00:00,Faisalabad,182.25566660563152,µg/m³,1
2025-11-19 14:00:00+00:00,Faisalabad,258.90283330281574,µg/m³,1
2025-11-19 15:00:00+00:00,Faisalabad,299.6558344523112,µg/m³,1
2025-11-19 16:00:00+00:00,Faisalabad,277.0716644287109,µg/m³,1
2025-11-19 17:00:00+00:00,Faisalabad,296.83366800944015,µg/m³,1
2025-11-19 18:00:00+00:00,Faisalabad,300.95833358764645,µg/m³,1
2025-11-19 19:00:00+00:00,Faisalabad,234.8418327331543,µg/m³,1
2025-11-19 20:00:00+00:00,Faisalabad,218.14400024414059,µg/m³,1
2025-11-19 21:00:00+00:00,Faisalabad,236.4415008544922,µg/m³,1
2025-11-19 22:00:00+00:00,Faisalabad,215.6916666666667,µg/m³,1
2025-11-19 23:00:00+00:00,Faisalabad,233.436333211263,µg/m³,1
2025-11-20 00:00:00+00:00,Faisalabad,248.70800069173174,µg/m³,1
2025-11-20 01:00:00+00:00,Faisalabad,263.1352935155233,µg/m³,1
2025-11-20 02:00:00+00:00,Faisalabad,276.3445002237956,µg/m³,1
2025-11-20 03:00:00+00:00,Faisalabad,291.8168340047201,µg/m³,1
2025-11-20 04:00:00+00:00,Faisalabad,314.28834743499755,µg/m³,1
2025-11-20 05:00:00+00:00,Faisalabad,268.34555539025206,µg/m³,1
2025-11-20 06:00:00+00:00,Faisalabad,285.33333333333337,µg/m³,1
2025-11-20 07:00:00+00:00,Faisalabad,201.07466634114584,µg/m³,1
2025-11-20 08:00:00+00:00,Faisalabad,151.88600006103513,µg/m³,1
2025-11-20 09:00:00+00:00,Faisalabad,178.27516682942704,µg/m³,1
2025-11-20 10:00:00+00:00,Faisalabad,144.59666697184244,µg/m³,1
2025-11-20 11:00:00+00:00,Faisalabad,157.32333323160805,µg/m³,1
2025-11-20 12:00:00+00:00,Faisalabad,190.10316645304366,µg/m³,1
2025-11-20 13:00:00+00:00,Faisalabad,243.19216715494795,µg/m³,1
2025-11-20 14:00:00+00:00,Faisalabad,255.37266743977864,µg/m³,1
2025-11-20 15:00:00+00:00,Faisalabad,271.8945004781087,µg/m³,1
2025-11-20 16:00:00+00:00,Faisalabad,295.2778335571289,µg/m³,1
2025-11-20 17:00:00+00:00,Faisalabad,299.28283131917317,µg/m³,1
2025-11-20 18:00:00+00:00,Faisalabad,301.3163319905599,µg/m³,1
2025-11-20 19:00:00+00:00,Faisalabad,338.0530008951823,µg/m³,1
2025-11-20 20:00:00+00:00,Faisalabad,277.59433288574223,µg/m³,1
2025-11-20 21:00:00+00:00,Faisalabad,255.17483215332035,µg/m³,1
2025-11-20 22:00:00+00:00,Faisalabad,245.4306666056316,µg/m³,1
2025-11-20 23:00:00+00:00,Faisalabad,248.76683324178057,µg/m³,1
2025-11-21 00:00:00+00:00,Faisalabad,250.04966608683264,µg/m³,1
2025-11-21 01:00:00+00:00,Faisalabad,278.1576639811198,µg/m³,1
2025-11-21 02:00:00+00:00,Faisalabad,299.38049977620443,µg/m³,1
2025-11-21 03:00:00+00:00,Faisalabad,366.55016733805337,µg/m³,1
2025-11-21 04:00:00+00:00,Faisalabad,442.9083333333335,µg/m³,1
2025-11-21 05:00:00+00:00,Faisalabad,295.410498046875,µg/m³,1
2025-11-21 06:00:00+00:00,Faisalabad,181.53883336385093,µg/m³,1
2025-11-21 07:00:00+00:00,Faisalabad,184.78883336385093,µg/m³,1
2025-11-21 08:00:00+00:00,Faisalabad,157.3220001220703,µg/m³,1
2025-11-21 09:00:00+00:00,Faisalabad,164.75550028483073,µg/m³,1
2025-11-21 10:00:00+00:00,Faisalabad,183.41933441162112,µg/m³,1
2025-11-21 11:00:00+00:00,Faisalabad,180.27199986775716,µg/m³,1
2025-11-21 12:00:00+00:00,Faisalabad,208.98650004069012,µg/m³,1
2025-11-21 13:00:00+00:00,Faisalabad,315.89427710639114,µg/m³,1
2025-11-21 14:00:00+00:00,Faisalabad,396.005332438151,µg/m³,1
2025-11-21 15:00:00+00:00,Faisalabad,348.2945448557536,µg/m³,1
2025-11-21 16:00:00+00:00,Faisalabad,295.2994998508029,µg/m³,1
2025-11-21 17:00:00+00:00,Faisalabad,267.9048301696777,µg/m³,1
2025-11-21 18:00:00+00:00,Faisalabad,270.3036675771078,µg/m³,1
2025-11-21 19:00:00+00:00,Faisalabad,286.2859995524089,µg/m³,1
2025-11-21 20:00:00+00:00,Faisalabad,294.3222054799398,µg/m³,1
2025-11-21 21:00:00+00:00,Faisalabad,281.82233378092445,µg/m³,1
2025-11-21 22:00:00+00:00,Faisalabad,283.4695002237956,µg/m³,1
2025-11-21 23:00:00+00:00,Faisalabad,293.30216420491536,µg/m³,1
2025-11-22 00:00:00+00:00,Faisalabad,275.3881637573242,µg/m³,1
2025-11-22 01:00:00+00:00,Faisalabad,270.3721664428711,µg/m³,1
2025-11-22 02:00:00+00:00,Faisalabad,291.2416666666667,µg/m³,1
2025-11-22 03:00:00+00:00,Faisalabad,363.41649932861327,µg/m³,1
2025-11-22 04:00:00+00:00,Faisalabad,380.9388331095378,µg/m³,1
2025-11-22 05:00:00+00:00,Faisalabad,299.4446683247884,µg/m³,1
2025-11-22 06:00:00+00:00,Faisalabad,189.34716669718424,µg/m³,1
2025-11-22 07:00:00+00:00,Faisalabad,147.761333211263,µg/m³,1
2025-11-22 08:00:00+00:00,Faisalabad,110.25883305867511,µg/m³,1
2025-11-22 09:00:00+00:00,Faisalabad,107.2668332417806,µg/m³,1
2025-11-22 10:00:00+00:00,Faisalabad,112.29183324178058,µg/m³,1
2025-11-22 11:00:00+00:00,Faisalabad,119.57466684977214,µg/m³,1
2025-11-22 12:00:00+00:00,Faisalabad,158.475,µg/m³,1
2025-11-22 13:00:00+00:00,Faisalabad,202.79766642252605,µg/m³,1
2025-11-22 14:00:00+00:00,Faisalabad,286.18833109537763,µg/m³,1
2025-11-22 15:00:00+00:00,Faisalabad,316.7473337809245,µg/m³,1
2025-11-22 16:00:00+00:00,Faisalabad,412.50583445231115,µg/m³,1
2025-11-22 17:00:00+00:00,Faisalabad,433.5335006713867,µg/m³,1
2025-11-22 18:00:00+00:00,Faisalabad,428.21700134277353,µg/m³,1
2025-11-22 19:00:00+00:00,Faisalabad,409.7391677856445,µg/m³,1
2025-11-22 20:00:00+00:00,Faisalabad,416.4248326619466,µg/m³,1
2025-11-22 21:00:00+00:00,Faisalabad,417.52516733805334,µg/m³,1
2025-11-22 22:00:00+00:00,Faisalabad,421.51899820963536,µg/m³,1
2025-11-22 23:00:00+00:00,Faisalabad,391.8471664428711,µg/m³,1
2025-11-23 00:00:00+00:00,Faisalabad,365.4554997762045,µg/m³,1
2025-11-23 01:00:00+00:00,Faisalabad,360.8366689046224,µg/m³,1
2025-11-23 02:00:00+00:00,Faisalabad,379.46383310953775,µg/m³,1
2025-11-23 03:00:00+00:00,Faisalabad,420.7251673380535,µg/m³,1
2025-11-23 04:00:00+00:00,Faisalabad,445.4283350626628,µg/m³,1
2025-11-23 05:00:00+00:00,Faisalabad,272.9946675618489,µg/m³,1
2025-11-23 06:00:00+00:00,Faisalabad,166.62183354695637,µg/m³,1
2025-11-23 07:00:00+00:00,Faisalabad,163.8561663309733,µg/m³,1
2025-11-23 08:00:00+00:00,Faisalabad,133.4808331807454,µg/m³,1
2025-11-23 09:00:00+00:00,Faisalabad,103.72266642252605,µg/m³,1
2025-11-23 13:00:00+00:00,Faisalabad,190.96166636149087,µg/m³,1
2025-11-23 14:00:00+00:00,Faisalabad,228.56366678873692,µg/m³,1
2025-11-23 15:00:00+00:00,Faisalabad,280.3581657409668,µg/m³,1
2025-11-23 16:00:00+00:00,Faisalabad,352.67404060363765,µg/m³,1
2025-11-23 17:00:00+00:00,Faisalabad,386.59983266194655,µg/m³,1
2025-11-23 18:00:00+00:00,Faisalabad,404.0847222222222,µg/m³,1
2025-11-23 19:00:00+00:00,Faisalabad,410.72550201416016,µg/m³,1
2025-11-23 20:00:00+00:00,Faisalabad,419.1853302001953,µg/m³,1
2025-11-23 21:00:00+00:00,Faisalabad,427.10533243815104,µg/m³,1
2025-11-23 22:00:00+00:00,Faisalabad,445.92940854159275,µg/m³,1
2025-11-23 23:00:00+00:00,Faisalabad,400.2553324381511,µg/m³,1
2025-11-24 00:00:00+00:00,Faisalabad,385.6133310953776,µg/m³,1
2025-11-24 01:00:00+00:00,Faisalabad,396.9780008951823,µg/m³,1
2025-11-24 02:00:00+00:00,Faisalabad,422.58583221435555,µg/m³,1
2025-11-24 04:00:00+00:00,Faisalabad,540.7581675211588,µg/m³,1
2025-11-24 05:00:00+00:00,Faisalabad,520.2561246236165,µg/m³,1
2025-11-24 06:00:00+00:00,Faisalabad,326.4079986572266,µg/m³,1
2025-11-24 07:00:00+00:00,Faisalabad,276.96217041015626,µg/m³,1
2025-11-24 08:00:00+00:00,Faisalabad,199.8383336385091,µg/m³,1
2025-11-24 09:00:00+00:00,Faisalabad,167.95849990844727,µg/m³,1
2025-11-24 10:00:00+00:00,Faisalabad,129.32533315022786,µg/m³,1
2025-11-24 11:00:00+00:00,Faisalabad,152.26666666666668,µg/m³,1
2025-11-24 12:00:00+00:00,Faisalabad,203.25583318074544,µg/m³,1
2025-11-24 13:00:00+00:00,Faisalabad,269.8719996134441,µg/m³,1
2025-11-24 14:00:00+00:00,Faisalabad,296.33016510009764,µg/m³,1
2025-11-24 15:00:00+00:00,Faisalabad,312.7198348999023,µg/m³,1
2025-11-24 16:00:00+00:00,Faisalabad,331.71200358072923,µg/m³,1
2025-11-24 17:00:00+00:00,Faisalabad,360.3890004475911,µg/m³,1
2025-11-24 18:00:00+00:00,Faisalabad,377.1689982096354,µg/m³,1
2025-11-24 19:00:00+00:00,Faisalabad,419.5574966430664,µg/m³,1
2025-11-24 20:00:00+00:00,Faisalabad,396.52733154296874,µg/m³,1
2025-11-24 21:00:00+00:00,Faisalabad,370.93717091878256,µg/m³,1
2025-11-24 22:00:00+00:00,Faisalabad,365.49983266194664,µg/m³,1
2025-11-24 23:00:00+00:00,Faisalabad,359.55127175071027,µg/m³,1
2025-11-25 04:00:00+00:00,Faisalabad,429.31700134277344,µg/m³,1
2025-11-25 05:00:00+00:00,Faisalabad,225.286957359314,µg/m³,1
2025-11-25 06:00:00+00:00,Faisalabad,155.88866678873697,µg/m³,1
2025-11-25 07:00:00+00:00,Faisalabad,131.51650009155273,µg/m³,1
2025-11-25 08:00:00+00:00,Faisalabad,122.67783330281576,µg/m³,1
2025-11-25 09:00:00+00:00,Faisalabad,124.36694454616969,µg/m³,1
2025-11-25 10:00:00+00:00,Faisalabad,116.15758336385092,µg/m³,1
2025-11-25 11:00:00+00:00,Faisalabad,128.73608322143554,µg/m³,1
2025-11-25 12:00:00+00:00,Faisalabad,171.51100006103516,µg/m³,1
2025-11-25 13:00:00+00:00,Faisalabad,219.00799992879232,µg/m³,1
2025-11-25 14:00:00+00:00,Faisalabad,266.74783604939773,µg/m³,1
2025-11-25 15:00:00+00:00,Faisalabad,315.8761109246148,µg/m³,1
2025-11-25 16:00:00+00:00,Faisalabad,346.8882623036702,µg/m³,1
2025-11-25 17:00:00+00:00,Faisalabad,367.5829986572266,µg/m³,1
2025-11-25 18:00:00+00:00,Faisalabad,372.9416666666666,µg/m³,1
2025-11-25 19:00:00+00:00,Faisalabad,373.57250111897787,µg/m³,1
2025-11-25 20:00:00+00:00,Faisalabad,281.0413324991862,µg/m³,1
2025-11-25 21:00:00+00:00,Faisalabad,315.2359995524088,µg/m³,1
2025-11-25 22:00:00+00:00,Faisalabad,326.31933288574214,µg/m³,1
2025-11-25 23:00:00+00:00,Faisalabad,334.44183400472,µg/m³,1
2025-11-26 00:00:00+00:00,Faisalabad,346.7943328857421,µg/m³,1
2025-11-26 01:00:00+00:00,Faisalabad,357.27500000000003,µg/m³,1
2025-11-26 02:00:00+00:00,Faisalabad,369.4811691284179,µg/m³,1
2025-11-26 03:00:00+00:00,Faisalabad,388.48283131917316,µg/m³,1
2025-11-26 04:00:00+00:00,Faisalabad,392.02233454386396,µg/m³,1
2025-11-26 05:00:00+00:00,Faisalabad,203.70254179636638,µg/m³,1
2025-11-26 06:00:00+00:00,Faisalabad,174.4643330891927,µg/m³,1
2025-11-26 07:00:00+00:00,Faisalabad,166.61966654459636,µg/m³,1
2025-11-26 08:00:00+00:00,Faisalabad,212.9944999694824,µg/m³,1
2025-11-26 09:00:00+00:00,Faisalabad,196.85883331298828,µg/m³,1
2025-11-26 10:00:00+00:00,Faisalabad,165.312652821011,µg/m³,1
2025-11-26 11:00:00+00:00,Faisalabad,164.42200037638347,µg/m³,1
2025-11-26 12:00:00+00:00,Faisalabad,217.40091679890952,µg/m³,1
2025-11-26 13:00:00+00:00,Faisalabad,308.33983713785807,µg/m³,1
2025-11-26 14:00:00+00:00,Faisalabad,357.0085006713867,µg/m³,1
2025-11-26 15:00:00+00:00,Faisalabad,399.2858322143554,µg/m³,1
2025-11-26 16:00:00+00:00,Faisalabad,443.6164993286133,µg/m³,1
2025-11-26 17:00:00+00:00,Faisalabad,393.61933288574215,µg/m³,1
2025-11-26 18:00:00+00:00,Faisalabad,337.1604975382487,µg/m³,1
2025-11-26 19:00:00+00:00,Faisalabad,321.36366577148436,µg/m³,1
2025-11-26 20:00:00+00:00,Faisalabad,309.00016733805336,µg/m³,1
2025-11-26 21:00:00+00:00,Faisalabad,331.28616689046225,µg/m³,1
2025-11-26 22:00:00+00:00,Faisalabad,340.0219991048177,µg/m³,1
2025-11-26 23:00:00+00:00,Faisalabad,316.6106648763021,µg/m³,1
2025-11-27 00:00:00+00:00,Faisalabad,308.03916778564445,µg/m³,1
2025-11-27 01:00:00+00:00,Faisalabad,309.41983489990236,µg/m³,1
2025-11-27 02:00:00+00:00,Faisalabad,306.8006665547689,µg/m³,1
2025-11-27 03:00:00+00:00,Faisalabad,353.5579986572265,µg/m³,1
2025-11-27 04:00:00+00:00,Faisalabad,395.6024988810221,µg/m³,1
2025-11-27 05:00:00+00:00,Faisalabad,218.9028340657552,µg/m³,1
2025-11-27 06:00:00+00:00,Faisalabad,151.06100006103514,µg/m³,1
2025-11-27 07:00:00+00:00,Faisalabad,133.08325004577637,µg/m³,1
2025-11-27 08:00:00+00:00,Faisalabad,111.75304114023844,µg/m³,1
2025-11-27 09:00:00+00:00,Faisalabad,107.83052804734972,µg/m³,1
2025-11-27 10:00:00+00:00,Faisalabad,114.10026387108697,µg/m³,1
2025-11-27 11:00:00+00:00,Faisalabad,134.1892915725708,µg/m³,1
2025-11-27 12:00:00+00:00,Faisalabad,179.361749903361,µg/m³,1
2025-11-27 13:00:00+00:00,Faisalabad,240.87752867804633,µg/m³,1
2025-11-27 14:00:00+00:00,Faisalabad,298.54566599527993,µg/m³,1
2025-11-27 15:00:00+00:00,Faisalabad,353.153681394789,µg/m³,1
2025-11-27 16:00:00+00:00,Faisalabad,385.0897376590305,µg/m³,1
2025-11-27 17:00:00+00:00,Faisalabad,444.85634854634606,µg/m³,1
2025-11-27 18:00:00+00:00,Faisalabad,521.1477909935846,µg/m³,1
2025-11-27 19:00:00+00:00,Faisalabad,548.7083333333333,µg/m³,1
2025-11-27 20:00:00+00:00,Faisalabad,510.2939987182617,µg/m³,1
2025-11-27 21:00:00+00:00,Faisalabad,445.0109995524088,µg/m³,1
2025-11-27 22:00:00+00:00,Faisalabad,382.8638331095378,µg/m³,1
2025-11-27 23:00:00+00:00,Faisalabad,372.9393351236979,µg/m³,1
2025-11-28 00:00:00+00:00,Faisalabad,380.6359995524088,µg/m³,1
2025-11-28 01:00:00+00:00,Faisalabad,372.52533467610675,µg/m³,1
2025-11-28 02:00:00+00:00,Faisalabad,382.6895024617513,µg/m³,1
2025-11-28 03:00:00+00:00,Faisalabad,326.57245648701985,µg/m³,1
2025-11-28 04:00:00+00:00,Faisalabad,282.76633173624674,µg/m³,1
2025-11-28 05:00:00+00:00,Faisalabad,191.7949996948242,µg/m³,1
2025-11-28 06:00:00+00:00,Faisalabad,160.78866678873698,µg/m³,1
2025-11-28 07:00:00+00:00,Faisalabad,170.9586664835612,µg/m³,1
2025-11-28 08:00:00+00:00,Faisalabad,119.88349990844728,µg/m³,1
2025-11-28 09:00:00+00:00,Faisalabad,101.59983342488607,µg/m³,1
2025-11-28 10:00:00+00:00,Faisalabad,95.09199981689453,µg/m³,1
2025-11-28 11:00:00+00:00,Faisalabad,112.50883305867514,µg/m³,1
2025-11-28 12:00:00+00:00,Faisalabad,211.59558410644527,µg/m³,1
2025-11-28 13:00:00+00:00,Faisalabad,244.90349934895832,µg/m³,1
2025-11-28 14:00:00+00:00,Faisalabad,301.7473965454102,µg/m³,1
2025-11-28 15:00:00+00:00,Faisalabad,342.38916778564453,µg/m³,1
2025-11-28 16:00:00+00:00,Faisalabad,390.7586680094401,µg/m³,1
2025-11-28 17:00:00+00:00,Faisalabad,431.88049977620443,µg/m³,1
2025-11-28 18:00:00+00:00,Faisalabad,463.32500000000005,µg/m³,1
2025-11-28 19:00:00+00:00,Faisalabad,461.605332438151,µg/m³,1
2025-11-28 20:00:00+00:00,Faisalabad,469.60883534749354,µg/m³,1
2025-11-28 21:00:00+00:00,Faisalabad,478.08516286214194,µg/m³,1
2025-11-28 22:00:00+00:00,Faisalabad,412.90833333333336,µg/m³,1
2025-11-28 23:00:00+00:00,Faisalabad,383.0358322143554,µg/m³,1
2025-11-29 00:00:00+00:00,Faisalabad,383.61700134277345,µg/m³,1
2025-11-29 01:00:00+00:00,Faisalabad,392.1921686808268,µg/m³,1
2025-11-29 02:00:00+00:00,Faisalabad,380.7814982096354,µg/m³,1
2025-11-29 03:00:00+00:00,Faisalabad,310.09133199055987,µg/m³,1
2025-11-29 04:00:00+00:00,Faisalabad,257.1274996439616,µg/m³,1
2025-11-29 05:00:00+00:00,Faisalabad,285.8141682942708,µg/m³,1
2025-11-29 06:00:00+00:00,Faisalabad,194.25299987792968,µg/m³,1
2025-11-29 07:00:00+00:00,Faisalabad,119.58399963378906,µg/m³,1
2025-11-29 08:00:00+00:00,Faisalabad,99.09133351643878,µg/m³,1
2025-11-29 09:00:00+00:00,Faisalabad,87.01949996948241,µg/m³,1
2025-11-29 10:00:00+00:00,Faisalabad,62.04199981689454,µg/m³,1
2025-11-29 11:00:00+00:00,Faisalabad,61.86416651407878,µg/m³,1
2025-11-29 12:00:00+00:00,Faisalabad,93.69933369954428,µg/m³,1
2025-11-29 13:00:00+00:00,Faisalabad,146.14199981689453,µg/m³,1
2025-11-29 14:00:00+00:00,Faisalabad,223.73266703287763,µg/m³,1
2025-11-29 15:00:00+00:00,Faisalabad,303.08650131225585,µg/m³,1
2025-11-29 16:00:00+00:00,Faisalabad,368.53566487630206,µg/m³,1
2025-11-29 17:00:00+00:00,Faisalabad,351.23616689046224,µg/m³,1
2025-11-29 18:00:00+00:00,Faisalabad,415.976996866862,µg/m³,1
2025-11-29 19:00:00+00:00,Faisalabad,376.27266845703116,µg/m³,1
2025-11-29 20:00:00+00:00,Faisalabad,349.09766845703126,µg/m³,1
2025-11-29 21:00:00+00:00,Faisalabad,331.7883310953776,µg/m³,1
2025-11-29 22:00:00+00:00,Faisalabad,254.7524996439616,µg/m³,1
2025-11-29 23:00:00+00:00,Faisalabad,273.68116811116533,µg/m³,1
2025-11-30 00:00:00+00:00,Faisalabad,274.3413319905599,µg/m³,1
2025-11-30 01:00:00+00:00,Faisalabad,283.75283355712884,µg/m³,1
2025-11-30 02:00:00+00:00,Faisalabad,270.0233765920004,µg/m³,1
2025-11-30 03:00:00+00:00,Faisalabad,315.175,µg/m³,1
2025-11-30 04:00:00+00:00,Faisalabad,353.60333557128905,µg/m³,1
2025-11-30 05:00:00+00:00,Faisalabad,203.43616638183593,µg/m³,1
2025-11-30 06:00:00+00:00,Faisalabad,143.53899993896485,µg/m³,1
2025-11-30 07:00:00+00:00,Faisalabad,110.10566660563153,µg/m³,1
2025-11-30 08:00:00+00:00,Faisalabad,80.80283330281576,µg/m³,1
2025-11-30 09:00:00+00:00,Faisalabad,60.263999938964844,µg/m³,1
2025-11-30 10:00:00+00:00,Faisalabad,54.82216669718425,µg/m³,1
2025-11-30 11:00:00+00:00,Faisalabad,70.43300018310546,µg/m³,1
2025-11-30 12:00:00+00:00,Faisalabad,113.13327276056462,µg/m³,1
2025-11-30 13:00:00+00:00,Faisalabad,155.70283330281575,µg/m³,1
2025-11-30 14:00:00+00:00,Faisalabad,217.53066635131833,µg/m³,1
2025-11-30 15:00:00+00:00,Faisalabad,258.4411656697592,µg/m³,1
2025-11-30 16:00:00+00:00,Faisalabad,259.28633371988934,µg/m³,1
2025-11-30 17:00:00+00:00,Faisalabad,316.9693328857422,µg/m³,1
2025-11-30 18:00:00+00:00,Faisalabad,311.1695002237956,µg/m³,1
2025-11-30 19:00:00+00:00,Faisalabad,308.0943333943685,µg/m³,1
2025-11-30 20:00:00+00:00,Faisalabad,300.86366577148436,µg/m³,1
2025-11-30 21:00:00+00:00,Faisalabad,288.54933064778646,µg/m³,1
2025-11-30 22:00:00+00:00,Faisalabad,304.6828313191732,µg/m³,1
2025-11-30 23:00:00+00:00,Faisalabad,341.6973337809245,µg/m³,1
2025-12-01 00:00:00+00:00,Faisalabad,365.63916778564453,µg/m³,1
2025-12-01 01:00:00+00:00,Faisalabad,372.01966756184896,µg/m³,1
2025-12-01 02:00:00+00:00,Faisalabad,376.2645024617513,µg/m³,1
2025-12-01 03:00:00+00:00,Faisalabad,445.778000386556,µg/m³,1
2025-12-01 04:00:00+00:00,Faisalabad,455.2753346761067,µg/m³,1
2025-12-01 05:00:00+00:00,Faisalabad,429.75283355712895,µg/m³,1
2025-12-01 06:00:00+00:00,Faisalabad,377.2943328857423,µg/m³,1
2025-12-01 07:00:00+00:00,Faisalabad,261.578333791097,µg/m³,1
2025-12-01 09:00:00+00:00,Faisalabad,123.7918332417806,µg/m³,1
2025-12-01 10:00:00+00:00,Faisalabad,108.24199981689452,µg/m³,1
2025-12-01 11:00:00+00:00,Faisalabad,113.62233327229818,µg/m³,1
2025-12-01 12:00:00+00:00,Faisalabad,139.72200037638348,µg/m³,1
2025-12-01 13:00:00+00:00,Faisalabad,191.88050003051762,µg/m³,1
2025-12-01 14:00:00+00:00,Faisalabad,248.6613327026367,µg/m³,1
2025-12-01 15:00:00+00:00,Faisalabad,283.4859995524088,µg/m³,1
2025-12-01 16:00:00+00:00,Faisalabad,329.7585006713867,µg/m³,1
2025-12-01 17:00:00+00:00,Faisalabad,427.96450246175135,µg/m³,1
2025-12-01 18:00:00+00:00,Faisalabad,400.1551651000977,µg/m³,1
2025-12-01 19:00:00+00:00,Faisalabad,418.54649709065757,µg/m³,1
2025-12-01 20:00:00+00:00,Faisalabad,435.55866800944005,µg/m³,1
2025-12-01 21:00:00+00:00,Faisalabad,427.6438336690267,µg/m³,1
2025-12-01 22:00:00+00:00,Faisalabad,383.55816599528,µg/m³,1
2025-12-01 23:00:00+00:00,Faisalabad,384.20283355712894,µg/m³,1
2025-12-02 00:00:00+00:00,Faisalabad,384.6001673380534,µg/m³,1
2025-12-02 01:00:00+00:00,Faisalabad,373.96666666666664,µg/m³,1
2025-12-02 02:00:00+00:00,Faisalabad,386.76383310953776,µg/m³,1
2025-12-02 03:00:00+00:00,Faisalabad,370.33672873757104,µg/m³,1
2025-12-02 04:00:00+00:00,Faisalabad,305.5524988810222,µg/m³,1
2025-12-02 05:00:00+00:00,Faisalabad,346.56633199055995,µg/m³,1
2025-12-02 06:00:00+00:00,Faisalabad,243.82799835205083,µg/m³,1
2025-12-02 07:00:00+00:00,Faisalabad,246.15033315022785,µg/m³,1
2025-12-02 08:00:00+00:00,Faisalabad,297.31949996948237,µg/m³,1
2025-12-02 09:00:00+00:00,Faisalabad,204.47800013224284,µg/m³,1
2025-12-02 10:00:00+00:00,Faisalabad,166.84966684977215,µg/m³,1
2025-12-02 11:00:00+00:00,Faisalabad,208.7834996541341,µg/m³,1
2025-12-02 12:00:00+00:00,Faisalabad,253.6056668599447,µg/m³,1
2025-12-02 13:00:00+00:00,Faisalabad,313.0891677856445,µg/m³,1
2025-12-02 14:00:00+00:00,Faisalabad,321.4166666666667,µg/m³,1
2025-12-02 15:00:00+00:00,Faisalabad,389.6590026855469,µg/m³,1
2025-12-02 16:00:00+00:00,Faisalabad,391.9445002237956,µg/m³,1
2025-12-02 17:00:00+00:00,Faisalabad,447.8859995524089,µg/m³,1
2025-12-02 18:00:00+00:00,Faisalabad,521.7971679687499,µg/m³,1
2025-12-02 19:00:00+00:00,Faisalabad,496.60566558837894,µg/m³,1
2025-12-02 20:00:00+00:00,Faisalabad,482.9641677856445,µg/m³,1
2025-12-02 21:00:00+00:00,Faisalabad,486.2606648763021,µg/m³,1
2025-12-02 22:00:00+00:00,Faisalabad,491.11866353352866,µg/m³,1
2025-12-02 23:00:00+00:00,Faisalabad,491.4141677856446,µg/m³,1
2025-12-03 00:00:00+00:00,Faisalabad,486.7416666666666,µg/m³,1
2025-12-03 01:00:00+00:00,Faisalabad,486.69683176676443,µg/m³,1
2025-12-03 02:00:00+00:00,Faisalabad,460.1806671142578,µg/m³,1
2025-12-03 03:00:00+00:00,Faisalabad,387.41983489990236,µg/m³,1
2025-12-03 04:00:00+00:00,Faisalabad,312.91433512369787,µg/m³,1
2025-12-03 05:00:00+00:00,Faisalabad,218.4109987894694,µg/m³,1
2025-12-03 06:00:00+00:00,Faisalabad,164.79983342488606,µg/m³,1
2025-12-03 07:00:00+00:00,Faisalabad,154.01683324178057,µg/m³,1
2025-12-03 08:00:00+00:00,Faisalabad,175.71900024414063,µg/m³,1
2025-12-03 09:00:00+00:00,Faisalabad,140.85800018310547,µg/m³,1
2025-12-03 10:00:00+00:00,Faisalabad,130.56916681925455,µg/m³,1
2025-12-03 11:00:00+00:00,Faisalabad,131.36983337402341,µg/m³,1
2025-12-03 12:00:00+00:00,Faisalabad,173.0943333943685,µg/m³,1
2025-12-03 13:00:00+00:00,Faisalabad,218.46949996948243,µg/m³,1
2025-12-03 14:00:00+00:00,Faisalabad,259.486526743571,µg/m³,1
2025-12-03 15:00:00+00:00,Faisalabad,329.45886880380135,µg/m³,1
2025-12-03 16:00:00+00:00,Faisalabad,399.35179189046227,µg/m³,1
2025-12-03 17:00:00+00:00,Faisalabad,397.14166666666665,µg/m³,1
2025-12-03 18:00:00+00:00,Faisalabad,356.9693328857422,µg/m³,1
2025-12-03 19:00:00+00:00,Faisalabad,290.2218317667643,µg/m³,1
2025-12-03 20:00:00+00:00,Faisalabad,247.73899943033857,µg/m³,1
2025-12-03 21:00:00+00:00,Faisalabad,261.6634999593099,µg/m³,1
2025-12-03 22:00:00+00:00,Faisalabad,255.61183268229163,µg/m³,1
2025-12-03 23:00:00+00:00,Faisalabad,244.12183354695637,µg/m³,1
2025-12-04 00:00:00+00:00,Faisalabad,264.18883361816404,µg/m³,1
2025-12-04 01:00:00+00:00,Faisalabad,281.51366577148434,µg/m³,1
2025-12-04 02:00:00+00:00,Faisalabad,286.1393351236979,µg/m³,1
2025-12-04 03:00:00+00:00,Faisalabad,240.70549901326498,µg/m³,1
2025-12-04 04:00:00+00:00,Faisalabad,213.68366648356118,µg/m³,1
2025-12-04 05:00:00+00:00,Faisalabad,164.04150009155273,µg/m³,1
2025-12-04 06:00:00+00:00,Faisalabad,133.66949996948242,µg/m³,1
2025-12-04 07:00:00+00:00,Faisalabad,96.77483342488607,µg/m³,1
2025-12-04 08:00:00+00:00,Faisalabad,71.03955569797091,µg/m³,1
2025-12-04 09:00:00+00:00,Faisalabad,61.0056666056315,µg/m³,1
2025-12-04 10:00:00+00:00,Faisalabad,63.763167063395194,µg/m³,1
2025-12-04 11:00:00+00:00,Faisalabad,69.29716644287109,µg/m³,1
2025-12-04 12:00:00+00:00,Faisalabad,105.23300043741862,µg/m³,1
2025-12-04 13:00:00+00:00,Faisalabad,196.4179583867391,µg/m³,1
2025-12-04 14:00:00+00:00,Faisalabad,231.64336353648787,µg/m³,1
2025-12-05 04:00:00+00:00,Faisalabad,404.0787865774972,µg/m³,1
2025-12-05 05:00:00+00:00,Faisalabad,288.7397095362345,µg/m³,1
2025-12-05 06:00:00+00:00,Faisalabad,251.3828315734863,µg/m³,1
2025-12-05 07:00:00+00:00,Faisalabad,169.2943333943685,µg/m³,1
2025-12-05 08:00:00+00:00,Faisalabad,102.15333302815758,µg/m³,1
2025-12-05 09:00:00+00:00,Faisalabad,118.09716669718422,µg/m³,1
2025-12-05 10:00:00+00:00,Faisalabad,123.62533315022786,µg/m³,1
2025-12-05 11:00:00+00:00,Faisalabad,142.0020004272461,µg/m³,1
2025-12-05 12:00:00+00:00,Faisalabad,177.10816675821943,µg/m³,1
2025-12-05 13:00:00+00:00,Faisalabad,281.32816772460933,µg/m³,1
2025-12-05 14:00:00+00:00,Faisalabad,372.6698348999023,µg/m³,1
2025-12-05 15:00:00+00:00,Faisalabad,417.7719991048177,µg/m³,1
2025-12-05 16:00:00+00:00,Faisalabad,446.5836680094401,µg/m³,1
2025-12-05 17:00:00+00:00,Faisalabad,394.0620035807292,µg/m³,1
2025-12-05 18:00:00+00:00,Faisalabad,426.539837137858,µg/m³,1
2025-12-05 19:00:00+00:00,Faisalabad,400.7195002237956,µg/m³,1
2025-12-05 20:00:00+00:00,Faisalabad,368.75499776204424,µg/m³,1
2025-12-05 21:00:00+00:00,Faisalabad,365.27766621907546,µg/m³,1
2025-12-05 22:00:00+00:00,Faisalabad,396.1079986572266,µg/m³,1
2025-12-05 23:00:00+00:00,Faisalabad,360.9501673380534,µg/m³,1
2025-12-06 00:00:00+00:00,Faisalabad,350.9301651000976,µg/m³,1
2025-12-06 01:00:00+00:00,Faisalabad,350.219667561849,µg/m³,1
2025-12-06 02:00:00+00:00,Faisalabad,271.38400039672854,µg/m³,1
2025-12-06 03:00:00+00:00,Faisalabad,241.81133397420248,µg/m³,1
2025-12-06 04:00:00+00:00,Faisalabad,228.84479147593177,µg/m³,1
2025-12-06 05:00:00+00:00,Faisalabad,193.26066691080726,µg/m³,1
2025-12-06 06:00:00+00:00,Faisalabad,174.49966684977213,µg/m³,1
2025-12-06 07:00:00+00:00,Faisalabad,147.30041681925456,µg/m³,1
2025-12-06 08:00:00+00:00,Faisalabad,148.8385831197103,µg/m³,1
2025-12-06 09:00:00+00:00,Faisalabad,125.55883344014484,µg/m³,1
2025-12-06 10:00:00+00:00,Faisalabad,126.74749984741209,µg/m³,1
2025-12-06 11:00:00+00:00,Faisalabad,127.88916651407878,µg/m³,1
2025-12-06 12:00:00+00:00,Faisalabad,159.04666697184246,µg/m³,1
2025-12-06 13:00:00+00:00,Faisalabad,182.57716700236006,µg/m³,1
2025-12-06 14:00:00+00:00,Faisalabad,212.76166636149085,µg/m³,1
2025-12-06 15:00:00+00:00,Faisalabad,229.5549997965495,µg/m³,1
2025-12-06 16:00:00+00:00,Faisalabad,248.777666982015,µg/m³,1
2025-12-06 17:00:00+00:00,Faisalabad,224.94416681925455,µg/m³,1
2025-12-06 18:00:00+00:00,Faisalabad,202.70566660563154,µg/m³,1
2025-12-06 19:00:00+00:00,Faisalabad,201.9385002136231,µg/m³,1
2025-12-06 20:00:00+00:00,Faisalabad,208.2581667582194,µg/m³,1
2025-12-06 21:00:00+00:00,Faisalabad,257.2170000712077,µg/m³,1
2025-12-06 22:00:00+00:00,Faisalabad,285.58316599528,µg/m³,1
2025-12-06 23:00:00+00:00,Faisalabad,240.92716623942056,µg/m³,1
2025-12-07 00:00:00+00:00,Faisalabad,277.94766896565756,µg/m³,1
2025-12-07 01:00:00+00:00,Faisalabad,290.6191655476888,µg/m³,1
2025-12-07 02:00:00+00:00,Faisalabad,294.2856648763021,µg/m³,1
2025-12-07 03:00:00+00:00,Faisalabad,302.32566935221354,µg/m³,1
2025-12-07 04:00:00+00:00,Faisalabad,284.21983413696296,µg/m³,1
2025-12-07 05:00:00+00:00,Faisalabad,227.5583333333333,µg/m³,1
2025-12-07 06:00:00+00:00,Faisalabad,200.9165000915527,µg/m³,1
2025-12-07 07:00:00+00:00,Faisalabad,151.53816706339518,µg/m³,1
2025-12-07 08:00:00+00:00,Faisalabad,119.6888333638509,µg/m³,1
2025-12-07 09:00:00+00:00,Faisalabad,109.01916681925456,µg/m³,1
2025-12-07 10:00:00+00:00,Faisalabad,106.36633351643881,µg/m³,1
2025-12-07 11:00:00+00:00,Faisalabad,114.6648328145345,µg/m³,1
2025-12-07 12:00:00+00:00,Faisalabad,194.1861666361491,µg/m³,1
2025-12-07 13:00:00+00:00,Faisalabad,239.77733332316083,µg/m³,1
2025-12-07 14:00:00+00:00,Faisalabad,331.07250111897787,µg/m³,1
2025-12-07 15:00:00+00:00,Faisalabad,362.9801651000976,µg/m³,1
2025-12-07 16:00:00+00:00,Faisalabad,370.72266845703126,µg/m³,1
2025-12-07 17:00:00+00:00,Faisalabad,416.0473337809245,µg/m³,1
2025-12-07 18:00:00+00:00,Faisalabad,444.06066487630204,µg/m³,1
2025-12-07 19:00:00+00:00,Faisalabad,434.46083221435555,µg/m³,1
2025-12-07 20:00:00+00:00,Faisalabad,425.5386657714843,µg/m³,1
2025-12-07 21:00:00+00:00,Faisalabad,409.7168340047201,µg/m³,1
2025-12-07 22:00:00+00:00,Faisalabad,407.56666666666666,µg/m³,1
2025-12-07 23:00:00+00:00,Faisalabad,400.0631637573242,µg/m³,1
2025-12-08 00:00:00+00:00,Faisalabad,399.89216868082684,µg/m³,1
2025-12-08 01:00:00+00:00,Faisalabad,368.15316823323565,µg/m³,1
2025-12-08 02:00:00+00:00,Faisalabad,383.6698348999023,µg/m³,1
2025-12-08 03:00:00+00:00,Faisalabad,409.5336680094401,µg/m³,1
2025-12-08 04:00:00+00:00,Faisalabad,440.56899820963554,µg/m³,1
2025-12-08 05:00:00+00:00,Faisalabad,464.7111668904622,µg/m³,1
2025-12-08 06:00:00+00:00,Faisalabad,246.1829996744792,µg/m³,1
2025-12-08 07:00:00+00:00,Faisalabad,98.78099975585938,µg/m³,1
2025-12-08 08:00:00+00:00,Faisalabad,79.06933339436848,µg/m³,1
2025-12-08 09:00:00+00:00,Faisalabad,67.91616694132487,µg/m³,1
2025-12-08 10:00:00+00:00,Faisalabad,57.54133351643881,µg/m³,1
2025-12-08 11:00:00+00:00,Faisalabad,68.08850021362305,µg/m³,1
2025-12-08 12:00:00+00:00,Faisalabad,98.4254997253418,µg/m³,1
2025-12-08 13:00:00+00:00,Faisalabad,187.45768053266738,µg/m³,1
2025-12-08 14:00:00+00:00,Faisalabad,261.6698343912761,µg/m³,1
2025-12-08 15:00:00+00:00,Faisalabad,248.3054549477317,µg/m³,1
2025-12-08 16:00:00+00:00,Faisalabad,188.26616694132485,µg/m³,1
2025-12-08 17:00:00+00:00,Faisalabad,173.57750015258787,µg/m³,1
2025-12-08 18:00:00+00:00,Faisalabad,201.1338330586751,µg/m³,1
2025-12-08 19:00:00+00:00,Faisalabad,197.70083287556966,µg/m³,1
2025-12-08 20:00:00+00:00,Faisalabad,203.74166666666665,µg/m³,1
2025-12-08 21:00:00+00:00,Faisalabad,253.98950195312503,µg/m³,1
2025-12-08 22:00:00+00:00,Faisalabad,211.36949920654297,µg/m³,1
2025-12-08 23:00:00+00:00,Faisalabad,211.58116633097328,µg/m³,1
2025-12-09 00:00:00+00:00,Faisalabad,192.51650009155273,µg/m³,1
2025-12-09 01:00:00+00:00,Faisalabad,156.25233357747396,µg/m³,1
2025-12-09 02:00:00+00:00,Faisalabad,196.36433308919268,µg/m³,1
2025-12-09 03:00:00+00:00,Faisalabad,218.39644436306423,µg/m³,1
2025-12-09 04:00:00+00:00,Faisalabad,204.19544440375432,µg/m³,1
2025-12-09 05:00:00+00:00,Faisalabad,142.90390254126655,µg/m³,1
2025-12-09 06:00:00+00:00,Faisalabad,110.50800018310548,µg/m³,1
2025-12-09 07:00:00+00:00,Faisalabad,78.14150009155274,µg/m³,1
2025-12-09 08:00:00+00:00,Faisalabad,50.863666788736985,µg/m³,1
2025-12-09 09:00:00+00:00,Faisalabad,50.74199981689454,µg/m³,1
2025-12-09 10:00:00+00:00,Faisalabad,50.40216700236002,µg/m³,1
2025-12-09 11:00:00+00:00,Faisalabad,60.75372195773654,µg/m³,1
2025-12-09 12:00:00+00:00,Faisalabad,109.13349990844726,µg/m³,1
2025-12-09 13:00:00+00:00,Faisalabad,164.25503059156014,µg/m³,1
2025-12-09 14:00:00+00:00,Faisalabad,208.45550003051758,µg/m³,1
2025-12-09 15:00:00+00:00,Faisalabad,213.05016657511393,µg/m³,1
2025-12-09 16:00:00+00:00,Faisalabad,211.39666697184245,µg/m³,1
2025-12-09 17:00:00+00:00,Faisalabad,229.1859857983059,µg/m³,1
2025-12-09 18:00:00+00:00,Faisalabad,265.36683451334636,µg/m³,1
2025-12-09 19:00:00+00:00,Faisalabad,258.78333257039384,µg/m³,1
2025-12-09 20:00:00+00:00,Faisalabad,300.22266845703126,µg/m³,1
2025-12-09 21:00:00+00:00,Faisalabad,281.04716644287106,µg/m³,1
2025-12-09 22:00:00+00:00,Faisalabad,329.1060017903646,µg/m³,1
2025-12-09 23:00:00+00:00,Faisalabad,327.09949798583983,µg/m³,1
2025-12-10 00:00:00+00:00,Faisalabad,347.0329986572265,µg/m³,1
2025-12-10 01:00:00+00:00,Faisalabad,348.3026662190755,µg/m³,1
2025-12-10 02:00:00+00:00,Faisalabad,320.37433064778645,µg/m³,1
2025-12-10 03:00:00+00:00,Faisalabad,300.96116689046227,µg/m³,1
2025-12-10 04:00:00+00:00,Faisalabad,258.38916778564453,µg/m³,1
2025-12-10 05:00:00+00:00,Faisalabad,254.4859987894694,µg/m³,1
2025-12-10 06:00:00+00:00,Faisalabad,186.82750015258793,µg/m³,1
2025-12-10 07:00:00+00:00,Faisalabad,144.6358334859212,µg/m³,1
2025-12-10 08:00:00+00:00,Faisalabad,170.96683324178062,µg/m³,1
2025-12-10 09:00:00+00:00,Faisalabad,173.23300018310547,µg/m³,1
2025-12-10 10:00:00+00:00,Faisalabad,230.07149988810224,µg/m³,1
2025-12-10 11:00:00+00:00,Faisalabad,205.36966756184896,µg/m³,1
2025-12-10 12:00:00+00:00,Faisalabad,202.83550033569338,µg/m³,1
2025-12-10 13:00:00+00:00,Faisalabad,265.6722085316976,µg/m³,1
2025-12-10 14:00:00+00:00,Faisalabad,418.1106547461616,µg/m³,1
2025-12-10 15:00:00+00:00,Faisalabad,368.9636657714844,µg/m³,1
2025-12-10 16:00:00+00:00,Faisalabad,379.7780008951823,µg/m³,1
2025-12-10 17:00:00+00:00,Faisalabad,398.61983489990234,µg/m³,1
2025-12-10 18:00:00+00:00,Faisalabad,425.1531682332356,µg/m³,1
2025-12-10 19:00:00+00:00,Faisalabad,427.6170013427734,µg/m³,1
2025-12-10 20:00:00+00:00,Faisalabad,443.01649983723956,µg/m³,1
2025-12-10 21:00:00+00:00,Faisalabad,475.6143351236979,µg/m³,1
2025-12-10 22:00:00+00:00,Faisalabad,504.04499664306644,µg/m³,1
2025-12-10 23:00:00+00:00,Faisalabad,459.23333333333335,µg/m³,1
2025-12-11 00:00:00+00:00,Faisalabad,451.3591700236002,µg/m³,1
2025-12-11 01:00:00+00:00,Faisalabad,434.65566711425777,µg/m³,1
2025-12-11 02:00:00+00:00,Faisalabad,455.71133270263664,µg/m³,1
2025-12-11 03:00:00+00:00,Faisalabad,435.9386657714843,µg/m³,1
2025-12-11 04:00:00+00:00,Faisalabad,457.70316823323566,µg/m³,1
2025-12-11 05:00:00+00:00,Faisalabad,435.6615000406901,µg/m³,1
2025-12-11 06:00:00+00:00,Faisalabad,316.03599955240884,µg/m³,1
2025-12-11 07:00:00+00:00,Faisalabad,260.8248744328817,µg/m³,1
2025-12-11 08:00:00+00:00,Faisalabad,188.8991663614909,µg/m³,1
2025-12-11 09:00:00+00:00,Faisalabad,174.77805565728082,µg/m³,1
2025-12-11 10:00:00+00:00,Faisalabad,136.09783299763998,µg/m³,1
2025-12-11 11:00:00+00:00,Faisalabad,156.03050003051757,µg/m³,1
2025-12-11 12:00:00+00:00,Faisalabad,195.23583323160804,µg/m³,1
2025-12-11 13:00:00+00:00,Faisalabad,227.65899963378908,µg/m³,1
2025-12-11 14:00:00+00:00,Faisalabad,283.39699859619145,µg/m³,1
2025-12-11 15:00:00+00:00,Faisalabad,310.41633199055997,µg/m³,1
2025-12-11 16:00:00+00:00,Faisalabad,319.5636657714844,µg/m³,1
2025-12-11 17:00:00+00:00,Faisalabad,324.01700134277337,µg/m³,1
2025-12-11 18:00:00+00:00,Faisalabad,334.72266845703126,µg/m³,1
2025-12-11 19:00:00+00:00,Faisalabad,384.50533243815113,µg/m³,1
2025-12-11 20:00:00+00:00,Faisalabad,436.09450022379565,µg/m³,1
2025-12-11 21:00:00+00:00,Faisalabad,443.1551651000977,µg/m³,1
2025-12-11 22:00:00+00:00,Faisalabad,426.8585006713867,µg/m³,1
2025-12-11 23:00:00+00:00,Faisalabad,414.52466532389326,µg/m³,1
2025-12-12 00:00:00+00:00,Faisalabad,418.26899820963536,µg/m³,1
2025-12-12 01:00:00+00:00,Faisalabad,410.52449798583984,µg/m³,1
2025-12-12 02:00:00+00:00,Faisalabad,410.6414993286133,µg/m³,1
2025-12-12 03:00:00+00:00,Faisalabad,469.2586685180664,µg/m³,1
2025-12-12 04:00:00+00:00,Faisalabad,482.16036044034087,µg/m³,1
2025-12-12 05:00:00+00:00,Faisalabad,451.3545540703667,µg/m³,1
2025-12-12 06:00:00+00:00,Faisalabad,323.18350067138675,µg/m³,1
2025-12-12 07:00:00+00:00,Faisalabad,272.72652753194177,µg/m³,1
2025-12-12 08:00:00+00:00,Faisalabad,205.95550003051758,µg/m³,1
2025-12-12 09:00:00+00:00,Faisalabad,177.76399993896484,µg/m³,1
2025-12-12 10:00:00+00:00,Faisalabad,147.67979170481365,µg/m³,1
2025-12-12 11:00:00+00:00,Faisalabad,169.62250010172528,µg/m³,1
2025-12-12 12:00:00+00:00,Faisalabad,206.23283360799155,µg/m³,1
2025-12-12 13:00:00+00:00,Faisalabad,289.29862556457516,µg/m³,1
2025-12-12 14:00:00+00:00,Faisalabad,305.98583221435547,µg/m³,1
2025-12-12 15:00:00+00:00,Faisalabad,308.48049977620445,µg/m³,1
2025-12-12 16:00:00+00:00,Faisalabad,297.33599955240885,µg/m³,1
2025-12-12 17:00:00+00:00,Faisalabad,316.1356648763021,µg/m³,1
2025-12-12 18:00:00+00:00,Faisalabad,359.1693328857422,µg/m³,1
2025-12-12 19:00:00+00:00,Faisalabad,368.95600179036455,µg/m³,1
2025-12-12 20:00:00+00:00,Faisalabad,383.1863342285156,µg/m³,1
2025-12-12 21:00:00+00:00,Faisalabad,439.1746653238932,µg/m³,1
2025-12-12 22:00:00+00:00,Faisalabad,421.6280008951822,µg/m³,1
2025-12-12 23:00:00+00:00,Faisalabad,415.8010040283203,µg/m³,1
2025-12-13 00:00:00+00:00,Faisalabad,379.605332438151,µg/m³,1
2025-12-13 01:00:00+00:00,Faisalabad,369.63316599527997,µg/m³,1
2025-12-13 02:00:00+00:00,Faisalabad,400.38083445231115,µg/m³,1
2025-12-13 03:00:00+00:00,Faisalabad,459.61500074598524,µg/m³,1
2025-12-13 04:00:00+00:00,Faisalabad,468.0338353474934,µg/m³,1
2025-12-13 05:00:00+00:00,Faisalabad,424.72833557128905,µg/m³,1
2025-12-13 06:00:00+00:00,Faisalabad,386.38016510009766,µg/m³,1
2025-12-13 07:00:00+00:00,Faisalabad,342.0530008951823,µg/m³,1
2025-12-13 08:00:00+00:00,Faisalabad,298.27983042399086,µg/m³,1
2025-12-13 09:00:00+00:00,Faisalabad,373.05549977620444,µg/m³,1
2025-12-13 10:00:00+00:00,Faisalabad,363.3388331095378,µg/m³,1
2025-12-13 11:00:00+00:00,Faisalabad,360.13933512369795,µg/m³,1
2025-12-13 12:00:00+00:00,Faisalabad,363.1000000000001,µg/m³,1
2025-12-13 13:00:00+00:00,Faisalabad,386.34116465250645,µg/m³,1
2025-12-13 14:00:00+00:00,Faisalabad,402.30616912841793,µg/m³,1
2025-12-13 15:00:00+00:00,Faisalabad,397.10629183451334,µg/m³,1
2025-12-13 16:00:00+00:00,Faisalabad,386.35283355712886,µg/m³,1
2025-12-13 17:00:00+00:00,Faisalabad,409.57000223795575,µg/m³,1
2025-12-13 18:00:00+00:00,Faisalabad,409.70249888102217,µg/m³,1
2025-12-13 19:00:00+00:00,Faisalabad,424.17766621907555,µg/m³,1
2025-12-13 20:00:00+00:00,Faisalabad,421.31683400472,µg/m³,1
2025-12-13 21:00:00+00:00,Faisalabad,406.4526662190755,µg/m³,1
2025-12-13 22:00:00+00:00,Faisalabad,361.29462572733564,µg/m³,1
2025-12-13 23:00:00+00:00,Faisalabad,351.84983266194655,µg/m³,1
2025-12-14 00:00:00+00:00,Faisalabad,334.7606648763021,µg/m³,1
2025-12-14 01:00:00+00:00,Faisalabad,343.9109995524089,µg/m³,1
2025-12-14 02:00:00+00:00,Faisalabad,389.04366353352856,µg/m³,1
2025-12-14 03:00:00+00:00,Faisalabad,453.7863342285156,µg/m³,1
2025-12-14 04:00:00+00:00,Faisalabad,475.98049977620445,µg/m³,1
2025-12-14 05:00:00+00:00,Faisalabad,429.5833333333333,µg/m³,1
2025-12-14 06:00:00+00:00,Faisalabad,433.578335571289,µg/m³,1
2025-12-14 07:00:00+00:00,Faisalabad,432.27890957919027,µg/m³,1
2025-12-14 08:00:00+00:00,Faisalabad,415.4469991048177,µg/m³,1
2025-12-14 09:00:00+00:00,Faisalabad,395.86899820963544,µg/m³,1
2025-12-14 10:00:00+00:00,Faisalabad,367.7054997762045,µg/m³,1
2025-12-14 11:00:00+00:00,Faisalabad,382.38866577148434,µg/m³,1
2025-12-14 12:00:00+00:00,Faisalabad,438.42800089518227,µg/m³,1
2025-12-14 13:00:00+00:00,Faisalabad,409.30016733805337,µg/m³,1
2025-12-14 14:00:00+00:00,Faisalabad,383.6530008951823,µg/m³,1
2025-12-14 15:00:00+00:00,Faisalabad,365.52766621907557,µg/m³,1
2025-12-14 16:00:00+00:00,Faisalabad,384.77766621907557,µg/m³,1
2025-12-14 17:00:00+00:00,Faisalabad,405.1383310953776,µg/m³,1
2025-12-14 18:00:00+00:00,Faisalabad,439.34999999999997,µg/m³,1
2025-12-14 19:00:00+00:00,Faisalabad,455.08583221435543,µg/m³,1
2025-12-14 20:00:00+00:00,Faisalabad,401.8029590606689,µg/m³,1
2025-12-14 21:00:00+00:00,Faisalabad,318.3778335571289,µg/m³,1
2025-12-14 22:00:00+00:00,Faisalabad,300.54149932861327,µg/m³,1
2025-12-14 23:00:00+00:00,Faisalabad,315.9303324381511,µg/m³,1
2025-12-15 00:00:00+00:00,Faisalabad,350.6298304239908,µg/m³,1
2025-12-15 01:00:00+00:00,Faisalabad,396.4356648763021,µg/m³,1
2025-12-15 02:00:00+00:00,Faisalabad,443.08883310953775,µg/m³,1
2025-12-15 03:00:00+00:00,Faisalabad,426.13866577148445,µg/m³,1
2025-12-15 04:00:00+00:00,Faisalabad,433.22250111897785,µg/m³,1
2025-12-15 05:00:00+00:00,Faisalabad,442.66899820963545,µg/m³,1
2025-12-15 06:00:00+00:00,Faisalabad,380.19450022379556,µg/m³,1
2025-12-15 07:00:00+00:00,Faisalabad,378.2244979858399,µg/m³,1
2025-12-15 08:00:00+00:00,Faisalabad,384.6670013427734,µg/m³,1
2025-12-15 09:00:00+00:00,Faisalabad,496.1498316446941,µg/m³,1
2025-12-15 10:00:00+00:00,Faisalabad,579.0389994303385,µg/m³,1
2025-12-15 11:00:00+00:00,Faisalabad,577.8421641031902,µg/m³,1
2025-12-15 12:00:00+00:00,Faisalabad,587.9446655273438,µg/m³,1
2025-12-15 13:00:00+00:00,Faisalabad,573.386166381836,µg/m³,1
2025-12-15 14:00:00+00:00,Faisalabad,565.4139994303385,µg/m³,1
2025-12-15 15:00:00+00:00,Faisalabad,543.0306650797527,µg/m³,1
2025-12-15 16:00:00+00:00,Faisalabad,534.3443339029948,µg/m³,1
2025-12-15 17:00:00+00:00,Faisalabad,437.2695002237956,µg/m³,1
2025-12-15 18:00:00+00:00,Faisalabad,465.4994979858399,µg/m³,1
2025-12-15 19:00:00+00:00,Faisalabad,521.8418324788412,µg/m³,1
2025-12-15 20:00:00+00:00,Faisalabad,532.4804992675781,µg/m³,1
2025-12-15 21:00:00+00:00,Faisalabad,465.5804997762045,µg/m³,1
2025-12-15 22:00:00+00:00,Faisalabad,412.26383310953776,µg/m³,1
2025-12-15 23:00:00+00:00,Faisalabad,341.7496653238932,µg/m³,1
2025-12-16 00:00:00+00:00,Faisalabad,336.88066711425785,µg/m³,1
2025-12-16 01:00:00+00:00,Faisalabad,345.65249888102215,µg/m³,1
2025-12-16 02:00:00+00:00,Faisalabad,276.11633275349936,µg/m³,1
2025-12-16 03:00:00+00:00,Faisalabad,292.9163317362468,µg/m³,1
2025-12-16 04:00:00+00:00,Faisalabad,297.8003344217936,µg/m³,1
2025-12-16 05:00:00+00:00,Faisalabad,243.9056666056315,µg/m³,1
2025-12-16 06:00:00+00:00,Faisalabad,171.70016657511394,µg/m³,1
2025-12-16 07:00:00+00:00,Faisalabad,133.47183354695636,µg/m³,1
2025-12-16 08:00:00+00:00,Faisalabad,133.36983311971028,µg/m³,1
2025-12-16 09:00:00+00:00,Faisalabad,126.73916651407878,µg/m³,1
2025-12-16 10:00:00+00:00,Faisalabad,125.05333302815757,µg/m³,1
2025-12-16 11:00:00+00:00,Faisalabad,139.24749984741212,µg/m³,1
2025-12-16 12:00:00+00:00,Faisalabad,172.98916651407876,µg/m³,1
2025-12-16 13:00:00+00:00,Faisalabad,235.97500152587892,µg/m³,1
2025-12-16 14:00:00+00:00,Faisalabad,238.938666788737,µg/m³,1
2025-12-16 15:00:00+00:00,Faisalabad,250.2723340352376,µg/m³,1
2025-12-16 16:00:00+00:00,Faisalabad,279.1030011494954,µg/m³,1
2025-12-16 17:00:00+00:00,Faisalabad,242.33349990844727,µg/m³,1
2025-12-16 18:00:00+00:00,Faisalabad,242.73316675821937,µg/m³,1
2025-12-16 19:00:00+00:00,Faisalabad,247.6138341267903,µg/m³,1
2025-12-16 20:00:00+00:00,Faisalabad,244.87483317057288,µg/m³,1
2025-12-16 21:00:00+00:00,Faisalabad,266.2915008544922,µg/m³,1
2025-12-16 22:00:00+00:00,Faisalabad,287.2640004475912,µg/m³,1
2025-12-16 23:00:00+00:00,Faisalabad,266.1281677246094,µg/m³,1
2025-12-17 00:00:00+00:00,Faisalabad,253.0529996236165,µg/m³,1
2025-12-17 01:00:00+00:00,Faisalabad,253.68383280436194,µg/m³,1
2025-12-17 02:00:00+00:00,Faisalabad,260.83933690389,µg/m³,1
2025-12-17 03:00:00+00:00,Faisalabad,281.42783355712885,µg/m³,1
2025-12-17 04:00:00+00:00,Faisalabad,243.61616490681965,µg/m³,1
2025-12-17 05:00:00+00:00,Faisalabad,196.65,µg/m³,1
2025-12-17 06:00:00+00:00,Faisalabad,242.44716593424482,µg/m³,1
2025-12-17 07:00:00+00:00,Faisalabad,229.07716700236006,µg/m³,1
2025-12-17 09:00:00+00:00,Faisalabad,123.90783360799155,µg/m³,1
2025-12-17 10:00:00+00:00,Faisalabad,96.84449996948244,µg/m³,1
2025-12-17 11:00:00+00:00,Faisalabad,125.62799987792971,µg/m³,1
2025-12-17 12:00:00+00:00,Faisalabad,147.7995002746582,µg/m³,1
2025-12-17 13:00:00+00:00,Faisalabad,156.50833333333335,µg/m³,1
2025-12-17 14:00:00+00:00,Faisalabad,230.7886652628581,µg/m³,1
2025-12-17 15:00:00+00:00,Faisalabad,261.93583221435546,µg/m³,1
2025-12-17 16:00:00+00:00,Faisalabad,196.0356669108073,µg/m³,1
2025-12-17 17:00:00+00:00,Faisalabad,162.14449996948244,µg/m³,1
2025-12-17 18:00:00+00:00,Faisalabad,193.3389999389648,µg/m³,1
2025-12-17 19:00:00+00:00,Faisalabad,179.19416643778484,µg/m³,1
2025-12-17 20:00:00+00:00,Faisalabad,236.7863327026367,µg/m³,1
2025-12-17 21:00:00+00:00,Faisalabad,310.19733378092445,µg/m³,1
2025-12-17 22:00:00+00:00,Faisalabad,332.81416778564454,µg/m³,1
2025-12-17 23:00:00+00:00,Faisalabad,339.035664876302,µg/m³,1
2025-12-18 00:00:00+00:00,Faisalabad,301.3469991048177,µg/m³,1
2025-12-18 01:00:00+00:00,Faisalabad,302.7607277610086,µg/m³,1
2025-12-18 02:00:00+00:00,Faisalabad,309.5329986572265,µg/m³,1
2025-12-18 03:00:00+00:00,Faisalabad,365.9056671142578,µg/m³,1
2025-12-18 04:00:00+00:00,Faisalabad,484.38083038330075,µg/m³,1
2025-12-18 05:00:00+00:00,Faisalabad,461.6054997762044,µg/m³,1
2025-12-18 06:00:00+00:00,Faisalabad,434.3943328857422,µg/m³,1
2025-12-18 07:00:00+00:00,Faisalabad,368.1998174493962,µg/m³,1
2025-12-18 08:00:00+00:00,Faisalabad,300.21750335693355,µg/m³,1
2025-12-18 09:00:00+00:00,Faisalabad,230.66416651407874,µg/m³,1
2025-12-18 10:00:00+00:00,Faisalabad,208.66650009155273,µg/m³,1
2025-12-18 11:00:00+00:00,Faisalabad,181.6948331197103,µg/m³,1
2025-12-18 12:00:00+00:00,Faisalabad,219.31399968465175,µg/m³,1
2025-12-18 13:00:00+00:00,Faisalabad,239.19716669718426,µg/m³,1
2025-12-18 14:00:00+00:00,Faisalabad,282.16049779256184,µg/m³,1
2025-12-18 15:00:00+00:00,Faisalabad,312.18333333333334,µg/m³,1
2025-12-18 16:00:00+00:00,Faisalabad,312.5693328857422,µg/m³,1
2025-12-18 17:00:00+00:00,Faisalabad,338.6808344523112,µg/m³,1
2025-12-18 18:00:00+00:00,Faisalabad,358.78366800944013,µg/m³,1
2025-12-18 19:00:00+00:00,Faisalabad,386.75350290934256,µg/m³,1
2025-12-18 20:00:00+00:00,Faisalabad,375.5379964192709,µg/m³,1
2025-12-18 21:00:00+00:00,Faisalabad,380.21150156656904,µg/m³,1
2025-12-18 22:00:00+00:00,Faisalabad,397.05799865722656,µg/m³,1
2025-12-18 23:00:00+00:00,Faisalabad,387.73650156656896,µg/m³,1
2025-12-19 00:00:00+00:00,Faisalabad,393.10050201416016,µg/m³,1
2025-12-19 01:00:00+00:00,Faisalabad,391.9313336690266,µg/m³,1
2025-12-19 02:00:00+00:00,Faisalabad,391.9501673380534,µg/m³,1
2025-12-19 03:00:00+00:00,Faisalabad,400.69200134277344,µg/m³,1
2025-12-19 04:00:00+00:00,Faisalabad,408.7203369140625,µg/m³,1
2025-12-19 05:00:00+00:00,Faisalabad,401.8780008951823,µg/m³,1
2025-12-19 06:00:00+00:00,Faisalabad,302.54166666666663,µg/m³,1
2025-12-19 07:00:00+00:00,Faisalabad,257.61400070190433,µg/m³,1
2025-12-19 08:00:00+00:00,Faisalabad,231.0919998168945,µg/m³,1
2025-12-19 09:00:00+00:00,Faisalabad,205.7806666056315,µg/m³,1
2025-12-19 10:00:00+00:00,Faisalabad,180.7724998474121,µg/m³,1
2025-12-19 11:00:00+00:00,Faisalabad,208.60833333333335,µg/m³,1
2025-12-19 12:00:00+00:00,Faisalabad,202.45066630045574,µg/m³,1
2025-12-19 13:00:00+00:00,Faisalabad,225.8198331197103,µg/m³,1
2025-12-19 14:00:00+00:00,Faisalabad,264.6525001525879,µg/m³,1
2025-12-19 15:00:00+00:00,Faisalabad,324.55883534749347,µg/m³,1
2025-12-19 16:00:00+00:00,Faisalabad,365.7941655476888,µg/m³,1
2025-12-19 17:00:00+00:00,Faisalabad,387.06666666666666,µg/m³,1
2025-12-19 18:00:00+00:00,Faisalabad,388.6531682332357,µg/m³,1
2025-12-19 19:00:00+00:00,Faisalabad,400.60533243815104,µg/m³,1
2025-12-19 20:00:00+00:00,Faisalabad,385.26683400472,µg/m³,1
2025-12-19 21:00:00+00:00,Faisalabad,365.5636657714844,µg/m³,1
2025-12-19 22:00:00+00:00,Faisalabad,408.65000000000003,µg/m³,1
2025-12-19 23:00:00+00:00,Faisalabad,438.3803324381511,µg/m³,1
2025-12-20 00:00:00+00:00,Faisalabad,417.46633199055987,µg/m³,1
2025-12-20 01:00:00+00:00,Faisalabad,393.60233154296884,µg/m³,1
2025-12-20 02:00:00+00:00,Faisalabad,400.1888331095377,µg/m³,1
2025-12-20 03:00:00+00:00,Faisalabad,402.9638331095377,µg/m³,1
2025-12-20 04:00:00+00:00,Faisalabad,458.69216868082685,µg/m³,1
2025-12-20 05:00:00+00:00,Faisalabad,334.95833358764645,µg/m³,1
2025-12-20 06:00:00+00:00,Faisalabad,210.88566691080732,µg/m³,1
2025-12-20 07:00:00+00:00,Faisalabad,195.32583287556963,µg/m³,1
2025-12-20 08:00:00+00:00,Faisalabad,173.36933339436848,µg/m³,1
2025-12-20 09:00:00+00:00,Faisalabad,163.57884752485487,µg/m³,1
2025-12-20 10:00:00+00:00,Faisalabad,163.72750015258788,µg/m³,1
2025-12-20 11:00:00+00:00,Faisalabad,177.81616719563803,µg/m³,1
2025-12-20 12:00:00+00:00,Faisalabad,275.2219991048177,µg/m³,1
2025-12-20 13:00:00+00:00,Faisalabad,387.54466756184894,µg/m³,1
2025-12-20 14:00:00+00:00,Faisalabad,364.6783355712891,µg/m³,1
2025-12-20 15:00:00+00:00,Faisalabad,378.73933512369786,µg/m³,1
2025-12-20 16:00:00+00:00,Faisalabad,444.9193328857423,µg/m³,1
2025-12-20 17:00:00+00:00,Faisalabad,384.26966756184896,µg/m³,1
2025-12-20 18:00:00+00:00,Faisalabad,338.3859995524088,µg/m³,1
2025-12-20 19:00:00+00:00,Faisalabad,305.20850067138673,µg/m³,1
2025-12-20 20:00:00+00:00,Faisalabad,304.1163319905599,µg/m³,1
2025-12-20 21:00:00+00:00,Faisalabad,326.1138331095377,µg/m³,1
2025-12-20 22:00:00+00:00,Faisalabad,253.59399998982747,µg/m³,1
2025-12-20 23:00:00+00:00,Faisalabad,206.8799166361491,µg/m³,1
2025-12-21 00:00:00+00:00,Faisalabad,187.75379174550378,µg/m³,1
2025-12-21 01:00:00+00:00,Faisalabad,182.5940002441406,µg/m³,1
2025-12-21 02:00:00+00:00,Faisalabad,225.2055005391439,µg/m³,1
2025-12-21 03:00:00+00:00,Faisalabad,244.8951670328776,µg/m³,1
2025-12-21 04:00:00+00:00,Faisalabad,248.87272838245735,µg/m³,1
2025-12-21 05:00:00+00:00,Faisalabad,200.54999999999998,µg/m³,1
2025-12-21 06:00:00+00:00,Faisalabad,192.01350021362305,µg/m³,1
2025-12-21 07:00:00+00:00,Faisalabad,187.53116633097332,µg/m³,1
2025-12-21 08:00:00+00:00,Faisalabad,195.7444999694824,µg/m³,1
2025-12-21 09:00:00+00:00,Faisalabad,187.53416620890303,µg/m³,1
2025-12-21 10:00:00+00:00,Faisalabad,185.54499969482424,µg/m³,1
2025-12-21 11:00:00+00:00,Faisalabad,191.2478329976399,µg/m³,1
2025-12-21 12:00:00+00:00,Faisalabad,198.72508290608724,µg/m³,1
2025-12-21 13:00:00+00:00,Faisalabad,211.67233327229815,µg/m³,1
2025-12-21 14:00:00+00:00,Faisalabad,214.6668332417806,µg/m³,1
2025-12-21 15:00:00+00:00,Faisalabad,253.52233250935876,µg/m³,1
2025-12-21 16:00:00+00:00,Faisalabad,245.61216646830243,µg/m³,1
2025-12-21 17:00:00+00:00,Faisalabad,241.08300018310547,µg/m³,1
2025-12-21 18:00:00+00:00,Faisalabad,252.69166666666663,µg/m³,1
2025-12-21 19:00:00+00:00,Faisalabad,298.2306671142578,µg/m³,1
2025-12-21 20:00:00+00:00,Faisalabad,312.9693328857422,µg/m³,1
2025-12-21 21:00:00+00:00,Faisalabad,370.2606648763021,µg/m³,1
2025-12-21 22:00:00+00:00,Faisalabad,290.51116714477536,µg/m³,1
2025-12-21 23:00:00+00:00,Faisalabad,330.2359995524088,µg/m³,1
2025-12-22 00:00:00+00:00,Faisalabad,353.16983489990236,µg/m³,1
2025-12-22 01:00:00+00:00,Faisalabad,350.89399820963536,µg/m³,1
2025-12-22 02:00:00+00:00,Faisalabad,361.53366800944013,µg/m³,1
2025-12-22 03:00:00+00:00,Faisalabad,283.0250005086263,µg/m³,1
2025-12-22 04:00:00+00:00,Faisalabad,224.67466684977214,µg/m³,1
2025-12-22 05:00:00+00:00,Faisalabad,280.29483413696295,µg/m³,1
2025-12-22 06:00:00+00:00,Faisalabad,246.49216766357424,µg/m³,1
2025-12-22 07:00:00+00:00,Faisalabad,225.6894994099935,µg/m³,1
2025-12-22 08:00:00+00:00,Faisalabad,233.810666402181,µg/m³,1
2025-12-22 09:00:00+00:00,Faisalabad,253.7608324686686,µg/m³,1
2025-12-22 10:00:00+00:00,Faisalabad,163.87833302815758,µg/m³,1
2025-12-22 11:00:00+00:00,Faisalabad,130.05783360799154,µg/m³,1
2025-12-22 12:00:00+00:00,Faisalabad,140.24199981689452,µg/m³,1
2025-12-22 13:00:00+00:00,Faisalabad,206.025,µg/m³,1
2025-12-22 14:00:00+00:00,Faisalabad,241.53666610717775,µg/m³,1
2025-12-22 15:00:00+00:00,Faisalabad,299.96966756184895,µg/m³,1
2025-12-22 16:00:00+00:00,Faisalabad,331.0833333333333,µg/m³,1
2025-12-22 17:00:00+00:00,Faisalabad,399.73883310953784,µg/m³,1
2025-12-22 18:00:00+00:00,Faisalabad,317.3638331095378,µg/m³,1
2025-12-22 19:00:00+00:00,Faisalabad,276.7306668599447,µg/m³,1
2025-12-22 20:00:00+00:00,Faisalabad,293.2719991048177,µg/m³,1
2025-12-22 21:00:00+00:00,Faisalabad,283.61366577148436,µg/m³,1
2025-12-22 22:00:00+00:00,Faisalabad,323.631169128418,µg/m³,1
2025-12-22 23:00:00+00:00,Faisalabad,311.3506693522135,µg/m³,1
2025-12-23 00:00:00+00:00,Faisalabad,270.2139999389649,µg/m³,1
2025-12-23 01:00:00+00:00,Faisalabad,271.1358327229818,µg/m³,1
2025-12-23 02:00:00+00:00,Faisalabad,272.5159975687663,µg/m³,1
2025-12-23 03:00:00+00:00,Faisalabad,330.0246653238932,µg/m³,1
2025-12-23 04:00:00+00:00,Faisalabad,240.19449996948245,µg/m³,1
2025-12-23 05:00:00+00:00,Faisalabad,122.49766642252602,µg/m³,1
2025-12-23 06:00:00+00:00,Faisalabad,54.27783330281576,µg/m³,1
2025-12-23 07:00:00+00:00,Faisalabad,51.14966684977213,µg/m³,1
2025-12-23 08:00:00+00:00,Faisalabad,47.40424995422364,µg/m³,1
2025-12-23 09:00:00+00:00,Faisalabad,44.92450027465821,µg/m³,1
2025-12-23 10:00:00+00:00,Faisalabad,53.02166697184246,µg/m³,1
2025-12-23 11:00:00+00:00,Faisalabad,76.8423329671224,µg/m³,1
2025-12-23 12:00:00+00:00,Faisalabad,103.2366663614909,µg/m³,1
2025-12-23 13:00:00+00:00,Faisalabad,159.2469164530436,µg/m³,1
2025-12-23 14:00:00+00:00,Faisalabad,135.43083318074545,µg/m³,1
2025-12-23 15:00:00+00:00,Faisalabad,128.02566630045575,µg/m³,1
2025-12-23 16:00:00+00:00,Faisalabad,129.05550003051758,µg/m³,1
2025-12-23 17:00:00+00:00,Faisalabad,119.49150009155274,µg/m³,1
2025-12-23 18:00:00+00:00,Faisalabad,131.0938336690267,µg/m³,1
2025-12-23 19:00:00+00:00,Faisalabad,123.86983311971028,µg/m³,1
2025-12-23 20:00:00+00:00,Faisalabad,146.15599975585937,µg/m³,1
2025-12-23 21:00:00+00:00,Faisalabad,132.5556666056315,µg/m³,1
2025-12-23 22:00:00+00:00,Faisalabad,109.3331667582194,µg/m³,1
2025-12-23 23:00:00+00:00,Faisalabad,108.42200012207034,µg/m³,1
2025-12-24 00:00:00+00:00,Faisalabad,95.11100006103516,µg/m³,1
2025-12-24 01:00:00+00:00,Faisalabad,105.45,µg/m³,1
2025-12-24 02:00:00+00:00,Faisalabad,119.71416651407877,µg/m³,1
2025-12-24 03:00:00+00:00,Faisalabad,160.11333325703941,µg/m³,1
2025-12-24 04:00:00+00:00,Faisalabad,120.28850021362302,µg/m³,1
2025-12-24 05:00:00+00:00,Faisalabad,89.38300018310548,µg/m³,1
2025-12-24 06:00:00+00:00,Faisalabad,62.39249954223633,µg/m³,1
2025-12-24 07:00:00+00:00,Faisalabad,48.335250091552744,µg/m³,1
2025-12-24 08:00:00+00:00,Faisalabad,34.84433345794678,µg/m³,1
2025-12-24 09:00:00+00:00,Faisalabad,30.541833209991452,µg/m³,1
2025-12-24 10:00:00+00:00,Faisalabad,28.160833326975503,µg/m³,1
2025-12-24 11:00:00+00:00,Faisalabad,34.81983327865601,µg/m³,1
2025-12-24 12:00:00+00:00,Faisalabad,66.97566630045573,µg/m³,1
2025-12-24 13:00:00+00:00,Faisalabad,88.06666666666666,µg/m³,1
2025-12-24 14:00:00+00:00,Faisalabad,135.21083348592123,µg/m³,1
2025-12-24 15:00:00+00:00,Faisalabad,130.33583348592123,µg/m³,1
2025-12-24 16:00:00+00:00,Faisalabad,155.336333211263,µg/m³,1
2025-12-24 17:00:00+00:00,Faisalabad,187.4806666056315,µg/m³,1
2025-12-24 18:00:00+00:00,Faisalabad,129.15583318074542,µg/m³,1
2025-12-24 19:00:00+00:00,Faisalabad,153.46683324178062,µg/m³,1
2025-12-24 20:00:00+00:00,Faisalabad,208.98416620890296,µg/m³,1
2025-12-24 21:00:00+00:00,Faisalabad,207.08883336385088,µg/m³,1
2025-12-24 22:00:00+00:00,Faisalabad,178.2440002441406,µg/m³,1
2025-12-24 23:00:00+00:00,Faisalabad,163.14749984741212,µg/m³,1
2025-12-25 00:00:00+00:00,Faisalabad,185.1586664835612,µg/m³,1
2025-12-25 01:00:00+00:00,Faisalabad,238.56066691080727,µg/m³,1
2025-12-25 02:00:00+00:00,Faisalabad,218.66699981689453,µg/m³,1
2025-12-25 03:00:00+00:00,Faisalabad,243.71933237711585,µg/m³,1
2025-12-25 04:00:00+00:00,Faisalabad,203.86433308919274,µg/m³,1
2025-12-25 05:00:00+00:00,Faisalabad,164.78050003051757,µg/m³,1
2025-12-25 06:00:00+00:00,Faisalabad,151.08883310953777,µg/m³,1
2025-12-25 07:00:00+00:00,Faisalabad,248.23049977620437,µg/m³,1
2025-12-25 08:00:00+00:00,Faisalabad,156.03316701253254,µg/m³,1
2025-12-25 09:00:00+00:00,Faisalabad,91.99660003662109,µg/m³,1
2025-12-25 10:00:00+00:00,Faisalabad,89.35160095214844,µg/m³,1
2025-12-25 11:00:00+00:00,Faisalabad,83.59274978637696,µg/m³,1
2025-12-25 12:00:00+00:00,Faisalabad,92.10750045776366,µg/m³,1
2025-12-25 13:00:00+00:00,Faisalabad,141.8831667582194,µg/m³,1
2025-12-25 14:00:00+00:00,Faisalabad,152.9811663309733,µg/m³,1
2025-12-25 15:00:00+00:00,Faisalabad,172.22716700236003,µg/m³,1
2025-12-25 16:00:00+00:00,Faisalabad,247.83049952189126,µg/m³,1
2025-12-25 17:00:00+00:00,Faisalabad,205.71416651407878,µg/m³,1
2025-12-25 18:00:00+00:00,Faisalabad,258.9608334859212,µg/m³,1
2025-12-25 19:00:00+00:00,Faisalabad,290.8714970906575,µg/m³,1
2025-12-25 20:00:00+00:00,Faisalabad,298.7994979858398,µg/m³,1
2025-12-25 21:00:00+00:00,Faisalabad,320.4804997762044,µg/m³,1
2025-12-25 22:00:00+00:00,Faisalabad,343.67183176676434,µg/m³,1
2025-12-25 23:00:00+00:00,Faisalabad,324.29999999999995,µg/m³,1
2025-12-26 00:00:00+00:00,Faisalabad,294.0109995524088,µg/m³,1
2025-12-26 01:00:00+00:00,Faisalabad,300.3079986572266,µg/m³,1
2025-12-26 02:00:00+00:00,Faisalabad,308.40316823323565,µg/m³,1
2025-12-26 03:00:00+00:00,Faisalabad,330.2109995524089,µg/m³,1
2025-12-26 04:00:00+00:00,Faisalabad,208.53566729227703,µg/m³,1
2025-12-26 05:00:00+00:00,Faisalabad,158.14133351643883,µg/m³,1
2025-12-26 06:00:00+00:00,Faisalabad,178.7448331197103,µg/m³,1
2025-12-26 07:00:00+00:00,Faisalabad,118.94466654459633,µg/m³,1
2025-12-26 08:00:00+00:00,Faisalabad,105.67272727272726,µg/m³,1
2025-12-26 09:00:00+00:00,Faisalabad,90.35833333333333,µg/m³,1
2025-12-26 10:00:00+00:00,Faisalabad,94.12455567253961,µg/m³,1
2025-12-26 11:00:00+00:00,Faisalabad,91.3149164835612,µg/m³,1
2025-12-26 12:00:00+00:00,Faisalabad,103.5336664835612,µg/m³,1
2025-12-26 13:00:00+00:00,Faisalabad,205.57750015258787,µg/m³,1
2025-12-26 14:00:00+00:00,Faisalabad,209.8556666056315,µg/m³,1
2025-12-26 15:00:00+00:00,Faisalabad,253.02716674804685,µg/m³,1
2025-12-26 16:00:00+00:00,Faisalabad,296.4975011189778,µg/m³,1
2025-12-26 17:00:00+00:00,Faisalabad,335.52766621907557,µg/m³,1
2025-12-26 18:00:00+00:00,Faisalabad,390.20583445231114,µg/m³,1
2025-12-26 19:00:00+00:00,Faisalabad,359.86150156656896,µg/m³,1
2025-12-26 20:00:00+00:00,Faisalabad,335.35316823323564,µg/m³,1
2025-12-26 21:00:00+00:00,Faisalabad,337.07500000000005,µg/m³,1
2025-12-26 22:00:00+00:00,Faisalabad,347.15249888102215,µg/m³,1
2025-12-26 23:00:00+00:00,Faisalabad,367.1528335571289,µg/m³,1
2025-12-27 00:00:00+00:00,Faisalabad,375.59733378092443,µg/m³,1
2025-12-27 01:00:00+00:00,Faisalabad,388.6109995524088,µg/m³,1
2025-12-27 02:00:00+00:00,Faisalabad,417.7578313191732,µg/m³,1
2025-12-27 03:00:00+00:00,Faisalabad,462.738330078125,µg/m³,1
2025-12-27 04:00:00+00:00,Faisalabad,490.90016682942706,µg/m³,1
2025-12-27 05:00:00+00:00,Faisalabad,242.16416702270507,µg/m³,1
2025-12-27 06:00:00+00:00,Faisalabad,196.62766672770184,µg/m³,1
2025-12-27 07:00:00+00:00,Faisalabad,144.34733327229816,µg/m³,1
2025-12-27 08:00:00+00:00,Faisalabad,134.863666788737,µg/m³,1
2025-12-27 09:00:00+00:00,Faisalabad,113.94733327229818,µg/m³,1
2025-12-27 10:00:00+00:00,Faisalabad,95.66709123091265,µg/m³,1
2025-12-27 11:00:00+00:00,Faisalabad,96.25,µg/m³,1
2025-12-27 12:00:00+00:00,Faisalabad,113.35049972534178,µg/m³,1
2025-12-27 13:00:00+00:00,Faisalabad,174.50800043741864,µg/m³,1
2025-12-27 14:00:00+00:00,Faisalabad,233.41666742960612,µg/m³,1
2025-12-27 15:00:00+00:00,Faisalabad,286.2218317667643,µg/m³,1
2025-12-27 16:00:00+00:00,Faisalabad,296.1786702473958,µg/m³,1
2025-12-27 17:00:00+00:00,Faisalabad,322.0085006713867,µg/m³,1
2025-12-27 18:00:00+00:00,Faisalabad,348.8058344523112,µg/m³,1
2025-12-27 19:00:00+00:00,Faisalabad,382.6109995524089,µg/m³,1
2025-12-27 20:00:00+00:00,Faisalabad,405.3664993286134,µg/m³,1
2025-12-27 21:00:00+00:00,Faisalabad,421.164335123698,µg/m³,1
2025-12-27 22:00:00+00:00,Faisalabad,440.2923350016276,µg/m³,1
2025-12-27 23:00:00+00:00,Faisalabad,368.1809599558512,µg/m³,1
2025-12-28 00:00:00+00:00,Faisalabad,327.42783355712896,µg/m³,1
2025-12-28 01:00:00+00:00,Faisalabad,312.6556671142578,µg/m³,1
2025-12-28 02:00:00+00:00,Faisalabad,333.6079986572266,µg/m³,1
2025-12-28 03:00:00+00:00,Faisalabad,325.1340026855469,µg/m³,1
2025-12-28 04:00:00+00:00,Faisalabad,458.8170008341471,µg/m³,1
2025-12-28 05:00:00+00:00,Faisalabad,301.69716593424477,µg/m³,1
2025-12-28 06:00:00+00:00,Faisalabad,217.33916702270508,µg/m³,1
2025-12-28 07:00:00+00:00,Faisalabad,154.4717224968804,µg/m³,1
2025-12-28 08:00:00+00:00,Faisalabad,175.34878771232832,µg/m³,1
2025-12-28 09:00:00+00:00,Faisalabad,189.79162502288818,µg/m³,1
2025-12-28 10:00:00+00:00,Faisalabad,179.31633351643882,µg/m³,1
2025-12-28 11:00:00+00:00,Faisalabad,181.411333211263,µg/m³,1
2025-12-28 12:00:00+00:00,Faisalabad,225.63333333333335,µg/m³,1
2025-12-28 13:00:00+00:00,Faisalabad,288.05732981363934,µg/m³,1
2025-12-28 14:00:00+00:00,Faisalabad,383.33950246175124,µg/m³,1
2025-12-28 15:00:00+00:00,Faisalabad,398.49716644287105,µg/m³,1
2025-12-28 16:00:00+00:00,Faisalabad,413.51316375732426,µg/m³,1
2025-12-28 17:00:00+00:00,Faisalabad,405.2391677856445,µg/m³,1
2025-12-28 18:00:00+00:00,Faisalabad,408.88049977620454,µg/m³,1
2025-12-28 19:00:00+00:00,Faisalabad,433.9306671142578,µg/m³,1
2025-12-28 20:00:00+00:00,Faisalabad,385.1939982096355,µg/m³,1
2025-12-28 21:00:00+00:00,Faisalabad,361.75600179036456,µg/m³,1
2025-12-28 22:00:00+00:00,Faisalabad,340.38066711425785,µg/m³,1
2025-12-28 23:00:00+00:00,Faisalabad,319.84750111897785,µg/m³,1
2025-12-29 00:00:00+00:00,Faisalabad,327.18566487630216,µg/m³,1
2025-12-29 01:00:00+00:00,Faisalabad,402.25816599527997,µg/m³,1
2025-12-29 02:00:00+00:00,Faisalabad,373.3336680094401,µg/m³,1
2025-12-29 03:00:00+00:00,Faisalabad,336.44116465250653,µg/m³,1
2025-12-29 04:00:00+00:00,Faisalabad,377.46083221435543,µg/m³,1
2025-12-29 05:00:00+00:00,Faisalabad,421.22318068610303,µg/m³,1
2025-12-29 06:00:00+00:00,Faisalabad,529.8861653645832,µg/m³,1
2025-12-29 07:00:00+00:00,Faisalabad,510.1638346354166,µg/m³,1
2025-12-29 08:00:00+00:00,Faisalabad,525.3471633911133,µg/m³,1
2025-12-29 09:00:00+00:00,Faisalabad,436.675,µg/m³,1
2025-12-29 10:00:00+00:00,Faisalabad,411.2886657714844,µg/m³,1
2025-12-29 11:00:00+00:00,Faisalabad,392.7975011189779,µg/m³,1
2025-12-29 12:00:00+00:00,Faisalabad,428.7196670532226,µg/m³,1
2025-12-29 13:00:00+00:00,Faisalabad,443.22783355712886,µg/m³,1
2025-12-29 14:00:00+00:00,Faisalabad,454.4314684549967,µg/m³,1
2025-12-29 15:00:00+00:00,Faisalabad,400.9806671142578,µg/m³,1
2025-12-29 16:00:00+00:00,Faisalabad,381.9473337809245,µg/m³,1
2025-12-29 17:00:00+00:00,Faisalabad,377.88500061035154,µg/m³,1
2025-12-29 18:00:00+00:00,Faisalabad,361.4886657714844,µg/m³,1
2025-12-29 19:00:00+00:00,Faisalabad,375.49183400472003,µg/m³,1
2025-12-29 20:00:00+00:00,Faisalabad,364.7638331095377,µg/m³,1
2025-12-29 21:00:00+00:00,Faisalabad,344.6335006713868,µg/m³,1
2025-12-29 22:00:00+00:00,Faisalabad,290.47466532389325,µg/m³,1
2025-12-29 23:00:00+00:00,Faisalabad,278.7689982096354,µg/m³,1
2025-12-30 00:00:00+00:00,Faisalabad,289.02783355712893,µg/m³,1
2025-12-30 01:00:00+00:00,Faisalabad,296.80850067138675,µg/m³,1
2025-12-30 02:00:00+00:00,Faisalabad,415.16066487630206,µg/m³,1
2025-12-30 03:00:00+00:00,Faisalabad,389.4481704711914,µg/m³,1
2025-12-30 05:00:00+00:00,Faisalabad,458.6423360188803,µg/m³,1
2025-12-30 06:00:00+00:00,Faisalabad,263.41400070190423,µg/m³,1
2025-12-30 07:00:00+00:00,Faisalabad,210.1220001220703,µg/m³,1
2025-12-30 08:00:00+00:00,Faisalabad,153.37516657511392,µg/m³,1
2025-12-30 09:00:00+00:00,Faisalabad,145.30825004577636,µg/m³,1
2025-12-30 10:00:00+00:00,Faisalabad,167.45233357747398,µg/m³,1
2025-12-30 11:00:00+00:00,Faisalabad,159.35016657511395,µg/m³,1
2025-12-30 12:00:00+00:00,Faisalabad,184.30049972534178,µg/m³,1
2025-12-30 13:00:00+00:00,Faisalabad,214.9653340657552,µg/m³,1
2025-12-30 14:00:00+00:00,Faisalabad,349.0437750922309,µg/m³,1
2025-12-30 15:00:00+00:00,Faisalabad,376.21116689046227,µg/m³,1
2025-12-30 16:00:00+00:00,Faisalabad,390.92800089518227,µg/m³,1
2025-12-30 17:00:00+00:00,Faisalabad,397.1888331095377,µg/m³,1
2025-12-30 19:00:00+00:00,Faisalabad,365.4443328857422,µg/m³,1
2025-12-30 20:00:00+00:00,Faisalabad,380.14149932861324,µg/m³,1
2025-12-30 21:00:00+00:00,Faisalabad,345.4028335571289,µg/m³,1
2025-12-30 22:00:00+00:00,Faisalabad,297.2078313191732,µg/m³,1
2025-12-30 23:00:00+00:00,Faisalabad,288.11683400472003,µg/m³,1
2025-12-31 00:00:00+00:00,Faisalabad,287.48866577148436,µg/m³,1
2025-12-31 01:00:00+00:00,Faisalabad,304.51383310953776,µg/m³,1
2025-12-31 02:00:00+00:00,Faisalabad,308.005332438151,µg/m³,1
2025-12-31 03:00:00+00:00,Faisalabad,308.60033467610674,µg/m³,1
2025-12-31 04:00:00+00:00,Faisalabad,295.3245277404785,µg/m³,1
2025-12-31 05:00:00+00:00,Faisalabad,278.4,µg/m³,1
2025-12-31 06:00:00+00:00,Faisalabad,269.2133331298828,µg/m³,1
2025-12-31 07:00:00+00:00,Faisalabad,274.6030140770806,µg/m³,1
2025-12-31 08:00:00+00:00,Faisalabad,255.3441668192545,µg/m³,1
2025-12-31 09:00:00+00:00,Faisalabad,287.4962488810221,µg/m³,1
2025-12-31 10:00:00+00:00,Faisalabad,305.34487393697106,µg/m³,1
2025-12-31 11:00:00+00:00,Faisalabad,324.5737087249756,µg/m³,1
2025-12-31 12:00:00+00:00,Faisalabad,279.3718317667644,µg/m³,1
2025-12-31 13:00:00+00:00,Faisalabad,297.11124776204423,µg/m³,1
2025-12-31 14:00:00+00:00,Faisalabad,304.6773317972819,µg/m³,1
2025-12-31 15:00:00+00:00,Faisalabad,275.0024988810221,µg/m³,1
2025-12-31 16:00:00+00:00,Faisalabad,221.44437491099038,µg/m³,1
2025-12-31 17:00:00+00:00,Faisalabad,215.67714320591517,µg/m³,1
2025-12-31 19:00:00+00:00,Faisalabad,254.6481808749112,µg/m³,1
2025-12-31 20:00:00+00:00,Faisalabad,235.51683324178057,µg/m³,1
2025-12-31 21:00:00+00:00,Faisalabad,235.6919998168945,µg/m³,1
2025-12-31 22:00:00+00:00,Faisalabad,218.44666697184246,µg/m³,1
2025-12-31 23:00:00+00:00,Faisalabad,217.28933308919272,µg/m³,1
2026-01-01 00:00:00+00:00,Faisalabad,223.78349990844728,µg/m³,1
2026-01-01 01:00:00+00:00,Faisalabad,236.46333363850917,µg/m³,1
2026-01-01 02:00:00+00:00,Faisalabad,228.97799987792965,µg/m³,1
2026-01-01 03:00:00+00:00,Faisalabad,229.5693333943685,µg/m³,1
2026-01-01 04:00:00+00:00,Faisalabad,236.79766642252605,µg/m³,1
2026-01-01 05:00:00+00:00,Faisalabad,227.29183324178055,µg/m³,1
2026-01-01 06:00:00+00:00,Faisalabad,225.37249984741217,µg/m³,1
2026-01-01 07:00:00+00:00,Faisalabad,223.0893330891927,µg/m³,1
2026-01-01 08:00:00+00:00,Faisalabad,231.56133244832358,µg/m³,1
2026-01-01 09:00:00+00:00,Faisalabad,240.43616638183596,µg/m³,1
2026-01-01 10:00:00+00:00,Faisalabad,225.47787532806396,µg/m³,1
2026-01-01 11:00:00+00:00,Faisalabad,230.79600105285644,µg/m³,1
2026-01-01 12:00:00+00:00,Faisalabad,210.66466623942063,µg/m³,1
2026-01-01 13:00:00+00:00,Faisalabad,214.41983311971026,µg/m³,1
2026-01-01 14:00:00+00:00,Faisalabad,202.91933339436852,µg/m³,1
2026-01-01 15:00:00+00:00,Faisalabad,197.96390894109553,µg/m³,1
2026-01-01 16:00:00+00:00,Faisalabad,187.96399993896486,µg/m³,1
2026-01-01 17:00:00+00:00,Faisalabad,194.2118329366048,µg/m³,1
2026-01-01 18:00:00+00:00,Faisalabad,199.26100006103516,µg/m³,1
2026-01-01 19:00:00+00:00,Faisalabad,192.61149978637695,µg/m³,1
2026-01-01 20:00:00+00:00,Faisalabad,197.82466684977211,µg/m³,1
2026-01-01 21:00:00+00:00,Faisalabad,202.76916681925456,µg/m³,1
2026-01-01 22:00:00+00:00,Faisalabad,193.8138333638509,µg/m³,1
2026-01-01 23:00:00+00:00,Faisalabad,227.6140007019043,µg/m³,1
2026-01-02 00:00:00+00:00,Faisalabad,339.76683400472,µg/m³,1
2026-01-02 01:00:00+00:00,Faisalabad,256.5884991963705,µg/m³,1
2026-01-02 02:00:00+00:00,Faisalabad,228.66683349609374,µg/m³,1
2026-01-02 03:00:00+00:00,Faisalabad,199.22133344014483,µg/m³,1
2026-01-02 04:00:00+00:00,Faisalabad,198.23850021362307,µg/m³,1
2026-01-02 05:00:00+00:00,Faisalabad,214.3775001525879,µg/m³,1
2026-01-02 06:00:00+00:00,Faisalabad,210.23383305867515,µg/m³,1
2026-01-02 07:00:00+00:00,Faisalabad,216.7856669108073,µg/m³,1
2026-01-02 08:00:00+00:00,Faisalabad,214.0583333333334,µg/m³,1
2026-01-02 09:00:00+00:00,Faisalabad,192.6003331502279,µg/m³,1
2026-01-02 10:00:00+00:00,Faisalabad,170.39749984741212,µg/m³,1
2026-01-02 11:00:00+00:00,Faisalabad,158.99416681925456,µg/m³,1
2026-01-02 12:00:00+00:00,Faisalabad,166.74166666666665,µg/m³,1
2026-01-02 13:00:00+00:00,Faisalabad,187.80283330281577,µg/m³,1
2026-01-02 14:00:00+00:00,Faisalabad,247.35818231756036,µg/m³,1
2026-01-02 15:00:00+00:00,Faisalabad,290.82291666666663,µg/m³,1
2025-10-04 16:00:00+00:00,Multan,67.51202071507772,µg/m³,2
2025-10-04 17:00:00+00:00,Multan,65.57283318837484,µg/m³,2
2025-10-04 18:00:00+00:00,Multan,73.21081228256224,µg/m³,2
2025-10-04 19:00:00+00:00,Multan,76.21593770980834,µg/m³,2
2025-10-04 20:00:00+00:00,Multan,45.96293745040893,µg/m³,2
2025-10-04 21:00:00+00:00,Multan,26.83747230370839,µg/m³,1
2025-10-04 22:00:00+00:00,Multan,47.81955018043518,µg/m³,1
2025-10-04 23:00:00+00:00,Multan,67.54722710522738,µg/m³,1
2025-10-05 00:00:00+00:00,Multan,46.26341694990794,µg/m³,1
2025-10-05 01:00:00+00:00,Multan,44.10708363850912,µg/m³,1
2025-10-05 02:00:00+00:00,Multan,51.667999903361,µg/m³,1
2025-10-05 03:00:00+00:00,Multan,36.45166675249735,µg/m³,1
2025-10-05 04:00:00+00:00,Multan,32.81729170481364,µg/m³,1
2025-10-05 05:00:00+00:00,Multan,30.61051382488675,µg/m³,1
2025-10-05 06:00:00+00:00,Multan,37.15391687552134,µg/m³,1
2025-10-05 07:00:00+00:00,Multan,40.3836665391922,µg/m³,1
2025-10-05 08:00:00+00:00,Multan,32.03729182084402,µg/m³,1
2025-10-05 09:00:00+00:00,Multan,30.77737494309743,µg/m³,1
2025-10-05 10:00:00+00:00,Multan,31.20999987125397,µg/m³,1
2025-10-05 11:00:00+00:00,Multan,43.66037493546804,µg/m³,1
2025-10-05 12:00:00+00:00,Multan,34.25745842456818,µg/m³,1
2025-10-05 13:00:00+00:00,Multan,55.00141665140787,µg/m³,1
2025-10-05 14:00:00+00:00,Multan,47.914402710066895,µg/m³,1
2025-10-05 15:00:00+00:00,Multan,36.094499810536696,µg/m³,1
2025-10-05 16:00:00+00:00,Multan,54.88462471961975,µg/m³,1
2025-10-05 17:00:00+00:00,Multan,26.205583254496258,µg/m³,1
2025-10-05 18:00:00+00:00,Multan,43.61708326339721,µg/m³,1
2025-10-05 19:00:00+00:00,Multan,79.86799926757813,µg/m³,1
2025-10-05 20:00:00+00:00,Multan,27.159143025534494,µg/m³,1
2025-10-05 21:00:00+00:00,Multan,32.13616631825766,µg/m³,1
2025-10-05 22:00:00+00:00,Multan,29.41637499332428,µg/m³,1
2025-10-05 23:00:00+00:00,Multan,38.52216691176096,µg/m³,1
2025-10-06 00:00:00+00:00,Multan,46.630416552225746,µg/m³,1
2025-10-06 01:00:00+00:00,Multan,41.711472397380405,µg/m³,1
2025-10-06 02:00:00+00:00,Multan,54.943916606903066,µg/m³,1
2025-10-06 03:00:00+00:00,Multan,30.698708415031433,µg/m³,1
2025-10-06 04:00:00+00:00,Multan,37.52197185092502,µg/m³,1
2025-10-06 05:00:00+00:00,Multan,43.64537525177002,µg/m³,1
2025-10-06 06:00:00+00:00,Multan,35.02333344618479,µg/m³,1
2025-10-06 07:00:00+00:00,Multan,60.870416831970225,µg/m³,1
2025-10-06 08:00:00+00:00,Multan,46.45270856221517,µg/m³,1
2025-10-06 09:00:00+00:00,Multan,52.423944515652124,µg/m³,1
2025-10-06 10:00:00+00:00,Multan,36.79687503178915,µg/m³,1
2025-10-06 11:00:00+00:00,Multan,35.560083325703935,µg/m³,1
2025-10-06 12:00:00+00:00,Multan,32.948166680335994,µg/m³,1
2025-10-06 13:00:00+00:00,Multan,46.056291262308754,µg/m³,1
2025-10-06 14:00:00+00:00,Multan,81.1483751296997,µg/m³,1
2025-10-06 15:00:00+00:00,Multan,42.19116655985515,µg/m³,1
2025-10-06 16:00:00+00:00,Multan,39.540666834513345,µg/m³,1
2025-10-06 17:00:00+00:00,Multan,38.92897194756402,µg/m³,1
2025-10-06 18:00:00+00:00,Multan,63.16929171880086,µg/m³,1
2025-10-06 19:00:00+00:00,Multan,52.02629175186158,µg/m³,1
2025-10-06 20:00:00+00:00,Multan,43.8655003229777,µg/m³,1
2025-10-06 21:00:00+00:00,Multan,35.093819787767195,µg/m³,1
2025-10-06 22:00:00+00:00,Multan,40.20016656716665,µg/m³,1
2025-10-06 23:00:00+00:00,Multan,44.7748334566752,µg/m³,1
2025-10-07 00:00:00+00:00,Multan,78.85891672770182,µg/m³,1
2025-10-07 01:00:00+00:00,Multan,54.368207899729406,µg/m³,1
2025-10-07 02:00:00+00:00,Multan,88.62212505340575,µg/m³,1
2025-10-07 03:00:00+00:00,Multan,70.066583387057,µg/m³,1
2025-10-07 04:00:00+00:00,Multan,39.71358357270558,µg/m³,1
2025-10-07 05:00:00+00:00,Multan,29.252249868710834,µg/m³,1
2025-10-07 06:00:00+00:00,Multan,12.167208274205526,µg/m³,1
2025-10-07 07:00:00+00:00,Multan,15.35387497742971,µg/m³,1
2025-10-07 08:00:00+00:00,Multan,21.56058320204417,µg/m³,1
2025-10-07 09:00:00+00:00,Multan,23.742319379912484,µg/m³,1
2025-10-07 10:00:00+00:00,Multan,35.543416984875996,µg/m³,1
2025-10-07 11:00:00+00:00,Multan,38.96484708786011,µg/m³,1
2025-10-07 12:00:00+00:00,Multan,22.21355559560988,µg/m³,1
2025-10-07 13:00:00+00:00,Multan,39.98929170767467,µg/m³,1
2025-10-07 14:00:00+00:00,Multan,49.57315239376492,µg/m³,1
2025-10-07 15:00:00+00:00,Multan,50.790999603271494,µg/m³,1
2025-10-07 16:00:00+00:00,Multan,83.11424980163575,µg/m³,1
2025-10-07 17:00:00+00:00,Multan,99.77387523651123,µg/m³,1
2025-10-07 18:00:00+00:00,Multan,73.48629156748454,µg/m³,1
2025-10-07 19:00:00+00:00,Multan,52.75072195265028,µg/m³,1
2025-10-07 20:00:00+00:00,Multan,47.85004164377849,µg/m³,1
2025-10-07 21:00:00+00:00,Multan,42.690166727701815,µg/m³,1
2025-10-07 22:00:00+00:00,Multan,77.26429182688396,µg/m³,1
2025-10-07 23:00:00+00:00,Multan,61.95120805104574,µg/m³,1
2025-10-08 00:00:00+00:00,Multan,49.81762485504151,µg/m³,1
2025-10-08 01:00:00+00:00,Multan,60.648541704813645,µg/m³,1
2025-10-08 02:00:00+00:00,Multan,63.982027859157995,µg/m³,1
2025-10-08 03:00:00+00:00,Multan,94.8603333791097,µg/m³,1
2025-10-08 04:00:00+00:00,Multan,42.92208344141642,µg/m³,1
2025-10-08 05:00:00+00:00,Multan,21.118472300635442,µg/m³,1
2025-10-08 06:00:00+00:00,Multan,10.397291668256123,µg/m³,1
2025-10-08 07:00:00+00:00,Multan,17.284125037325754,µg/m³,1
2025-10-08 08:00:00+00:00,Multan,10.69483332633972,µg/m³,1
2025-10-08 09:00:00+00:00,Multan,22.86820840040843,µg/m³,1
2025-10-08 10:00:00+00:00,Multan,21.94487502574921,µg/m³,1
2025-10-08 11:00:00+00:00,Multan,32.18384728696611,µg/m³,1
2025-10-08 12:00:00+00:00,Multan,36.437541739145914,µg/m³,1
2025-10-08 13:00:00+00:00,Multan,49.83162479400635,µg/m³,1
2025-10-08 14:00:00+00:00,Multan,111.68308308919272,µg/m³,1
2025-10-08 15:00:00+00:00,Multan,109.05019459194607,µg/m³,1
2025-10-08 16:00:00+00:00,Multan,127.05070832570392,µg/m³,1
2025-10-08 17:00:00+00:00,Multan,111.17937488555908,µg/m³,1
2025-10-08 18:00:00+00:00,Multan,117.88166681925456,µg/m³,1
2025-10-08 19:00:00+00:00,Multan,107.9508752822876,µg/m³,1
2025-10-08 20:00:00+00:00,Multan,93.03122211032444,µg/m³,1
2025-10-08 21:00:00+00:00,Multan,98.89837474822998,µg/m³,1
2025-10-08 22:00:00+00:00,Multan,127.57430530124242,µg/m³,1
2025-10-08 23:00:00+00:00,Multan,110.06545861562093,µg/m³,1
2025-10-09 00:00:00+00:00,Multan,114.98387508392334,µg/m³,1
2025-10-09 01:00:00+00:00,Multan,99.43844456142851,µg/m³,1
2025-10-09 02:00:00+00:00,Multan,113.96333325703942,µg/m³,1
2025-10-09 03:00:00+00:00,Multan,66.59395860036213,µg/m³,1
2025-10-09 04:00:00+00:00,Multan,44.970375251770015,µg/m³,1
2025-10-09 05:00:00+00:00,Multan,37.72711103227403,µg/m³,1
2025-10-09 06:00:00+00:00,Multan,26.813472239176434,µg/m³,1
2025-10-09 07:00:00+00:00,Multan,27.103666671117143,µg/m³,1
2025-10-09 08:00:00+00:00,Multan,26.738874975840247,µg/m³,1
2025-10-09 09:00:00+00:00,Multan,23.36904167334239,µg/m³,1
2025-10-09 10:00:00+00:00,Multan,21.797999986012773,µg/m³,1
2025-10-09 11:00:00+00:00,Multan,24.112583261066018,µg/m³,1
2025-10-09 12:00:00+00:00,Multan,28.790708422660828,µg/m³,1
2025-10-09 13:00:00+00:00,Multan,43.24229167302449,µg/m³,1
2025-10-09 14:00:00+00:00,Multan,111.16583340962727,µg/m³,1
2025-10-09 15:00:00+00:00,Multan,168.79022170172797,µg/m³,1
2025-10-09 16:00:00+00:00,Multan,96.3695832570394,µg/m³,1
2025-10-09 17:00:00+00:00,Multan,92.4886251449585,µg/m³,1
2025-10-09 18:00:00+00:00,Multan,114.55266672770183,µg/m³,1
2025-10-09 19:00:00+00:00,Multan,158.99769456651475,µg/m³,1
2025-10-09 20:00:00+00:00,Multan,190.01620858510333,µg/m³,1
2025-10-09 21:00:00+00:00,Multan,200.88806824154324,µg/m³,1
2025-10-09 22:00:00+00:00,Multan,138.9449998219808,µg/m³,1
2025-10-09 23:00:00+00:00,Multan,110.01312503814698,µg/m³,1
2025-10-10 00:00:00+00:00,Multan,82.70838885837132,µg/m³,1
2025-10-10 01:00:00+00:00,Multan,75.01408322652182,µg/m³,1
2025-10-10 02:00:00+00:00,Multan,82.66533330281575,µg/m³,1
2025-10-10 03:00:00+00:00,Multan,52.45691668192546,µg/m³,1
2025-10-10 04:00:00+00:00,Multan,34.150305347972456,µg/m³,1
2025-10-10 05:00:00+00:00,Multan,26.477972242567276,µg/m³,1
2025-10-10 06:00:00+00:00,Multan,21.09512499968211,µg/m³,1
2025-10-10 07:00:00+00:00,Multan,19.9739722304874,µg/m³,1
2025-10-10 08:00:00+00:00,Multan,17.657374993960065,µg/m³,1
2025-10-10 09:00:00+00:00,Multan,18.3947083234787,µg/m³,1
2025-10-10 10:00:00+00:00,Multan,22.504069458113776,µg/m³,1
2025-10-10 11:00:00+00:00,Multan,23.171000003814697,µg/m³,1
2025-10-10 12:00:00+00:00,Multan,34.13562466568417,µg/m³,1
2025-10-10 13:00:00+00:00,Multan,41.769416681925456,µg/m³,1
2025-10-10 14:00:00+00:00,Multan,121.31497251722548,µg/m³,1
2025-10-10 15:00:00+00:00,Multan,110.74845841725669,µg/m³,1
2025-10-10 16:00:00+00:00,Multan,144.3083749771118,µg/m³,1
2025-10-10 17:00:00+00:00,Multan,81.23070824940999,µg/m³,1
2025-10-10 18:00:00+00:00,Multan,100.1709166208903,µg/m³,1
2025-10-10 19:00:00+00:00,Multan,176.1371254603068,µg/m³,1
2025-10-10 20:00:00+00:00,Multan,164.34716657002767,µg/m³,1
2025-10-10 21:00:00+00:00,Multan,140.52487477196587,µg/m³,1
2025-10-10 22:00:00+00:00,Multan,62.410291735331214,µg/m³,1
2025-10-10 23:00:00+00:00,Multan,64.23212490081788,µg/m³,1
2025-10-11 00:00:00+00:00,Multan,74.47650032043457,µg/m³,1
2025-10-11 01:00:00+00:00,Multan,150.90550003051757,µg/m³,1
2025-10-11 02:00:00+00:00,Multan,120.7049582799276,µg/m³,1
2025-10-11 06:00:00+00:00,Multan,19.7858958363533,µg/m³,1
2025-10-11 07:00:00+00:00,Multan,21.45424998601278,µg/m³,1
2025-10-11 08:00:00+00:00,Multan,20.39379166762034,µg/m³,1
2025-10-11 10:00:00+00:00,Multan,14.562750005722046,µg/m³,1
2025-10-11 12:00:00+00:00,Multan,32.703444475597806,µg/m³,1
2025-10-11 13:00:00+00:00,Multan,57.14737529754638,µg/m³,1
2025-10-11 14:00:00+00:00,Multan,93.03691660563152,µg/m³,1
2025-10-11 15:00:00+00:00,Multan,93.44191652933756,µg/m³,1
2025-10-11 16:00:00+00:00,Multan,97.24533322652182,µg/m³,1
2025-10-11 17:00:00+00:00,Multan,116.67291666666667,µg/m³,1
2025-10-11 18:00:00+00:00,Multan,128.05966669718427,µg/m³,1
2025-10-11 19:00:00+00:00,Multan,142.13729139963786,µg/m³,1
2025-10-11 20:00:00+00:00,Multan,139.32663875155978,µg/m³,1
2025-10-11 21:00:00+00:00,Multan,99.71958363850912,µg/m³,1
2025-10-11 22:00:00+00:00,Multan,82.71138899061417,µg/m³,1
2025-10-11 23:00:00+00:00,Multan,93.79529158274333,µg/m³,1
2025-10-12 00:00:00+00:00,Multan,66.20679187774657,µg/m³,1
2025-10-12 01:00:00+00:00,Multan,108.3483751296997,µg/m³,1
2025-10-12 02:00:00+00:00,Multan,120.09766718546551,µg/m³,1
2025-10-12 03:00:00+00:00,Multan,73.13266665140786,µg/m³,1
2025-10-12 04:00:00+00:00,Multan,45.00529143015544,µg/m³,1
2025-10-12 05:00:00+00:00,Multan,34.97175019847022,µg/m³,1
2025-10-12 06:00:00+00:00,Multan,26.043624997138977,µg/m³,1
2025-10-12 07:00:00+00:00,Multan,23.869208359718325,µg/m³,1
2025-10-12 08:00:00+00:00,Multan,23.15891668001811,µg/m³,1
2025-10-12 09:00:00+00:00,Multan,27.919833294550582,µg/m³,1
2025-10-12 10:00:00+00:00,Multan,24.949416669209796,µg/m³,1
2025-10-12 11:00:00+00:00,Multan,30.320291694005324,µg/m³,1
2025-10-12 12:00:00+00:00,Multan,41.2971525616116,µg/m³,1
2025-10-12 13:00:00+00:00,Multan,54.38570855458577,µg/m³,1
2025-10-12 14:00:00+00:00,Multan,99.34090294308133,µg/m³,1
2025-10-12 15:00:00+00:00,Multan,132.98829161326094,µg/m³,1
2025-10-12 16:00:00+00:00,Multan,114.50888883802627,µg/m³,1
2025-10-12 17:00:00+00:00,Multan,118.6752498626709,µg/m³,1
2025-10-12 18:00:00+00:00,Multan,77.27129141489665,µg/m³,1
2025-10-12 19:00:00+00:00,Multan,104.15179182688395,µg/m³,1
2025-10-12 20:00:00+00:00,Multan,131.99568102094864,µg/m³,1
2025-10-12 21:00:00+00:00,Multan,82.13016649881999,µg/m³,1
2025-10-12 22:00:00+00:00,Multan,56.81887493133545,µg/m³,1
2025-10-12 23:00:00+00:00,Multan,116.60574989318847,µg/m³,1
2025-10-13 00:00:00+00:00,Multan,111.45391642252604,µg/m³,1
2025-10-13 01:00:00+00:00,Multan,120.9420831044515,µg/m³,1
2025-10-13 02:00:00+00:00,Multan,115.96291643778484,µg/m³,1
2025-10-13 03:00:00+00:00,Multan,63.21691652933756,µg/m³,1
2025-10-13 04:00:00+00:00,Multan,39.58304182688395,µg/m³,1
2025-10-13 05:00:00+00:00,Multan,34.12362496058146,µg/m³,1
2025-10-13 06:00:00+00:00,Multan,32.392916618453135,µg/m³,1
2025-10-13 07:00:00+00:00,Multan,30.35063885847728,µg/m³,1
2025-10-13 08:00:00+00:00,Multan,26.125999964608088,µg/m³,1
2025-10-13 09:00:00+00:00,Multan,23.152749983469644,µg/m³,1
2025-10-13 10:00:00+00:00,Multan,23.624916632970173,µg/m³,1
2025-10-13 11:00:00+00:00,Multan,27.10287497308519,µg/m³,1
2025-10-13 12:00:00+00:00,Multan,32.25826394557953,µg/m³,1
2025-10-13 13:00:00+00:00,Multan,48.00670846303304,µg/m³,1
2025-10-13 14:00:00+00:00,Multan,77.72566668192546,µg/m³,1
2025-10-13 15:00:00+00:00,Multan,113.53099975585938,µg/m³,1
2025-10-13 16:00:00+00:00,Multan,100.31666679382325,µg/m³,1
2025-10-13 17:00:00+00:00,Multan,119.30704161326089,µg/m³,1
2025-10-13 18:00:00+00:00,Multan,135.3220417658488,µg/m³,1
2025-10-13 19:00:00+00:00,Multan,124.63479162851968,µg/m³,1
2025-10-13 20:00:00+00:00,Multan,82.28216654459634,µg/m³,1
2025-10-13 21:00:00+00:00,Multan,70.76120827992757,µg/m³,1
2025-10-13 22:00:00+00:00,Multan,80.7761251449585,µg/m³,1
2025-10-13 23:00:00+00:00,Multan,142.92820809682212,µg/m³,1
2025-10-14 00:00:00+00:00,Multan,145.87999941507977,µg/m³,1
2025-10-14 01:00:00+00:00,Multan,123.82154165903727,µg/m³,1
2025-10-14 02:00:00+00:00,Multan,140.30962505340577,µg/m³,1
2025-10-14 03:00:00+00:00,Multan,121.34874954223632,µg/m³,1
2025-10-14 04:00:00+00:00,Multan,147.59608319600423,µg/m³,1
2025-10-14 05:00:00+00:00,Multan,128.40770791371662,µg/m³,1
2025-10-14 06:00:00+00:00,Multan,41.10668085945978,µg/m³,1
2025-10-14 07:00:00+00:00,Multan,37.81559752358331,µg/m³,2
2025-10-14 08:00:00+00:00,Multan,36.553757575064,µg/m³,2
2025-10-14 09:00:00+00:00,Multan,36.05517363548279,µg/m³,2
2025-10-14 10:00:00+00:00,Multan,41.43120816548665,µg/m³,2
2025-10-14 11:00:00+00:00,Multan,49.86321513917711,µg/m³,2
2025-10-14 12:00:00+00:00,Multan,51.11147934595744,µg/m³,2
2025-10-14 13:00:00+00:00,Multan,94.88093767166137,µg/m³,2
2025-10-14 14:00:00+00:00,Multan,118.59531240463258,µg/m³,2
2025-10-14 15:00:00+00:00,Multan,123.75347916285196,µg/m³,2
2025-10-14 16:00:00+00:00,Multan,134.31766675313315,µg/m³,2
2025-10-14 17:00:00+00:00,Multan,142.00443053775365,µg/m³,2
2025-10-14 18:00:00+00:00,Multan,179.91160423490737,µg/m³,2
2025-10-14 19:00:00+00:00,Multan,122.2211043993632,µg/m³,2
2025-10-14 20:00:00+00:00,Multan,112.88516642252604,µg/m³,2
2025-10-14 21:00:00+00:00,Multan,97.3138960202535,µg/m³,2
2025-10-14 22:00:00+00:00,Multan,98.25119442409938,µg/m³,2
2025-10-14 23:00:00+00:00,Multan,95.22669465806747,µg/m³,2
2025-10-15 00:00:00+00:00,Multan,93.81541678110759,µg/m³,2
2025-10-15 01:00:00+00:00,Multan,103.74256238937377,µg/m³,2
2025-10-15 02:00:00+00:00,Multan,99.62416674296061,µg/m³,2
2025-10-15 03:00:00+00:00,Multan,82.37209022310044,µg/m³,2
2025-10-15 04:00:00+00:00,Multan,72.45989394910407,µg/m³,2
2025-10-15 05:00:00+00:00,Multan,71.94417420011578,µg/m³,2
2025-10-15 06:00:00+00:00,Multan,74.28198596106635,µg/m³,2
2025-10-15 07:00:00+00:00,Multan,55.203977741665305,µg/m³,2
2025-10-15 08:00:00+00:00,Multan,46.10979216700852,µg/m³,2
2025-10-15 09:00:00+00:00,Multan,43.65796509848701,µg/m³,2
2025-10-15 10:00:00+00:00,Multan,30.81204871998893,µg/m³,2
2025-10-15 11:00:00+00:00,Multan,34.501395881175995,µg/m³,2
2025-10-15 12:00:00+00:00,Multan,44.46476390096876,µg/m³,2
2025-10-15 13:00:00+00:00,Multan,72.74902060826619,µg/m³,2
2025-10-15 14:00:00+00:00,Multan,120.29894432491726,µg/m³,2
2025-10-15 15:00:00+00:00,Multan,118.22574990590414,µg/m³,2
2025-10-15 16:00:00+00:00,Multan,128.58602069218955,µg/m³,2
2025-10-15 17:00:00+00:00,Multan,123.9408887439304,µg/m³,2
2025-10-15 18:00:00+00:00,Multan,115.71227057774863,µg/m³,2
2025-10-15 19:00:00+00:00,Multan,137.83890283372665,µg/m³,2
2025-10-15 20:00:00+00:00,Multan,162.27885414759317,µg/m³,2
2025-10-15 21:00:00+00:00,Multan,135.39666659037275,µg/m³,2
2025-10-15 22:00:00+00:00,Multan,138.56487503051758,µg/m³,2
2025-10-15 23:00:00+00:00,Multan,140.13166681925455,µg/m³,2
2025-10-16 00:00:00+00:00,Multan,153.28097931543988,µg/m³,2
2025-10-16 01:00:00+00:00,Multan,149.97197910944618,µg/m³,2
2025-10-16 02:00:00+00:00,Multan,161.22639582951865,µg/m³,2
2025-10-16 03:00:00+00:00,Multan,138.32433338165282,µg/m³,2
2025-10-16 04:00:00+00:00,Multan,86.6887292544047,µg/m³,2
2025-10-16 05:00:00+00:00,Multan,59.834881983862985,µg/m³,2
2025-10-16 06:00:00+00:00,Multan,47.205326324039035,µg/m³,2
2025-10-16 07:00:00+00:00,Multan,36.81018768548965,µg/m³,2
2025-10-16 08:00:00+00:00,Multan,35.58297209342321,µg/m³,2
2025-10-16 09:00:00+00:00,Multan,34.87388874557283,µg/m³,2
2025-10-16 10:00:00+00:00,Multan,38.463138792249886,µg/m³,2
2025-10-16 11:00:00+00:00,Multan,38.85562515258789,µg/m³,2
2025-10-16 12:00:00+00:00,Multan,48.4553126335144,µg/m³,2
2025-10-16 13:00:00+00:00,Multan,83.45972916285197,µg/m³,2
2025-10-16 14:00:00+00:00,Multan,131.04674319161307,µg/m³,2
2025-10-16 15:00:00+00:00,Multan,131.61770151986016,µg/m³,2
2025-10-16 16:00:00+00:00,Multan,140.8367708524068,µg/m³,2
2025-10-16 17:00:00+00:00,Multan,159.95949318144056,µg/m³,2
2025-10-16 18:00:00+00:00,Multan,160.42264566421505,µg/m³,2
2025-10-16 19:00:00+00:00,Multan,139.82812468210858,µg/m³,2
2025-10-16 20:00:00+00:00,Multan,135.28795827229817,µg/m³,2
2025-10-16 21:00:00+00:00,Multan,153.82068758010865,µg/m³,2
2025-10-16 22:00:00+00:00,Multan,164.15152076085408,µg/m³,2
2025-10-16 23:00:00+00:00,Multan,150.3427362230089,µg/m³,2
2025-10-17 00:00:00+00:00,Multan,155.2517362382677,µg/m³,2
2025-10-17 01:00:00+00:00,Multan,150.09800708558822,µg/m³,2
2025-10-17 02:00:00+00:00,Multan,160.8968539873759,µg/m³,2
2025-10-17 03:00:00+00:00,Multan,144.10646700541182,µg/m³,2
2025-10-17 04:00:00+00:00,Multan,114.73235432306927,µg/m³,2
2025-10-17 05:00:00+00:00,Multan,80.10475025177004,µg/m³,2
2025-10-17 06:00:00+00:00,Multan,76.59833742141723,µg/m³,2
2025-10-17 07:00:00+00:00,Multan,46.87610449790955,µg/m³,2
2025-10-17 08:00:00+00:00,Multan,42.44142362276713,µg/m³,2
2025-10-17 09:00:00+00:00,Multan,44.69418050977919,µg/m³,2
2025-10-17 10:00:00+00:00,Multan,44.90014594395956,µg/m³,2
2025-10-17 11:00:00+00:00,Multan,49.58533325195313,µg/m³,2
2025-10-17 12:00:00+00:00,Multan,59.00879179636638,µg/m³,2
2025-10-17 13:00:00+00:00,Multan,85.01604162851969,µg/m³,2
2025-10-17 14:00:00+00:00,Multan,118.83578477435641,µg/m³,2
2025-10-17 15:00:00+00:00,Multan,137.14046523835924,µg/m³,2
2025-10-17 16:00:00+00:00,Multan,154.59779173533124,µg/m³,2
2025-10-17 17:00:00+00:00,Multan,156.17101391686333,µg/m³,2
2025-10-17 18:00:00+00:00,Multan,184.07771569357976,µg/m³,2
2025-10-17 19:00:00+00:00,Multan,168.1817916234334,µg/m³,2
2025-10-17 20:00:00+00:00,Multan,163.56892370647856,µg/m³,2
2025-10-17 21:00:00+00:00,Multan,145.37677062352498,µg/m³,2
2025-10-17 22:00:00+00:00,Multan,152.1409168879191,µg/m³,2
2025-10-17 23:00:00+00:00,Multan,154.83901394738092,µg/m³,2
2025-10-18 00:00:00+00:00,Multan,158.90377066930137,µg/m³,2
2025-10-18 01:00:00+00:00,Multan,161.9082361009386,µg/m³,2
2025-10-18 02:00:00+00:00,Multan,187.71324271096125,µg/m³,2
2025-10-18 03:00:00+00:00,Multan,166.35408318837483,µg/m³,2
2025-10-18 04:00:00+00:00,Multan,131.76089569727577,µg/m³,2
2025-10-18 05:00:00+00:00,Multan,108.40479164123536,µg/m³,2
2025-10-18 06:00:00+00:00,Multan,80.99909701877169,µg/m³,2
2025-10-18 07:00:00+00:00,Multan,63.49243058098688,µg/m³,2
2025-10-18 08:00:00+00:00,Multan,60.02914565404257,µg/m³,2
2025-10-18 09:00:00+00:00,Multan,55.54435421625773,µg/m³,2
2025-10-18 10:00:00+00:00,Multan,57.65311099158393,µg/m³,2
2025-10-18 11:00:00+00:00,Multan,65.54229176839193,µg/m³,2
2025-10-18 12:00:00+00:00,Multan,77.93335415522256,µg/m³,2
2025-10-18 13:00:00+00:00,Multan,141.89335406621296,µg/m³,2
2025-10-18 14:00:00+00:00,Multan,151.81536093817817,µg/m³,2
2025-10-18 15:00:00+00:00,Multan,165.92581224441528,µg/m³,2
2025-10-18 16:00:00+00:00,Multan,194.97406276067096,µg/m³,2
2025-10-18 17:00:00+00:00,Multan,192.81022907892861,µg/m³,2
2025-10-18 18:00:00+00:00,Multan,173.9254720264011,µg/m³,2
2025-10-18 19:00:00+00:00,Multan,169.69911822213066,µg/m³,2
2025-10-18 20:00:00+00:00,Multan,174.96927092870078,µg/m³,2
2025-10-18 21:00:00+00:00,Multan,170.47199993133543,µg/m³,2
2025-10-18 22:00:00+00:00,Multan,185.6635419845581,µg/m³,2
2025-10-18 23:00:00+00:00,Multan,156.17633304595947,µg/m³,2
2025-10-19 00:00:00+00:00,Multan,183.73014567693073,µg/m³,2
2025-10-19 01:00:00+00:00,Multan,192.69945844014487,µg/m³,2
2025-10-19 02:00:00+00:00,Multan,226.28612492879233,µg/m³,2
2025-10-19 03:00:00+00:00,Multan,193.5365417480469,µg/m³,2
2025-10-19 04:00:00+00:00,Multan,108.39525012969969,µg/m³,2
2025-10-19 05:00:00+00:00,Multan,85.85479170481364,µg/m³,2
2025-10-19 06:00:00+00:00,Multan,83.99908358256023,µg/m³,2
2025-10-19 07:00:00+00:00,Multan,85.31725006103515,µg/m³,2
2025-10-19 08:00:00+00:00,Multan,81.51845817565918,µg/m³,2
2025-10-19 09:00:00+00:00,Multan,78.16747948328654,µg/m³,2
2025-10-19 10:00:00+00:00,Multan,75.58041655222576,µg/m³,2
2025-10-19 11:00:00+00:00,Multan,83.27648599412706,µg/m³,2
2025-10-19 12:00:00+00:00,Multan,104.34424310260349,µg/m³,2
2025-10-19 13:00:00+00:00,Multan,135.38168713251747,µg/m³,2
2025-10-19 14:00:00+00:00,Multan,148.86749973297117,µg/m³,2
2025-10-19 15:00:00+00:00,Multan,173.74952784644233,µg/m³,2
2025-10-19 16:00:00+00:00,Multan,197.71558265686036,µg/m³,2
2025-10-19 17:00:00+00:00,Multan,191.82501413557264,µg/m³,2
2025-10-19 18:00:00+00:00,Multan,189.81812454859414,µg/m³,2
2025-10-19 19:00:00+00:00,Multan,179.91870141559178,µg/m³,2
2025-10-19 20:00:00+00:00,Multan,192.95120824178062,µg/m³,2
2025-10-19 21:00:00+00:00,Multan,198.89504162470502,µg/m³,2
2025-10-19 22:00:00+00:00,Multan,187.1414583524068,µg/m³,2
2025-10-19 23:00:00+00:00,Multan,219.9842919667562,µg/m³,2
2025-10-20 00:00:00+00:00,Multan,192.05595846176146,µg/m³,2
2025-10-20 01:00:00+00:00,Multan,166.3165830612183,µg/m³,2
2025-10-20 02:00:00+00:00,Multan,169.4238960584005,µg/m³,2
2025-10-20 03:00:00+00:00,Multan,155.41795832316083,µg/m³,2
2025-10-20 04:00:00+00:00,Multan,129.7126041094462,µg/m³,2
2025-10-20 08:00:00+00:00,Multan,85.69442355897691,µg/m³,2
2025-10-20 09:00:00+00:00,Multan,72.15301414065891,µg/m³,2
2025-10-20 10:00:00+00:00,Multan,84.57481234868368,µg/m³,2
2025-10-20 11:00:00+00:00,Multan,81.62945817311606,µg/m³,2
2025-10-20 12:00:00+00:00,Multan,112.51320457458496,µg/m³,2
2025-10-20 13:00:00+00:00,Multan,138.26643749872844,µg/m³,2
2025-10-20 14:00:00+00:00,Multan,151.49490965737238,µg/m³,2
2025-10-20 15:00:00+00:00,Multan,181.02561806572805,µg/m³,2
2025-10-20 16:00:00+00:00,Multan,182.08195125791764,µg/m³,2
2025-10-20 17:00:00+00:00,Multan,171.3871250152588,µg/m³,2
2025-10-20 18:00:00+00:00,Multan,142.49130562676325,µg/m³,2
2025-10-20 19:00:00+00:00,Multan,155.2835279252794,µg/m³,2
2025-10-20 20:00:00+00:00,Multan,137.61593051486545,µg/m³,2
2025-10-20 21:00:00+00:00,Multan,123.72818046145969,µg/m³,2
2025-10-20 22:00:00+00:00,Multan,106.3090415318807,µg/m³,2
2025-10-20 23:00:00+00:00,Multan,100.54176383548312,µg/m³,2
2025-10-21 00:00:00+00:00,Multan,97.92809704674616,µg/m³,2
2025-10-21 01:00:00+00:00,Multan,117.96564582188925,µg/m³,2
2025-10-21 02:00:00+00:00,Multan,124.95297905604045,µg/m³,2
2025-10-21 03:00:00+00:00,Multan,120.34441674550374,µg/m³,2
2025-10-21 04:00:00+00:00,Multan,98.21497239006888,µg/m³,2
2025-10-21 05:00:00+00:00,Multan,86.41530554029677,µg/m³,2
2025-10-21 06:00:00+00:00,Multan,87.22082870849454,µg/m³,2
2025-10-21 07:00:00+00:00,Multan,75.93675703472562,µg/m³,2
2025-10-21 08:00:00+00:00,Multan,73.90958334604899,µg/m³,2
2025-10-21 09:00:00+00:00,Multan,76.79050688213772,µg/m³,2
2025-10-21 10:00:00+00:00,Multan,82.64512507120769,µg/m³,2
2025-10-21 11:00:00+00:00,Multan,82.08353486590916,µg/m³,2
2025-10-21 12:00:00+00:00,Multan,98.11527064641317,µg/m³,2
2025-10-21 13:00:00+00:00,Multan,128.60139589309694,µg/m³,2
2025-10-21 14:00:00+00:00,Multan,152.55216671625774,µg/m³,2
2025-10-21 15:00:00+00:00,Multan,152.95383332570393,µg/m³,2
2025-10-21 16:00:00+00:00,Multan,179.07760457992555,µg/m³,2
2025-10-21 17:00:00+00:00,Multan,188.89793042076957,µg/m³,2
2025-10-21 18:00:00+00:00,Multan,206.4152919769287,µg/m³,2
2025-10-21 19:00:00+00:00,Multan,191.12247921625772,µg/m³,2
2025-10-21 20:00:00+00:00,Multan,188.85028456581963,µg/m³,2
2025-10-21 21:00:00+00:00,Multan,182.07087478637692,µg/m³,2
2025-10-21 22:00:00+00:00,Multan,177.6711875597636,µg/m³,2
2025-10-21 23:00:00+00:00,Multan,181.37855550977918,µg/m³,2
2025-10-22 00:00:00+00:00,Multan,180.8535626411438,µg/m³,2
2025-10-22 01:00:00+00:00,Multan,199.1317638291253,µg/m³,2
2025-10-22 02:00:00+00:00,Multan,218.1176458676656,µg/m³,2
2025-10-22 03:00:00+00:00,Multan,215.8368946075439,µg/m³,2
2025-10-22 04:00:00+00:00,Multan,204.440235847897,µg/m³,2
2025-10-22 05:00:00+00:00,Multan,132.21593051486548,µg/m³,2
2025-10-22 06:00:00+00:00,Multan,100.59295157326592,µg/m³,2
2025-10-22 07:00:00+00:00,Multan,91.18698932965596,µg/m³,2
2025-10-22 08:00:00+00:00,Multan,70.70347539439346,µg/m³,2
2025-10-22 09:00:00+00:00,Multan,62.57691682179769,µg/m³,2
2025-10-22 10:00:00+00:00,Multan,63.48074246030866,µg/m³,2
2025-10-22 11:00:00+00:00,Multan,64.62675007906827,µg/m³,2
2025-10-22 12:00:00+00:00,Multan,99.10181264877319,µg/m³,2
2025-10-22 13:00:00+00:00,Multan,161.513256655799,µg/m³,2
2025-10-22 14:00:00+00:00,Multan,182.01783326466878,µg/m³,2
2025-10-22 15:00:00+00:00,Multan,200.36795131895275,µg/m³,2
2025-10-22 16:00:00+00:00,Multan,239.44749313990275,µg/m³,2
2025-10-22 17:00:00+00:00,Multan,227.0000128534105,µg/m³,2
2025-10-22 18:00:00+00:00,Multan,187.47758324941,µg/m³,2
2025-10-22 19:00:00+00:00,Multan,178.644145933787,µg/m³,2
2025-10-22 20:00:00+00:00,Multan,187.26980523003473,µg/m³,2
2025-10-22 21:00:00+00:00,Multan,195.22120118670995,µg/m³,2
2025-10-22 22:00:00+00:00,Multan,181.85325687196521,µg/m³,2
2025-10-22 23:00:00+00:00,Multan,167.0708749771118,µg/m³,2
2025-10-23 00:00:00+00:00,Multan,178.10275676515369,µg/m³,2
2025-10-23 01:00:00+00:00,Multan,174.18506326675416,µg/m³,2
2025-10-23 02:00:00+00:00,Multan,169.42668064965144,µg/m³,2
2025-10-23 03:00:00+00:00,Multan,127.61571548249987,µg/m³,2
2025-10-23 04:00:00+00:00,Multan,74.21379172007244,µg/m³,2
2025-10-23 05:00:00+00:00,Multan,70.82688199149237,µg/m³,2
2025-10-23 06:00:00+00:00,Multan,66.81989596684774,µg/m³,2
2025-10-23 07:00:00+00:00,Multan,60.44670129352146,µg/m³,2
2025-10-23 08:00:00+00:00,Multan,60.15311359058727,µg/m³,2
2025-10-23 09:00:00+00:00,Multan,51.577979246775314,µg/m³,2
2025-10-23 10:00:00+00:00,Multan,50.46303480996026,µg/m³,2
2025-10-23 11:00:00+00:00,Multan,55.120291773478186,µg/m³,2
2025-10-23 12:00:00+00:00,Multan,78.72477095921833,µg/m³,2
2025-10-23 13:00:00+00:00,Multan,112.41354166666666,µg/m³,2
2025-10-23 14:00:00+00:00,Multan,124.687263891432,µg/m³,2
2025-10-23 15:00:00+00:00,Multan,149.22391668955487,µg/m³,2
2025-10-23 16:00:00+00:00,Multan,150.19325008392335,µg/m³,2
2025-10-23 17:00:00+00:00,Multan,151.58920153511895,µg/m³,2
2025-10-23 18:00:00+00:00,Multan,163.15386809243097,µg/m³,2
2025-10-23 19:00:00+00:00,Multan,171.60458348592124,µg/m³,2
2025-10-23 20:00:00+00:00,Multan,161.47711141374376,µg/m³,2
2025-10-23 21:00:00+00:00,Multan,171.3083751678467,µg/m³,2
2025-10-23 22:00:00+00:00,Multan,164.8202844513787,µg/m³,2
2025-10-23 23:00:00+00:00,Multan,149.74092370139226,µg/m³,2
2025-10-24 00:00:00+00:00,Multan,179.35614589055382,µg/m³,2
2025-10-24 01:00:00+00:00,Multan,153.7947083791097,µg/m³,2
2025-10-24 02:00:00+00:00,Multan,160.88594472673205,µg/m³,2
2025-10-24 03:00:00+00:00,Multan,150.26968055301242,µg/m³,2
2025-10-24 04:00:00+00:00,Multan,117.09899997711182,µg/m³,2
2025-10-24 05:00:00+00:00,Multan,68.05318065219456,µg/m³,2
2025-10-24 06:00:00+00:00,Multan,60.13308327992756,µg/m³,2
2025-10-24 07:00:00+00:00,Multan,50.31688138595736,µg/m³,2
2025-10-24 08:00:00+00:00,Multan,51.24767361746895,µg/m³,2
2025-10-24 09:00:00+00:00,Multan,50.028673627641474,µg/m³,2
2025-10-24 10:00:00+00:00,Multan,49.982895969622064,µg/m³,2
2025-10-24 11:00:00+00:00,Multan,54.691166750590014,µg/m³,2
2025-10-24 12:00:00+00:00,Multan,69.87240968280369,µg/m³,2
2025-10-24 13:00:00+00:00,Multan,91.13120154274833,µg/m³,2
2025-10-24 14:00:00+00:00,Multan,138.2107083638509,µg/m³,2
2025-10-24 15:00:00+00:00,Multan,156.10853461159599,µg/m³,2
2025-10-24 16:00:00+00:00,Multan,149.92402079900108,µg/m³,2
2025-10-24 17:00:00+00:00,Multan,161.40387477874754,µg/m³,2
2025-10-24 18:00:00+00:00,Multan,162.03623604244657,µg/m³,2
2025-10-24 19:00:00+00:00,Multan,162.8048890007867,µg/m³,2
2025-10-24 20:00:00+00:00,Multan,171.6298611111111,µg/m³,2
2025-10-24 21:00:00+00:00,Multan,178.66837514241539,µg/m³,2
2025-10-24 22:00:00+00:00,Multan,169.77190257178415,µg/m³,2
2025-10-24 23:00:00+00:00,Multan,178.22311800850764,µg/m³,2
2025-10-25 00:00:00+00:00,Multan,188.95139557520548,µg/m³,2
2025-10-25 01:00:00+00:00,Multan,197.1303961118062,µg/m³,2
2025-10-25 02:00:00+00:00,Multan,222.1934655825297,µg/m³,2
2025-10-25 03:00:00+00:00,Multan,180.8182842784458,µg/m³,2
2025-10-25 04:00:00+00:00,Multan,114.29208329518636,µg/m³,2
2025-10-25 05:00:00+00:00,Multan,66.12399978637696,µg/m³,2
2025-10-25 06:00:00+00:00,Multan,60.80214579900107,µg/m³,2
2025-10-25 07:00:00+00:00,Multan,56.35004177093506,µg/m³,2
2025-10-25 08:00:00+00:00,Multan,51.53955550723606,µg/m³,2
2025-10-25 09:00:00+00:00,Multan,51.419020684560145,µg/m³,2
2025-10-25 10:00:00+00:00,Multan,54.32643760045369,µg/m³,2
2025-10-25 11:00:00+00:00,Multan,52.29014539718628,µg/m³,2
2025-10-25 12:00:00+00:00,Multan,71.10153502358331,µg/m³,2
2025-10-25 13:00:00+00:00,Multan,121.55216662089029,µg/m³,2
2025-10-25 14:00:00+00:00,Multan,133.3968959490458,µg/m³,2
2025-10-25 15:00:00+00:00,Multan,165.023312664032,µg/m³,2
2025-10-25 16:00:00+00:00,Multan,187.36410455703734,µg/m³,2
2025-10-25 17:00:00+00:00,Multan,165.18471534517076,µg/m³,2
2025-10-25 18:00:00+00:00,Multan,172.846875,µg/m³,2
2025-10-25 19:00:00+00:00,Multan,174.43715284135607,µg/m³,2
2025-10-25 20:00:00+00:00,Multan,177.52617360221015,µg/m³,2
2025-10-25 21:00:00+00:00,Multan,185.5927013291253,µg/m³,2
2025-10-25 23:00:00+00:00,Multan,184.3974029964871,µg/m³,2
2025-10-26 00:00:00+00:00,Multan,211.85506961610582,µg/m³,2
2025-10-26 01:00:00+00:00,Multan,233.44702154795328,µg/m³,2
2025-10-26 02:00:00+00:00,Multan,262.6237927118937,µg/m³,2
2025-10-26 03:00:00+00:00,Multan,212.1681039174398,µg/m³,2
2025-10-26 04:00:00+00:00,Multan,170.03381943172877,µg/m³,2
2025-10-26 05:00:00+00:00,Multan,132.25526385837134,µg/m³,2
2025-10-26 06:00:00+00:00,Multan,124.51740281846787,µg/m³,2
2025-10-26 07:00:00+00:00,Multan,103.5289304945204,µg/m³,2
2025-10-26 08:00:00+00:00,Multan,94.5830554538303,µg/m³,2
2025-10-26 09:00:00+00:00,Multan,87.01881246566772,µg/m³,2
2025-10-26 10:00:00+00:00,Multan,83.19394427405462,µg/m³,2
2025-10-26 11:00:00+00:00,Multan,82.25477107365926,µg/m³,2
2025-10-26 12:00:00+00:00,Multan,99.76893064710828,µg/m³,2
2025-10-26 13:00:00+00:00,Multan,144.3788615332709,µg/m³,2
2025-10-26 14:00:00+00:00,Multan,168.66149991353353,µg/m³,2
2025-10-26 15:00:00+00:00,Multan,172.63386801613706,µg/m³,2
2025-10-26 16:00:00+00:00,Multan,205.3581041653951,µg/m³,2
2025-10-26 17:00:00+00:00,Multan,225.73721521165635,µg/m³,2
2025-10-26 18:00:00+00:00,Multan,243.64229904810588,µg/m³,2
2025-10-26 19:00:00+00:00,Multan,260.90592375861274,µg/m³,2
2025-10-26 20:00:00+00:00,Multan,283.23581999672786,µg/m³,2
2025-10-26 21:00:00+00:00,Multan,266.26617380778,µg/m³,2
2025-10-26 22:00:00+00:00,Multan,257.5251171747843,µg/m³,2
2025-10-26 23:00:00+00:00,Multan,256.74217449824016,µg/m³,2
2025-10-27 00:00:00+00:00,Multan,240.5068897353278,µg/m³,2
2025-10-27 01:00:00+00:00,Multan,256.702543258667,µg/m³,2
2025-10-27 02:00:00+00:00,Multan,264.8428324805366,µg/m³,2
2025-10-27 03:00:00+00:00,Multan,252.62492468092177,µg/m³,2
2025-10-27 04:00:00+00:00,Multan,250.33420032925076,µg/m³,2
2025-10-27 05:00:00+00:00,Multan,233.25405520333186,µg/m³,2
2025-10-27 06:00:00+00:00,Multan,225.10663826200692,µg/m³,2
2025-10-27 07:00:00+00:00,Multan,188.95186785591974,µg/m³,2
2025-10-27 08:00:00+00:00,Multan,138.5830969704522,µg/m³,2
2025-10-27 09:00:00+00:00,Multan,125.95658353169756,µg/m³,2
2025-10-27 10:00:00+00:00,Multan,130.05223602718777,µg/m³,2
2025-10-27 11:00:00+00:00,Multan,129.86424305174089,µg/m³,2
2025-10-27 12:00:00+00:00,Multan,160.75453464719985,µg/m³,2
2025-10-27 13:00:00+00:00,Multan,206.02934733496772,µg/m³,2
2025-10-27 14:00:00+00:00,Multan,226.44779208501177,µg/m³,2
2025-10-27 15:00:00+00:00,Multan,239.16090340084497,µg/m³,2
2025-10-27 16:00:00+00:00,Multan,236.46992278628878,µg/m³,2
2025-10-27 17:00:00+00:00,Multan,249.69238838619657,µg/m³,2
2025-10-27 18:00:00+00:00,Multan,271.16149332258436,µg/m³,2
2025-10-27 19:00:00+00:00,Multan,268.7587279637655,µg/m³,2
2025-10-27 20:00:00+00:00,Multan,290.75457677841183,µg/m³,2
2025-10-27 21:00:00+00:00,Multan,303.13125647438903,µg/m³,2
2025-10-27 22:00:00+00:00,Multan,276.97122902340357,µg/m³,2
2025-10-27 23:00:00+00:00,Multan,284.68417434692384,µg/m³,2
2025-10-28 00:00:00+00:00,Multan,290.38102716869776,µg/m³,2
2025-10-28 01:00:00+00:00,Multan,281.9206873893738,µg/m³,2
2025-10-28 02:00:00+00:00,Multan,273.0012147373623,µg/m³,2
2025-10-28 03:00:00+00:00,Multan,265.0421454747518,µg/m³,2
2025-10-28 04:00:00+00:00,Multan,254.45692974052042,µg/m³,2
2025-10-28 05:00:00+00:00,Multan,237.33311007817585,µg/m³,2
2025-10-28 06:00:00+00:00,Multan,208.9092078314887,µg/m³,2
2025-10-28 07:00:00+00:00,Multan,199.07767751289137,µg/m³,2
2025-10-28 08:00:00+00:00,Multan,182.9360486454434,µg/m³,2
2025-10-28 09:00:00+00:00,Multan,169.32872902552288,µg/m³,2
2025-10-28 10:00:00+00:00,Multan,179.2625348938836,µg/m³,2
2025-10-28 11:00:00+00:00,Multan,187.4147916793823,µg/m³,2
2025-10-28 12:00:00+00:00,Multan,202.4235415140788,µg/m³,2
2025-10-28 13:00:00+00:00,Multan,248.2904585308499,µg/m³,2
2025-10-28 14:00:00+00:00,Multan,269.11091709136963,µg/m³,2
2025-10-28 15:00:00+00:00,Multan,316.4014024628533,µg/m³,2
2025-10-28 16:00:00+00:00,Multan,327.85932673348316,µg/m³,2
2025-10-28 17:00:00+00:00,Multan,352.3825629976061,µg/m³,2
2025-10-28 18:00:00+00:00,Multan,286.916868103875,µg/m³,2
2025-10-28 19:00:00+00:00,Multan,233.80295861562092,µg/m³,2
2025-10-28 20:00:00+00:00,Multan,225.0632297197978,µg/m³,2
2025-10-28 21:00:00+00:00,Multan,216.6779788970947,µg/m³,2
2025-10-28 22:00:00+00:00,Multan,266.0022221883138,µg/m³,2
2025-10-28 23:00:00+00:00,Multan,287.08922148810495,µg/m³,2
2025-10-29 00:00:00+00:00,Multan,312.5347283681234,µg/m³,2
2025-10-29 01:00:00+00:00,Multan,294.4524788538615,µg/m³,2
2025-10-29 02:00:00+00:00,Multan,274.7015973409017,µg/m³,2
2025-10-29 03:00:00+00:00,Multan,213.03925712373524,µg/m³,2
2025-10-29 04:00:00+00:00,Multan,175.3044864654541,µg/m³,2
2025-10-29 05:00:00+00:00,Multan,132.38120827145048,µg/m³,2
2025-10-29 06:00:00+00:00,Multan,95.38317357169258,µg/m³,2
2025-10-29 07:00:00+00:00,Multan,91.49698899586996,µg/m³,2
2025-10-29 08:00:00+00:00,Multan,93.66431258519489,µg/m³,2
2025-10-29 09:00:00+00:00,Multan,95.47150701946683,µg/m³,2
2025-10-29 10:00:00+00:00,Multan,89.81363896263969,µg/m³,2
2025-10-29 11:00:00+00:00,Multan,76.26019437577989,µg/m³,2
2025-10-29 12:00:00+00:00,Multan,89.18811109330919,µg/m³,2
2025-10-29 13:00:00+00:00,Multan,139.7141248703003,µg/m³,2
2025-10-29 14:00:00+00:00,Multan,213.59765297571818,µg/m³,2
2025-10-29 15:00:00+00:00,Multan,247.26633297602334,µg/m³,2
2025-10-29 16:00:00+00:00,Multan,211.72725032170612,µg/m³,2
2025-10-29 17:00:00+00:00,Multan,239.47604281107584,µg/m³,2
2025-10-29 18:00:00+00:00,Multan,272.6169519954257,µg/m³,2
2025-10-29 19:00:00+00:00,Multan,281.5339788754781,µg/m³,2
2025-10-29 20:00:00+00:00,Multan,292.13729890187585,µg/m³,2
2025-10-29 21:00:00+00:00,Multan,233.40093670950995,µg/m³,2
2025-10-29 22:00:00+00:00,Multan,225.55502134958905,µg/m³,2
2025-10-29 23:00:00+00:00,Multan,234.29927120208743,µg/m³,2
2025-10-30 00:00:00+00:00,Multan,262.68168780008955,µg/m³,2
2025-10-30 01:00:00+00:00,Multan,278.11199192470974,µg/m³,2
2025-10-30 02:00:00+00:00,Multan,316.5047358618842,µg/m³,2
2025-10-30 03:00:00+00:00,Multan,301.7701174630059,µg/m³,2
2025-10-30 04:00:00+00:00,Multan,252.2380891164144,µg/m³,2
2025-10-30 05:00:00+00:00,Multan,246.76722834904984,µg/m³,2
2025-10-30 06:00:00+00:00,Multan,201.78410469690957,µg/m³,2
2025-10-30 07:00:00+00:00,Multan,160.0177951812744,µg/m³,2
2025-10-30 08:00:00+00:00,Multan,120.2927706082662,µg/m³,2
2025-10-30 09:00:00+00:00,Multan,106.40604203542075,µg/m³,2
2025-10-30 10:00:00+00:00,Multan,98.44270536634659,µg/m³,2
2025-10-30 11:00:00+00:00,Multan,103.31721516715157,µg/m³,2
2025-10-30 12:00:00+00:00,Multan,127.89072898228963,µg/m³,2
2025-10-30 13:00:00+00:00,Multan,171.6691041310628,µg/m³,2
2025-10-30 14:00:00+00:00,Multan,233.74193681081135,µg/m³,2
2025-10-30 15:00:00+00:00,Multan,223.34887469609578,µg/m³,2
2025-10-30 16:00:00+00:00,Multan,202.87273574405245,µg/m³,2
2025-10-30 17:00:00+00:00,Multan,198.01456207699243,µg/m³,2
2025-10-30 18:00:00+00:00,Multan,223.91127026875816,µg/m³,2
2025-10-30 19:00:00+00:00,Multan,268.56684093475343,µg/m³,2
2025-10-30 20:00:00+00:00,Multan,280.0713753594293,µg/m³,2
2025-10-30 21:00:00+00:00,Multan,271.33714631398516,µg/m³,2
2025-10-30 22:00:00+00:00,Multan,250.6012077649434,µg/m³,2
2025-10-30 23:00:00+00:00,Multan,264.973736275567,µg/m³,2
2025-10-31 00:00:00+00:00,Multan,262.3623758951823,µg/m³,2
2025-10-31 01:00:00+00:00,Multan,263.42523025936555,µg/m³,2
2025-10-31 02:00:00+00:00,Multan,300.7226115756564,µg/m³,2
2025-10-31 03:00:00+00:00,Multan,334.3580634435018,µg/m³,2
2025-10-31 04:00:00+00:00,Multan,281.1629640049405,µg/m³,2
2025-10-31 05:00:00+00:00,Multan,126.447388543023,µg/m³,1
2025-10-31 06:00:00+00:00,Multan,107.50708325703937,µg/m³,1
2025-10-31 07:00:00+00:00,Multan,94.12849998474121,µg/m³,1
2025-10-31 08:00:00+00:00,Multan,81.48112545013427,µg/m³,1
2025-10-31 09:00:00+00:00,Multan,74.1133752822876,µg/m³,1
2025-10-31 10:00:00+00:00,Multan,73.28349990844727,µg/m³,1
2025-10-31 11:00:00+00:00,Multan,86.26720829010009,µg/m³,1
2025-10-31 12:00:00+00:00,Multan,110.05662517547609,µg/m³,1
2025-10-31 13:00:00+00:00,Multan,142.18194444444444,µg/m³,1
2025-10-31 14:00:00+00:00,Multan,229.66012477874756,µg/m³,1
2025-10-31 15:00:00+00:00,Multan,176.24229208628336,µg/m³,1
2025-10-31 16:00:00+00:00,Multan,203.47452841864694,µg/m³,1
2025-10-31 17:00:00+00:00,Multan,218.68316466013587,µg/m³,1
2025-10-31 18:00:00+00:00,Multan,243.99127782185872,µg/m³,1
2025-10-31 19:00:00+00:00,Multan,221.0451250712077,µg/m³,1
2025-10-31 20:00:00+00:00,Multan,243.1349851184421,µg/m³,2
2025-10-31 21:00:00+00:00,Multan,245.93761100769044,µg/m³,2
2025-10-31 22:00:00+00:00,Multan,221.42624963124595,µg/m³,2
2025-10-31 23:00:00+00:00,Multan,204.36685422261553,µg/m³,2
2025-11-01 00:00:00+00:00,Multan,197.66352097193402,µg/m³,2
2025-11-01 01:00:00+00:00,Multan,177.4331249237061,µg/m³,2
2025-11-01 02:00:00+00:00,Multan,196.22140271928578,µg/m³,2
2025-11-01 03:00:00+00:00,Multan,168.67108357747395,µg/m³,2
2025-11-01 04:00:00+00:00,Multan,155.60919422573514,µg/m³,2
2025-11-01 05:00:00+00:00,Multan,147.92437515258788,µg/m³,2
2025-11-01 06:00:00+00:00,Multan,123.98058350880942,µg/m³,2
2025-11-01 07:00:00+00:00,Multan,109.75539592107137,µg/m³,2
2025-11-01 08:00:00+00:00,Multan,112.43688183890447,µg/m³,2
2025-11-01 09:00:00+00:00,Multan,111.87729155222576,µg/m³,2
2025-11-01 10:00:00+00:00,Multan,116.91852076848349,µg/m³,2
2025-11-01 11:00:00+00:00,Multan,127.30983346303304,µg/m³,2
2025-11-01 12:00:00+00:00,Multan,138.84181261062622,µg/m³,2
2025-11-01 13:00:00+00:00,Multan,195.9989927927653,µg/m³,2
2025-11-01 14:00:00+00:00,Multan,227.1697704633077,µg/m³,2
2025-11-01 15:00:00+00:00,Multan,231.05920122994314,µg/m³,2
2025-11-01 16:00:00+00:00,Multan,229.26345797644717,µg/m³,2
2025-11-01 17:00:00+00:00,Multan,267.24495093027747,µg/m³,2
2025-11-01 18:00:00+00:00,Multan,255.4016577720642,µg/m³,2
2025-11-01 19:00:00+00:00,Multan,275.05361225340096,µg/m³,2
2025-11-01 20:00:00+00:00,Multan,267.5658825344509,µg/m³,2
2025-11-01 21:00:00+00:00,Multan,237.8131319363912,µg/m³,2
2025-11-01 22:00:00+00:00,Multan,220.22749209933812,µg/m³,2
2025-11-01 23:00:00+00:00,Multan,206.36200801001655,µg/m³,2
2025-11-02 00:00:00+00:00,Multan,189.4661878267924,µg/m³,2
2025-11-02 01:00:00+00:00,Multan,184.51522881189982,µg/m³,2
2025-11-02 02:00:00+00:00,Multan,184.97139590581259,µg/m³,2
2025-11-02 03:00:00+00:00,Multan,186.13925693300035,µg/m³,2
2025-11-02 04:00:00+00:00,Multan,176.52677075068158,µg/m³,2
2025-11-02 05:00:00+00:00,Multan,137.8838264359368,µg/m³,2
2025-11-02 06:00:00+00:00,Multan,102.37338888380263,µg/m³,2
2025-11-02 07:00:00+00:00,Multan,78.28569467332628,µg/m³,2
2025-11-02 08:00:00+00:00,Multan,72.0540647012216,µg/m³,2
2025-11-02 09:00:00+00:00,Multan,76.19937496185302,µg/m³,2
2025-11-02 10:00:00+00:00,Multan,69.12912483215331,µg/m³,2
2025-11-02 11:00:00+00:00,Multan,67.55956258773804,µg/m³,2
2025-11-02 12:00:00+00:00,Multan,106.97439578374227,µg/m³,2
2025-11-02 13:00:00+00:00,Multan,150.86814578374225,µg/m³,2
2025-11-02 14:00:00+00:00,Multan,189.60808347066245,µg/m³,2
2025-11-02 15:00:00+00:00,Multan,201.71308339436848,µg/m³,2
2025-11-02 16:00:00+00:00,Multan,216.33174991607666,µg/m³,2
2025-11-02 17:00:00+00:00,Multan,199.90589609146122,µg/m³,2
2025-11-02 18:00:00+00:00,Multan,201.6572078704834,µg/m³,2
2025-11-02 19:00:00+00:00,Multan,189.94585428237917,µg/m³,2
2025-11-02 20:00:00+00:00,Multan,189.8267916361491,µg/m³,2
2025-11-02 21:00:00+00:00,Multan,191.2413125038147,µg/m³,2
2025-11-02 22:00:00+00:00,Multan,206.98439582188922,µg/m³,2
2025-11-02 23:00:00+00:00,Multan,196.92947918574015,µg/m³,2
2025-11-03 00:00:00+00:00,Multan,200.98916613260903,µg/m³,2
2025-11-03 01:00:00+00:00,Multan,195.61566664377847,µg/m³,2
2025-11-03 02:00:00+00:00,Multan,216.82295811971028,µg/m³,2
2025-11-03 03:00:00+00:00,Multan,200.85124994913735,µg/m³,2
2025-11-03 04:00:00+00:00,Multan,185.16354810926646,µg/m³,2
2025-11-03 05:00:00+00:00,Multan,165.12791665395102,µg/m³,2
2025-11-03 06:00:00+00:00,Multan,137.11756258010865,µg/m³,2
2025-11-03 07:00:00+00:00,Multan,117.32768855355002,µg/m³,2
2025-11-03 08:00:00+00:00,Multan,100.72216650644938,µg/m³,2
2025-11-03 09:00:00+00:00,Multan,93.40525736278958,µg/m³,2
2025-11-03 10:00:00+00:00,Multan,95.07610413233436,µg/m³,2
2025-11-03 11:00:00+00:00,Multan,106.71143744786582,µg/m³,2
2025-11-03 12:00:00+00:00,Multan,136.49685417811077,µg/m³,2
2025-11-03 13:00:00+00:00,Multan,198.248555109236,µg/m³,2
2025-11-03 14:00:00+00:00,Multan,218.03908411661786,µg/m³,2
2025-11-03 15:00:00+00:00,Multan,246.71641502380368,µg/m³,2
2025-11-03 16:00:00+00:00,Multan,244.33443752924603,µg/m³,2
2025-11-03 17:00:00+00:00,Multan,237.92995694478356,µg/m³,2
2025-11-03 18:00:00+00:00,Multan,248.9461265563965,µg/m³,2
2025-11-03 19:00:00+00:00,Multan,220.8981258392334,µg/m³,2
2025-11-03 20:00:00+00:00,Multan,156.10560426712036,µg/m³,2
2025-11-03 21:00:00+00:00,Multan,129.17388192282783,µg/m³,2
2025-11-03 22:00:00+00:00,Multan,138.95627082188923,µg/m³,2
2025-11-03 23:00:00+00:00,Multan,163.11962509155273,µg/m³,2
2025-11-04 00:00:00+00:00,Multan,168.22089579900106,µg/m³,2
2025-11-04 01:00:00+00:00,Multan,176.05100002288816,µg/m³,2
2025-11-04 02:00:00+00:00,Multan,177.70533326466878,µg/m³,2
2025-11-04 03:00:00+00:00,Multan,154.06450004577636,µg/m³,2
2025-11-04 04:00:00+00:00,Multan,133.13241671244305,µg/m³,2
2025-11-04 05:00:00+00:00,Multan,128.10027074813843,µg/m³,2
2025-11-04 06:00:00+00:00,Multan,108.19265974892511,µg/m³,2
2025-11-04 07:00:00+00:00,Multan,98.28193756739297,µg/m³,2
2025-11-04 08:00:00+00:00,Multan,108.86881227493286,µg/m³,2
2025-11-04 09:00:00+00:00,Multan,96.37058327992757,µg/m³,2
2025-11-04 10:00:00+00:00,Multan,77.17527068456013,µg/m³,2
2025-11-04 11:00:00+00:00,Multan,70.84210430781046,µg/m³,2
2025-11-04 12:00:00+00:00,Multan,101.69716669718423,µg/m³,2
2025-11-04 13:00:00+00:00,Multan,167.55487521489462,µg/m³,2
2025-11-04 14:00:00+00:00,Multan,234.8119585990906,µg/m³,2
2025-11-04 15:00:00+00:00,Multan,214.10958414077757,µg/m³,2
2025-11-04 16:00:00+00:00,Multan,211.8013740963406,µg/m³,2
2025-11-04 17:00:00+00:00,Multan,219.1238122622172,µg/m³,2
2025-11-04 18:00:00+00:00,Multan,203.9530419031779,µg/m³,2
2025-11-04 19:00:00+00:00,Multan,202.14375063578288,µg/m³,2
2025-11-04 20:00:00+00:00,Multan,236.2196867307027,µg/m³,2
2025-11-04 21:00:00+00:00,Multan,345.9330002148946,µg/m³,2
2025-11-04 22:00:00+00:00,Multan,365.30852018992107,µg/m³,2
2025-11-04 23:00:00+00:00,Multan,361.2218981424968,µg/m³,2
2025-11-05 00:00:00+00:00,Multan,344.59879226684575,µg/m³,2
2025-11-05 01:00:00+00:00,Multan,325.7007089296977,µg/m³,2
2025-11-05 02:00:00+00:00,Multan,315.09010461171465,µg/m³,2
2025-11-05 03:00:00+00:00,Multan,277.9175227425315,µg/m³,2
2025-11-05 04:00:00+00:00,Multan,243.6948245048523,µg/m³,2
2025-11-05 05:00:00+00:00,Multan,221.8677216000027,µg/m³,2
2025-11-05 07:00:00+00:00,Multan,173.9403403070238,µg/m³,2
2025-11-05 08:00:00+00:00,Multan,149.4000067498949,µg/m³,2
2025-11-05 09:00:00+00:00,Multan,134.44735447565714,µg/m³,2
2025-11-05 10:00:00+00:00,Multan,123.96458333333334,µg/m³,2
2025-11-05 11:00:00+00:00,Multan,138.13335415522258,µg/m³,2
2025-11-05 12:00:00+00:00,Multan,157.9800625801086,µg/m³,2
2025-11-05 13:00:00+00:00,Multan,178.1513123512268,µg/m³,2
2025-11-05 14:00:00+00:00,Multan,207.65122887293495,µg/m³,2
2025-11-05 15:00:00+00:00,Multan,220.20504182179766,µg/m³,2
2025-11-05 16:00:00+00:00,Multan,239.21752058664958,µg/m³,2
2025-11-05 17:00:00+00:00,Multan,223.91329046885173,µg/m³,2
2025-11-05 18:00:00+00:00,Multan,209.80422836939493,µg/m³,2
2025-11-05 19:00:00+00:00,Multan,167.7340000152588,µg/m³,2
2025-11-05 20:00:00+00:00,Multan,168.15029169718423,µg/m³,2
2025-11-05 21:00:00+00:00,Multan,163.36320832570394,µg/m³,2
2025-11-05 22:00:00+00:00,Multan,174.14445813496906,µg/m³,2
2025-11-05 23:00:00+00:00,Multan,184.3348747253418,µg/m³,2
2025-11-06 00:00:00+00:00,Multan,178.93627093633015,µg/m³,2
2025-11-06 01:00:00+00:00,Multan,195.46931320826218,µg/m³,2
2025-11-06 02:00:00+00:00,Multan,252.6158137003581,µg/m³,2
2025-11-06 03:00:00+00:00,Multan,205.61818685531617,µg/m³,2
2025-11-06 04:00:00+00:00,Multan,189.14608338673912,µg/m³,2
2025-11-06 05:00:00+00:00,Multan,149.0358957608541,µg/m³,2
2025-11-06 06:00:00+00:00,Multan,96.3190625190735,µg/m³,2
2025-11-06 07:00:00+00:00,Multan,79.02414573033651,µg/m³,2
2025-11-06 08:00:00+00:00,Multan,79.09945111804538,µg/m³,2
2025-11-06 09:00:00+00:00,Multan,75.16512675140842,µg/m³,2
2025-11-06 10:00:00+00:00,Multan,75.95268754959106,µg/m³,2
2025-11-06 11:00:00+00:00,Multan,89.23125,µg/m³,2
2025-11-06 12:00:00+00:00,Multan,126.48110405604044,µg/m³,2
2025-11-06 13:00:00+00:00,Multan,195.61231241226196,µg/m³,2
2025-11-06 14:00:00+00:00,Multan,231.011207930247,µg/m³,2
2025-11-06 15:00:00+00:00,Multan,252.66614538828532,µg/m³,2
2025-11-06 16:00:00+00:00,Multan,283.81676289240517,µg/m³,2
2025-11-06 17:00:00+00:00,Multan,296.3527714411418,µg/m³,2
2025-11-06 18:00:00+00:00,Multan,300.29849805831907,µg/m³,2
2025-11-06 19:00:00+00:00,Multan,300.6482495625813,µg/m³,2
2025-11-06 20:00:00+00:00,Multan,301.27329187393184,µg/m³,2
2025-11-06 21:00:00+00:00,Multan,292.7356858253479,µg/m³,2
2025-11-06 22:00:00+00:00,Multan,280.3484380722046,µg/m³,2
2025-11-06 23:00:00+00:00,Multan,304.2044992129008,µg/m³,2
2025-11-07 00:00:00+00:00,Multan,297.5270411173502,µg/m³,2
2025-11-07 01:00:00+00:00,Multan,302.1031046867371,µg/m³,2
2025-11-07 02:00:00+00:00,Multan,299.13809271725745,µg/m³,2
2025-11-07 03:00:00+00:00,Multan,274.4744791984558,µg/m³,2
2025-11-07 04:00:00+00:00,Multan,208.78706165949504,µg/m³,2
2025-11-07 05:00:00+00:00,Multan,153.8824583689372,µg/m³,2
2025-11-07 06:00:00+00:00,Multan,106.96289599736531,µg/m³,2
2025-11-07 07:00:00+00:00,Multan,103.15935417811076,µg/m³,2
2025-11-07 08:00:00+00:00,Multan,92.87991663614909,µg/m³,2
2025-11-07 09:00:00+00:00,Multan,85.8465624809265,µg/m³,2
2025-11-07 10:00:00+00:00,Multan,88.41887512207032,µg/m³,2
2025-11-07 11:00:00+00:00,Multan,90.70379149119059,µg/m³,2
2025-11-07 12:00:00+00:00,Multan,111.10518751144409,µg/m³,2
2025-11-07 13:00:00+00:00,Multan,142.93133347829183,µg/m³,2
2025-11-07 14:00:00+00:00,Multan,202.93293210809878,µg/m³,2
2025-11-07 15:00:00+00:00,Multan,228.27340298758617,µg/m³,2
2025-11-07 16:00:00+00:00,Multan,274.2800407727559,µg/m³,2
2025-11-07 17:00:00+00:00,Multan,269.65004304250084,µg/m³,2
2025-11-07 18:00:00+00:00,Multan,251.9592900276184,µg/m³,2
2025-11-07 19:00:00+00:00,Multan,266.3284318056974,µg/m³,2
2025-11-07 20:00:00+00:00,Multan,236.75860497156776,µg/m³,2
2025-11-07 21:00:00+00:00,Multan,231.16062485376995,µg/m³,2
2025-11-07 22:00:00+00:00,Multan,225.37833305994667,µg/m³,2
2025-11-07 23:00:00+00:00,Multan,219.1358960151672,µg/m³,2
2025-11-08 00:00:00+00:00,Multan,206.7257084528605,µg/m³,2
2025-11-08 01:00:00+00:00,Multan,210.05741729736326,µg/m³,2
2025-11-08 02:00:00+00:00,Multan,254.16564626693727,µg/m³,2
2025-11-08 03:00:00+00:00,Multan,239.18099912007648,µg/m³,2
2025-11-08 04:00:00+00:00,Multan,190.02527090708415,µg/m³,2
2025-11-08 05:00:00+00:00,Multan,136.08287506103517,µg/m³,2
2025-11-08 06:00:00+00:00,Multan,112.30243749618529,µg/m³,2
2025-11-08 07:00:00+00:00,Multan,83.42829157511393,µg/m³,2
2025-11-08 08:00:00+00:00,Multan,66.62449970245362,µg/m³,2
2025-11-08 09:00:00+00:00,Multan,71.07224348915948,µg/m³,2
2025-11-08 10:00:00+00:00,Multan,71.85407637490167,µg/m³,2
2025-11-08 11:00:00+00:00,Multan,82.2486666361491,µg/m³,2
2025-11-08 12:00:00+00:00,Multan,115.91966654459637,µg/m³,2
2025-11-08 13:00:00+00:00,Multan,172.12190959718492,µg/m³,2
2025-11-08 14:00:00+00:00,Multan,207.07865219116206,µg/m³,2
2025-11-08 15:00:00+00:00,Multan,256.63243872324625,µg/m³,2
2025-11-08 16:00:00+00:00,Multan,269.02083346048994,µg/m³,2
2025-11-08 17:00:00+00:00,Multan,303.8749173482259,µg/m³,2
2025-11-08 18:00:00+00:00,Multan,305.3584172566732,µg/m³,2
2025-11-08 19:00:00+00:00,Multan,299.6923337300618,µg/m³,2
2025-11-08 20:00:00+00:00,Multan,282.3855900851163,µg/m³,2
2025-11-08 21:00:00+00:00,Multan,275.1134995778402,µg/m³,2
2025-11-08 22:00:00+00:00,Multan,278.356084060669,µg/m³,2
2025-11-08 23:00:00+00:00,Multan,287.0115010579427,µg/m³,2
2025-11-09 00:00:00+00:00,Multan,307.13908170064286,µg/m³,2
2025-11-09 01:00:00+00:00,Multan,331.5001678466797,µg/m³,2
2025-11-09 02:00:00+00:00,Multan,352.99966557820636,µg/m³,2
2025-11-09 03:00:00+00:00,Multan,329.3810022989909,µg/m³,2
2025-11-09 04:00:00+00:00,Multan,251.53883234659833,µg/m³,2
2025-11-09 05:00:00+00:00,Multan,184.7307012430827,µg/m³,2
2025-11-09 06:00:00+00:00,Multan,127.70133336385092,µg/m³,2
2025-11-09 07:00:00+00:00,Multan,105.60550003051759,µg/m³,2
2025-11-09 08:00:00+00:00,Multan,88.7513333638509,µg/m³,2
2025-11-09 09:00:00+00:00,Multan,71.25729185740153,µg/m³,2
2025-11-09 10:00:00+00:00,Multan,66.53722212049696,µg/m³,2
2025-11-09 11:00:00+00:00,Multan,79.54883321126303,µg/m³,2
2025-11-09 12:00:00+00:00,Multan,119.49016672770183,µg/m³,2
2025-11-09 13:00:00+00:00,Multan,143.43358319600424,µg/m³,2
2025-11-09 14:00:00+00:00,Multan,182.01783345540366,µg/m³,2
2025-11-09 15:00:00+00:00,Multan,208.4040833791097,µg/m³,2
2025-11-09 16:00:00+00:00,Multan,196.13641675313312,µg/m³,2
2025-11-09 17:00:00+00:00,Multan,191.6370835622152,µg/m³,2
2025-11-09 18:00:00+00:00,Multan,217.1207497914632,µg/m³,2
2025-11-09 19:00:00+00:00,Multan,228.74300015767415,µg/m³,2
2025-11-09 20:00:00+00:00,Multan,196.9138333638509,µg/m³,2
2025-11-09 21:00:00+00:00,Multan,202.98733342488606,µg/m³,2
2025-11-09 22:00:00+00:00,Multan,191.92616678873696,µg/m³,2
2025-11-09 23:00:00+00:00,Multan,208.24316736857094,µg/m³,2
2025-11-10 00:00:00+00:00,Multan,190.5928325653076,µg/m³,2
2025-11-10 01:00:00+00:00,Multan,198.63183339436847,µg/m³,2
2025-11-10 02:00:00+00:00,Multan,191.51699981689453,µg/m³,2
2025-11-10 03:00:00+00:00,Multan,169.90210402806602,µg/m³,2
2025-11-10 04:00:00+00:00,Multan,133.76541651407877,µg/m³,2
2025-11-10 05:00:00+00:00,Multan,127.59138904147679,µg/m³,2
2025-11-10 06:00:00+00:00,Multan,91.04846414838518,µg/m³,2
2025-11-10 07:00:00+00:00,Multan,76.77222222222223,µg/m³,2
2025-11-10 08:00:00+00:00,Multan,65.34124271604749,µg/m³,2
2025-11-10 09:00:00+00:00,Multan,63.09402074813843,µg/m³,2
2025-11-10 10:00:00+00:00,Multan,60.642972267998594,µg/m³,2
2025-11-10 11:00:00+00:00,Multan,61.596270974477136,µg/m³,2
2025-11-10 12:00:00+00:00,Multan,106.90250015258789,µg/m³,2
2025-11-10 13:00:00+00:00,Multan,167.03600006103517,µg/m³,2
2025-11-10 14:00:00+00:00,Multan,220.96108233133953,µg/m³,2
2025-11-10 15:00:00+00:00,Multan,221.33066635131837,µg/m³,2
2025-11-10 16:00:00+00:00,Multan,251.86117347081503,µg/m³,2
2025-11-10 17:00:00+00:00,Multan,289.4417507171631,µg/m³,2
2025-11-10 18:00:00+00:00,Multan,297.2059160868327,µg/m³,2
2025-11-10 19:00:00+00:00,Multan,297.42891591389974,µg/m³,2
2025-11-10 20:00:00+00:00,Multan,302.10408248901365,µg/m³,2
2025-11-10 21:00:00+00:00,Multan,289.5805005391439,µg/m³,2
2025-11-10 22:00:00+00:00,Multan,257.4061672210694,µg/m³,2
2025-11-10 23:00:00+00:00,Multan,277.33333384195964,µg/m³,2
2025-11-11 00:00:00+00:00,Multan,270.9444160461426,µg/m³,2
2025-11-11 01:00:00+00:00,Multan,280.5999989827474,µg/m³,2
2025-11-11 02:00:00+00:00,Multan,279.268417485555,µg/m³,2
2025-11-11 03:00:00+00:00,Multan,291.56994501749676,µg/m³,2
2025-11-11 04:00:00+00:00,Multan,292.10365899403894,µg/m³,2
2025-11-11 05:00:00+00:00,Multan,237.58614082914409,µg/m³,2
2025-11-11 06:00:00+00:00,Multan,200.4194310043797,µg/m³,2
2025-11-11 07:00:00+00:00,Multan,177.41270134184094,µg/m³,2
2025-11-11 08:00:00+00:00,Multan,134.3065557691786,µg/m³,2
2025-11-11 09:00:00+00:00,Multan,132.02808316548666,µg/m³,2
2025-11-11 10:00:00+00:00,Multan,137.8567359712389,µg/m³,2
2025-11-11 11:00:00+00:00,Multan,125.74041659037272,µg/m³,2
2025-11-11 12:00:00+00:00,Multan,161.6458335876465,µg/m³,2
2025-11-11 13:00:00+00:00,Multan,230.49547913869222,µg/m³,2
2025-11-11 14:00:00+00:00,Multan,258.8580280303955,µg/m³,2
2025-11-11 15:00:00+00:00,Multan,273.8444164276123,µg/m³,2
2025-11-11 16:00:00+00:00,Multan,222.25408312479652,µg/m³,2
2025-11-11 17:00:00+00:00,Multan,216.13608169555664,µg/m³,2
2025-11-11 18:00:00+00:00,Multan,211.13983205159505,µg/m³,2
2025-11-11 19:00:00+00:00,Multan,225.2165002187093,µg/m³,2
2025-11-11 20:00:00+00:00,Multan,268.98233426411946,µg/m³,2
2025-11-11 21:00:00+00:00,Multan,270.4255839029948,µg/m³,2
2025-11-11 22:00:00+00:00,Multan,297.0553321838379,µg/m³,2
2025-11-11 23:00:00+00:00,Multan,303.3776668548584,µg/m³,2
2025-11-12 00:00:00+00:00,Multan,344.13500162760425,µg/m³,2
2025-11-12 01:00:00+00:00,Multan,364.7848336537679,µg/m³,2
2025-11-12 02:00:00+00:00,Multan,405.2040003458659,µg/m³,2
2025-11-12 03:00:00+00:00,Multan,407.86068916320795,µg/m³,2
2025-11-12 04:00:00+00:00,Multan,325.5536179860434,µg/m³,2
2025-11-12 05:00:00+00:00,Multan,268.896874109904,µg/m³,2
2025-11-12 12:00:00+00:00,Multan,154.98899993896484,µg/m³,1
2025-11-12 13:00:00+00:00,Multan,182.02766672770179,µg/m³,1
2025-11-12 14:00:00+00:00,Multan,223.63883310953773,µg/m³,1
2025-11-12 15:00:00+00:00,Multan,276.3094569524129,µg/m³,1
2025-11-12 16:00:00+00:00,Multan,261.3384986877441,µg/m³,1
2025-11-12 17:00:00+00:00,Multan,228.6699996948242,µg/m³,1
2025-11-12 18:00:00+00:00,Multan,230.48866653442383,µg/m³,1
2025-11-12 19:00:00+00:00,Multan,299.5223337809245,µg/m³,1
2025-11-12 20:00:00+00:00,Multan,274.09466756184895,µg/m³,1
2025-11-12 21:00:00+00:00,Multan,245.20833129882814,µg/m³,1
2025-11-12 22:00:00+00:00,Multan,228.7583330790202,µg/m³,1
2025-11-12 23:00:00+00:00,Multan,224.50550028483067,µg/m³,1
2025-11-13 00:00:00+00:00,Multan,223.711333211263,µg/m³,1
2025-11-13 01:00:00+00:00,Multan,229.48883336385094,µg/m³,1
2025-11-13 02:00:00+00:00,Multan,261.2856648763021,µg/m³,1
2025-11-13 03:00:00+00:00,Multan,224.87749964396156,µg/m³,1
2025-11-13 04:00:00+00:00,Multan,137.2949996948242,µg/m³,1
2025-11-13 06:00:00+00:00,Multan,128.9111666361491,µg/m³,1
2025-11-13 07:00:00+00:00,Multan,101.71933339436849,µg/m³,1
2025-11-13 08:00:00+00:00,Multan,63.911000061035146,µg/m³,1
2025-11-13 09:00:00+00:00,Multan,56.738833363850915,µg/m³,1
2025-11-13 10:00:00+00:00,Multan,50.15833333333333,µg/m³,1
2025-11-13 11:00:00+00:00,Multan,59.3831667582194,µg/m³,1
2025-11-13 12:00:00+00:00,Multan,96.34900054931641,µg/m³,1
2025-11-13 13:00:00+00:00,Multan,140.48300018310547,µg/m³,1
2025-11-13 14:00:00+00:00,Multan,157.5031664530436,µg/m³,1
2025-11-13 15:00:00+00:00,Multan,174.42833302815757,µg/m³,1
2025-11-13 16:00:00+00:00,Multan,179.3081667582194,µg/m³,1
2025-11-13 17:00:00+00:00,Multan,198.4448331197103,µg/m³,1
2025-11-13 18:00:00+00:00,Multan,188.6190002441406,µg/m³,1
2025-11-13 19:00:00+00:00,Multan,190.9638333638509,µg/m³,1
2025-11-13 20:00:00+00:00,Multan,191.40866648356118,µg/m³,1
2025-11-13 21:00:00+00:00,Multan,189.77533315022785,µg/m³,1
2025-11-13 22:00:00+00:00,Multan,177.0181818181818,µg/m³,1
2025-11-13 23:00:00+00:00,Multan,185.22200012207028,µg/m³,1
2025-11-14 00:00:00+00:00,Multan,156.69950027465816,µg/m³,1
2025-11-14 02:00:00+00:00,Multan,192.29150009155276,µg/m³,1
2025-11-14 03:00:00+00:00,Multan,180.42233327229818,µg/m³,1
2025-11-14 04:00:00+00:00,Multan,182.8974998474121,µg/m³,1
2025-11-14 13:00:00+00:00,Multan,138.37216669718427,µg/m³,1
2025-11-14 14:00:00+00:00,Multan,162.40833333333333,µg/m³,1
2025-11-14 15:00:00+00:00,Multan,179.18300018310546,µg/m³,1
2025-11-14 16:00:00+00:00,Multan,194.8943333943685,µg/m³,1
2025-11-14 17:00:00+00:00,Multan,187.4891665140788,µg/m³,1
2025-11-14 18:00:00+00:00,Multan,166.44183324178059,µg/m³,1
2025-11-14 19:00:00+00:00,Multan,186.6889996846517,µg/m³,1
2025-11-14 20:00:00+00:00,Multan,183.43933283487956,µg/m³,1
2025-11-14 21:00:00+00:00,Multan,127.14166666666667,µg/m³,1
2025-11-14 22:00:00+00:00,Multan,119.36916681925457,µg/m³,1
2025-11-14 23:00:00+00:00,Multan,125.40599975585938,µg/m³,1
2025-11-15 00:00:00+00:00,Multan,118.43616663614905,µg/m³,1
2025-11-15 01:00:00+00:00,Multan,140.39449996948244,µg/m³,1
2025-11-15 02:00:00+00:00,Multan,149.53033345540362,µg/m³,1
2025-11-15 03:00:00+00:00,Multan,170.34487476348878,µg/m³,1
2025-11-15 04:00:00+00:00,Multan,134.53850021362302,µg/m³,1
2025-11-15 05:00:00+00:00,Multan,73.5331667582194,µg/m³,1
2025-11-15 06:00:00+00:00,Multan,54.81983311971029,µg/m³,1
2025-11-15 07:00:00+00:00,Multan,52.90233357747396,µg/m³,1
2025-11-15 08:00:00+00:00,Multan,38.06524963378906,µg/m³,1
2025-11-15 09:00:00+00:00,Multan,30.555833148956296,µg/m³,1
2025-11-15 10:00:00+00:00,Multan,31.700666459401443,µg/m³,1
2025-11-15 11:00:00+00:00,Multan,41.80233357747395,µg/m³,1
2025-11-15 12:00:00+00:00,Multan,47.56433308919271,µg/m³,1
2025-11-15 13:00:00+00:00,Multan,151.58050003051758,µg/m³,1
2025-11-15 14:00:00+00:00,Multan,194.54116694132486,µg/m³,1
2025-11-15 15:00:00+00:00,Multan,231.85016733805335,µg/m³,1
2025-11-15 16:00:00+00:00,Multan,112.75683377583822,µg/m³,1
2025-11-15 17:00:00+00:00,Multan,113.7383336385091,µg/m³,1
2025-11-15 18:00:00+00:00,Multan,133.6583333333333,µg/m³,1
2025-11-15 19:00:00+00:00,Multan,136.19416681925458,µg/m³,1
2025-11-15 20:00:00+00:00,Multan,139.20299987792967,µg/m³,1
2025-11-15 21:00:00+00:00,Multan,176.3470001220703,µg/m³,1
2025-11-15 22:00:00+00:00,Multan,197.1833333333333,µg/m³,1
2025-11-15 23:00:00+00:00,Multan,163.20583318074543,µg/m³,1
2025-11-16 00:00:00+00:00,Multan,223.0482778337267,µg/m³,1
2025-11-16 01:00:00+00:00,Multan,207.16902775234647,µg/m³,1
2025-11-16 02:00:00+00:00,Multan,242.65900065104168,µg/m³,1
2025-11-16 04:00:00+00:00,Multan,220.98299942016604,µg/m³,1
2025-11-16 05:00:00+00:00,Multan,133.4948331197103,µg/m³,1
2025-11-16 06:00:00+00:00,Multan,109.89133351643879,µg/m³,1
2025-11-16 07:00:00+00:00,Multan,88.73066660563153,µg/m³,1
2025-11-16 08:00:00+00:00,Multan,57.358833058675124,µg/m³,1
2025-11-16 09:00:00+00:00,Multan,49.58866678873698,µg/m³,1
2025-11-16 10:00:00+00:00,Multan,39.36166636149089,µg/m³,1
2025-11-16 11:00:00+00:00,Multan,37.56099999745687,µg/m³,1
2025-11-16 12:00:00+00:00,Multan,77.14733327229816,µg/m³,1
2025-11-16 13:00:00+00:00,Multan,154.03383305867513,µg/m³,1
2025-11-16 14:00:00+00:00,Multan,166.6270004272461,µg/m³,1
2025-11-16 15:00:00+00:00,Multan,175.534166208903,µg/m³,1
2025-11-16 16:00:00+00:00,Multan,191.95500030517576,µg/m³,1
2025-11-16 17:00:00+00:00,Multan,206.46966654459632,µg/m³,1
2025-11-16 18:00:00+00:00,Multan,232.38349990844725,µg/m³,1
2025-11-16 19:00:00+00:00,Multan,246.81416702270508,µg/m³,1
2025-11-16 20:00:00+00:00,Multan,196.64166641235354,µg/m³,1
2025-11-16 21:00:00+00:00,Multan,170.1361666361491,µg/m³,1
2025-11-16 22:00:00+00:00,Multan,173.53333333333333,µg/m³,1
2025-11-16 23:00:00+00:00,Multan,155.07766672770182,µg/m³,1
2025-11-17 00:00:00+00:00,Multan,172.10800018310547,µg/m³,1
2025-11-17 01:00:00+00:00,Multan,152.6163335164388,µg/m³,1
2025-11-17 02:00:00+00:00,Multan,129.50283330281576,µg/m³,1
2025-11-17 03:00:00+00:00,Multan,111.53070824941,µg/m³,1
2025-11-17 04:00:00+00:00,Multan,101.82249984741212,µg/m³,1
2025-11-17 05:00:00+00:00,Multan,76.37652808295356,µg/m³,1
2025-11-17 06:00:00+00:00,Multan,40.96966654459636,µg/m³,1
2025-11-17 09:00:00+00:00,Multan,31.669500096639002,µg/m³,1
2025-11-17 10:00:00+00:00,Multan,28.91505556106567,µg/m³,1
2025-11-17 11:00:00+00:00,Multan,34.99383363723755,µg/m³,1
2025-11-17 12:00:00+00:00,Multan,68.23300018310546,µg/m³,1
2025-11-17 13:00:00+00:00,Multan,130.5115830739339,µg/m³,1
2025-11-17 14:00:00+00:00,Multan,168.5410003662109,µg/m³,1
2025-11-17 15:00:00+00:00,Multan,121.93099975585939,µg/m³,1
2025-11-17 16:00:00+00:00,Multan,141.56333363850914,µg/m³,1
2025-11-17 17:00:00+00:00,Multan,161.63066660563152,µg/m³,1
2025-11-17 18:00:00+00:00,Multan,153.62466684977215,µg/m³,1
2025-11-17 19:00:00+00:00,Multan,149.65,µg/m³,1
2025-11-17 20:00:00+00:00,Multan,126.4693333943685,µg/m³,1
2025-11-17 21:00:00+00:00,Multan,119.43349990844727,µg/m³,1
2025-11-17 22:00:00+00:00,Multan,100.18616663614908,µg/m³,1
2025-11-17 23:00:00+00:00,Multan,127.48283360799155,µg/m³,1
2025-11-18 00:00:00+00:00,Multan,154.69466654459634,µg/m³,1
2025-11-18 01:00:00+00:00,Multan,126.33349990844727,µg/m³,1
2025-11-18 02:00:00+00:00,Multan,157.0888333638509,µg/m³,1
2025-11-18 03:00:00+00:00,Multan,177.7557502746582,µg/m³,1
2025-11-18 05:00:00+00:00,Multan,115.51716639200845,µg/m³,1
2025-11-18 06:00:00+00:00,Multan,63.42249984741212,µg/m³,1
2025-11-18 07:00:00+00:00,Multan,50.70033311843873,µg/m³,1
2025-11-18 08:00:00+00:00,Multan,41.36933342615763,µg/m³,1
2025-11-18 09:00:00+00:00,Multan,40.98099975585937,µg/m³,1
2025-11-18 10:00:00+00:00,Multan,44.79983342488607,µg/m³,1
2025-11-18 11:00:00+00:00,Multan,38.997833506266275,µg/m³,1
2025-11-18 12:00:00+00:00,Multan,61.59700012207032,µg/m³,1
2025-11-18 13:00:00+00:00,Multan,113.35727784898546,µg/m³,3
2025-11-18 14:00:00+00:00,Multan,148.03805550469292,µg/m³,3
2025-11-18 15:00:00+00:00,Multan,198.02061097886826,µg/m³,3
2025-11-18 16:00:00+00:00,Multan,173.85566660563154,µg/m³,2
2025-11-18 17:00:00+00:00,Multan,186.53894441392686,µg/m³,3
2025-11-18 18:00:00+00:00,Multan,209.31672202216257,µg/m³,3
2025-11-18 19:00:00+00:00,Multan,266.8446673075358,µg/m³,2
2025-11-18 20:00:00+00:00,Multan,261.9934364636739,µg/m³,2
2025-11-18 21:00:00+00:00,Multan,230.8665551927355,µg/m³,3
2025-11-18 22:00:00+00:00,Multan,234.61116663614908,µg/m³,3
2025-11-18 23:00:00+00:00,Multan,241.51200002034503,µg/m³,3
2025-11-19 00:00:00+00:00,Multan,260.0397777981228,µg/m³,3
2025-11-19 01:00:00+00:00,Multan,193.45283330281575,µg/m³,2
2025-11-19 02:00:00+00:00,Multan,189.2765832265218,µg/m³,2
2025-11-19 03:00:00+00:00,Multan,198.5940835316976,µg/m³,2
2025-11-19 04:00:00+00:00,Multan,181.6570832570394,µg/m³,2
2025-11-19 05:00:00+00:00,Multan,189.22483342488607,µg/m³,2
2025-11-19 06:00:00+00:00,Multan,176.9551668802897,µg/m³,2
2025-11-19 07:00:00+00:00,Multan,144.48766657511393,µg/m³,2
2025-11-19 08:00:00+00:00,Multan,111.42511105007596,µg/m³,3
2025-11-19 09:00:00+00:00,Multan,94.33905546400281,µg/m³,3
2025-11-19 10:00:00+00:00,Multan,90.65927776760525,µg/m³,3
2025-11-19 11:00:00+00:00,Multan,94.52344428168404,µg/m³,3
2025-11-19 12:00:00+00:00,Multan,105.28458340962727,µg/m³,2
2025-11-19 13:00:00+00:00,Multan,132.59988894992404,µg/m³,3
2025-11-19 14:00:00+00:00,Multan,149.50827780829536,µg/m³,3
2025-11-19 15:00:00+00:00,Multan,158.30377773708767,µg/m³,3
2025-11-19 16:00:00+00:00,Multan,132.39522230360242,µg/m³,3
2025-11-19 17:00:00+00:00,Multan,122.07866668701172,µg/m³,3
2025-11-19 18:00:00+00:00,Multan,109.36008313496907,µg/m³,2
2025-11-19 19:00:00+00:00,Multan,139.72605548434788,µg/m³,3
2025-11-19 20:00:00+00:00,Multan,146.1418332417806,µg/m³,3
2025-11-19 21:00:00+00:00,Multan,153.10744442409938,µg/m³,3
2025-11-19 22:00:00+00:00,Multan,160.05466664632164,µg/m³,3
2025-11-19 23:00:00+00:00,Multan,173.34077775743273,µg/m³,3
2025-11-20 00:00:00+00:00,Multan,134.58875007629393,µg/m³,2
2025-11-20 01:00:00+00:00,Multan,97.79716669718425,µg/m³,2
2025-11-20 02:00:00+00:00,Multan,116.06661122639974,µg/m³,3
2025-11-20 03:00:00+00:00,Multan,184.38633321126304,µg/m³,1
2025-11-20 04:00:00+00:00,Multan,224.8442501068115,µg/m³,2
2025-11-20 05:00:00+00:00,Multan,222.14174995422366,µg/m³,2
2025-11-20 06:00:00+00:00,Multan,183.1084166208903,µg/m³,2
2025-11-20 07:00:00+00:00,Multan,159.94833348592124,µg/m³,2
2025-11-20 08:00:00+00:00,Multan,144.16283315022787,µg/m³,2
2025-11-20 09:00:00+00:00,Multan,123.36241671244304,µg/m³,2
2025-11-20 10:00:00+00:00,Multan,114.6320832570394,µg/m³,2
2025-11-20 11:00:00+00:00,Multan,95.56133321126302,µg/m³,2
2025-11-20 12:00:00+00:00,Multan,114.54983342488606,µg/m³,1
2025-11-20 13:00:00+00:00,Multan,144.036333211263,µg/m³,2
2025-11-20 14:00:00+00:00,Multan,173.42799987792972,µg/m³,2
2025-11-20 15:00:00+00:00,Multan,181.96241671244303,µg/m³,2
2025-11-20 16:00:00+00:00,Multan,181.26674995422366,µg/m³,2
2025-11-20 17:00:00+00:00,Multan,155.40424995422364,µg/m³,2
2025-11-20 18:00:00+00:00,Multan,186.11241671244306,µg/m³,2
2025-11-20 19:00:00+00:00,Multan,168.16483332316082,µg/m³,3
2025-11-20 20:00:00+00:00,Multan,156.56991640726724,µg/m³,2
2025-11-20 21:00:00+00:00,Multan,155.7185555352105,µg/m³,3
2025-11-20 22:00:00+00:00,Multan,155.22138883802626,µg/m³,3
2025-11-20 23:00:00+00:00,Multan,134.18600006103514,µg/m³,2
2025-11-21 00:00:00+00:00,Multan,130.48460404078168,µg/m³,2
2025-11-21 01:00:00+00:00,Multan,94.05550003051758,µg/m³,2
2025-11-21 02:00:00+00:00,Multan,109.37855563693576,µg/m³,3
2025-11-21 03:00:00+00:00,Multan,168.44088880750866,µg/m³,3
2025-11-21 04:00:00+00:00,Multan,170.45816675821942,µg/m³,1
2025-11-21 05:00:00+00:00,Multan,182.00550003051757,µg/m³,2
2025-11-21 06:00:00+00:00,Multan,126.78450012207031,µg/m³,2
2025-11-21 07:00:00+00:00,Multan,106.59283345540365,µg/m³,2
2025-11-21 08:00:00+00:00,Multan,86.4918332417806,µg/m³,2
2025-11-21 09:00:00+00:00,Multan,62.16399993896484,µg/m³,1
2025-11-21 10:00:00+00:00,Multan,74.47224998474121,µg/m³,2
2025-11-21 11:00:00+00:00,Multan,68.34483311971029,µg/m³,2
2025-11-21 12:00:00+00:00,Multan,86.66383336385093,µg/m³,2
2025-11-21 13:00:00+00:00,Multan,106.55699996948243,µg/m³,2
2025-11-21 14:00:00+00:00,Multan,133.46408322652184,µg/m³,2
2025-11-21 15:00:00+00:00,Multan,127.55691668192546,µg/m³,2
2025-11-21 16:00:00+00:00,Multan,128.48483327229818,µg/m³,2
2025-11-21 17:00:00+00:00,Multan,126.42641665140786,µg/m³,2
2025-11-21 18:00:00+00:00,Multan,126.71075019836425,µg/m³,2
2025-11-21 19:00:00+00:00,Multan,134.31583328247072,µg/m³,3
2025-11-21 20:00:00+00:00,Multan,133.5804445054796,µg/m³,3
2025-11-21 21:00:00+00:00,Multan,130.42311113145618,µg/m³,3
2025-11-21 22:00:00+00:00,Multan,138.40450007120768,µg/m³,3
2025-11-21 23:00:00+00:00,Multan,120.12241655985514,µg/m³,2
2025-11-22 00:00:00+00:00,Multan,121.27358334859213,µg/m³,2
2025-11-22 01:00:00+00:00,Multan,83.74166666666666,µg/m³,3
2025-11-22 02:00:00+00:00,Multan,101.99366658528646,µg/m³,3
2025-11-22 03:00:00+00:00,Multan,139.17516657511393,µg/m³,3
2025-11-22 04:00:00+00:00,Multan,148.2029998779297,µg/m³,2
2025-11-22 05:00:00+00:00,Multan,106.06641680399576,µg/m³,2
2025-11-22 06:00:00+00:00,Multan,107.29627778795032,µg/m³,3
2025-11-22 07:00:00+00:00,Multan,87.91288892957898,µg/m³,3
2025-11-22 08:00:00+00:00,Multan,81.46488884819878,µg/m³,3
2025-11-22 09:00:00+00:00,Multan,80.88133341471354,µg/m³,3
2025-11-22 10:00:00+00:00,Multan,80.27522210015191,µg/m³,3
2025-11-22 11:00:00+00:00,Multan,82.37966664632161,µg/m³,3
2025-11-22 12:00:00+00:00,Multan,113.9482777065701,µg/m³,3
2025-11-22 13:00:00+00:00,Multan,153.29449996948242,µg/m³,3
2025-11-22 14:00:00+00:00,Multan,207.45708325703941,µg/m³,2
2025-11-22 15:00:00+00:00,Multan,259.5294165293376,µg/m³,2
2025-11-22 16:00:00+00:00,Multan,286.424916712443,µg/m³,2
2025-11-22 17:00:00+00:00,Multan,273.3275833129883,µg/m³,2
2025-11-22 18:00:00+00:00,Multan,234.3397777981228,µg/m³,3
2025-11-22 19:00:00+00:00,Multan,245.12961112128366,µg/m³,3
2025-11-22 20:00:00+00:00,Multan,251.5740000406901,µg/m³,3
2025-11-22 21:00:00+00:00,Multan,232.42483342488606,µg/m³,2
2025-11-22 22:00:00+00:00,Multan,193.42605573866103,µg/m³,3
2025-11-22 23:00:00+00:00,Multan,144.7956662495931,µg/m³,2
2025-11-23 00:00:00+00:00,Multan,125.07855563693575,µg/m³,3
2025-11-23 01:00:00+00:00,Multan,149.57294396294486,µg/m³,3
2025-11-23 02:00:00+00:00,Multan,145.36372214423287,µg/m³,3
2025-11-23 03:00:00+00:00,Multan,213.52466684977213,µg/m³,2
2025-11-23 04:00:00+00:00,Multan,173.92908337910967,µg/m³,2
2025-11-23 05:00:00+00:00,Multan,138.0902500152588,µg/m³,2
2025-11-23 06:00:00+00:00,Multan,111.46366678873699,µg/m³,2
2025-11-23 07:00:00+00:00,Multan,118.61850001017253,µg/m³,3
2025-11-23 08:00:00+00:00,Multan,120.75738889906141,µg/m³,3
2025-11-23 09:00:00+00:00,Multan,117.34072223239475,µg/m³,3
2025-11-23 10:00:00+00:00,Multan,137.0,µg/m³,2
2025-11-23 11:00:00+00:00,Multan,144.5,µg/m³,2
2025-11-23 12:00:00+00:00,Multan,164.5,µg/m³,2
2025-11-23 13:00:00+00:00,Multan,177.07305560641817,µg/m³,3
2025-11-23 14:00:00+00:00,Multan,208.19444444444443,µg/m³,3
2025-11-23 15:00:00+00:00,Multan,186.03899993896482,µg/m³,2
2025-11-23 16:00:00+00:00,Multan,202.4041666666667,µg/m³,2
2025-11-23 17:00:00+00:00,Multan,225.57616691589357,µg/m³,2
2025-11-23 18:00:00+00:00,Multan,260.73600006103516,µg/m³,3
2025-11-23 19:00:00+00:00,Multan,271.30461112128364,µg/m³,3
2025-11-23 20:00:00+00:00,Multan,206.68977779812283,µg/m³,3
2025-11-23 21:00:00+00:00,Multan,163.5304445054796,µg/m³,3
2025-11-23 22:00:00+00:00,Multan,168.1564999898275,µg/m³,3
2025-11-23 23:00:00+00:00,Multan,183.36755557590058,µg/m³,3
2025-11-24 00:00:00+00:00,Multan,171.67683334350582,µg/m³,3
2025-11-24 01:00:00+00:00,Multan,165.73055555555553,µg/m³,3
2025-11-24 02:00:00+00:00,Multan,180.25550015767413,µg/m³,2
2025-11-24 03:00:00+00:00,Multan,130.7,µg/m³,1
2025-11-24 04:00:00+00:00,Multan,200.83733342488608,µg/m³,2
2025-11-24 05:00:00+00:00,Multan,114.60299987792969,µg/m³,1
2025-11-24 06:00:00+00:00,Multan,140.58875007629393,µg/m³,2
2025-11-24 07:00:00+00:00,Multan,122.66424980163575,µg/m³,2
2025-11-24 08:00:00+00:00,Multan,114.73083318074544,µg/m³,2
2025-11-24 09:00:00+00:00,Multan,106.94166666666666,µg/m³,2
2025-11-24 10:00:00+00:00,Multan,115.26516672770182,µg/m³,2
2025-11-24 11:00:00+00:00,Multan,122.51666666666667,µg/m³,2
2025-11-24 12:00:00+00:00,Multan,149.02758344014487,µg/m³,2
2025-11-24 13:00:00+00:00,Multan,181.70184028413559,µg/m³,2
2025-11-24 14:00:00+00:00,Multan,195.70590978198578,µg/m³,2
2025-11-24 15:00:00+00:00,Multan,198.7526667277018,µg/m³,2
2025-11-24 16:00:00+00:00,Multan,201.5718335469564,µg/m³,1
2025-11-24 17:00:00+00:00,Multan,230.49333318074542,µg/m³,2
2025-11-24 18:00:00+00:00,Multan,281.1640555487739,µg/m³,3
2025-11-24 19:00:00+00:00,Multan,221.11766679551866,µg/m³,3
2025-11-24 20:00:00+00:00,Multan,197.18344438340932,µg/m³,3
2025-11-24 21:00:00+00:00,Multan,141.19994447496205,µg/m³,3
2025-11-24 22:00:00+00:00,Multan,143.41111111111113,µg/m³,3
2025-11-24 23:00:00+00:00,Multan,145.22588890923396,µg/m³,3
2025-11-25 00:00:00+00:00,Multan,146.79816665649415,µg/m³,3
2025-11-25 01:00:00+00:00,Multan,159.34633331298826,µg/m³,3
2025-11-25 02:00:00+00:00,Multan,226.9284998575846,µg/m³,1
2025-11-25 03:00:00+00:00,Multan,175.2697498321533,µg/m³,2
2025-11-25 04:00:00+00:00,Multan,234.1095001220703,µg/m³,2
2025-11-25 05:00:00+00:00,Multan,195.5026667277018,µg/m³,2
2025-11-25 06:00:00+00:00,Multan,174.48875007629397,µg/m³,2
2025-11-25 07:00:00+00:00,Multan,174.23427776760525,µg/m³,3
2025-11-25 08:00:00+00:00,Multan,187.4647777981228,µg/m³,3
2025-11-25 09:00:00+00:00,Multan,167.65727784898544,µg/m³,3
2025-11-25 10:00:00+00:00,Multan,156.50931941138376,µg/m³,3
2025-11-25 11:00:00+00:00,Multan,163.03233337402344,µg/m³,3
2025-11-25 12:00:00+00:00,Multan,188.31294445461697,µg/m³,3
2025-11-25 13:00:00+00:00,Multan,185.9251665751139,µg/m³,2
2025-11-25 14:00:00+00:00,Multan,258.47138883802626,µg/m³,3
2025-11-25 15:00:00+00:00,Multan,264.2380555046929,µg/m³,3
2025-11-25 16:00:00+00:00,Multan,256.14366658528644,µg/m³,3
2025-11-25 17:00:00+00:00,Multan,233.97649993896482,µg/m³,2
2025-11-25 18:00:00+00:00,Multan,206.04716669718425,µg/m³,2
2025-11-25 19:00:00+00:00,Multan,198.62783330281576,µg/m³,2
2025-11-25 20:00:00+00:00,Multan,148.74166666666667,µg/m³,2
2025-11-25 21:00:00+00:00,Multan,115.64172219170463,µg/m³,3
2025-11-25 22:00:00+00:00,Multan,118.6592222425673,µg/m³,3
2025-11-25 23:00:00+00:00,Multan,126.46083348592123,µg/m³,3
2025-11-26 00:00:00+00:00,Multan,132.02494447496204,µg/m³,3
2025-11-26 01:00:00+00:00,Multan,143.73455530802408,µg/m³,3
2025-11-26 02:00:00+00:00,Multan,135.06772215101452,µg/m³,3
2025-11-26 03:00:00+00:00,Multan,139.18416671752928,µg/m³,3
2025-11-26 04:00:00+00:00,Multan,132.10637493133544,µg/m³,2
2025-11-26 05:00:00+00:00,Multan,130.37091662089028,µg/m³,2
2025-11-26 06:00:00+00:00,Multan,127.78483327229819,µg/m³,2
2025-11-26 07:00:00+00:00,Multan,139.6361111111111,µg/m³,3
2025-11-26 08:00:00+00:00,Multan,124.47511105007595,µg/m³,3
2025-11-26 09:00:00+00:00,Multan,113.02222222222223,µg/m³,3
2025-11-26 10:00:00+00:00,Multan,106.03694449530707,µg/m³,3
2025-11-26 11:00:00+00:00,Multan,124.0574996948242,µg/m³,2
2025-11-26 12:00:00+00:00,Multan,160.46394441392687,µg/m³,3
2025-11-26 13:00:00+00:00,Multan,179.8418332417806,µg/m³,3
2025-11-26 14:00:00+00:00,Multan,196.8638888888889,µg/m³,3
2025-11-26 15:00:00+00:00,Multan,209.35450007120767,µg/m³,3
2025-11-26 16:00:00+00:00,Multan,211.9413335164388,µg/m³,1
2025-11-26 17:00:00+00:00,Multan,217.80550003051758,µg/m³,2
2025-11-26 18:00:00+00:00,Multan,197.33341662089032,µg/m³,2
2025-11-26 19:00:00+00:00,Multan,140.59922214084202,µg/m³,3
2025-11-26 20:00:00+00:00,Multan,114.34700012207031,µg/m³,2
2025-11-26 21:00:00+00:00,Multan,106.71525001525879,µg/m³,2
2025-11-26 22:00:00+00:00,Multan,108.46666666666667,µg/m³,2
2025-11-26 23:00:00+00:00,Multan,119.9747501373291,µg/m³,2
2025-11-27 00:00:00+00:00,Multan,113.011999935574,µg/m³,3
2025-11-27 01:00:00+00:00,Multan,118.78888880411783,µg/m³,3
2025-11-27 02:00:00+00:00,Multan,112.92325019836426,µg/m³,2
2025-11-27 03:00:00+00:00,Multan,110.19558347066244,µg/m³,2
2025-11-27 04:00:00+00:00,Multan,167.66533330281575,µg/m³,2
2025-11-27 05:00:00+00:00,Multan,126.06541659037273,µg/m³,2
2025-11-27 06:00:00+00:00,Multan,100.40983327229819,µg/m³,2
2025-11-27 07:00:00+00:00,Multan,86.76941668192546,µg/m³,2
2025-11-27 08:00:00+00:00,Multan,88.66305550469292,µg/m³,3
2025-11-27 09:00:00+00:00,Multan,81.43255547417535,µg/m³,3
2025-11-27 10:00:00+00:00,Multan,85.83349990844727,µg/m³,3
2025-11-27 11:00:00+00:00,Multan,89.81933339436848,µg/m³,3
2025-11-27 12:00:00+00:00,Multan,117.65400009155275,µg/m³,2
2025-11-27 13:00:00+00:00,Multan,138.21283340454102,µg/m³,3
2025-11-27 14:00:00+00:00,Multan,133.74344448513455,µg/m³,3
2025-11-27 15:00:00+00:00,Multan,132.90716654459635,µg/m³,2
2025-11-27 16:00:00+00:00,Multan,129.15108350118,µg/m³,2
2025-11-27 17:00:00+00:00,Multan,122.9910836537679,µg/m³,2
2025-11-27 18:00:00+00:00,Multan,120.10299987792968,µg/m³,2
2025-11-27 19:00:00+00:00,Multan,100.1956667582194,µg/m³,2
2025-11-27 20:00:00+00:00,Multan,104.9720001220703,µg/m³,2
2025-11-27 21:00:00+00:00,Multan,100.9222499847412,µg/m³,2
2025-11-27 22:00:00+00:00,Multan,83.98041674296061,µg/m³,2
2025-11-27 23:00:00+00:00,Multan,81.71566645304362,µg/m³,2
2025-11-28 00:00:00+00:00,Multan,78.6185555352105,µg/m³,3
2025-11-28 01:00:00+00:00,Multan,78.90838885837131,µg/m³,3
2025-11-28 02:00:00+00:00,Multan,85.98038898044162,µg/m³,3
2025-11-28 03:00:00+00:00,Multan,94.18166681925454,µg/m³,2
2025-11-28 04:00:00+00:00,Multan,125.19183324178061,µg/m³,2
2025-11-28 05:00:00+00:00,Multan,107.38875007629395,µg/m³,2
2025-11-28 06:00:00+00:00,Multan,111.88799997965494,µg/m³,3
2025-11-28 07:00:00+00:00,Multan,91.75099995930991,µg/m³,3
2025-11-28 08:00:00+00:00,Multan,69.69663882785373,µg/m³,3
2025-11-28 09:00:00+00:00,Multan,57.30822229385376,µg/m³,3
2025-11-28 10:00:00+00:00,Multan,61.29900004069011,µg/m³,3
2025-11-28 11:00:00+00:00,Multan,62.69911109076606,µg/m³,3
2025-11-28 12:00:00+00:00,Multan,74.93433329264323,µg/m³,3
2025-11-28 13:00:00+00:00,Multan,93.77658322652181,µg/m³,2
2025-11-28 14:00:00+00:00,Multan,127.91933339436848,µg/m³,2
2025-11-28 15:00:00+00:00,Multan,127.89624977111816,µg/m³,2
2025-11-28 16:00:00+00:00,Multan,154.22924995422363,µg/m³,2
2025-11-28 17:00:00+00:00,Multan,138.3430000305176,µg/m³,2
2025-11-28 18:00:00+00:00,Multan,139.50833333333333,µg/m³,3
2025-11-28 19:00:00+00:00,Multan,157.93905546400282,µg/m³,3
2025-11-28 20:00:00+00:00,Multan,163.09188876681858,µg/m³,3
2025-11-28 21:00:00+00:00,Multan,111.84575004577638,µg/m³,2
2025-11-28 22:00:00+00:00,Multan,89.55083338419597,µg/m³,3
2025-11-28 23:00:00+00:00,Multan,83.41011115180122,µg/m³,3
2025-11-29 00:00:00+00:00,Multan,92.7361666361491,µg/m³,3
2025-11-29 01:00:00+00:00,Multan,87.48494457668728,µg/m³,3
2025-11-29 02:00:00+00:00,Multan,146.31808382670084,µg/m³,2
2025-11-29 03:00:00+00:00,Multan,268.10249964396155,µg/m³,1
2025-11-29 04:00:00+00:00,Multan,171.28483339945478,µg/m³,2
2025-11-29 05:00:00+00:00,Multan,148.0650001525879,µg/m³,2
2025-11-29 06:00:00+00:00,Multan,122.38649978637697,µg/m³,2
2025-11-29 07:00:00+00:00,Multan,78.54533335367837,µg/m³,3
2025-11-29 08:00:00+00:00,Multan,45.72944447199504,µg/m³,3
2025-11-29 09:00:00+00:00,Multan,42.98888896306355,µg/m³,3
2025-11-29 10:00:00+00:00,Multan,41.81958324114481,µg/m³,2
2025-11-29 11:00:00+00:00,Multan,43.77500004238553,µg/m³,3
2025-11-29 12:00:00+00:00,Multan,71.73908322652181,µg/m³,2
2025-11-29 13:00:00+00:00,Multan,107.9118889702691,µg/m³,3
2025-11-29 14:00:00+00:00,Multan,161.23877783881292,µg/m³,3
2025-11-29 15:00:00+00:00,Multan,228.97374992370607,µg/m³,2
2025-11-29 16:00:00+00:00,Multan,251.94699961344404,µg/m³,3
2025-11-29 17:00:00+00:00,Multan,256.2776667277018,µg/m³,2
2025-11-29 18:00:00+00:00,Multan,244.18877783881294,µg/m³,3
2025-11-29 19:00:00+00:00,Multan,239.92338875664606,µg/m³,3
2025-11-29 20:00:00+00:00,Multan,233.92583321465386,µg/m³,3
2025-11-29 21:00:00+00:00,Multan,177.4843888176812,µg/m³,3
2025-11-29 22:00:00+00:00,Multan,232.58677792019316,µg/m³,3
2025-11-29 23:00:00+00:00,Multan,170.38788867526583,µg/m³,3
2025-11-30 00:00:00+00:00,Multan,162.588833533393,µg/m³,3
2025-11-30 01:00:00+00:00,Multan,148.70911119249132,µg/m³,3
2025-11-30 02:00:00+00:00,Multan,156.50666681925455,µg/m³,2
2025-11-30 03:00:00+00:00,Multan,184.45408299763997,µg/m³,2
2025-11-30 04:00:00+00:00,Multan,209.79041659037273,µg/m³,2
2025-11-30 05:00:00+00:00,Multan,132.1711664835612,µg/m³,2
2025-11-30 06:00:00+00:00,Multan,122.72588890923394,µg/m³,3
2025-11-30 07:00:00+00:00,Multan,93.8081667582194,µg/m³,3
2025-11-30 08:00:00+00:00,Multan,91.00011105007597,µg/m³,3
2025-11-30 09:00:00+00:00,Multan,90.14361106024849,µg/m³,3
2025-11-30 10:00:00+00:00,Multan,100.8,µg/m³,3
2025-11-30 11:00:00+00:00,Multan,104.81933339436848,µg/m³,3
2025-11-30 12:00:00+00:00,Multan,126.23527277166193,µg/m³,3
2025-11-30 13:00:00+00:00,Multan,150.35166676839194,µg/m³,3
2025-11-30 14:00:00+00:00,Multan,162.45991655985517,µg/m³,2
2025-11-30 15:00:00+00:00,Multan,216.8620834350586,µg/m³,2
2025-11-30 16:00:00+00:00,Multan,229.3150831858317,µg/m³,2
2025-11-30 17:00:00+00:00,Multan,171.64983342488608,µg/m³,2
2025-11-30 18:00:00+00:00,Multan,227.28883336385093,µg/m³,3
2025-11-30 19:00:00+00:00,Multan,260.1140001085069,µg/m³,3
2025-11-30 20:00:00+00:00,Multan,158.72949998643662,µg/m³,3
2025-11-30 21:00:00+00:00,Multan,152.48308347066242,µg/m³,2
2025-11-30 22:00:00+00:00,Multan,197.48616663614908,µg/m³,3
2025-11-30 23:00:00+00:00,Multan,113.60266672770183,µg/m³,2
2025-12-01 00:00:00+00:00,Multan,114.1318333943685,µg/m³,2
2025-12-01 01:00:00+00:00,Multan,99.51288892957899,µg/m³,3
2025-12-01 02:00:00+00:00,Multan,101.47405556572808,µg/m³,3
2025-12-01 03:00:00+00:00,Multan,158.94866663614908,µg/m³,2
2025-12-01 04:00:00+00:00,Multan,128.5877498626709,µg/m³,2
2025-12-01 05:00:00+00:00,Multan,76.78016688028971,µg/m³,1
2025-12-01 06:00:00+00:00,Multan,82.15250015258789,µg/m³,2
2025-12-01 07:00:00+00:00,Multan,82.4958612230089,µg/m³,3
2025-12-01 08:00:00+00:00,Multan,88.0,µg/m³,2
2025-12-01 09:00:00+00:00,Multan,61.029722171359595,µg/m³,3
2025-12-01 10:00:00+00:00,Multan,60.182388899061415,µg/m³,3
2025-12-01 11:00:00+00:00,Multan,72.43038898044162,µg/m³,3
2025-12-01 12:00:00+00:00,Multan,95.67972217135959,µg/m³,3
2025-12-01 13:00:00+00:00,Multan,136.5853887769911,µg/m³,3
2025-12-01 14:00:00+00:00,Multan,162.0351111518012,µg/m³,3
2025-12-01 15:00:00+00:00,Multan,145.50550003051757,µg/m³,2
2025-12-01 16:00:00+00:00,Multan,175.7823331197103,µg/m³,2
2025-12-01 17:00:00+00:00,Multan,212.9555556403266,µg/m³,3
2025-12-01 18:00:00+00:00,Multan,308.4723337809245,µg/m³,2
2025-12-01 19:00:00+00:00,Multan,189.6101671854655,µg/m³,2
2025-12-01 20:00:00+00:00,Multan,223.23788901435003,µg/m³,3
2025-12-01 21:00:00+00:00,Multan,172.43433354695637,µg/m³,3
2025-12-01 22:00:00+00:00,Multan,161.35661112467446,µg/m³,3
2025-12-01 23:00:00+00:00,Multan,155.425888994005,µg/m³,3
2025-12-02 00:00:00+00:00,Multan,136.4333888583713,µg/m³,3
2025-12-02 01:00:00+00:00,Multan,128.7851111518012,µg/m³,3
2025-12-02 02:00:00+00:00,Multan,149.21399993896486,µg/m³,2
2025-12-02 03:00:00+00:00,Multan,158.4620000665838,µg/m³,2
2025-12-02 04:00:00+00:00,Multan,149.32533315022786,µg/m³,1
2025-12-02 05:00:00+00:00,Multan,128.0734167734782,µg/m³,2
2025-12-02 06:00:00+00:00,Multan,121.80011105007594,µg/m³,3
2025-12-02 07:00:00+00:00,Multan,116.24838875664604,µg/m³,3
2025-12-02 08:00:00+00:00,Multan,97.4267222934299,µg/m³,3
2025-12-02 09:00:00+00:00,Multan,94.93138893975151,µg/m³,3
2025-12-02 10:00:00+00:00,Multan,88.86472227308485,µg/m³,3
2025-12-02 11:00:00+00:00,Multan,83.09161114162869,µg/m³,3
2025-12-02 12:00:00+00:00,Multan,104.62902785407174,µg/m³,3
2025-12-02 13:00:00+00:00,Multan,151.5259444342719,µg/m³,3
2025-12-02 14:00:00+00:00,Multan,140.1497501373291,µg/m³,2
2025-12-02 15:00:00+00:00,Multan,164.48050003051756,µg/m³,1
2025-12-02 16:00:00+00:00,Multan,157.15558331807455,µg/m³,2
2025-12-02 17:00:00+00:00,Multan,91.10400009155273,µg/m³,2
2025-12-02 18:00:00+00:00,Multan,105.0207499186198,µg/m³,3
2025-12-02 19:00:00+00:00,Multan,117.59733327229817,µg/m³,3
2025-12-02 20:00:00+00:00,Multan,87.16944435967339,µg/m³,3
2025-12-02 21:00:00+00:00,Multan,88.97766672770183,µg/m³,3
2025-12-02 22:00:00+00:00,Multan,87.93694449530706,µg/m³,3
2025-12-02 23:00:00+00:00,Multan,75.8314444647895,µg/m³,3
2025-12-03 00:00:00+00:00,Multan,83.5851666768392,µg/m³,3
2025-12-03 01:00:00+00:00,Multan,91.47877773708768,µg/m³,3
2025-12-03 02:00:00+00:00,Multan,90.15558331807455,µg/m³,2
2025-12-03 03:00:00+00:00,Multan,187.99306268692015,µg/m³,2
2025-12-03 04:00:00+00:00,Multan,207.89833348592123,µg/m³,2
2025-12-03 05:00:00+00:00,Multan,193.31966654459637,µg/m³,2
2025-12-03 06:00:00+00:00,Multan,158.0190002441406,µg/m³,2
2025-12-03 07:00:00+00:00,Multan,135.6583888583713,µg/m³,3
2025-12-03 08:00:00+00:00,Multan,125.52772225273979,µg/m³,3
2025-12-03 09:00:00+00:00,Multan,100.0398333231608,µg/m³,3
2025-12-03 10:00:00+00:00,Multan,81.78972227308485,µg/m³,3
2025-12-03 11:00:00+00:00,Multan,84.34155561659071,µg/m³,3
2025-12-03 12:00:00+00:00,Multan,110.55094443427191,µg/m³,3
2025-12-03 13:00:00+00:00,Multan,140.41499989827474,µg/m³,3
2025-12-03 14:00:00+00:00,Multan,144.99741655985514,µg/m³,2
2025-12-03 15:00:00+00:00,Multan,177.05666681925453,µg/m³,2
2025-12-03 16:00:00+00:00,Multan,181.35558331807454,µg/m³,2
2025-12-03 17:00:00+00:00,Multan,167.08899993896483,µg/m³,2
2025-12-03 18:00:00+00:00,Multan,163.74441668192546,µg/m³,2
2025-12-03 19:00:00+00:00,Multan,196.07216657002766,µg/m³,2
2025-12-03 20:00:00+00:00,Multan,192.9174444198608,µg/m³,3
2025-12-03 21:00:00+00:00,Multan,165.8418332417806,µg/m³,3
2025-12-03 22:00:00+00:00,Multan,143.27683334350584,µg/m³,3
2025-12-03 23:00:00+00:00,Multan,130.78050003051757,µg/m³,3
2025-12-04 00:00:00+00:00,Multan,118.83044450547959,µg/m³,3
2025-12-04 01:00:00+00:00,Multan,116.08238889906141,µg/m³,3
2025-12-04 02:00:00+00:00,Multan,138.4278332180447,µg/m³,3
2025-12-04 03:00:00+00:00,Multan,153.94622200859916,µg/m³,3
2025-12-04 04:00:00+00:00,Multan,250.205583190918,µg/m³,2
2025-12-04 05:00:00+00:00,Multan,130.46416651407878,µg/m³,1
2025-12-04 06:00:00+00:00,Multan,72.59195817311605,µg/m³,1
2025-12-04 07:00:00+00:00,Multan,120.8725553724501,µg/m³,3
2025-12-04 08:00:00+00:00,Multan,94.9902500152588,µg/m³,2
2025-12-04 09:00:00+00:00,Multan,98.28905546400283,µg/m³,3
2025-12-04 10:00:00+00:00,Multan,92.05738889906142,µg/m³,3
2025-12-04 11:00:00+00:00,Multan,125.52950007120768,µg/m³,3
2025-12-04 12:00:00+00:00,Multan,138.17044440375435,µg/m³,3
2025-12-04 13:00:00+00:00,Multan,159.16750005086263,µg/m³,3
2025-12-04 14:00:00+00:00,Multan,189.95088890923395,µg/m³,3
2025-12-04 15:00:00+00:00,Multan,173.97075004577636,µg/m³,2
2025-12-04 16:00:00+00:00,Multan,133.58491655985515,µg/m³,2
2025-12-04 17:00:00+00:00,Multan,136.03741671244305,µg/m³,2
2025-12-04 18:00:00+00:00,Multan,143.0192501068115,µg/m³,2
2025-12-04 19:00:00+00:00,Multan,175.775,µg/m³,1
2025-12-04 20:00:00+00:00,Multan,135.59538887871636,µg/m³,3
2025-12-04 21:00:00+00:00,Multan,129.63433320787217,µg/m³,3
2025-12-04 22:00:00+00:00,Multan,133.24725011189778,µg/m³,2
2025-12-04 23:00:00+00:00,Multan,137.93616638183593,µg/m³,2
2025-12-05 00:00:00+00:00,Multan,112.67491671244304,µg/m³,2
2025-12-05 01:00:00+00:00,Multan,88.94649988810221,µg/m³,3
2025-12-05 02:00:00+00:00,Multan,140.23583348592123,µg/m³,2
2025-12-05 03:00:00+00:00,Multan,117.2729995727539,µg/m³,1
2025-12-05 04:00:00+00:00,Multan,98.68158353169758,µg/m³,2
2025-12-05 05:00:00+00:00,Multan,72.66366678873698,µg/m³,2
2025-12-05 06:00:00+00:00,Multan,65.73058331807455,µg/m³,2
2025-12-05 07:00:00+00:00,Multan,74.3759999593099,µg/m³,3
2025-12-05 08:00:00+00:00,Multan,70.4861666361491,µg/m³,3
2025-12-05 09:00:00+00:00,Multan,65.14999999999999,µg/m³,3
2025-12-05 10:00:00+00:00,Multan,61.228722212049696,µg/m³,3
2025-12-05 11:00:00+00:00,Multan,61.36294445461697,µg/m³,3
2025-12-05 12:00:00+00:00,Multan,86.59922214084202,µg/m³,3
2025-12-05 13:00:00+00:00,Multan,114.84544440375434,µg/m³,3
2025-12-05 14:00:00+00:00,Multan,105.05983327229816,µg/m³,2
2025-12-05 15:00:00+00:00,Multan,154.09191652933754,µg/m³,2
2025-12-05 16:00:00+00:00,Multan,134.8,µg/m³,2
2025-12-05 17:00:00+00:00,Multan,122.1389166514079,µg/m³,2
2025-12-05 18:00:00+00:00,Multan,126.48705554538304,µg/m³,3
2025-12-05 19:00:00+00:00,Multan,125.45261120266385,µg/m³,3
2025-12-05 20:00:00+00:00,Multan,127.72405556572808,µg/m³,3
2025-12-05 21:00:00+00:00,Multan,127.50822228325738,µg/m³,3
2025-12-05 22:00:00+00:00,Multan,85.18224983215332,µg/m³,2
2025-12-05 23:00:00+00:00,Multan,97.47358334859213,µg/m³,2
2025-12-06 00:00:00+00:00,Multan,101.00795834859213,µg/m³,2
2025-12-06 01:00:00+00:00,Multan,92.81658337910969,µg/m³,2
2025-12-06 02:00:00+00:00,Multan,94.55849990844726,µg/m³,2
2025-12-06 03:00:00+00:00,Multan,135.7,µg/m³,1
2025-12-06 04:00:00+00:00,Multan,111.440833791097,µg/m³,1
2025-12-06 05:00:00+00:00,Multan,92.16666666666667,µg/m³,1
2025-12-06 06:00:00+00:00,Multan,72.77566630045574,µg/m³,1
2025-12-06 07:00:00+00:00,Multan,105.42594443427193,µg/m³,3
2025-12-06 08:00:00+00:00,Multan,87.63458340962728,µg/m³,2
2025-12-06 09:00:00+00:00,Multan,85.22091662089029,µg/m³,2
2025-12-06 10:00:00+00:00,Multan,78.73325004577636,µg/m³,2
2025-12-06 11:00:00+00:00,Multan,94.23694449530706,µg/m³,3
2025-12-06 12:00:00+00:00,Multan,125.17933349609375,µg/m³,3
2025-12-06 13:00:00+00:00,Multan,191.03133341471354,µg/m³,3
2025-12-06 14:00:00+00:00,Multan,187.54308331807454,µg/m³,2
2025-12-06 15:00:00+00:00,Multan,226.67641665140786,µg/m³,2
2025-12-06 16:00:00+00:00,Multan,156.6974998474121,µg/m³,2
2025-12-06 17:00:00+00:00,Multan,168.61341692606607,µg/m³,2
2025-12-06 18:00:00+00:00,Multan,167.96483357747394,µg/m³,2
2025-12-06 19:00:00+00:00,Multan,153.03261099921332,µg/m³,3
2025-12-06 20:00:00+00:00,Multan,154.67688886854384,µg/m³,3
2025-12-06 21:00:00+00:00,Multan,145.20566660563154,µg/m³,3
2025-12-06 22:00:00+00:00,Multan,144.35655551486545,µg/m³,3
2025-12-06 23:00:00+00:00,Multan,153.7972777472602,µg/m³,3
2025-12-07 00:00:00+00:00,Multan,167.51394458346897,µg/m³,3
2025-12-07 01:00:00+00:00,Multan,161.22383346557615,µg/m³,3
2025-12-07 02:00:00+00:00,Multan,148.95661103990344,µg/m³,3
2025-12-07 03:00:00+00:00,Multan,155.87350006103517,µg/m³,2
2025-12-07 04:00:00+00:00,Multan,204.28600006103517,µg/m³,2
2025-12-07 05:00:00+00:00,Multan,168.9125,µg/m³,2
2025-12-07 06:00:00+00:00,Multan,142.16124992370607,µg/m³,2
2025-12-07 07:00:00+00:00,Multan,140.261333211263,µg/m³,3
2025-12-07 08:00:00+00:00,Multan,122.97688886854384,µg/m³,3
2025-12-07 09:00:00+00:00,Multan,117.39716669718423,µg/m³,3
2025-12-07 10:00:00+00:00,Multan,117.12527762518988,µg/m³,3
2025-12-07 11:00:00+00:00,Multan,122.6777222527398,µg/m³,3
2025-12-07 12:00:00+00:00,Multan,143.23899993896484,µg/m³,3
2025-12-07 13:00:00+00:00,Multan,189.25827780829536,µg/m³,3
2025-12-07 14:00:00+00:00,Multan,212.49422234429255,µg/m³,3
2025-12-07 15:00:00+00:00,Multan,218.81949996948242,µg/m³,3
2025-12-07 16:00:00+00:00,Multan,205.70655551486547,µg/m³,3
2025-12-07 17:00:00+00:00,Multan,204.3436110602485,µg/m³,3
2025-12-07 18:00:00+00:00,Multan,188.32758344014485,µg/m³,2
2025-12-07 19:00:00+00:00,Multan,160.3888333638509,µg/m³,1
2025-12-07 20:00:00+00:00,Multan,140.50141665140785,µg/m³,2
2025-12-07 21:00:00+00:00,Multan,142.6015832265218,µg/m³,2
2025-12-07 22:00:00+00:00,Multan,121.27900009155272,µg/m³,2
2025-12-07 23:00:00+00:00,Multan,140.84991658528645,µg/m³,2
2025-12-08 00:00:00+00:00,Multan,111.18899993896486,µg/m³,2
2025-12-08 01:00:00+00:00,Multan,103.07305560641818,µg/m³,3
2025-12-08 02:00:00+00:00,Multan,122.47672229342989,µg/m³,3
2025-12-08 03:00:00+00:00,Multan,133.66541659037273,µg/m³,2
2025-12-08 04:00:00+00:00,Multan,211.70061816109552,µg/m³,2
2025-12-08 05:00:00+00:00,Multan,226.8275831858317,µg/m³,2
2025-12-08 06:00:00+00:00,Multan,157.73575019836426,µg/m³,2
2025-12-08 07:00:00+00:00,Multan,98.73600006103516,µg/m³,2
2025-12-08 08:00:00+00:00,Multan,92.27041689554851,µg/m³,2
2025-12-08 09:00:00+00:00,Multan,92.62211117214628,µg/m³,3
2025-12-08 10:00:00+00:00,Multan,90.06016667683919,µg/m³,3
2025-12-08 11:00:00+00:00,Multan,97.20088890923394,µg/m³,3
2025-12-08 12:00:00+00:00,Multan,141.60738889906142,µg/m³,3
2025-12-08 13:00:00+00:00,Multan,170.21677771674263,µg/m³,3
2025-12-08 14:00:00+00:00,Multan,172.31416651407875,µg/m³,2
2025-12-08 15:00:00+00:00,Multan,184.07100011652167,µg/m³,2
2025-12-08 16:00:00+00:00,Multan,211.125,µg/m³,2
2025-12-08 17:00:00+00:00,Multan,236.0210831960042,µg/m³,2
2025-12-08 18:00:00+00:00,Multan,275.31808382670084,µg/m³,2
2025-12-08 19:00:00+00:00,Multan,183.50199974907773,µg/m³,3
2025-12-08 20:00:00+00:00,Multan,187.2184444003635,µg/m³,3
2025-12-08 21:00:00+00:00,Multan,196.66944444444445,µg/m³,3
2025-12-08 22:00:00+00:00,Multan,203.75650007459853,µg/m³,3
2025-12-08 23:00:00+00:00,Multan,186.88049969143336,µg/m³,3
2025-12-09 00:00:00+00:00,Multan,169.37661107381186,µg/m³,3
2025-12-09 01:00:00+00:00,Multan,148.51744452582466,µg/m³,3
2025-12-09 02:00:00+00:00,Multan,238.4891665140788,µg/m³,1
2025-12-09 03:00:00+00:00,Multan,178.33616625467937,µg/m³,2
2025-12-09 04:00:00+00:00,Multan,260.42199935913084,µg/m³,1
2025-12-09 05:00:00+00:00,Multan,178.712555525038,µg/m³,2
2025-12-09 06:00:00+00:00,Multan,123.85849990844726,µg/m³,1
2025-12-09 07:00:00+00:00,Multan,140.86022220187718,µg/m³,3
2025-12-09 08:00:00+00:00,Multan,125.51250000000002,µg/m³,2
2025-12-09 09:00:00+00:00,Multan,143.8805000305176,µg/m³,3
2025-12-09 10:00:00+00:00,Multan,144.10761099921334,µg/m³,3
2025-12-09 11:00:00+00:00,Multan,151.0220556471083,µg/m³,3
2025-12-09 12:00:00+00:00,Multan,174.28505562676324,µg/m³,3
2025-12-09 13:00:00+00:00,Multan,209.65260009765623,µg/m³,3
2025-12-09 14:00:00+00:00,Multan,231.75083287556967,µg/m³,3
2025-12-09 15:00:00+00:00,Multan,208.49041659037272,µg/m³,2
2025-12-09 16:00:00+00:00,Multan,215.57891667683919,µg/m³,2
2025-12-09 17:00:00+00:00,Multan,197.34150009155277,µg/m³,1
2025-12-09 18:00:00+00:00,Multan,232.19191652933756,µg/m³,2
2025-12-09 19:00:00+00:00,Multan,168.44722222222222,µg/m³,3
2025-12-09 20:00:00+00:00,Multan,179.838889143202,µg/m³,3
2025-12-09 21:00:00+00:00,Multan,173.50016640557183,µg/m³,3
2025-12-09 22:00:00+00:00,Multan,175.13883310953779,µg/m³,3
2025-12-09 23:00:00+00:00,Multan,175.86383310953775,µg/m³,3
2025-12-10 00:00:00+00:00,Multan,145.75722223917646,µg/m³,3
2025-12-10 01:00:00+00:00,Multan,126.68172251383464,µg/m³,3
2025-12-10 02:00:00+00:00,Multan,140.87311121622722,µg/m³,3
2025-12-10 03:00:00+00:00,Multan,175.74699986775715,µg/m³,2
2025-12-10 04:00:00+00:00,Multan,162.75008316040038,µg/m³,2
2025-12-10 05:00:00+00:00,Multan,197.74395860036213,µg/m³,1
2025-12-10 06:00:00+00:00,Multan,163.81925010681152,µg/m³,2
2025-12-10 07:00:00+00:00,Multan,141.7592222425673,µg/m³,3
2025-12-10 08:00:00+00:00,Multan,124.2183334350586,µg/m³,3
2025-12-10 09:00:00+00:00,Multan,125.58799997965495,µg/m³,3
2025-12-10 10:00:00+00:00,Multan,126.61588880750868,µg/m³,3
2025-12-10 11:00:00+00:00,Multan,127.61672219170464,µg/m³,3
2025-12-10 12:00:00+00:00,Multan,152.96472227308485,µg/m³,3
2025-12-10 13:00:00+00:00,Multan,204.67216669718425,µg/m³,2
2025-12-10 14:00:00+00:00,Multan,188.95125007629395,µg/m³,2
2025-12-10 15:00:00+00:00,Multan,201.91516672770183,µg/m³,2
2025-12-10 16:00:00+00:00,Multan,203.51874961853025,µg/m³,2
2025-12-10 17:00:00+00:00,Multan,213.29150009155273,µg/m³,2
2025-12-10 18:00:00+00:00,Multan,245.3156664530436,µg/m³,3
2025-12-10 19:00:00+00:00,Multan,202.52658335367838,µg/m³,2
2025-12-10 20:00:00+00:00,Multan,175.78055555555557,µg/m³,3
2025-12-10 21:00:00+00:00,Multan,184.12588873969185,µg/m³,3
2025-12-10 22:00:00+00:00,Multan,174.39355570475263,µg/m³,3
2025-12-10 23:00:00+00:00,Multan,146.05383326212566,µg/m³,3
2025-12-11 00:00:00+00:00,Multan,115.84255557590059,µg/m³,3
2025-12-11 01:00:00+00:00,Multan,113.55927776760525,µg/m³,3
2025-12-11 02:00:00+00:00,Multan,127.48725013732911,µg/m³,2
2025-12-11 03:00:00+00:00,Multan,126.50016657511394,µg/m³,2
2025-12-11 04:00:00+00:00,Multan,158.93608334859212,µg/m³,2
2025-12-11 05:00:00+00:00,Multan,134.84308331807455,µg/m³,2
2025-12-11 06:00:00+00:00,Multan,128.33458340962727,µg/m³,2
2025-12-11 07:00:00+00:00,Multan,135.72507297197978,µg/m³,4
2025-12-11 08:00:00+00:00,Multan,125.06506261825561,µg/m³,4
2025-12-11 09:00:00+00:00,Multan,115.04560419718425,µg/m³,4
2025-12-11 10:00:00+00:00,Multan,102.82924995422363,µg/m³,4
2025-12-11 11:00:00+00:00,Multan,115.31729170481364,µg/m³,4
2025-12-11 12:00:00+00:00,Multan,187.71850026448567,µg/m³,3
2025-12-11 13:00:00+00:00,Multan,216.77987492879234,µg/m³,4
2025-12-11 14:00:00+00:00,Multan,270.0944442749024,µg/m³,3
2025-12-11 15:00:00+00:00,Multan,311.41488927205404,µg/m³,3
2025-12-11 16:00:00+00:00,Multan,321.6311106363932,µg/m³,3
2025-12-11 17:00:00+00:00,Multan,332.9175552368164,µg/m³,3
2025-12-11 18:00:00+00:00,Multan,354.25908355712886,µg/m³,4
2025-12-11 19:00:00+00:00,Multan,309.8244168599446,µg/m³,4
2025-12-11 20:00:00+00:00,Multan,273.3528337478638,µg/m³,4
2025-12-11 21:00:00+00:00,Multan,268.00683263142906,µg/m³,4
2025-12-11 22:00:00+00:00,Multan,252.9841255187988,µg/m³,4
2025-12-11 23:00:00+00:00,Multan,234.30058314005532,µg/m³,4
2025-12-12 00:00:00+00:00,Multan,229.56241658528646,µg/m³,4
2025-12-12 01:00:00+00:00,Multan,196.68722222646076,µg/m³,4
2025-12-12 02:00:00+00:00,Multan,236.65555589463975,µg/m³,3
2025-12-12 03:00:00+00:00,Multan,250.42649934556744,µg/m³,3
2025-12-12 04:00:00+00:00,Multan,279.27750049167213,µg/m³,3
2025-12-12 05:00:00+00:00,Multan,242.54631376940793,µg/m³,3
2025-12-12 06:00:00+00:00,Multan,237.84816665649416,µg/m³,3
2025-12-12 07:00:00+00:00,Multan,220.37606936560738,µg/m³,3
2025-12-12 08:00:00+00:00,Multan,190.66186108059355,µg/m³,3
2025-12-12 09:00:00+00:00,Multan,174.38905546400284,µg/m³,3
2025-12-12 10:00:00+00:00,Multan,151.20188886854385,µg/m³,3
2025-12-12 11:00:00+00:00,Multan,147.10458310445148,µg/m³,2
2025-12-12 12:00:00+00:00,Multan,167.37955576578773,µg/m³,3
2025-12-12 13:00:00+00:00,Multan,232.5557781643338,µg/m³,3
2025-12-12 14:00:00+00:00,Multan,270.39816665649414,µg/m³,3
2025-12-12 15:00:00+00:00,Multan,290.5996283919723,µg/m³,3
2025-12-12 16:00:00+00:00,Multan,272.53855472140845,µg/m³,3
2025-12-12 17:00:00+00:00,Multan,250.51577758789062,µg/m³,3
2025-12-12 18:00:00+00:00,Multan,257.45644395616324,µg/m³,3
2025-12-12 19:00:00+00:00,Multan,249.06655544704861,µg/m³,3
2025-12-12 20:00:00+00:00,Multan,198.33022087944877,µg/m³,3
2025-12-12 21:00:00+00:00,Multan,222.99750073750818,µg/m³,2
2025-12-12 22:00:00+00:00,Multan,172.22055536905927,µg/m³,3
2025-12-12 23:00:00+00:00,Multan,167.0703894721137,µg/m³,3
2025-12-13 00:00:00+00:00,Multan,162.88311072455517,µg/m³,3
2025-12-13 01:00:00+00:00,Multan,166.90811089409718,µg/m³,3
2025-12-13 02:00:00+00:00,Multan,171.69327723185222,µg/m³,3
2025-12-13 03:00:00+00:00,Multan,215.01252082188927,µg/m³,2
2025-12-13 04:00:00+00:00,Multan,216.62074915568036,µg/m³,2
2025-12-13 05:00:00+00:00,Multan,193.25150044759113,µg/m³,2
2025-12-13 06:00:00+00:00,Multan,190.89972237481012,µg/m³,3
2025-12-13 07:00:00+00:00,Multan,179.3417219373915,µg/m³,3
2025-12-13 08:00:00+00:00,Multan,157.7760554843479,µg/m³,3
2025-12-13 09:00:00+00:00,Multan,148.92405556572808,µg/m³,3
2025-12-13 10:00:00+00:00,Multan,155.60755547417534,µg/m³,3
2025-12-13 11:00:00+00:00,Multan,160.262111070421,µg/m³,3
2025-12-13 12:00:00+00:00,Multan,185.59011128743487,µg/m³,3
2025-12-13 13:00:00+00:00,Multan,217.23427827623155,µg/m³,3
2025-12-13 14:00:00+00:00,Multan,216.79249945746528,µg/m³,3
2025-12-13 15:00:00+00:00,Multan,211.5439581765069,µg/m³,3
2025-12-13 16:00:00+00:00,Multan,211.91377783881293,µg/m³,3
2025-12-13 17:00:00+00:00,Multan,219.50488883124456,µg/m³,3
2025-12-13 18:00:00+00:00,Multan,229.84738888210723,µg/m³,3
2025-12-13 19:00:00+00:00,Multan,232.57688852945967,µg/m³,3
2025-12-13 20:00:00+00:00,Multan,234.695582707723,µg/m³,2
2025-12-13 21:00:00+00:00,Multan,248.28913879394537,µg/m³,2
2025-12-13 22:00:00+00:00,Multan,260.23897209167484,µg/m³,2
2025-12-13 23:00:00+00:00,Multan,208.60844455295137,µg/m³,3
2025-12-14 00:00:00+00:00,Multan,211.25538898044167,µg/m³,3
2025-12-14 01:00:00+00:00,Multan,212.03341700236,µg/m³,2
2025-12-14 02:00:00+00:00,Multan,204.53208389282224,µg/m³,2
2025-12-14 03:00:00+00:00,Multan,204.22533467610674,µg/m³,2
2025-12-14 04:00:00+00:00,Multan,204.53509594145277,µg/m³,2
2025-12-14 05:00:00+00:00,Multan,205.62058232625327,µg/m³,2
2025-12-14 06:00:00+00:00,Multan,204.37624944051106,µg/m³,2
2025-12-14 07:00:00+00:00,Multan,305.1543758392334,µg/m³,2
2025-12-14 08:00:00+00:00,Multan,248.12351449471933,µg/m³,3
2025-12-14 09:00:00+00:00,Multan,234.80999984741212,µg/m³,3
2025-12-14 10:00:00+00:00,Multan,231.78991445676243,µg/m³,3
2025-12-14 11:00:00+00:00,Multan,252.35933388604062,µg/m³,3
2025-12-14 12:00:00+00:00,Multan,263.1807780795627,µg/m³,3
2025-12-14 13:00:00+00:00,Multan,293.4925005594889,µg/m³,3
2025-12-14 14:00:00+00:00,Multan,295.6428333706326,µg/m³,3
2025-12-14 15:00:00+00:00,Multan,281.33455657958984,µg/m³,3
2025-12-14 16:00:00+00:00,Multan,280.130823163633,µg/m³,3
2025-12-14 17:00:00+00:00,Multan,299.3359158833822,µg/m³,2
2025-12-14 18:00:00+00:00,Multan,208.36288825141062,µg/m³,3
2025-12-14 19:00:00+00:00,Multan,212.7001665751139,µg/m³,1
2025-12-14 20:00:00+00:00,Multan,58.4,µg/m³,1
2025-12-14 22:00:00+00:00,Multan,48.1,µg/m³,1
2025-12-14 23:00:00+00:00,Multan,44.6,µg/m³,1
2025-12-15 00:00:00+00:00,Multan,47.4,µg/m³,1
2025-12-15 01:00:00+00:00,Multan,48.9,µg/m³,1
2025-12-15 02:00:00+00:00,Multan,56.6,µg/m³,1
2025-12-15 03:00:00+00:00,Multan,59.9,µg/m³,1
2025-12-15 04:00:00+00:00,Multan,62.1,µg/m³,1
2025-12-15 05:00:00+00:00,Multan,162.30329169649067,µg/m³,3
2025-12-15 06:00:00+00:00,Multan,111.65445836385092,µg/m³,2
2025-12-15 07:00:00+00:00,Multan,205.4180000305176,µg/m³,2
2025-12-15 08:00:00+00:00,Multan,204.39393787384034,µg/m³,2
2025-12-15 09:00:00+00:00,Multan,224.4184265278004,µg/m³,3
2025-12-15 10:00:00+00:00,Multan,218.75057515038384,µg/m³,2
2025-12-15 11:00:00+00:00,Multan,240.32461115519206,µg/m³,3
2025-12-15 12:00:00+00:00,Multan,250.9184584511651,µg/m³,3
2025-12-15 13:00:00+00:00,Multan,268.1139996846517,µg/m³,3
2025-12-15 14:00:00+00:00,Multan,251.80983428955074,µg/m³,2
2025-12-15 15:00:00+00:00,Multan,196.65922207302518,µg/m³,3
2025-12-15 16:00:00+00:00,Multan,221.2415824890137,µg/m³,2
2025-12-15 17:00:00+00:00,Multan,177.22866694132486,µg/m³,3
2025-12-15 18:00:00+00:00,Multan,232.61785348256427,µg/m³,2
2025-12-15 19:00:00+00:00,Multan,174.45266664293078,µg/m³,3
2025-12-15 20:00:00+00:00,Multan,167.83333341810442,µg/m³,3
2025-12-15 21:00:00+00:00,Multan,174.5240003797743,µg/m³,3
2025-12-15 22:00:00+00:00,Multan,174.59266679551865,µg/m³,3
2025-12-15 23:00:00+00:00,Multan,191.07033352322046,µg/m³,3
2025-12-16 00:00:00+00:00,Multan,169.50105506049263,µg/m³,3
2025-12-16 01:00:00+00:00,Multan,144.61583353678387,µg/m³,3
2025-12-16 02:00:00+00:00,Multan,170.60827721489798,µg/m³,3
2025-12-16 03:00:00+00:00,Multan,168.70694512261286,µg/m³,3
2025-12-16 04:00:00+00:00,Multan,192.57725955821851,µg/m³,3
2025-12-16 05:00:00+00:00,Multan,210.81429189046224,µg/m³,2
2025-12-16 06:00:00+00:00,Multan,194.74557489465784,µg/m³,3
2025-12-16 07:00:00+00:00,Multan,182.52903761687102,µg/m³,3
2025-12-16 08:00:00+00:00,Multan,245.86044486363727,µg/m³,2
2025-12-16 09:00:00+00:00,Multan,228.93504002888994,µg/m³,2
2025-12-16 10:00:00+00:00,Multan,247.04833348592123,µg/m³,3
2025-12-16 11:00:00+00:00,Multan,241.1335558573405,µg/m³,3
2025-12-16 12:00:00+00:00,Multan,242.86383293999566,µg/m³,3
2025-12-16 13:00:00+00:00,Multan,275.03783255683055,µg/m³,3
2025-12-16 14:00:00+00:00,Multan,293.570221540663,µg/m³,3
2025-12-16 15:00:00+00:00,Multan,283.462944454617,µg/m³,3
2025-12-16 16:00:00+00:00,Multan,270.7982778761122,µg/m³,3
2025-12-16 17:00:00+00:00,Multan,270.4610834757487,µg/m³,2
2025-12-16 18:00:00+00:00,Multan,264.4383316040039,µg/m³,2
2025-12-16 19:00:00+00:00,Multan,258.725417582194,µg/m³,2
2025-12-16 20:00:00+00:00,Multan,243.66241658528645,µg/m³,2
2025-12-16 21:00:00+00:00,Multan,174.68888863457573,µg/m³,3
2025-12-16 22:00:00+00:00,Multan,184.36249987284342,µg/m³,2
2025-12-16 23:00:00+00:00,Multan,143.2322224087185,µg/m³,3
2025-12-17 00:00:00+00:00,Multan,128.3898888481988,µg/m³,3
2025-12-17 01:00:00+00:00,Multan,123.97499991522893,µg/m³,3
2025-12-17 02:00:00+00:00,Multan,152.0176663716634,µg/m³,3
2025-12-17 03:00:00+00:00,Multan,175.3510328999272,µg/m³,3
2025-12-17 04:00:00+00:00,Multan,178.04648178241874,µg/m³,3
2025-12-17 05:00:00+00:00,Multan,173.19568607189038,µg/m³,3
2025-12-17 06:00:00+00:00,Multan,189.91812477111816,µg/m³,3
2025-12-17 07:00:00+00:00,Multan,164.76127293198195,µg/m³,3
2025-12-17 08:00:00+00:00,Multan,150.0,µg/m³,1
2025-12-17 09:00:00+00:00,Multan,129.66413425162986,µg/m³,3
2025-12-17 10:00:00+00:00,Multan,126.90851391686334,µg/m³,3
2025-12-17 11:00:00+00:00,Multan,116.62862967031974,µg/m³,3
2025-12-17 12:00:00+00:00,Multan,154.02499999999998,µg/m³,2
2025-12-17 13:00:00+00:00,Multan,190.41933305528428,µg/m³,3
2025-12-17 14:00:00+00:00,Multan,215.48883293999566,µg/m³,3
2025-12-17 15:00:00+00:00,Multan,245.622082901001,µg/m³,2
2025-12-17 16:00:00+00:00,Multan,230.58608309427896,µg/m³,2
2025-12-17 17:00:00+00:00,Multan,226.21161041259765,µg/m³,3
2025-12-17 18:00:00+00:00,Multan,218.00744510226778,µg/m³,3
2025-12-17 19:00:00+00:00,Multan,209.52429118686254,µg/m³,3
2025-12-17 20:00:00+00:00,Multan,169.68072213066947,µg/m³,3
2025-12-17 21:00:00+00:00,Multan,159.07133331298826,µg/m³,3
2025-12-17 22:00:00+00:00,Multan,163.37772233751085,µg/m³,3
2025-12-17 23:00:00+00:00,Multan,157.09994447496203,µg/m³,3
2025-12-18 00:00:00+00:00,Multan,170.59805569118922,µg/m³,3
2025-12-18 01:00:00+00:00,Multan,150.7839999112216,µg/m³,3
2025-12-18 02:00:00+00:00,Multan,150.40088890923394,µg/m³,3
2025-12-18 03:00:00+00:00,Multan,147.762166595459,µg/m³,3
2025-12-18 04:00:00+00:00,Multan,136.58327780829535,µg/m³,3
2025-12-18 05:00:00+00:00,Multan,119.31057441981152,µg/m³,3
2025-12-18 06:00:00+00:00,Multan,116.9951111263699,µg/m³,3
2025-12-18 07:00:00+00:00,Multan,97.57799987792968,µg/m³,3
2025-12-18 08:00:00+00:00,Multan,81.29227795071073,µg/m³,3
2025-12-18 09:00:00+00:00,Multan,65.00641695658366,µg/m³,2
2025-12-18 10:00:00+00:00,Multan,69.99272215101455,µg/m³,3
2025-12-18 11:00:00+00:00,Multan,96.69565274980334,µg/m³,3
2025-12-18 12:00:00+00:00,Multan,135.60141639709474,µg/m³,2
2025-12-18 13:00:00+00:00,Multan,178.12783347235782,µg/m³,3
2025-12-18 14:00:00+00:00,Multan,211.55372263590493,µg/m³,3
2025-12-18 15:00:00+00:00,Multan,241.22961103651264,µg/m³,3
2025-12-18 16:00:00+00:00,Multan,295.886166381836,µg/m³,2
2025-12-18 17:00:00+00:00,Multan,304.74699948628745,µg/m³,2
2025-12-18 18:00:00+00:00,Multan,256.33150092230903,µg/m³,3
2025-12-18 19:00:00+00:00,Multan,262.01111170450844,µg/m³,3
2025-12-18 20:00:00+00:00,Multan,219.60477812025283,µg/m³,3
2025-12-18 21:00:00+00:00,Multan,202.80733311971025,µg/m³,3
2025-12-18 22:00:00+00:00,Multan,198.69149958292644,µg/m³,3
2025-12-18 23:00:00+00:00,Multan,170.42522201538085,µg/m³,3
2025-12-19 00:00:00+00:00,Multan,161.97027689615888,µg/m³,3
2025-12-19 01:00:00+00:00,Multan,150.5658886379666,µg/m³,3
2025-12-19 02:00:00+00:00,Multan,153.789889187283,µg/m³,3
2025-12-19 03:00:00+00:00,Multan,156.50868028004962,µg/m³,3
2025-12-19 04:00:00+00:00,Multan,132.57413142040522,µg/m³,3
2025-12-19 05:00:00+00:00,Multan,156.22827334227387,µg/m³,3
2025-12-19 06:00:00+00:00,Multan,122.36540971332127,µg/m³,2
2025-12-19 07:00:00+00:00,Multan,95.2138333638509,µg/m³,3
2025-12-19 08:00:00+00:00,Multan,91.53305562337239,µg/m³,3
2025-12-19 09:00:00+00:00,Multan,78.14142588862666,µg/m³,3
2025-12-19 10:00:00+00:00,Multan,73.88050003051758,µg/m³,3
2025-12-19 11:00:00+00:00,Multan,87.8926111009386,µg/m³,3
2025-12-19 12:00:00+00:00,Multan,140.15016657511393,µg/m³,3
2025-12-19 13:00:00+00:00,Multan,187.17572207980686,µg/m³,3
2025-12-19 14:00:00+00:00,Multan,212.9008888244629,µg/m³,3
2025-12-19 15:00:00+00:00,Multan,242.2287776523166,µg/m³,3
2025-12-19 16:00:00+00:00,Multan,239.82900136311846,µg/m³,3
2025-12-19 17:00:00+00:00,Multan,250.8491661071777,µg/m³,3
2025-12-19 18:00:00+00:00,Multan,267.7983341640896,µg/m³,3
2025-12-19 19:00:00+00:00,Multan,269.68166631062826,µg/m³,3
2025-12-19 20:00:00+00:00,Multan,260.3971669514974,µg/m³,3
2025-12-19 21:00:00+00:00,Multan,258.609055074056,µg/m³,3
2025-12-19 22:00:00+00:00,Multan,286.9014996846517,µg/m³,2
2025-12-19 23:00:00+00:00,Multan,206.89744533962667,µg/m³,3
2025-12-20 00:00:00+00:00,Multan,199.52661022610133,µg/m³,3
2025-12-20 01:00:00+00:00,Multan,189.92227783203126,µg/m³,3
2025-12-20 02:00:00+00:00,Multan,175.83144471910268,µg/m³,3
2025-12-20 03:00:00+00:00,Multan,183.0121115790473,µg/m³,3
2025-12-20 04:00:00+00:00,Multan,255.18350016276042,µg/m³,1
2025-12-20 05:00:00+00:00,Multan,208.32758344014485,µg/m³,2
2025-12-20 06:00:00+00:00,Multan,190.488666788737,µg/m³,1
2025-12-20 07:00:00+00:00,Multan,145.17283318837485,µg/m³,2
2025-12-20 08:00:00+00:00,Multan,124.37633336385092,µg/m³,2
2025-12-20 09:00:00+00:00,Multan,116.67050018310546,µg/m³,2
2025-12-20 10:00:00+00:00,Multan,98.44966684977213,µg/m³,3
2025-12-20 11:00:00+00:00,Multan,112.82648472641453,µg/m³,3
2025-12-20 12:00:00+00:00,Multan,138.23349990844727,µg/m³,3
2025-12-20 13:00:00+00:00,Multan,183.22422214084202,µg/m³,3
2025-12-20 14:00:00+00:00,Multan,191.77588890923394,µg/m³,3
2025-12-20 15:00:00+00:00,Multan,195.1510554843479,µg/m³,3
2025-12-20 16:00:00+00:00,Multan,184.66033325195312,µg/m³,3
2025-12-20 17:00:00+00:00,Multan,192.85722232394747,µg/m³,3
2025-12-20 18:00:00+00:00,Multan,204.5112777709961,µg/m³,3
2025-12-20 19:00:00+00:00,Multan,188.3555001152886,µg/m³,3
2025-12-20 20:00:00+00:00,Multan,183.4054445054796,µg/m³,3
2025-12-20 21:00:00+00:00,Multan,198.46394432915585,µg/m³,3
2025-12-20 22:00:00+00:00,Multan,227.0198347727458,µg/m³,2
2025-12-20 23:00:00+00:00,Multan,239.18633384704594,µg/m³,2
2025-12-21 00:00:00+00:00,Multan,244.68016649882003,µg/m³,2
2025-12-21 01:00:00+00:00,Multan,222.3468883090549,µg/m³,3
2025-12-21 02:00:00+00:00,Multan,227.02908287048336,µg/m³,2
2025-12-21 03:00:00+00:00,Multan,234.0473336113824,µg/m³,3
2025-12-21 04:00:00+00:00,Multan,226.52972259521485,µg/m³,3
2025-12-21 05:00:00+00:00,Multan,221.51677780151365,µg/m³,3
2025-12-21 06:00:00+00:00,Multan,213.35241686503093,µg/m³,2
2025-12-21 07:00:00+00:00,Multan,212.31016599867078,µg/m³,3
2025-12-21 08:00:00+00:00,Multan,196.51200002034503,µg/m³,3
2025-12-21 09:00:00+00:00,Multan,185.75844438340928,µg/m³,3
2025-12-21 10:00:00+00:00,Multan,187.13994437323677,µg/m³,3
2025-12-21 11:00:00+00:00,Multan,180.1318333943685,µg/m³,2
2025-12-21 12:00:00+00:00,Multan,201.69611121283637,µg/m³,3
2025-12-21 13:00:00+00:00,Multan,212.7615549723307,µg/m³,3
2025-12-21 14:00:00+00:00,Multan,218.33527823554144,µg/m³,3
2025-12-21 15:00:00+00:00,Multan,215.8312223646376,µg/m³,3
2025-12-21 16:00:00+00:00,Multan,165.93325004577633,µg/m³,2
2025-12-21 17:00:00+00:00,Multan,118.76405546400281,µg/m³,3
2025-12-21 18:00:00+00:00,Multan,128.17938902113175,µg/m³,3
2025-12-21 19:00:00+00:00,Multan,117.27394451565215,µg/m³,3
2025-12-21 20:00:00+00:00,Multan,118.47608350118,µg/m³,2
2025-12-21 21:00:00+00:00,Multan,94.07883326212567,µg/m³,3
2025-12-21 22:00:00+00:00,Multan,92.47133331298829,µg/m³,3
2025-12-21 23:00:00+00:00,Multan,91.91022220187716,µg/m³,3
2025-12-22 00:00:00+00:00,Multan,100.82999979654949,µg/m³,3
2025-12-22 01:00:00+00:00,Multan,144.4823331197103,µg/m³,2
2025-12-22 02:00:00+00:00,Multan,94.57688886854385,µg/m³,3
2025-12-22 03:00:00+00:00,Multan,92.37574084246602,µg/m³,3
2025-12-22 04:00:00+00:00,Multan,85.95865285661485,µg/m³,3
2025-12-22 05:00:00+00:00,Multan,96.03135391871135,µg/m³,2
2025-12-22 06:00:00+00:00,Multan,83.07464583714804,µg/m³,2
2025-12-22 07:00:00+00:00,Multan,82.21200452027497,µg/m³,3
2025-12-22 08:00:00+00:00,Multan,67.48127788967557,µg/m³,3
2025-12-22 09:00:00+00:00,Multan,56.317777676052515,µg/m³,3
2025-12-22 10:00:00+00:00,Multan,56.55629151662191,µg/m³,3
2025-12-22 11:00:00+00:00,Multan,67.95683314005534,µg/m³,3
2025-12-22 12:00:00+00:00,Multan,77.87583338419596,µg/m³,3
2025-12-22 13:00:00+00:00,Multan,110.83977779812282,µg/m³,3
2025-12-22 14:00:00+00:00,Multan,162.55750020345053,µg/m³,3
2025-12-22 15:00:00+00:00,Multan,115.37200003729926,µg/m³,3
2025-12-22 16:00:00+00:00,Multan,97.275,µg/m³,2
2025-12-22 17:00:00+00:00,Multan,98.47038887871638,µg/m³,3
2025-12-22 18:00:00+00:00,Multan,115.11677771674262,µg/m³,3
2025-12-22 19:00:00+00:00,Multan,112.96316655476888,µg/m³,3
2025-12-22 20:00:00+00:00,Multan,112.41466674804686,µg/m³,3
2025-12-22 21:00:00+00:00,Multan,87.8576109992133,µg/m³,3
2025-12-22 22:00:00+00:00,Multan,89.9373331705729,µg/m³,3
2025-12-22 23:00:00+00:00,Multan,96.91672227647568,µg/m³,3
2025-12-23 00:00:00+00:00,Multan,81.10833333333333,µg/m³,3
2025-12-23 01:00:00+00:00,Multan,84.44061118231879,µg/m³,3
2025-12-23 02:00:00+00:00,Multan,110.06744452582467,µg/m³,3
2025-12-23 03:00:00+00:00,Multan,84.86683324178058,µg/m³,3
2025-12-23 04:00:00+00:00,Multan,64.28312511444092,µg/m³,2
2025-12-23 05:00:00+00:00,Multan,46.18239880956784,µg/m³,3
2025-12-23 06:00:00+00:00,Multan,35.43325006167094,µg/m³,2
2025-12-23 07:00:00+00:00,Multan,31.4746428974091,µg/m³,3
2025-12-23 08:00:00+00:00,Multan,27.316560185397112,µg/m³,3
2025-12-23 09:00:00+00:00,Multan,25.702651543087427,µg/m³,3
2025-12-23 10:00:00+00:00,Multan,23.399583277106284,µg/m³,2
2025-12-23 11:00:00+00:00,Multan,19.491416691740355,µg/m³,2
2025-12-23 12:00:00+00:00,Multan,34.87772221035428,µg/m³,3
2025-12-23 13:00:00+00:00,Multan,58.39272215101454,µg/m³,3
2025-12-23 14:00:00+00:00,Multan,83.02950007120769,µg/m³,3
2025-12-23 15:00:00+00:00,Multan,88.57138883802627,µg/m³,3
2025-12-23 16:00:00+00:00,Multan,114.99172219170464,µg/m³,3
2025-12-23 17:00:00+00:00,Multan,117.50441652933756,µg/m³,2
2025-12-23 18:00:00+00:00,Multan,99.52583338419595,µg/m³,3
2025-12-23 19:00:00+00:00,Multan,107.50827780829536,µg/m³,3
2025-12-23 20:00:00+00:00,Multan,89.18327780829536,µg/m³,3
2025-12-23 21:00:00+00:00,Multan,89.44983342488608,µg/m³,3
2025-12-23 22:00:00+00:00,Multan,101.90241686503092,µg/m³,2
2025-12-23 23:00:00+00:00,Multan,82.77022230360244,µg/m³,3
2025-12-24 00:00:00+00:00,Multan,87.59594463772243,µg/m³,3
2025-12-24 01:00:00+00:00,Multan,93.13227784898545,µg/m³,3
2025-12-24 02:00:00+00:00,Multan,158.3473328484429,µg/m³,3
2025-12-24 03:00:00+00:00,Multan,139.57306961483425,µg/m³,3
2025-12-24 04:00:00+00:00,Multan,99.56195820702447,µg/m³,3
2025-12-24 05:00:00+00:00,Multan,90.11381948259141,µg/m³,3
2025-12-24 06:00:00+00:00,Multan,77.0490000406901,µg/m³,3
2025-12-24 07:00:00+00:00,Multan,59.01864352402864,µg/m³,3
2025-12-24 08:00:00+00:00,Multan,40.35473339716593,µg/m³,3
2025-12-24 09:00:00+00:00,Multan,37.39054367771855,µg/m³,3
2025-12-24 10:00:00+00:00,Multan,43.6794584274292,µg/m³,3
2025-12-24 11:00:00+00:00,Multan,52.72566661834717,µg/m³,3
2025-12-24 12:00:00+00:00,Multan,77.25494427151152,µg/m³,3
2025-12-24 13:00:00+00:00,Multan,111.11913880242241,µg/m³,3
2025-12-24 14:00:00+00:00,Multan,142.587222120497,µg/m³,3
2025-12-24 15:00:00+00:00,Multan,197.98127755059136,µg/m³,3
2025-12-24 16:00:00+00:00,Multan,202.55022201538085,µg/m³,3
2025-12-24 17:00:00+00:00,Multan,198.24177788628472,µg/m³,3
2025-12-24 18:00:00+00:00,Multan,165.41655544704864,µg/m³,3
2025-12-24 19:00:00+00:00,Multan,166.11933322482642,µg/m³,3
2025-12-24 20:00:00+00:00,Multan,157.47572233412,µg/m³,3
2025-12-24 21:00:00+00:00,Multan,135.54088880750868,µg/m³,3
2025-12-24 22:00:00+00:00,Multan,132.7915556165907,µg/m³,3
2025-12-24 23:00:00+00:00,Multan,136.57222222222222,µg/m³,3
2025-12-25 00:00:00+00:00,Multan,191.15999972025554,µg/m³,2
2025-12-25 01:00:00+00:00,Multan,179.73711132473417,µg/m³,3
2025-12-25 02:00:00+00:00,Multan,216.4264989217122,µg/m³,2
2025-12-25 03:00:00+00:00,Multan,179.50633307562933,µg/m³,3
2025-12-25 04:00:00+00:00,Multan,213.7221665700277,µg/m³,2
2025-12-25 05:00:00+00:00,Multan,171.7334446377224,µg/m³,3
2025-12-25 06:00:00+00:00,Multan,141.463666788737,µg/m³,2
2025-12-25 07:00:00+00:00,Multan,86.72855563693577,µg/m³,3
2025-12-25 08:00:00+00:00,Multan,75.98722212049697,µg/m³,3
2025-12-25 09:00:00+00:00,Multan,74.24825019836426,µg/m³,2
2025-12-25 10:00:00+00:00,Multan,58.771222262912325,µg/m³,3
2025-12-25 11:00:00+00:00,Multan,61.74894451565212,µg/m³,3
2025-12-25 12:00:00+00:00,Multan,83.11672219170465,µg/m³,3
2025-12-25 13:00:00+00:00,Multan,118.21116663614909,µg/m³,3
2025-12-25 14:00:00+00:00,Multan,140.25466664632162,µg/m³,3
2025-12-25 15:00:00+00:00,Multan,160.2758888244629,µg/m³,3
2025-12-25 16:00:00+00:00,Multan,237.30283304850263,µg/m³,2
2025-12-25 17:00:00+00:00,Multan,238.2115629196167,µg/m³,2
2025-12-25 18:00:00+00:00,Multan,189.93205566406252,µg/m³,3
2025-12-25 19:00:00+00:00,Multan,203.2959997812907,µg/m³,2
2025-12-25 20:00:00+00:00,Multan,174.64300003051758,µg/m³,2
2025-12-25 21:00:00+00:00,Multan,172.67766672770185,µg/m³,3
2025-12-25 22:00:00+00:00,Multan,164.89261110093858,µg/m³,3
2025-12-25 23:00:00+00:00,Multan,157.1482221815321,µg/m³,3
2025-12-26 00:00:00+00:00,Multan,139.1146112230089,µg/m³,3
2025-12-26 01:00:00+00:00,Multan,132.43155551486544,µg/m³,3
2025-12-26 02:00:00+00:00,Multan,134.00627788967554,µg/m³,3
2025-12-26 03:00:00+00:00,Multan,156.75927776760525,µg/m³,3
2025-12-26 04:00:00+00:00,Multan,171.5521251466539,µg/m³,3
2025-12-26 05:00:00+00:00,Multan,112.66591669718423,µg/m³,3
2025-12-26 06:00:00+00:00,Multan,94.15716183273882,µg/m³,3
2025-12-26 07:00:00+00:00,Multan,84.05099537460893,µg/m³,3
2025-12-26 08:00:00+00:00,Multan,86.5165203287144,µg/m³,3
2025-12-26 09:00:00+00:00,Multan,82.23329181671143,µg/m³,3
2025-12-26 10:00:00+00:00,Multan,69.78966674804687,µg/m³,3
2025-12-26 11:00:00+00:00,Multan,73.24261110093859,µg/m³,3
2025-12-26 12:00:00+00:00,Multan,91.39916661580405,µg/m³,3
2025-12-26 13:00:00+00:00,Multan,123.25555580986871,µg/m³,3
2025-12-26 14:00:00+00:00,Multan,150.56972173055013,µg/m³,3
2025-12-26 15:00:00+00:00,Multan,149.05494427151152,µg/m³,3
2025-12-26 16:00:00+00:00,Multan,140.83255547417534,µg/m³,3
2025-12-26 17:00:00+00:00,Multan,151.55125007629394,µg/m³,2
2025-12-26 18:00:00+00:00,Multan,143.10338906182184,µg/m³,3
2025-12-26 19:00:00+00:00,Multan,148.87138883802626,µg/m³,3
2025-12-26 20:00:00+00:00,Multan,125.68555535210504,µg/m³,3
2025-12-26 21:00:00+00:00,Multan,125.84494467841256,µg/m³,3
2025-12-26 22:00:00+00:00,Multan,127.51944444444446,µg/m³,3
2025-12-26 23:00:00+00:00,Multan,135.8767222934299,µg/m³,3
2025-12-27 00:00:00+00:00,Multan,138.7710556877984,µg/m³,3
2025-12-27 01:00:00+00:00,Multan,141.07788882785374,µg/m³,3
2025-12-27 02:00:00+00:00,Multan,153.96927769978842,µg/m³,3
2025-12-27 03:00:00+00:00,Multan,217.54033393859862,µg/m³,2
2025-12-27 04:00:00+00:00,Multan,197.04633356730142,µg/m³,2
2025-12-27 05:00:00+00:00,Multan,176.53333307902017,µg/m³,3
2025-12-27 06:00:00+00:00,Multan,181.47216644287113,µg/m³,2
2025-12-27 07:00:00+00:00,Multan,187.94666646321616,µg/m³,3
2025-12-27 08:00:00+00:00,Multan,159.03144480387368,µg/m³,3
2025-12-27 09:00:00+00:00,Multan,113.05688883463544,µg/m³,3
2025-12-27 10:00:00+00:00,Multan,115.59916661580405,µg/m³,3
2025-12-27 11:00:00+00:00,Multan,109.83222232394746,µg/m³,3
2025-12-27 12:00:00+00:00,Multan,131.75094443427193,µg/m³,3
2025-12-27 13:00:00+00:00,Multan,171.33044492933485,µg/m³,3
2025-12-27 14:00:00+00:00,Multan,202.275222269694,µg/m³,3
2025-12-27 15:00:00+00:00,Multan,232.61655527750654,µg/m³,3
2025-12-27 16:00:00+00:00,Multan,293.38883349100746,µg/m³,2
2025-12-27 17:00:00+00:00,Multan,209.42688971625432,µg/m³,3
2025-12-27 18:00:00+00:00,Multan,221.05956882900662,µg/m³,3
2025-12-27 19:00:00+00:00,Multan,234.40094451904292,µg/m³,3
2025-12-27 20:00:00+00:00,Multan,219.3976127624512,µg/m³,3
2025-12-27 21:00:00+00:00,Multan,216.71116714477543,µg/m³,3
2025-12-27 22:00:00+00:00,Multan,195.3618886311849,µg/m³,3
2025-12-27 23:00:00+00:00,Multan,195.35905532836912,µg/m³,3
2025-12-28 00:00:00+00:00,Multan,171.33722279866535,µg/m³,3
2025-12-28 01:00:00+00:00,Multan,182.72016576131185,µg/m³,3
2025-12-28 02:00:00+00:00,Multan,194.09811113145614,µg/m³,3
2025-12-28 03:00:00+00:00,Multan,219.7371108161079,µg/m³,3
2025-12-28 04:00:00+00:00,Multan,165.65455576578776,µg/m³,3
2025-12-28 05:00:00+00:00,Multan,152.79216639200845,µg/m³,2
2025-12-28 06:00:00+00:00,Multan,145.7627498626709,µg/m³,2
2025-12-28 07:00:00+00:00,Multan,140.17400004069012,µg/m³,3
2025-12-28 08:00:00+00:00,Multan,100.47605548434787,µg/m³,3
2025-12-28 09:00:00+00:00,Multan,79.80905566745334,µg/m³,3
2025-12-28 10:00:00+00:00,Multan,82.95494427151151,µg/m³,3
2025-12-28 11:00:00+00:00,Multan,82.51472227308486,µg/m³,3
2025-12-28 12:00:00+00:00,Multan,111.65088890923393,µg/m³,3
2025-12-28 13:00:00+00:00,Multan,154.4853332519531,µg/m³,3
2025-12-28 14:00:00+00:00,Multan,182.48022164238822,µg/m³,3
2025-12-28 15:00:00+00:00,Multan,194.05916612413193,µg/m³,3
2025-12-28 16:00:00+00:00,Multan,232.01675033569333,µg/m³,2
2025-12-28 17:00:00+00:00,Multan,162.42950007120768,µg/m³,3
2025-12-28 18:00:00+00:00,Multan,155.2414398122717,µg/m³,3
2025-12-28 19:00:00+00:00,Multan,153.13393060896132,µg/m³,3
2025-12-28 20:00:00+00:00,Multan,148.36477779812282,µg/m³,3
2025-12-28 21:00:00+00:00,Multan,147.13533325195314,µg/m³,3
2025-12-28 22:00:00+00:00,Multan,149.2287222120497,µg/m³,3
2025-12-28 23:00:00+00:00,Multan,147.17583338419595,µg/m³,3
2025-12-29 00:00:00+00:00,Multan,146.38788892957902,µg/m³,3
2025-12-29 01:00:00+00:00,Multan,145.1510554843479,µg/m³,3
2025-12-29 02:00:00+00:00,Multan,150.53905554877386,µg/m³,3
2025-12-29 03:00:00+00:00,Multan,206.11116663614908,µg/m³,3
2025-12-29 04:00:00+00:00,Multan,299.93333358764653,µg/m³,2
2025-12-29 05:00:00+00:00,Multan,220.30390144116947,µg/m³,2
2025-12-29 06:00:00+00:00,Multan,156.95283317565918,µg/m³,3
2025-12-29 07:00:00+00:00,Multan,142.50997233920626,µg/m³,3
2025-12-29 08:00:00+00:00,Multan,116.49355553521052,µg/m³,3
2025-12-29 09:00:00+00:00,Multan,100.85027787950304,µg/m³,3
2025-12-29 10:00:00+00:00,Multan,80.38783340454101,µg/m³,3
2025-12-29 11:00:00+00:00,Multan,73.59172219170465,µg/m³,3
2025-12-29 12:00:00+00:00,Multan,102.5289998372396,µg/m³,3
2025-12-29 13:00:00+00:00,Multan,130.6470556471083,µg/m³,3
2025-12-29 14:00:00+00:00,Multan,155.1973609076606,µg/m³,3
2025-12-29 15:00:00+00:00,Multan,216.4884171803792,µg/m³,2
2025-12-29 16:00:00+00:00,Multan,187.2519440544976,µg/m³,3
2025-12-29 17:00:00+00:00,Multan,181.68144471910264,µg/m³,3
2025-12-29 18:00:00+00:00,Multan,168.64900029500325,µg/m³,3
2025-12-29 19:00:00+00:00,Multan,159.85108350118,µg/m³,2
2025-12-29 20:00:00+00:00,Multan,146.27511105007596,µg/m³,3
2025-12-29 21:00:00+00:00,Multan,151.1278890821669,µg/m³,3
2025-12-29 22:00:00+00:00,Multan,192.4015007019043,µg/m³,2
2025-12-29 23:00:00+00:00,Multan,176.01399993896484,µg/m³,2
2025-12-30 00:00:00+00:00,Multan,169.38244501749674,µg/m³,3
2025-12-30 01:00:00+00:00,Multan,143.61661105685764,µg/m³,3
2025-12-30 02:00:00+00:00,Multan,212.36116650899254,µg/m³,2
2025-12-30 03:00:00+00:00,Multan,168.35933346218533,µg/m³,3
2025-12-30 04:00:00+00:00,Multan,90.7,µg/m³,1
2025-12-30 05:00:00+00:00,Multan,174.22588890923396,µg/m³,3
2025-12-30 06:00:00+00:00,Multan,129.83216654459633,µg/m³,2
2025-12-30 07:00:00+00:00,Multan,104.66599985758462,µg/m³,3
2025-12-30 08:00:00+00:00,Multan,100.94433339436848,µg/m³,3
2025-12-30 09:00:00+00:00,Multan,101.39883321126302,µg/m³,2
2025-12-30 10:00:00+00:00,Multan,102.41022220187716,µg/m³,3
2025-12-30 11:00:00+00:00,Multan,95.43527772691516,µg/m³,3
2025-12-30 12:00:00+00:00,Multan,113.89172219170463,µg/m³,3
2025-12-30 13:00:00+00:00,Multan,122.5554445054796,µg/m³,3
2025-12-30 14:00:00+00:00,Multan,134.14977798461913,µg/m³,3
2025-12-30 15:00:00+00:00,Multan,122.57427766588,µg/m³,3
2025-12-30 16:00:00+00:00,Multan,123.02327770657011,µg/m³,3
2025-12-30 17:00:00+00:00,Multan,129.01783345540363,µg/m³,2
2025-12-30 19:00:00+00:00,Multan,131.17399978637695,µg/m³,2
2025-12-30 20:00:00+00:00,Multan,122.7819999694824,µg/m³,2
2025-12-30 21:00:00+00:00,Multan,118.75141665140787,µg/m³,2
2025-12-30 22:00:00+00:00,Multan,112.28349990844727,µg/m³,3
2025-12-30 23:00:00+00:00,Multan,110.20266672770181,µg/m³,3
2025-12-31 00:00:00+00:00,Multan,99.36227764553495,µg/m³,3
2025-12-31 01:00:00+00:00,Multan,98.16150651411577,µg/m³,3
2025-12-31 02:00:00+00:00,Multan,108.00314658579202,µg/m³,3
2025-12-31 03:00:00+00:00,Multan,115.812888929579,µg/m³,3
2025-12-31 04:00:00+00:00,Multan,103.6603887769911,µg/m³,3
2025-12-31 05:00:00+00:00,Multan,104.60784717135958,µg/m³,2
2025-12-31 06:00:00+00:00,Multan,69.72256950802274,µg/m³,3
2025-12-31 07:00:00+00:00,Multan,60.4972777472602,µg/m³,3
2025-12-31 08:00:00+00:00,Multan,58.54722916285198,µg/m³,2
2025-12-31 09:00:00+00:00,Multan,40.62033335367838,µg/m³,3
2025-12-31 10:00:00+00:00,Multan,47.02777777777777,µg/m³,3
2025-12-31 11:00:00+00:00,Multan,47.605507890004965,µg/m³,3
2025-12-31 12:00:00+00:00,Multan,48.87194459703233,µg/m³,3
2025-12-31 13:00:00+00:00,Multan,57.90561108059353,µg/m³,3
2025-12-31 14:00:00+00:00,Multan,61.397388797336156,µg/m³,3
2025-12-31 15:00:00+00:00,Multan,63.7681363886053,µg/m³,2
2025-12-31 16:00:00+00:00,Multan,59.54398156625253,µg/m³,3
2025-12-31 17:00:00+00:00,Multan,67.88038898044162,µg/m³,3
2025-12-31 18:00:00+00:00,Multan,53.56194449530707,µg/m³,3
2025-12-31 19:00:00+00:00,Multan,50.641833241780596,µg/m³,3
2025-12-31 20:00:00+00:00,Multan,54.94088880750868,µg/m³,3
2025-12-31 21:00:00+00:00,Multan,55.0306666056315,µg/m³,3
2025-12-31 22:00:00+00:00,Multan,61.027110968695744,µg/m³,3
2025-12-31 23:00:00+00:00,Multan,106.74543733596803,µg/m³,2
2026-01-01 00:00:00+00:00,Multan,59.810222201877174,µg/m³,3
2026-01-01 01:00:00+00:00,Multan,61.08999989827475,µg/m³,3
2026-01-01 02:00:00+00:00,Multan,81.04561097886827,µg/m³,3
2026-01-01 03:00:00+00:00,Multan,92.10283330281574,µg/m³,3
2026-01-01 04:00:00+00:00,Multan,66.4787222120497,µg/m³,3
2026-01-01 05:00:00+00:00,Multan,56.534902932908814,µg/m³,3
2026-01-01 06:00:00+00:00,Multan,52.530382584936824,µg/m³,3
2026-01-01 07:00:00+00:00,Multan,46.67766672770182,µg/m³,1
2026-01-01 08:00:00+00:00,Multan,54.33960314553881,µg/m³,3
2026-01-01 09:00:00+00:00,Multan,50.37249984741211,µg/m³,3
2026-01-01 10:00:00+00:00,Multan,50.17866668701171,µg/m³,3
2026-01-01 11:00:00+00:00,Multan,56.240424231326934,µg/m³,3
2026-01-01 12:00:00+00:00,Multan,68.44466654459636,µg/m³,3
2026-01-01 13:00:00+00:00,Multan,111.77594443427192,µg/m³,3
2026-01-01 14:00:00+00:00,Multan,145.58716752794052,µg/m³,3
2026-01-01 15:00:00+00:00,Multan,172.46472201877168,µg/m³,3
2026-01-01 16:00:00+00:00,Multan,176.54338896009656,µg/m³,3
2026-01-01 17:00:00+00:00,Multan,167.35183385213213,µg/m³,3
2026-01-01 18:00:00+00:00,Multan,218.5751673380534,µg/m³,2
2026-01-01 19:00:00+00:00,Multan,160.25461146036784,µg/m³,3
2026-01-01 20:00:00+00:00,Multan,134.5325558980306,µg/m³,3
2026-01-01 21:00:00+00:00,Multan,127.7241664462619,µg/m³,3
2026-01-01 22:00:00+00:00,Multan,118.25572213066948,µg/m³,3
2026-01-01 23:00:00+00:00,Multan,140.13899993896484,µg/m³,2
2026-01-02 00:00:00+00:00,Multan,123.61083348592123,µg/m³,2
2026-01-02 01:00:00+00:00,Multan,91.7710833231608,µg/m³,3
2026-01-02 02:00:00+00:00,Multan,86.09366658528644,µg/m³,3
2026-01-02 03:00:00+00:00,Multan,83.29531488771792,µg/m³,3
2026-01-02 04:00:00+00:00,Multan,87.99811113145618,µg/m³,3
2026-01-02 05:00:00+00:00,Multan,84.48654168446859,µg/m³,3
2026-01-02 06:00:00+00:00,Multan,65.28055556615193,µg/m³,3
2026-01-02 07:00:00+00:00,Multan,62.667444494035514,µg/m³,3
2026-01-02 08:00:00+00:00,Multan,52.62594438129002,µg/m³,3
2026-01-02 09:00:00+00:00,Multan,41.26488890118069,µg/m³,3
2026-01-02 10:00:00+00:00,Multan,81.60161126454672,µg/m³,3
2026-01-02 11:00:00+00:00,Multan,117.24400024414062,µg/m³,2
2026-01-02 12:00:00+00:00,Multan,138.4048329671224,µg/m³,2
2026-01-02 13:00:00+00:00,Multan,169.8970001220703,µg/m³,3
2026-01-02 14:00:00+00:00,Multan,181.93763658928148,µg/m³,3
2026-01-02 15:00:00+00:00,Multan,228.32577811347113,µg/m³,2
2025-10-04 16:00:00+00:00,Rawalpindi,71.2044579188029,µg/m³,1
2025-10-04 17:00:00+00:00,Rawalpindi,77.59387454986573,µg/m³,1
2025-10-04 18:00:00+00:00,Rawalpindi,67.61316706339518,µg/m³,1
2025-10-04 19:00:00+00:00,Rawalpindi,64.23620827992757,µg/m³,1
2025-10-04 20:00:00+00:00,Rawalpindi,55.88675003051758,µg/m³,1
2025-10-04 21:00:00+00:00,Rawalpindi,55.21323634253608,µg/m³,1
2025-10-04 22:00:00+00:00,Rawalpindi,48.70205518934463,µg/m³,1
2025-10-04 23:00:00+00:00,Rawalpindi,46.51537532806396,µg/m³,1
2025-10-05 00:00:00+00:00,Rawalpindi,49.331125068664555,µg/m³,1
2025-10-05 01:00:00+00:00,Rawalpindi,47.34106951819526,µg/m³,1
2025-10-05 02:00:00+00:00,Rawalpindi,42.857527584499785,µg/m³,1
2025-10-05 03:00:00+00:00,Rawalpindi,45.654361004299595,µg/m³,1
2025-10-05 04:00:00+00:00,Rawalpindi,35.19431992636786,µg/m³,1
2025-10-05 05:00:00+00:00,Rawalpindi,30.36727786064148,µg/m³,1
2025-10-05 06:00:00+00:00,Rawalpindi,26.24266661802928,µg/m³,1
2025-10-05 07:00:00+00:00,Rawalpindi,22.5887361129125,µg/m³,1
2025-10-05 08:00:00+00:00,Rawalpindi,29.332611015107897,µg/m³,1
2025-10-05 09:00:00+00:00,Rawalpindi,28.71279158327314,µg/m³,1
2025-10-05 10:00:00+00:00,Rawalpindi,21.256333351135257,µg/m³,1
2025-10-05 11:00:00+00:00,Rawalpindi,23.285930556721155,µg/m³,1
2025-10-05 12:00:00+00:00,Rawalpindi,32.07029141585032,µg/m³,1
2025-10-05 13:00:00+00:00,Rawalpindi,40.85508321126302,µg/m³,1
2025-10-05 14:00:00+00:00,Rawalpindi,37.6482638253106,µg/m³,1
2025-10-05 15:00:00+00:00,Rawalpindi,33.36147243446775,µg/m³,1
2025-10-05 16:00:00+00:00,Rawalpindi,28.70652777089013,µg/m³,1
2025-10-05 17:00:00+00:00,Rawalpindi,12.746624996927048,µg/m³,1
2025-10-05 18:00:00+00:00,Rawalpindi,6.924861113230388,µg/m³,1
2025-10-05 19:00:00+00:00,Rawalpindi,9.85727272611676,µg/m³,1
2025-10-05 20:00:00+00:00,Rawalpindi,13.200444422827823,µg/m³,1
2025-10-05 21:00:00+00:00,Rawalpindi,13.242430567741394,µg/m³,1
2025-10-05 22:00:00+00:00,Rawalpindi,9.00138889418708,µg/m³,1
2025-10-05 23:00:00+00:00,Rawalpindi,10.993527772691515,µg/m³,1
2025-10-06 00:00:00+00:00,Rawalpindi,13.67070833047231,µg/m³,1
2025-10-06 01:00:00+00:00,Rawalpindi,17.810055557886763,µg/m³,1
2025-10-06 02:00:00+00:00,Rawalpindi,28.43808329370287,µg/m³,1
2025-10-06 03:00:00+00:00,Rawalpindi,30.76559112433231,µg/m³,1
2025-10-06 04:00:00+00:00,Rawalpindi,29.510555558734467,µg/m³,1
2025-10-06 05:00:00+00:00,Rawalpindi,23.348680562443203,µg/m³,1
2025-10-06 06:00:00+00:00,Rawalpindi,12.533611112170748,µg/m³,1
2025-10-06 07:00:00+00:00,Rawalpindi,16.167569438616436,µg/m³,1
2025-10-06 08:00:00+00:00,Rawalpindi,12.89784848762281,µg/m³,1
2025-10-06 09:00:00+00:00,Rawalpindi,12.733319438828362,µg/m³,1
2025-10-06 10:00:00+00:00,Rawalpindi,9.814513882001242,µg/m³,1
2025-10-06 11:00:00+00:00,Rawalpindi,9.722583325703939,µg/m³,1
2025-10-06 12:00:00+00:00,Rawalpindi,11.015347234408061,µg/m³,1
2025-10-06 13:00:00+00:00,Rawalpindi,10.131708327929179,µg/m³,1
2025-10-06 14:00:00+00:00,Rawalpindi,13.375361114078096,µg/m³,1
2025-10-06 15:00:00+00:00,Rawalpindi,8.736750004026625,µg/m³,1
2025-10-06 16:00:00+00:00,Rawalpindi,13.724722210566204,µg/m³,1
2025-10-06 17:00:00+00:00,Rawalpindi,18.17265277703603,µg/m³,1
2025-10-06 18:00:00+00:00,Rawalpindi,23.818847224447456,µg/m³,1
2025-10-06 19:00:00+00:00,Rawalpindi,23.213958334922793,µg/m³,1
2025-10-06 20:00:00+00:00,Rawalpindi,30.81936117808024,µg/m³,1
2025-10-06 21:00:00+00:00,Rawalpindi,33.962652354770235,µg/m³,1
2025-10-06 22:00:00+00:00,Rawalpindi,24.407083347108628,µg/m³,1
2025-10-06 23:00:00+00:00,Rawalpindi,25.13202779028151,µg/m³,1
2025-10-07 00:00:00+00:00,Rawalpindi,14.173958330684238,µg/m³,1
2025-10-07 01:00:00+00:00,Rawalpindi,20.04627777205573,µg/m³,1
2025-10-07 02:00:00+00:00,Rawalpindi,21.53697222603692,µg/m³,1
2025-10-07 03:00:00+00:00,Rawalpindi,51.57871188539446,µg/m³,1
2025-10-07 04:00:00+00:00,Rawalpindi,44.61234849872011,µg/m³,1
2025-10-07 05:00:00+00:00,Rawalpindi,33.35069432523515,µg/m³,1
2025-10-07 06:00:00+00:00,Rawalpindi,28.555972311231827,µg/m³,1
2025-10-07 07:00:00+00:00,Rawalpindi,24.27506943543752,µg/m³,1
2025-10-07 08:00:00+00:00,Rawalpindi,20.03060606754187,µg/m³,1
2025-10-07 09:00:00+00:00,Rawalpindi,18.201742417884596,µg/m³,1
2025-10-07 10:00:00+00:00,Rawalpindi,12.933222187889946,µg/m³,1
2025-10-07 11:00:00+00:00,Rawalpindi,11.544208327929178,µg/m³,1
2025-10-07 12:00:00+00:00,Rawalpindi,11.093805562125313,µg/m³,1
2025-10-07 13:00:00+00:00,Rawalpindi,21.08904147148132,µg/m³,1
2025-10-07 14:00:00+00:00,Rawalpindi,48.36320832570394,µg/m³,1
2025-10-07 15:00:00+00:00,Rawalpindi,41.68449974060058,µg/m³,1
2025-10-07 16:00:00+00:00,Rawalpindi,43.62916666666667,µg/m³,1
2025-10-07 17:00:00+00:00,Rawalpindi,41.10354175567627,µg/m³,1
2025-10-07 18:00:00+00:00,Rawalpindi,39.516166559855144,µg/m³,1
2025-10-07 19:00:00+00:00,Rawalpindi,32.872805613941615,µg/m³,1
2025-10-07 20:00:00+00:00,Rawalpindi,27.483124923706058,µg/m³,1
2025-10-07 21:00:00+00:00,Rawalpindi,26.37629164854685,µg/m³,1
2025-10-07 22:00:00+00:00,Rawalpindi,20.70288889143202,µg/m³,1
2025-10-07 23:00:00+00:00,Rawalpindi,20.307972229851615,µg/m³,1
2025-10-08 00:00:00+00:00,Rawalpindi,23.761958336830137,µg/m³,1
2025-10-08 01:00:00+00:00,Rawalpindi,36.69658335049947,µg/m³,1
2025-10-08 02:00:00+00:00,Rawalpindi,51.02125015258789,µg/m³,1
2025-10-08 03:00:00+00:00,Rawalpindi,52.349610816107855,µg/m³,1
2025-10-08 04:00:00+00:00,Rawalpindi,51.55512472788492,µg/m³,1
2025-10-08 05:00:00+00:00,Rawalpindi,40.77012477450901,µg/m³,1
2025-10-08 06:00:00+00:00,Rawalpindi,25.667111078898117,µg/m³,1
2025-10-08 07:00:00+00:00,Rawalpindi,20.4524583419164,µg/m³,1
2025-10-08 08:00:00+00:00,Rawalpindi,18.896541666984557,µg/m³,1
2025-10-08 09:00:00+00:00,Rawalpindi,18.880694442325165,µg/m³,1
2025-10-08 10:00:00+00:00,Rawalpindi,21.53512500921885,µg/m³,1
2025-10-08 11:00:00+00:00,Rawalpindi,25.496499999364218,µg/m³,1
2025-10-08 12:00:00+00:00,Rawalpindi,35.42891686757405,µg/m³,1
2025-10-08 13:00:00+00:00,Rawalpindi,49.73995812733968,µg/m³,1
2025-10-08 14:00:00+00:00,Rawalpindi,74.44184674157036,µg/m³,1
2025-10-08 15:00:00+00:00,Rawalpindi,48.51562480926514,µg/m³,1
2025-10-08 16:00:00+00:00,Rawalpindi,46.28852772182889,µg/m³,1
2025-10-08 17:00:00+00:00,Rawalpindi,44.89497218661838,µg/m³,1
2025-10-08 18:00:00+00:00,Rawalpindi,41.31784720950656,µg/m³,1
2025-10-08 19:00:00+00:00,Rawalpindi,39.58208325703939,µg/m³,1
2025-10-08 20:00:00+00:00,Rawalpindi,36.30920823415121,µg/m³,1
2025-10-08 21:00:00+00:00,Rawalpindi,36.60499992370605,µg/m³,1
2025-10-08 22:00:00+00:00,Rawalpindi,40.83850021362305,µg/m³,1
2025-10-08 23:00:00+00:00,Rawalpindi,36.86975021362305,µg/m³,1
2025-10-09 00:00:00+00:00,Rawalpindi,35.91195863087972,µg/m³,1
2025-10-09 01:00:00+00:00,Rawalpindi,31.216458415985112,µg/m³,1
2025-10-09 02:00:00+00:00,Rawalpindi,38.443458239237465,µg/m³,1
2025-10-09 03:00:00+00:00,Rawalpindi,36.84162502288819,µg/m³,1
2025-10-09 04:00:00+00:00,Rawalpindi,39.476902622646755,µg/m³,1
2025-10-09 05:00:00+00:00,Rawalpindi,30.157041488753425,µg/m³,1
2025-10-09 06:00:00+00:00,Rawalpindi,27.830916674931842,µg/m³,1
2025-10-09 07:00:00+00:00,Rawalpindi,28.754847232500712,µg/m³,1
2025-10-09 08:00:00+00:00,Rawalpindi,26.28518056604597,µg/m³,1
2025-10-09 09:00:00+00:00,Rawalpindi,25.328347219361202,µg/m³,1
2025-10-09 10:00:00+00:00,Rawalpindi,29.014236140251157,µg/m³,1
2025-10-09 11:00:00+00:00,Rawalpindi,30.253694309128658,µg/m³,1
2025-10-09 12:00:00+00:00,Rawalpindi,34.66361113654243,µg/m³,1
2025-10-09 13:00:00+00:00,Rawalpindi,51.17420800526937,µg/m³,1
2025-10-09 14:00:00+00:00,Rawalpindi,50.144249852498376,µg/m³,1
2025-10-09 15:00:00+00:00,Rawalpindi,57.77738910251193,µg/m³,1
2025-10-09 16:00:00+00:00,Rawalpindi,57.72820809682211,µg/m³,1
2025-10-09 17:00:00+00:00,Rawalpindi,62.787930700514046,µg/m³,1
2025-10-09 18:00:00+00:00,Rawalpindi,57.33555560641819,µg/m³,1
2025-10-09 19:00:00+00:00,Rawalpindi,58.07466646830241,µg/m³,1
2025-10-09 20:00:00+00:00,Rawalpindi,48.25936092800564,µg/m³,1
2025-10-09 21:00:00+00:00,Rawalpindi,38.537333424886064,µg/m³,1
2025-10-09 22:00:00+00:00,Rawalpindi,35.106458600362146,µg/m³,1
2025-10-09 23:00:00+00:00,Rawalpindi,33.69025015830994,µg/m³,1
2025-10-10 00:00:00+00:00,Rawalpindi,32.475985858175484,µg/m³,1
2025-10-10 01:00:00+00:00,Rawalpindi,34.38337491353353,µg/m³,1
2025-10-10 02:00:00+00:00,Rawalpindi,44.32245820363362,µg/m³,1
2025-10-10 03:00:00+00:00,Rawalpindi,45.94555532667372,µg/m³,1
2025-10-10 04:00:00+00:00,Rawalpindi,37.39502803749508,µg/m³,1
2025-10-10 05:00:00+00:00,Rawalpindi,35.36484704547458,µg/m³,1
2025-10-10 06:00:00+00:00,Rawalpindi,41.39131912655301,µg/m³,1
2025-10-10 07:00:00+00:00,Rawalpindi,55.10925000508627,µg/m³,1
2025-10-10 08:00:00+00:00,Rawalpindi,37.72274971008301,µg/m³,1
2025-10-10 09:00:00+00:00,Rawalpindi,31.927791611353555,µg/m³,1
2025-10-10 10:00:00+00:00,Rawalpindi,32.800874874326915,µg/m³,1
2025-10-10 11:00:00+00:00,Rawalpindi,31.552861009703737,µg/m³,1
2025-10-10 12:00:00+00:00,Rawalpindi,34.44641665617625,µg/m³,1
2025-10-10 13:00:00+00:00,Rawalpindi,48.107041740417486,µg/m³,1
2025-10-10 14:00:00+00:00,Rawalpindi,70.87188907199435,µg/m³,1
2025-10-10 15:00:00+00:00,Rawalpindi,63.63979193369547,µg/m³,1
2025-10-10 16:00:00+00:00,Rawalpindi,56.90497241550022,µg/m³,1
2025-10-10 17:00:00+00:00,Rawalpindi,56.94101399315728,µg/m³,1
2025-10-10 18:00:00+00:00,Rawalpindi,52.146041552225746,µg/m³,1
2025-10-10 19:00:00+00:00,Rawalpindi,51.48245843251547,µg/m³,1
2025-10-10 20:00:00+00:00,Rawalpindi,51.95954202016194,µg/m³,1
2025-10-10 21:00:00+00:00,Rawalpindi,45.15508359273275,µg/m³,1
2025-10-10 22:00:00+00:00,Rawalpindi,39.27050018310547,µg/m³,1
2025-10-10 23:00:00+00:00,Rawalpindi,36.53470834096273,µg/m³,1
2025-10-11 00:00:00+00:00,Rawalpindi,36.473916880289714,µg/m³,1
2025-10-11 01:00:00+00:00,Rawalpindi,39.733291689554854,µg/m³,1
2025-10-11 02:00:00+00:00,Rawalpindi,54.47423589494494,µg/m³,1
2025-10-11 03:00:00+00:00,Rawalpindi,42.834555647108296,µg/m³,1
2025-10-11 04:00:00+00:00,Rawalpindi,43.285541470845544,µg/m³,1
2025-10-11 05:00:00+00:00,Rawalpindi,63.783749771118174,µg/m³,1
2025-10-11 06:00:00+00:00,Rawalpindi,39.6654166618983,µg/m³,1
2025-10-11 07:00:00+00:00,Rawalpindi,29.967500003178916,µg/m³,1
2025-10-11 08:00:00+00:00,Rawalpindi,36.45833375453949,µg/m³,1
2025-10-11 09:00:00+00:00,Rawalpindi,36.42761107550728,µg/m³,1
2025-10-11 10:00:00+00:00,Rawalpindi,33.60158344904582,µg/m³,1
2025-10-11 12:00:00+00:00,Rawalpindi,46.010958162943524,µg/m³,1
2025-10-11 13:00:00+00:00,Rawalpindi,65.11399981180827,µg/m³,1
2025-10-11 14:00:00+00:00,Rawalpindi,69.44174982706706,µg/m³,1
2025-10-11 15:00:00+00:00,Rawalpindi,75.91729132334392,µg/m³,1
2025-10-11 16:00:00+00:00,Rawalpindi,84.12991663614909,µg/m³,1
2025-10-11 17:00:00+00:00,Rawalpindi,69.59687519073486,µg/m³,1
2025-10-11 18:00:00+00:00,Rawalpindi,62.06795864105225,µg/m³,1
2025-10-11 19:00:00+00:00,Rawalpindi,79.9701111263699,µg/m³,1
2025-10-11 20:00:00+00:00,Rawalpindi,59.67970841725668,µg/m³,1
2025-10-11 21:00:00+00:00,Rawalpindi,38.277374839782716,µg/m³,1
2025-10-11 22:00:00+00:00,Rawalpindi,41.34411129421658,µg/m³,1
2025-10-11 23:00:00+00:00,Rawalpindi,37.13520832061767,µg/m³,1
2025-10-12 00:00:00+00:00,Rawalpindi,40.06766649881999,µg/m³,1
2025-10-12 01:00:00+00:00,Rawalpindi,39.06854139963785,µg/m³,1
2025-10-12 02:00:00+00:00,Rawalpindi,37.261486286587186,µg/m³,1
2025-10-12 03:00:00+00:00,Rawalpindi,39.1417495727539,µg/m³,1
2025-10-12 04:00:00+00:00,Rawalpindi,41.21420853932699,µg/m³,1
2025-10-12 05:00:00+00:00,Rawalpindi,42.82129141489665,µg/m³,1
2025-10-12 06:00:00+00:00,Rawalpindi,42.14112491607666,µg/m³,1
2025-10-12 07:00:00+00:00,Rawalpindi,45.061722395155165,µg/m³,1
2025-10-12 08:00:00+00:00,Rawalpindi,43.98125000000001,µg/m³,1
2025-10-12 09:00:00+00:00,Rawalpindi,45.66279176076252,µg/m³,1
2025-10-12 10:00:00+00:00,Rawalpindi,39.10245800018311,µg/m³,1
2025-10-12 11:00:00+00:00,Rawalpindi,35.949680731031634,µg/m³,1
2025-10-12 12:00:00+00:00,Rawalpindi,58.86491673787435,µg/m³,1
2025-10-12 13:00:00+00:00,Rawalpindi,59.952763642205134,µg/m³,1
2025-10-12 14:00:00+00:00,Rawalpindi,65.58659746381971,µg/m³,1
2025-10-12 15:00:00+00:00,Rawalpindi,68.00088890923394,µg/m³,1
2025-10-12 16:00:00+00:00,Rawalpindi,61.74852782355415,µg/m³,1
2025-10-12 17:00:00+00:00,Rawalpindi,50.20876377953423,µg/m³,1
2025-10-12 18:00:00+00:00,Rawalpindi,45.85266672770183,µg/m³,1
2025-10-12 19:00:00+00:00,Rawalpindi,42.480291811625165,µg/m³,1
2025-10-12 20:00:00+00:00,Rawalpindi,41.55983327229817,µg/m³,1
2025-10-12 21:00:00+00:00,Rawalpindi,40.81179167429606,µg/m³,1
2025-10-12 22:00:00+00:00,Rawalpindi,37.52040288713243,µg/m³,1
2025-10-12 23:00:00+00:00,Rawalpindi,39.10449981689453,µg/m³,1
2025-10-13 00:00:00+00:00,Rawalpindi,40.67369465298123,µg/m³,1
2025-10-13 01:00:00+00:00,Rawalpindi,39.00645821889241,µg/m³,1
2025-10-13 02:00:00+00:00,Rawalpindi,43.21311166551377,µg/m³,1
2025-10-13 03:00:00+00:00,Rawalpindi,48.92081983354356,µg/m³,1
2025-10-13 04:00:00+00:00,Rawalpindi,49.05595823923746,µg/m³,1
2025-10-13 05:00:00+00:00,Rawalpindi,54.09681953854031,µg/m³,1
2025-10-13 06:00:00+00:00,Rawalpindi,51.17750002543132,µg/m³,1
2025-10-13 07:00:00+00:00,Rawalpindi,50.00212523142496,µg/m³,1
2025-10-13 08:00:00+00:00,Rawalpindi,53.93333346048991,µg/m³,1
2025-10-13 09:00:00+00:00,Rawalpindi,47.27995827992758,µg/m³,1
2025-10-13 10:00:00+00:00,Rawalpindi,41.783652729458275,µg/m³,1
2025-10-13 11:00:00+00:00,Rawalpindi,40.87375017801921,µg/m³,1
2025-10-13 12:00:00+00:00,Rawalpindi,48.49619437323676,µg/m³,1
2025-10-13 13:00:00+00:00,Rawalpindi,67.22734707726373,µg/m³,1
2025-10-13 14:00:00+00:00,Rawalpindi,70.83520844777425,µg/m³,1
2025-10-13 15:00:00+00:00,Rawalpindi,86.2708053165012,µg/m³,1
2025-10-13 16:00:00+00:00,Rawalpindi,87.8674545288086,µg/m³,1
2025-10-13 17:00:00+00:00,Rawalpindi,77.67948644426134,µg/m³,1
2025-10-13 18:00:00+00:00,Rawalpindi,76.32469435797798,µg/m³,1
2025-10-13 19:00:00+00:00,Rawalpindi,72.97334724002415,µg/m³,1
2025-10-13 20:00:00+00:00,Rawalpindi,62.93291664123535,µg/m³,1
2025-10-13 21:00:00+00:00,Rawalpindi,63.01545785268147,µg/m³,1
2025-10-13 22:00:00+00:00,Rawalpindi,51.802458381652826,µg/m³,1
2025-10-13 23:00:00+00:00,Rawalpindi,53.89570840199789,µg/m³,1
2025-10-14 00:00:00+00:00,Rawalpindi,53.54022263420953,µg/m³,1
2025-10-14 01:00:00+00:00,Rawalpindi,52.64970798492431,µg/m³,1
2025-10-14 02:00:00+00:00,Rawalpindi,67.23983319600423,µg/m³,1
2025-10-14 03:00:00+00:00,Rawalpindi,63.309333038330074,µg/m³,1
2025-10-14 04:00:00+00:00,Rawalpindi,60.96170813242594,µg/m³,1
2025-10-14 05:00:00+00:00,Rawalpindi,55.68566652933756,µg/m³,1
2025-10-14 06:00:00+00:00,Rawalpindi,59.974514155917696,µg/m³,1
2025-10-14 07:00:00+00:00,Rawalpindi,74.5853333791097,µg/m³,1
2025-10-14 08:00:00+00:00,Rawalpindi,61.62348617977566,µg/m³,1
2025-10-14 09:00:00+00:00,Rawalpindi,51.288138919406464,µg/m³,1
2025-10-14 10:00:00+00:00,Rawalpindi,48.74495843251547,µg/m³,1
2025-10-14 11:00:00+00:00,Rawalpindi,47.88070863087972,µg/m³,1
2025-10-14 12:00:00+00:00,Rawalpindi,53.07486106024847,µg/m³,1
2025-10-14 13:00:00+00:00,Rawalpindi,51.36491661071776,µg/m³,1
2025-10-14 14:00:00+00:00,Rawalpindi,64.26362514495851,µg/m³,1
2025-10-14 15:00:00+00:00,Rawalpindi,73.16050046284992,µg/m³,1
2025-10-14 16:00:00+00:00,Rawalpindi,75.84477734035916,µg/m³,1
2025-10-14 17:00:00+00:00,Rawalpindi,78.40234707726373,µg/m³,1
2025-10-14 18:00:00+00:00,Rawalpindi,72.46826428307428,µg/m³,1
2025-10-14 19:00:00+00:00,Rawalpindi,69.39818028344048,µg/m³,1
2025-10-14 20:00:00+00:00,Rawalpindi,61.044416936238605,µg/m³,1
2025-10-14 21:00:00+00:00,Rawalpindi,60.279277462429484,µg/m³,1
2025-10-14 22:00:00+00:00,Rawalpindi,59.41170838673909,µg/m³,1
2025-10-14 23:00:00+00:00,Rawalpindi,57.603097428215875,µg/m³,1
2025-10-15 00:00:00+00:00,Rawalpindi,58.24087505340575,µg/m³,1
2025-10-15 01:00:00+00:00,Rawalpindi,62.00712490081787,µg/m³,1
2025-10-15 02:00:00+00:00,Rawalpindi,68.94162502288819,µg/m³,1
2025-10-15 03:00:00+00:00,Rawalpindi,61.86281914181179,µg/m³,1
2025-10-15 04:00:00+00:00,Rawalpindi,74.48390284644233,µg/m³,1
2025-10-15 05:00:00+00:00,Rawalpindi,83.73291651407878,µg/m³,1
2025-10-15 06:00:00+00:00,Rawalpindi,54.855513657463916,µg/m³,1
2025-10-15 07:00:00+00:00,Rawalpindi,50.68312473297119,µg/m³,1
2025-10-15 08:00:00+00:00,Rawalpindi,46.52662487030029,µg/m³,1
2025-10-15 09:00:00+00:00,Rawalpindi,43.59674987792969,µg/m³,1
2025-10-15 10:00:00+00:00,Rawalpindi,43.6581806394789,µg/m³,1
2025-10-15 11:00:00+00:00,Rawalpindi,44.874541918436684,µg/m³,1
2025-10-15 12:00:00+00:00,Rawalpindi,51.19094445970324,µg/m³,1
2025-10-15 13:00:00+00:00,Rawalpindi,70.62304159800212,µg/m³,1
2025-10-15 14:00:00+00:00,Rawalpindi,81.9392500559489,µg/m³,1
2025-10-15 15:00:00+00:00,Rawalpindi,78.54690282609727,µg/m³,1
2025-10-15 16:00:00+00:00,Rawalpindi,84.45523628658718,µg/m³,1
2025-10-15 17:00:00+00:00,Rawalpindi,84.01133321126302,µg/m³,1
2025-10-15 18:00:00+00:00,Rawalpindi,70.46240295834012,µg/m³,1
2025-10-15 19:00:00+00:00,Rawalpindi,78.43679167429606,µg/m³,1
2025-10-15 20:00:00+00:00,Rawalpindi,68.8946252822876,µg/m³,1
2025-10-15 21:00:00+00:00,Rawalpindi,67.9108331044515,µg/m³,1
2025-10-15 22:00:00+00:00,Rawalpindi,61.17633336385091,µg/m³,1
2025-10-15 23:00:00+00:00,Rawalpindi,63.90583318074545,µg/m³,1
2025-10-16 00:00:00+00:00,Rawalpindi,57.88116658528646,µg/m³,1
2025-10-16 01:00:00+00:00,Rawalpindi,60.38390271928575,µg/m³,1
2025-10-16 02:00:00+00:00,Rawalpindi,70.40777770148382,µg/m³,1
2025-10-16 03:00:00+00:00,Rawalpindi,76.6330415725708,µg/m³,1
2025-10-16 04:00:00+00:00,Rawalpindi,84.71800003051757,µg/m³,1
2025-10-16 05:00:00+00:00,Rawalpindi,111.69399998982747,µg/m³,1
2025-10-16 06:00:00+00:00,Rawalpindi,119.33291689554851,µg/m³,1
2025-10-16 07:00:00+00:00,Rawalpindi,55.446097458733455,µg/m³,1
2025-10-16 08:00:00+00:00,Rawalpindi,49.684708340962736,µg/m³,1
2025-10-16 09:00:00+00:00,Rawalpindi,50.459930441114636,µg/m³,1
2025-10-16 10:00:00+00:00,Rawalpindi,50.434097184075256,µg/m³,1
2025-10-16 11:00:00+00:00,Rawalpindi,50.12995827992757,µg/m³,1
2025-10-16 12:00:00+00:00,Rawalpindi,57.84437503814697,µg/m³,1
2025-10-16 13:00:00+00:00,Rawalpindi,84.81412525177002,µg/m³,1
2025-10-16 14:00:00+00:00,Rawalpindi,112.85804195404053,µg/m³,1
2025-10-16 15:00:00+00:00,Rawalpindi,131.59188876681858,µg/m³,1
2025-10-16 16:00:00+00:00,Rawalpindi,100.67708371480306,µg/m³,1
2025-10-16 17:00:00+00:00,Rawalpindi,88.546569803026,µg/m³,1
2025-10-16 18:00:00+00:00,Rawalpindi,84.49325027465821,µg/m³,1
2025-10-16 19:00:00+00:00,Rawalpindi,71.53112506866455,µg/m³,1
2025-10-16 20:00:00+00:00,Rawalpindi,71.9667502085368,µg/m³,1
2025-10-16 21:00:00+00:00,Rawalpindi,66.55416653951009,µg/m³,1
2025-10-16 22:00:00+00:00,Rawalpindi,64.79266675313313,µg/m³,1
2025-10-16 23:00:00+00:00,Rawalpindi,61.9801248550415,µg/m³,1
2025-10-17 00:00:00+00:00,Rawalpindi,58.223958524068195,µg/m³,1
2025-10-17 01:00:00+00:00,Rawalpindi,60.83238915337458,µg/m³,1
2025-10-17 02:00:00+00:00,Rawalpindi,79.18334708743625,µg/m³,1
2025-10-17 03:00:00+00:00,Rawalpindi,69.00056976742215,µg/m³,1
2025-10-17 04:00:00+00:00,Rawalpindi,59.32708333333333,µg/m³,1
2025-10-17 05:00:00+00:00,Rawalpindi,71.79854157765706,µg/m³,1
2025-10-17 06:00:00+00:00,Rawalpindi,87.41113912794326,µg/m³,1
2025-10-17 07:00:00+00:00,Rawalpindi,95.39359679751925,µg/m³,1
2025-10-17 08:00:00+00:00,Rawalpindi,73.2570970111423,µg/m³,1
2025-10-17 09:00:00+00:00,Rawalpindi,55.83652767605252,µg/m³,1
2025-10-17 10:00:00+00:00,Rawalpindi,48.66808331807454,µg/m³,1
2025-10-17 11:00:00+00:00,Rawalpindi,52.58359720442031,µg/m³,1
2025-10-17 12:00:00+00:00,Rawalpindi,54.15529181162517,µg/m³,1
2025-10-17 13:00:00+00:00,Rawalpindi,79.48712520599365,µg/m³,1
2025-10-17 14:00:00+00:00,Rawalpindi,114.02148626115589,µg/m³,1
2025-10-17 15:00:00+00:00,Rawalpindi,116.97373629675972,µg/m³,1
2025-10-17 16:00:00+00:00,Rawalpindi,98.24829184214275,µg/m³,1
2025-10-17 17:00:00+00:00,Rawalpindi,100.51833318074544,µg/m³,1
2025-10-17 18:00:00+00:00,Rawalpindi,88.07424952189128,µg/m³,1
2025-10-17 19:00:00+00:00,Rawalpindi,81.14366671244304,µg/m³,1
2025-10-17 20:00:00+00:00,Rawalpindi,77.69913885328505,µg/m³,1
2025-10-17 21:00:00+00:00,Rawalpindi,72.27613877190483,µg/m³,1
2025-10-17 22:00:00+00:00,Rawalpindi,65.83147286309135,µg/m³,1
2025-10-17 23:00:00+00:00,Rawalpindi,58.72333348592122,µg/m³,1
2025-10-18 00:00:00+00:00,Rawalpindi,54.61120866139729,µg/m³,1
2025-10-18 01:00:00+00:00,Rawalpindi,55.11791687011719,µg/m³,1
2025-10-18 02:00:00+00:00,Rawalpindi,74.87119450039334,µg/m³,1
2025-10-18 03:00:00+00:00,Rawalpindi,67.27791697184244,µg/m³,1
2025-10-18 04:00:00+00:00,Rawalpindi,65.18433354695638,µg/m³,1
2025-10-18 05:00:00+00:00,Rawalpindi,62.025124931335455,µg/m³,1
2025-10-18 06:00:00+00:00,Rawalpindi,55.716736072964146,µg/m³,1
2025-10-18 07:00:00+00:00,Rawalpindi,67.43250007629395,µg/m³,1
2025-10-18 08:00:00+00:00,Rawalpindi,66.8967498779297,µg/m³,1
2025-10-18 09:00:00+00:00,Rawalpindi,63.13733342488606,µg/m³,1
2025-10-18 10:00:00+00:00,Rawalpindi,53.890527894761824,µg/m³,1
2025-10-18 11:00:00+00:00,Rawalpindi,54.779972415500225,µg/m³,1
2025-10-18 12:00:00+00:00,Rawalpindi,57.82950019836425,µg/m³,1
2025-10-18 13:00:00+00:00,Rawalpindi,102.3462501525879,µg/m³,1
2025-10-18 14:00:00+00:00,Rawalpindi,108.22247246636285,µg/m³,1
2025-10-18 15:00:00+00:00,Rawalpindi,92.55016644795735,µg/m³,1
2025-10-18 16:00:00+00:00,Rawalpindi,95.66991678873698,µg/m³,1
2025-10-18 17:00:00+00:00,Rawalpindi,95.56587505340576,µg/m³,1
2025-10-18 18:00:00+00:00,Rawalpindi,94.46279188791912,µg/m³,1
2025-10-18 19:00:00+00:00,Rawalpindi,78.62733319600424,µg/m³,1
2025-10-18 20:00:00+00:00,Rawalpindi,67.89174995422364,µg/m³,1
2025-10-18 21:00:00+00:00,Rawalpindi,66.16912517547608,µg/m³,1
2025-10-18 22:00:00+00:00,Rawalpindi,64.11129156748454,µg/m³,1
2025-10-18 23:00:00+00:00,Rawalpindi,80.2168748855591,µg/m³,1
2025-10-19 00:00:00+00:00,Rawalpindi,72.29404188791911,µg/m³,1
2025-10-19 01:00:00+00:00,Rawalpindi,65.92825012207031,µg/m³,1
2025-10-19 02:00:00+00:00,Rawalpindi,69.68704153696696,µg/m³,1
2025-10-19 03:00:00+00:00,Rawalpindi,64.80004177093505,µg/m³,1
2025-10-19 04:00:00+00:00,Rawalpindi,57.54483388264973,µg/m³,1
2025-10-19 05:00:00+00:00,Rawalpindi,62.76608289082845,µg/m³,1
2025-10-19 06:00:00+00:00,Rawalpindi,72.09872241550022,µg/m³,1
2025-10-19 07:00:00+00:00,Rawalpindi,72.84204146067302,µg/m³,1
2025-10-19 08:00:00+00:00,Rawalpindi,50.134694205390076,µg/m³,1
2025-10-19 09:00:00+00:00,Rawalpindi,48.584249877929686,µg/m³,1
2025-10-19 10:00:00+00:00,Rawalpindi,47.41749992370605,µg/m³,1
2025-10-19 11:00:00+00:00,Rawalpindi,52.54773608313667,µg/m³,1
2025-10-19 12:00:00+00:00,Rawalpindi,61.05840299394395,µg/m³,1
2025-10-19 13:00:00+00:00,Rawalpindi,69.66711124844021,µg/m³,1
2025-10-19 14:00:00+00:00,Rawalpindi,81.27654158274332,µg/m³,1
2025-10-19 15:00:00+00:00,Rawalpindi,89.53883336385091,µg/m³,1
2025-10-19 16:00:00+00:00,Rawalpindi,75.99029165903728,µg/m³,1
2025-10-19 17:00:00+00:00,Rawalpindi,77.73649991353354,µg/m³,1
2025-10-19 18:00:00+00:00,Rawalpindi,81.4269167582194,µg/m³,1
2025-10-19 19:00:00+00:00,Rawalpindi,87.12745876312256,µg/m³,1
2025-10-19 20:00:00+00:00,Rawalpindi,89.69106951819526,µg/m³,1
2025-10-19 21:00:00+00:00,Rawalpindi,71.28087520599365,µg/m³,1
2025-10-19 22:00:00+00:00,Rawalpindi,63.50690305497911,µg/m³,1
2025-10-19 23:00:00+00:00,Rawalpindi,54.576764191521534,µg/m³,1
2025-10-20 00:00:00+00:00,Rawalpindi,49.41741689046224,µg/m³,1
2025-10-20 01:00:00+00:00,Rawalpindi,52.726333363850905,µg/m³,1
2025-10-20 02:00:00+00:00,Rawalpindi,58.90924987792969,µg/m³,1
2025-10-20 03:00:00+00:00,Rawalpindi,66.84681941138372,µg/m³,1
2025-10-20 04:00:00+00:00,Rawalpindi,63.0156116909451,µg/m³,1
2025-10-20 08:00:00+00:00,Rawalpindi,51.81054197947185,µg/m³,1
2025-10-20 09:00:00+00:00,Rawalpindi,50.15391680399577,µg/m³,1
2025-10-20 10:00:00+00:00,Rawalpindi,45.83199958801269,µg/m³,1
2025-10-20 11:00:00+00:00,Rawalpindi,42.637916819254556,µg/m³,1
2025-10-20 12:00:00+00:00,Rawalpindi,42.23813663829456,µg/m³,1
2025-10-20 13:00:00+00:00,Rawalpindi,81.50698596106635,µg/m³,1
2025-10-20 14:00:00+00:00,Rawalpindi,99.29687493642172,µg/m³,1
2025-10-20 15:00:00+00:00,Rawalpindi,96.14097196790907,µg/m³,1
2025-10-20 16:00:00+00:00,Rawalpindi,91.02375005086265,µg/m³,1
2025-10-20 17:00:00+00:00,Rawalpindi,83.86455557081435,µg/m³,1
2025-10-20 18:00:00+00:00,Rawalpindi,115.8018054538303,µg/m³,1
2025-10-20 19:00:00+00:00,Rawalpindi,84.52015277014839,µg/m³,1
2025-10-20 20:00:00+00:00,Rawalpindi,72.94976376427543,µg/m³,1
2025-10-20 21:00:00+00:00,Rawalpindi,69.04318035973442,µg/m³,1
2025-10-20 22:00:00+00:00,Rawalpindi,63.2685832977295,µg/m³,1
2025-10-20 23:00:00+00:00,Rawalpindi,50.83366686503092,µg/m³,1
2025-10-21 00:00:00+00:00,Rawalpindi,46.71616694132487,µg/m³,1
2025-10-21 01:00:00+00:00,Rawalpindi,48.51254164377848,µg/m³,1
2025-10-21 02:00:00+00:00,Rawalpindi,65.15152757432726,µg/m³,1
2025-10-21 03:00:00+00:00,Rawalpindi,66.6752918879191,µg/m³,1
2025-10-21 04:00:00+00:00,Rawalpindi,61.7639165242513,µg/m³,1
2025-10-21 05:00:00+00:00,Rawalpindi,68.33387444814046,µg/m³,1
2025-10-21 06:00:00+00:00,Rawalpindi,85.40445868174235,µg/m³,1
2025-10-21 07:00:00+00:00,Rawalpindi,74.8947221967909,µg/m³,1
2025-10-21 08:00:00+00:00,Rawalpindi,54.224388461642796,µg/m³,1
2025-10-21 09:00:00+00:00,Rawalpindi,46.35230556064182,µg/m³,1
2025-10-21 10:00:00+00:00,Rawalpindi,40.94365257687039,µg/m³,1
2025-10-21 11:00:00+00:00,Rawalpindi,44.16080585055881,µg/m³,1
2025-10-21 12:00:00+00:00,Rawalpindi,58.00579153696696,µg/m³,1
2025-10-21 13:00:00+00:00,Rawalpindi,75.32599983215333,µg/m³,1
2025-10-21 14:00:00+00:00,Rawalpindi,91.25213898552788,µg/m³,1
2025-10-21 15:00:00+00:00,Rawalpindi,94.23009709252251,µg/m³,1
2025-10-21 16:00:00+00:00,Rawalpindi,85.96351396772597,µg/m³,1
2025-10-21 17:00:00+00:00,Rawalpindi,84.91751380496555,µg/m³,1
2025-10-21 18:00:00+00:00,Rawalpindi,99.23015274471707,µg/m³,1
2025-10-21 19:00:00+00:00,Rawalpindi,87.74213926527237,µg/m³,1
2025-10-21 20:00:00+00:00,Rawalpindi,65.68841692606607,µg/m³,1
2025-10-21 21:00:00+00:00,Rawalpindi,53.0701250076294,µg/m³,1
2025-10-21 22:00:00+00:00,Rawalpindi,51.4488748550415,µg/m³,1
2025-10-21 23:00:00+00:00,Rawalpindi,47.933083089192706,µg/m³,1
2025-10-22 00:00:00+00:00,Rawalpindi,45.70558331807455,µg/m³,1
2025-10-22 01:00:00+00:00,Rawalpindi,52.84615285661485,µg/m³,1
2025-10-22 02:00:00+00:00,Rawalpindi,54.018930456373425,µg/m³,1
2025-10-22 03:00:00+00:00,Rawalpindi,73.39763916863335,µg/m³,1
2025-10-22 04:00:00+00:00,Rawalpindi,55.30138364156087,µg/m³,1
2025-10-22 05:00:00+00:00,Rawalpindi,51.075958188374834,µg/m³,1
2025-10-22 06:00:00+00:00,Rawalpindi,63.23229185740153,µg/m³,1
2025-10-22 07:00:00+00:00,Rawalpindi,70.94454994201661,µg/m³,1
2025-10-22 08:00:00+00:00,Rawalpindi,39.72458318074544,µg/m³,1
2025-10-22 09:00:00+00:00,Rawalpindi,39.70156934526232,µg/m³,1
2025-10-22 10:00:00+00:00,Rawalpindi,39.09125931351273,µg/m³,1
2025-10-22 11:00:00+00:00,Rawalpindi,44.02422686490146,µg/m³,1
2025-10-22 12:00:00+00:00,Rawalpindi,50.32315264807807,µg/m³,1
2025-10-22 13:00:00+00:00,Rawalpindi,85.92688874138726,µg/m³,1
2025-10-22 14:00:00+00:00,Rawalpindi,78.9724168141683,µg/m³,1
2025-10-22 15:00:00+00:00,Rawalpindi,87.15413890414767,µg/m³,1
2025-10-22 16:00:00+00:00,Rawalpindi,81.98272204928928,µg/m³,1
2025-10-22 17:00:00+00:00,Rawalpindi,84.98068074120414,µg/m³,1
2025-10-22 18:00:00+00:00,Rawalpindi,74.28291689554851,µg/m³,1
2025-10-22 19:00:00+00:00,Rawalpindi,49.78919453091092,µg/m³,1
2025-10-22 20:00:00+00:00,Rawalpindi,43.61433321634929,µg/m³,1
2025-10-22 21:00:00+00:00,Rawalpindi,41.247944174872494,µg/m³,1
2025-10-22 22:00:00+00:00,Rawalpindi,42.207083257039386,µg/m³,1
2025-10-22 23:00:00+00:00,Rawalpindi,38.486666742960615,µg/m³,1
2025-10-23 00:00:00+00:00,Rawalpindi,40.70995858510335,µg/m³,1
2025-10-23 01:00:00+00:00,Rawalpindi,40.69876367780898,µg/m³,1
2025-10-23 02:00:00+00:00,Rawalpindi,48.892472415500215,µg/m³,1
2025-10-23 03:00:00+00:00,Rawalpindi,45.278722593519426,µg/m³,1
2025-10-23 04:00:00+00:00,Rawalpindi,46.3165739553946,µg/m³,1
2025-10-23 05:00:00+00:00,Rawalpindi,50.81166712443034,µg/m³,1
2025-10-23 06:00:00+00:00,Rawalpindi,47.30055575900608,µg/m³,1
2025-10-23 07:00:00+00:00,Rawalpindi,48.18924980163574,µg/m³,1
2025-10-23 08:00:00+00:00,Rawalpindi,50.59234962463379,µg/m³,1
2025-10-23 09:00:00+00:00,Rawalpindi,49.627498626708984,µg/m³,1
2025-10-23 10:00:00+00:00,Rawalpindi,54.353055275811094,µg/m³,1
2025-10-23 11:00:00+00:00,Rawalpindi,54.91794475979275,µg/m³,1
2025-10-23 12:00:00+00:00,Rawalpindi,62.51772253248428,µg/m³,1
2025-10-23 13:00:00+00:00,Rawalpindi,69.2762729991566,µg/m³,1
2025-10-23 14:00:00+00:00,Rawalpindi,68.86472214592827,µg/m³,1
2025-10-23 15:00:00+00:00,Rawalpindi,79.26904163360595,µg/m³,1
2025-10-23 16:00:00+00:00,Rawalpindi,76.88800048828125,µg/m³,1
2025-10-23 17:00:00+00:00,Rawalpindi,64.65416590372722,µg/m³,1
2025-10-23 18:00:00+00:00,Rawalpindi,69.35375022888184,µg/m³,1
2025-10-23 19:00:00+00:00,Rawalpindi,52.468833669026694,µg/m³,1
2025-10-23 20:00:00+00:00,Rawalpindi,51.978750228881836,µg/m³,1
2025-10-23 21:00:00+00:00,Rawalpindi,47.3183339436849,µg/m³,1
2025-10-23 22:00:00+00:00,Rawalpindi,44.41772669011896,µg/m³,1
2025-10-23 23:00:00+00:00,Rawalpindi,44.07809593563987,µg/m³,1
2025-10-24 00:00:00+00:00,Rawalpindi,40.92812442779541,µg/m³,1
2025-10-24 01:00:00+00:00,Rawalpindi,42.9069446987576,µg/m³,1
2025-10-24 02:00:00+00:00,Rawalpindi,47.228750228881836,µg/m³,1
2025-10-24 06:00:00+00:00,Rawalpindi,44.053334554036454,µg/m³,1
2025-10-24 07:00:00+00:00,Rawalpindi,48.0,µg/m³,1
2025-10-24 08:00:00+00:00,Rawalpindi,48.55999959309896,µg/m³,1
2025-10-24 09:00:00+00:00,Rawalpindi,50.79249954223633,µg/m³,1
2025-10-24 10:00:00+00:00,Rawalpindi,50.806332906087235,µg/m³,1
2025-10-24 11:00:00+00:00,Rawalpindi,50.482000732421874,µg/m³,1
2025-10-24 12:00:00+00:00,Rawalpindi,68.62381958431668,µg/m³,1
2025-10-24 13:00:00+00:00,Rawalpindi,78.80906929439969,µg/m³,1
2025-10-24 14:00:00+00:00,Rawalpindi,88.11170825958253,µg/m³,1
2025-10-24 15:00:00+00:00,Rawalpindi,102.5618750890096,µg/m³,1
2025-10-24 16:00:00+00:00,Rawalpindi,75.16368092430962,µg/m³,1
2025-10-24 17:00:00+00:00,Rawalpindi,68.50484722985162,µg/m³,1
2025-10-24 18:00:00+00:00,Rawalpindi,64.42236078050401,µg/m³,1
2025-10-24 19:00:00+00:00,Rawalpindi,81.2605971230401,µg/m³,1
2025-10-24 20:00:00+00:00,Rawalpindi,63.542611100938586,µg/m³,1
2025-10-24 21:00:00+00:00,Rawalpindi,53.83299992879231,µg/m³,1
2025-10-24 22:00:00+00:00,Rawalpindi,50.1187633726332,µg/m³,1
2025-10-24 23:00:00+00:00,Rawalpindi,55.31645832061768,µg/m³,1
2025-10-25 00:00:00+00:00,Rawalpindi,49.11456945207383,µg/m³,1
2025-10-25 01:00:00+00:00,Rawalpindi,57.461763657463926,µg/m³,1
2025-10-25 02:00:00+00:00,Rawalpindi,51.88872708407316,µg/m³,1
2025-10-25 03:00:00+00:00,Rawalpindi,55.177777523464634,µg/m³,1
2025-10-25 04:00:00+00:00,Rawalpindi,60.053097428215885,µg/m³,1
2025-10-25 05:00:00+00:00,Rawalpindi,55.357138782077364,µg/m³,1
2025-10-25 06:00:00+00:00,Rawalpindi,57.96270834604899,µg/m³,1
2025-10-25 07:00:00+00:00,Rawalpindi,57.9704722934299,µg/m³,1
2025-10-25 08:00:00+00:00,Rawalpindi,52.14165278540718,µg/m³,1
2025-10-25 09:00:00+00:00,Rawalpindi,59.19283352476179,µg/m³,1
2025-10-25 10:00:00+00:00,Rawalpindi,64.71915281083848,µg/m³,1
2025-10-25 11:00:00+00:00,Rawalpindi,66.90633341471354,µg/m³,1
2025-10-25 12:00:00+00:00,Rawalpindi,81.45974998474121,µg/m³,1
2025-10-25 13:00:00+00:00,Rawalpindi,89.67334711286757,µg/m³,1
2025-10-25 14:00:00+00:00,Rawalpindi,87.18151437971328,µg/m³,1
2025-10-25 15:00:00+00:00,Rawalpindi,111.31984700096977,µg/m³,1
2025-10-25 16:00:00+00:00,Rawalpindi,104.10109674665664,µg/m³,1
2025-10-25 17:00:00+00:00,Rawalpindi,81.70972209506564,µg/m³,1
2025-10-25 18:00:00+00:00,Rawalpindi,71.91975008646646,µg/m³,1
2025-10-25 19:00:00+00:00,Rawalpindi,85.78665286170111,µg/m³,1
2025-10-25 20:00:00+00:00,Rawalpindi,102.79570852915447,µg/m³,1
2025-10-25 21:00:00+00:00,Rawalpindi,68.5228748957316,µg/m³,1
2025-10-25 23:00:00+00:00,Rawalpindi,54.493194113837355,µg/m³,1
2025-10-26 00:00:00+00:00,Rawalpindi,59.59266713460286,µg/m³,1
2025-10-26 01:00:00+00:00,Rawalpindi,51.54623627132839,µg/m³,1
2025-10-26 02:00:00+00:00,Rawalpindi,50.05247200859918,µg/m³,1
2025-10-26 03:00:00+00:00,Rawalpindi,57.12834729088677,µg/m³,1
2025-10-26 04:00:00+00:00,Rawalpindi,54.76229139963786,µg/m³,1
2025-10-26 05:00:00+00:00,Rawalpindi,52.53898593054877,µg/m³,1
2025-10-26 11:00:00+00:00,Rawalpindi,59.103750228881836,µg/m³,1
2025-10-26 12:00:00+00:00,Rawalpindi,74.0159723493788,µg/m³,1
2025-10-26 13:00:00+00:00,Rawalpindi,81.4618196911282,µg/m³,1
2025-10-26 14:00:00+00:00,Rawalpindi,83.98947202894423,µg/m³,1
2025-10-26 15:00:00+00:00,Rawalpindi,112.92101378970676,µg/m³,1
2025-10-26 16:00:00+00:00,Rawalpindi,95.60569449530708,µg/m³,1
2025-10-26 17:00:00+00:00,Rawalpindi,86.01195837656657,µg/m³,1
2025-10-26 18:00:00+00:00,Rawalpindi,82.91362476348877,µg/m³,1
2025-10-26 19:00:00+00:00,Rawalpindi,98.87830539279514,µg/m³,1
2025-10-26 20:00:00+00:00,Rawalpindi,77.78284685346816,µg/m³,1
2025-10-26 21:00:00+00:00,Rawalpindi,56.55448631710476,µg/m³,1
2025-10-26 22:00:00+00:00,Rawalpindi,49.692972140842016,µg/m³,1
2025-10-26 23:00:00+00:00,Rawalpindi,47.6955276913113,µg/m³,1
2025-10-27 00:00:00+00:00,Rawalpindi,50.4225276099311,µg/m³,1
2025-10-27 01:00:00+00:00,Rawalpindi,54.28345801035564,µg/m³,1
2025-10-27 03:00:00+00:00,Rawalpindi,62.97604147593181,µg/m³,1
2025-10-27 04:00:00+00:00,Rawalpindi,54.334999084472656,µg/m³,1
2025-10-27 06:00:00+00:00,Rawalpindi,78.16999816894531,µg/m³,1
2025-10-27 07:00:00+00:00,Rawalpindi,62.95527691311306,µg/m³,1
2025-10-27 08:00:00+00:00,Rawalpindi,75.72937488555908,µg/m³,1
2025-10-27 09:00:00+00:00,Rawalpindi,80.74842594288015,µg/m³,1
2025-10-27 10:00:00+00:00,Rawalpindi,68.45449905395508,µg/m³,1
2025-10-27 11:00:00+00:00,Rawalpindi,57.02233327229817,µg/m³,1
2025-10-27 12:00:00+00:00,Rawalpindi,70.00090942382813,µg/m³,1
2025-10-27 13:00:00+00:00,Rawalpindi,104.11069467332628,µg/m³,1
2025-10-27 14:00:00+00:00,Rawalpindi,106.00618033938939,µg/m³,1
2025-10-27 15:00:00+00:00,Rawalpindi,99.86548625098334,µg/m³,1
2025-10-27 16:00:00+00:00,Rawalpindi,100.38581848144531,µg/m³,1
2025-10-27 17:00:00+00:00,Rawalpindi,101.17079156239829,µg/m³,1
2025-10-27 18:00:00+00:00,Rawalpindi,99.78113856845432,µg/m³,1
2025-10-27 19:00:00+00:00,Rawalpindi,94.61769438849556,µg/m³,1
2025-10-27 20:00:00+00:00,Rawalpindi,66.71800003051757,µg/m³,1
2025-10-27 21:00:00+00:00,Rawalpindi,64.60371202411073,µg/m³,1
2025-10-27 22:00:00+00:00,Rawalpindi,58.328569391038684,µg/m³,1
2025-10-27 23:00:00+00:00,Rawalpindi,59.03156952328152,µg/m³,1
2025-10-28 00:00:00+00:00,Rawalpindi,58.99963883294,µg/m³,1
2025-10-28 01:00:00+00:00,Rawalpindi,60.30083338419596,µg/m³,1
2025-10-28 02:00:00+00:00,Rawalpindi,72.52624956766765,µg/m³,1
2025-10-28 03:00:00+00:00,Rawalpindi,71.3732400117097,µg/m³,1
2025-10-28 04:00:00+00:00,Rawalpindi,68.58888922797308,µg/m³,1
2025-10-28 05:00:00+00:00,Rawalpindi,69.66500091552734,µg/m³,1
2025-10-28 06:00:00+00:00,Rawalpindi,62.69375912701642,µg/m³,1
2025-10-28 07:00:00+00:00,Rawalpindi,71.25883305867514,µg/m³,1
2025-10-28 08:00:00+00:00,Rawalpindi,82.6549994728782,µg/m³,1
2025-10-28 09:00:00+00:00,Rawalpindi,82.65527725219727,µg/m³,1
2025-10-28 10:00:00+00:00,Rawalpindi,77.78257589629203,µg/m³,1
2025-10-28 11:00:00+00:00,Rawalpindi,83.25890014648438,µg/m³,1
2025-10-28 12:00:00+00:00,Rawalpindi,99.69423622555202,µg/m³,1
2025-10-28 13:00:00+00:00,Rawalpindi,108.92659672631159,µg/m³,1
2025-10-28 14:00:00+00:00,Rawalpindi,116.66674944559735,µg/m³,1
2025-10-28 15:00:00+00:00,Rawalpindi,120.08954194386801,µg/m³,1
2025-10-28 16:00:00+00:00,Rawalpindi,106.31493049197728,µg/m³,1
2025-10-28 17:00:00+00:00,Rawalpindi,88.83645788828532,µg/m³,1
2025-10-28 18:00:00+00:00,Rawalpindi,87.83808314005535,µg/m³,1
2025-10-28 19:00:00+00:00,Rawalpindi,82.13700002034506,µg/m³,1
2025-10-28 20:00:00+00:00,Rawalpindi,84.63922708684747,µg/m³,1
2025-10-28 21:00:00+00:00,Rawalpindi,71.15616633097332,µg/m³,1
2025-10-28 22:00:00+00:00,Rawalpindi,65.78437519073486,µg/m³,1
2025-10-28 23:00:00+00:00,Rawalpindi,71.86221207127427,µg/m³,1
2025-10-29 00:00:00+00:00,Rawalpindi,72.39930555555556,µg/m³,1
2025-10-29 01:00:00+00:00,Rawalpindi,75.46056961483426,µg/m³,1
2025-10-29 02:00:00+00:00,Rawalpindi,82.4942636066013,µg/m³,1
2025-10-29 03:00:00+00:00,Rawalpindi,94.50624961853028,µg/m³,1
2025-10-29 04:00:00+00:00,Rawalpindi,90.05166662307013,µg/m³,1
2025-10-29 05:00:00+00:00,Rawalpindi,92.8760009765625,µg/m³,1
2025-10-29 06:00:00+00:00,Rawalpindi,125.29800109863281,µg/m³,1
2025-10-29 07:00:00+00:00,Rawalpindi,116.70833333333333,µg/m³,1
2025-10-29 08:00:00+00:00,Rawalpindi,104.87888929578993,µg/m³,1
2025-10-29 09:00:00+00:00,Rawalpindi,79.34562511444092,µg/m³,1
2025-10-29 10:00:00+00:00,Rawalpindi,79.98601394229465,µg/m³,1
2025-10-29 11:00:00+00:00,Rawalpindi,85.65604139963784,µg/m³,1
2025-10-29 12:00:00+00:00,Rawalpindi,95.97121198249584,µg/m³,1
2025-10-29 13:00:00+00:00,Rawalpindi,123.4475696351793,µg/m³,1
2025-10-29 14:00:00+00:00,Rawalpindi,126.70701410505507,µg/m³,1
2025-10-29 15:00:00+00:00,Rawalpindi,129.5891390058729,µg/m³,1
2025-10-29 16:00:00+00:00,Rawalpindi,113.98994437323677,µg/m³,1
2025-10-29 17:00:00+00:00,Rawalpindi,106.97559740278457,µg/m³,1
2025-10-29 18:00:00+00:00,Rawalpindi,104.79280531141494,µg/m³,1
2025-10-29 19:00:00+00:00,Rawalpindi,93.63437493642171,µg/m³,1
2025-10-29 20:00:00+00:00,Rawalpindi,84.21900011698405,µg/m³,1
2025-10-29 21:00:00+00:00,Rawalpindi,82.35208282470704,µg/m³,1
2025-10-29 22:00:00+00:00,Rawalpindi,88.77604173024496,µg/m³,1
2025-10-29 23:00:00+00:00,Rawalpindi,77.81522237989638,µg/m³,1
2025-10-30 00:00:00+00:00,Rawalpindi,86.54706965552435,µg/m³,1
2025-10-30 01:00:00+00:00,Rawalpindi,80.75469453599717,µg/m³,1
2025-10-30 02:00:00+00:00,Rawalpindi,92.68613662719726,µg/m³,1
2025-10-30 03:00:00+00:00,Rawalpindi,107.62597168816461,µg/m³,1
2025-10-30 04:00:00+00:00,Rawalpindi,92.43186115688748,µg/m³,1
2025-10-30 05:00:00+00:00,Rawalpindi,108.16912504831949,µg/m³,1
2025-10-30 06:00:00+00:00,Rawalpindi,119.18409718407526,µg/m³,1
2025-10-30 07:00:00+00:00,Rawalpindi,74.25149959217418,µg/m³,1
2025-10-30 08:00:00+00:00,Rawalpindi,48.9488639831543,µg/m³,1
2025-10-30 09:00:00+00:00,Rawalpindi,43.381060744776875,µg/m³,1
2025-10-30 10:00:00+00:00,Rawalpindi,50.67579135894775,µg/m³,1
2025-10-30 11:00:00+00:00,Rawalpindi,71.24069708621863,µg/m³,1
2025-10-30 12:00:00+00:00,Rawalpindi,93.74448545244006,µg/m³,1
2025-10-30 13:00:00+00:00,Rawalpindi,110.72687460581461,µg/m³,1
2025-10-30 14:00:00+00:00,Rawalpindi,110.79736116197375,µg/m³,1
2025-10-30 15:00:00+00:00,Rawalpindi,119.00649998982749,µg/m³,1
2025-10-30 16:00:00+00:00,Rawalpindi,108.68877783881294,µg/m³,1
2025-10-30 17:00:00+00:00,Rawalpindi,100.37055570814346,µg/m³,1
2025-10-30 18:00:00+00:00,Rawalpindi,100.42320804595948,µg/m³,1
2025-10-30 19:00:00+00:00,Rawalpindi,89.24683303833007,µg/m³,1
2025-10-30 20:00:00+00:00,Rawalpindi,76.22626395755344,µg/m³,1
2025-10-30 21:00:00+00:00,Rawalpindi,56.43197220696343,µg/m³,1
2025-10-30 22:00:00+00:00,Rawalpindi,51.78159703148736,µg/m³,1
2025-10-30 23:00:00+00:00,Rawalpindi,53.81520837148031,µg/m³,1
2025-10-31 00:00:00+00:00,Rawalpindi,53.47698641883003,µg/m³,1
2025-10-31 01:00:00+00:00,Rawalpindi,54.66607566602302,µg/m³,1
2025-10-31 02:00:00+00:00,Rawalpindi,71.30868074629042,µg/m³,1
2025-10-31 03:00:00+00:00,Rawalpindi,70.33263901604546,µg/m³,1
2025-10-31 04:00:00+00:00,Rawalpindi,79.22955546908908,µg/m³,1
2025-10-31 05:00:00+00:00,Rawalpindi,69.34378837816642,µg/m³,1
2025-10-31 06:00:00+00:00,Rawalpindi,63.61763911777072,µg/m³,1
2025-10-31 07:00:00+00:00,Rawalpindi,76.22098483461322,µg/m³,1
2025-10-31 08:00:00+00:00,Rawalpindi,79.88706929948596,µg/m³,1
2025-10-31 09:00:00+00:00,Rawalpindi,64.1152222527398,µg/m³,1
2025-10-31 10:00:00+00:00,Rawalpindi,55.60876416100396,µg/m³,1
2025-10-31 11:00:00+00:00,Rawalpindi,65.85204168955485,µg/m³,1
2025-10-31 12:00:00+00:00,Rawalpindi,94.78784741295708,µg/m³,1
2025-10-31 13:00:00+00:00,Rawalpindi,92.50713865492078,µg/m³,1
2025-10-31 14:00:00+00:00,Rawalpindi,112.8973609076606,µg/m³,1
2025-10-31 15:00:00+00:00,Rawalpindi,139.53095823923746,µg/m³,1
2025-10-31 16:00:00+00:00,Rawalpindi,133.68708356221515,µg/m³,1
2025-10-31 17:00:00+00:00,Rawalpindi,110.58198634253608,µg/m³,1
2025-10-31 18:00:00+00:00,Rawalpindi,110.29465329911973,µg/m³,1
2025-10-31 19:00:00+00:00,Rawalpindi,102.98937511444092,µg/m³,1
2025-10-31 20:00:00+00:00,Rawalpindi,90.78812121766985,µg/m³,1
2025-10-31 21:00:00+00:00,Rawalpindi,81.36756907569038,µg/m³,1
2025-10-31 22:00:00+00:00,Rawalpindi,66.81815310584174,µg/m³,1
2025-10-31 23:00:00+00:00,Rawalpindi,57.154916763305664,µg/m³,1
2025-11-01 00:00:00+00:00,Rawalpindi,56.508611085679796,µg/m³,1
2025-11-01 01:00:00+00:00,Rawalpindi,58.61533279418946,µg/m³,1
2025-11-01 02:00:00+00:00,Rawalpindi,63.18827798631455,µg/m³,1
2025-11-01 03:00:00+00:00,Rawalpindi,63.249139107598204,µg/m³,1
2025-11-01 04:00:00+00:00,Rawalpindi,63.36963890923394,µg/m³,1
2025-11-01 05:00:00+00:00,Rawalpindi,74.22299982706706,µg/m³,1
2025-11-01 06:00:00+00:00,Rawalpindi,88.50541687011719,µg/m³,1
2025-11-01 07:00:00+00:00,Rawalpindi,109.29849993387857,µg/m³,1
2025-11-01 08:00:00+00:00,Rawalpindi,82.20975011189778,µg/m³,1
2025-11-01 09:00:00+00:00,Rawalpindi,63.52541669209799,µg/m³,1
2025-11-01 10:00:00+00:00,Rawalpindi,73.05252753363716,µg/m³,1
2025-11-01 11:00:00+00:00,Rawalpindi,89.60705562167698,µg/m³,1
2025-11-01 12:00:00+00:00,Rawalpindi,104.51443051232233,µg/m³,1
2025-11-01 13:00:00+00:00,Rawalpindi,135.96612491607667,µg/m³,1
2025-11-01 14:00:00+00:00,Rawalpindi,137.1075142118666,µg/m³,1
2025-11-01 15:00:00+00:00,Rawalpindi,156.06177817450626,µg/m³,1
2025-11-01 16:00:00+00:00,Rawalpindi,159.52281873491077,µg/m³,1
2025-11-01 17:00:00+00:00,Rawalpindi,147.484787495931,µg/m³,1
2025-11-01 18:00:00+00:00,Rawalpindi,139.67224973042806,µg/m³,1
2025-11-01 19:00:00+00:00,Rawalpindi,106.90245800018312,µg/m³,1
2025-11-01 20:00:00+00:00,Rawalpindi,92.87462533315022,µg/m³,1
2025-11-01 21:00:00+00:00,Rawalpindi,90.25195814768472,µg/m³,1
2025-11-01 22:00:00+00:00,Rawalpindi,83.22818046145969,µg/m³,1
2025-11-01 23:00:00+00:00,Rawalpindi,75.91506994035508,µg/m³,1
2025-11-02 00:00:00+00:00,Rawalpindi,82.27229150136311,µg/m³,1
2025-11-02 01:00:00+00:00,Rawalpindi,87.09758326212564,µg/m³,1
2025-11-02 02:00:00+00:00,Rawalpindi,85.68324991861978,µg/m³,1
2025-11-02 03:00:00+00:00,Rawalpindi,66.2753472858005,µg/m³,1
2025-11-02 04:00:00+00:00,Rawalpindi,71.34136102464464,µg/m³,1
2025-11-02 05:00:00+00:00,Rawalpindi,74.04716682434082,µg/m³,1
2025-11-02 06:00:00+00:00,Rawalpindi,112.99955567253961,µg/m³,1
2025-11-02 07:00:00+00:00,Rawalpindi,106.99687480926515,µg/m³,1
2025-11-02 08:00:00+00:00,Rawalpindi,61.33349973890516,µg/m³,1
2025-11-02 09:00:00+00:00,Rawalpindi,64.9095458984375,µg/m³,1
2025-11-02 10:00:00+00:00,Rawalpindi,72.6261970057632,µg/m³,1
2025-11-02 11:00:00+00:00,Rawalpindi,73.32663900587293,µg/m³,1
2025-11-02 12:00:00+00:00,Rawalpindi,88.40476368798151,µg/m³,1
2025-11-02 13:00:00+00:00,Rawalpindi,118.29693084292943,µg/m³,1
2025-11-02 14:00:00+00:00,Rawalpindi,130.92747226291235,µg/m³,1
2025-11-02 15:00:00+00:00,Rawalpindi,141.71119465298122,µg/m³,1
2025-11-02 16:00:00+00:00,Rawalpindi,131.4944165547689,µg/m³,1
2025-11-02 17:00:00+00:00,Rawalpindi,128.47222713123668,µg/m³,1
2025-11-02 18:00:00+00:00,Rawalpindi,111.61473628150092,µg/m³,1
2025-11-02 19:00:00+00:00,Rawalpindi,106.73259762658012,µg/m³,1
2025-11-02 20:00:00+00:00,Rawalpindi,101.65523628658718,µg/m³,1
2025-11-02 21:00:00+00:00,Rawalpindi,83.16668003929985,µg/m³,1
2025-11-02 22:00:00+00:00,Rawalpindi,72.86448641883003,µg/m³,1
2025-11-02 23:00:00+00:00,Rawalpindi,70.76100044250488,µg/m³,1
2025-11-03 00:00:00+00:00,Rawalpindi,67.48069424099391,µg/m³,1
2025-11-03 01:00:00+00:00,Rawalpindi,65.87066650390626,µg/m³,1
2025-11-03 02:00:00+00:00,Rawalpindi,96.06097229851618,µg/m³,1
2025-11-03 03:00:00+00:00,Rawalpindi,99.99249954223633,µg/m³,1
2025-11-03 04:00:00+00:00,Rawalpindi,118.44298564063179,µg/m³,1
2025-11-03 05:00:00+00:00,Rawalpindi,126.1428488066702,µg/m³,1
2025-11-03 06:00:00+00:00,Rawalpindi,120.27398102371782,µg/m³,1
2025-11-03 07:00:00+00:00,Rawalpindi,116.30166651407876,µg/m³,1
2025-11-03 08:00:00+00:00,Rawalpindi,85.18530319676255,µg/m³,1
2025-11-03 09:00:00+00:00,Rawalpindi,53.0,µg/m³,1
2025-11-03 10:00:00+00:00,Rawalpindi,63.79137490590413,µg/m³,1
2025-11-03 11:00:00+00:00,Rawalpindi,67.49284720950656,µg/m³,1
2025-11-03 12:00:00+00:00,Rawalpindi,76.85254141489665,µg/m³,1
2025-11-03 13:00:00+00:00,Rawalpindi,89.27000007629395,µg/m³,1
2025-11-03 14:00:00+00:00,Rawalpindi,119.43215291765001,µg/m³,1
2025-11-03 15:00:00+00:00,Rawalpindi,126.71341654459634,µg/m³,1
2025-11-03 16:00:00+00:00,Rawalpindi,106.7219997406006,µg/m³,1
2025-11-03 17:00:00+00:00,Rawalpindi,102.26558316548665,µg/m³,1
2025-11-03 18:00:00+00:00,Rawalpindi,90.67745812733968,µg/m³,1
2025-11-03 19:00:00+00:00,Rawalpindi,80.39991671244303,µg/m³,1
2025-11-03 20:00:00+00:00,Rawalpindi,76.4157917658488,µg/m³,1
2025-11-03 21:00:00+00:00,Rawalpindi,78.86773603227404,µg/m³,1
2025-11-03 22:00:00+00:00,Rawalpindi,80.22133305867513,µg/m³,1
2025-11-03 23:00:00+00:00,Rawalpindi,85.62399978637696,µg/m³,1
2025-11-04 00:00:00+00:00,Rawalpindi,90.93324966430664,µg/m³,1
2025-11-04 01:00:00+00:00,Rawalpindi,92.59874992370605,µg/m³,1
2025-11-04 02:00:00+00:00,Rawalpindi,105.61368041568333,µg/m³,1
2025-11-04 03:00:00+00:00,Rawalpindi,117.987291653951,µg/m³,1
2025-11-04 04:00:00+00:00,Rawalpindi,106.9899235349713,µg/m³,1
2025-11-04 05:00:00+00:00,Rawalpindi,72.70016733805339,µg/m³,1
2025-11-04 06:00:00+00:00,Rawalpindi,89.44533284505208,µg/m³,1
2025-11-04 07:00:00+00:00,Rawalpindi,110.33750098092216,µg/m³,1
2025-11-04 08:00:00+00:00,Rawalpindi,163.52999877929688,µg/m³,1
2025-11-04 09:00:00+00:00,Rawalpindi,191.1699981689453,µg/m³,1
2025-11-04 10:00:00+00:00,Rawalpindi,225.58724988301594,µg/m³,1
2025-11-04 11:00:00+00:00,Rawalpindi,171.5228054894341,µg/m³,1
2025-11-04 12:00:00+00:00,Rawalpindi,98.17712497711182,µg/m³,1
2025-11-04 13:00:00+00:00,Rawalpindi,55.096291796366366,µg/m³,1
2025-11-04 14:00:00+00:00,Rawalpindi,64.04658330281576,µg/m³,1
2025-11-04 15:00:00+00:00,Rawalpindi,55.441485955980085,µg/m³,1
2025-11-04 16:00:00+00:00,Rawalpindi,47.97029158274333,µg/m³,1
2025-11-04 17:00:00+00:00,Rawalpindi,45.28645814259846,µg/m³,1
2025-11-04 18:00:00+00:00,Rawalpindi,42.85070832570394,µg/m³,1
2025-11-04 19:00:00+00:00,Rawalpindi,45.41445840199788,µg/m³,1
2025-11-04 20:00:00+00:00,Rawalpindi,62.187958463033034,µg/m³,1
2025-11-04 21:00:00+00:00,Rawalpindi,67.20479170481364,µg/m³,1
2025-11-04 22:00:00+00:00,Rawalpindi,53.451416651407875,µg/m³,1
2025-11-04 23:00:00+00:00,Rawalpindi,50.27149963378906,µg/m³,1
2025-11-05 00:00:00+00:00,Rawalpindi,45.72316652933757,µg/m³,1
2025-11-05 01:00:00+00:00,Rawalpindi,48.487416712443036,µg/m³,1
2025-11-05 02:00:00+00:00,Rawalpindi,66.24137516021729,µg/m³,1
2025-11-05 03:00:00+00:00,Rawalpindi,66.3481530295478,µg/m³,1
2025-11-05 04:00:00+00:00,Rawalpindi,74.0,µg/m³,1
2025-11-05 05:00:00+00:00,Rawalpindi,126.63399963378906,µg/m³,1
2025-11-05 07:00:00+00:00,Rawalpindi,65.84737491607666,µg/m³,1
2025-11-05 08:00:00+00:00,Rawalpindi,60.91066678365072,µg/m³,1
2025-11-05 09:00:00+00:00,Rawalpindi,53.64987506866456,µg/m³,1
2025-11-05 10:00:00+00:00,Rawalpindi,48.294611401028114,µg/m³,1
2025-11-05 11:00:00+00:00,Rawalpindi,50.380555809868696,µg/m³,1
2025-11-05 12:00:00+00:00,Rawalpindi,62.27633336385092,µg/m³,1
2025-11-05 13:00:00+00:00,Rawalpindi,67.71120789845786,µg/m³,1
2025-11-05 14:00:00+00:00,Rawalpindi,82.06958325703938,µg/m³,1
2025-11-05 15:00:00+00:00,Rawalpindi,102.71844473944769,µg/m³,1
2025-11-05 16:00:00+00:00,Rawalpindi,129.91620858510336,µg/m³,1
2025-11-05 17:00:00+00:00,Rawalpindi,138.24516665140789,µg/m³,1
2025-11-05 18:00:00+00:00,Rawalpindi,123.90504156748455,µg/m³,1
2025-11-05 19:00:00+00:00,Rawalpindi,113.76927786933051,µg/m³,1
2025-11-05 20:00:00+00:00,Rawalpindi,139.59091669718427,µg/m³,1
2025-11-05 21:00:00+00:00,Rawalpindi,78.79724998474121,µg/m³,1
2025-11-05 22:00:00+00:00,Rawalpindi,76.8646666208903,µg/m³,1
2025-11-05 23:00:00+00:00,Rawalpindi,71.42493046654594,µg/m³,1
2025-11-06 00:00:00+00:00,Rawalpindi,49.58738882276747,µg/m³,1
2025-11-06 01:00:00+00:00,Rawalpindi,43.10574989318848,µg/m³,1
2025-11-06 02:00:00+00:00,Rawalpindi,67.2628196504381,µg/m³,1
2025-11-06 03:00:00+00:00,Rawalpindi,63.62999979654948,µg/m³,1
2025-11-06 04:00:00+00:00,Rawalpindi,83.4992596661603,µg/m³,1
2025-11-06 05:00:00+00:00,Rawalpindi,94.41036101447212,µg/m³,1
2025-11-06 06:00:00+00:00,Rawalpindi,74.15712502797444,µg/m³,1
2025-11-06 07:00:00+00:00,Rawalpindi,49.43816699981689,µg/m³,1
2025-11-06 08:00:00+00:00,Rawalpindi,34.67702756987678,µg/m³,1
2025-11-06 09:00:00+00:00,Rawalpindi,41.16115300920274,µg/m³,1
2025-11-06 10:00:00+00:00,Rawalpindi,45.584999847412114,µg/m³,1
2025-11-06 11:00:00+00:00,Rawalpindi,49.27147237989637,µg/m³,1
2025-11-06 12:00:00+00:00,Rawalpindi,57.46144413418241,µg/m³,1
2025-11-06 13:00:00+00:00,Rawalpindi,85.48795846303302,µg/m³,1
2025-11-06 14:00:00+00:00,Rawalpindi,83.0285836537679,µg/m³,1
2025-11-06 15:00:00+00:00,Rawalpindi,82.91541633605958,µg/m³,1
2025-11-06 16:00:00+00:00,Rawalpindi,88.32774963378905,µg/m³,1
2025-11-06 17:00:00+00:00,Rawalpindi,96.89329191843667,µg/m³,1
2025-11-06 18:00:00+00:00,Rawalpindi,127.52662512461346,µg/m³,1
2025-11-06 19:00:00+00:00,Rawalpindi,144.13491655985516,µg/m³,1
2025-11-06 20:00:00+00:00,Rawalpindi,80.38595803578696,µg/m³,1
2025-11-06 21:00:00+00:00,Rawalpindi,63.2245280371772,µg/m³,1
2025-11-06 22:00:00+00:00,Rawalpindi,77.04270814259847,µg/m³,1
2025-11-06 23:00:00+00:00,Rawalpindi,49.43641688028972,µg/m³,1
2025-11-07 00:00:00+00:00,Rawalpindi,69.0181666056315,µg/m³,1
2025-11-07 01:00:00+00:00,Rawalpindi,93.3097499847412,µg/m³,1
2025-11-07 02:00:00+00:00,Rawalpindi,65.50387516021728,µg/m³,1
2025-11-07 03:00:00+00:00,Rawalpindi,64.72208340962727,µg/m³,1
2025-11-07 04:00:00+00:00,Rawalpindi,80.56216659545898,µg/m³,1
2025-11-07 05:00:00+00:00,Rawalpindi,83.73528302510579,µg/m³,1
2025-11-07 06:00:00+00:00,Rawalpindi,52.89739426121568,µg/m³,1
2025-11-07 07:00:00+00:00,Rawalpindi,43.35808308919271,µg/m³,1
2025-11-07 08:00:00+00:00,Rawalpindi,43.95212535858153,µg/m³,1
2025-11-07 09:00:00+00:00,Rawalpindi,43.87336150275336,µg/m³,1
2025-11-07 10:00:00+00:00,Rawalpindi,48.566180822584364,µg/m³,1
2025-11-07 11:00:00+00:00,Rawalpindi,47.55656939612495,µg/m³,1
2025-11-07 12:00:00+00:00,Rawalpindi,69.02187531789143,µg/m³,1
2025-11-07 13:00:00+00:00,Rawalpindi,88.1068333943685,µg/m³,1
2025-11-07 14:00:00+00:00,Rawalpindi,82.3571820345792,µg/m³,1
2025-11-07 15:00:00+00:00,Rawalpindi,87.09276404910618,µg/m³,1
2025-11-07 16:00:00+00:00,Rawalpindi,81.78249994913737,µg/m³,1
2025-11-07 17:00:00+00:00,Rawalpindi,84.7000836690267,µg/m³,1
2025-11-07 18:00:00+00:00,Rawalpindi,72.59616686503092,µg/m³,1
2025-11-07 19:00:00+00:00,Rawalpindi,84.58877237493341,µg/m³,1
2025-11-07 20:00:00+00:00,Rawalpindi,100.77045853932698,µg/m³,1
2025-11-07 21:00:00+00:00,Rawalpindi,96.96608327229819,µg/m³,1
2025-11-07 22:00:00+00:00,Rawalpindi,50.14087505340577,µg/m³,1
2025-11-07 23:00:00+00:00,Rawalpindi,46.0675135506524,µg/m³,1
2025-11-08 00:00:00+00:00,Rawalpindi,55.338999938964854,µg/m³,1
2025-11-08 01:00:00+00:00,Rawalpindi,84.80022197299535,µg/m³,1
2025-11-08 02:00:00+00:00,Rawalpindi,71.33122223748101,µg/m³,1
2025-11-08 03:00:00+00:00,Rawalpindi,62.04877256913618,µg/m³,1
2025-11-08 04:00:00+00:00,Rawalpindi,64.25462500254314,µg/m³,1
2025-11-08 05:00:00+00:00,Rawalpindi,93.8240975909763,µg/m³,1
2025-11-08 06:00:00+00:00,Rawalpindi,118.86980311075845,µg/m³,1
2025-11-08 07:00:00+00:00,Rawalpindi,107.91019443935818,µg/m³,1
2025-11-08 08:00:00+00:00,Rawalpindi,55.982916514078774,µg/m³,1
2025-11-08 09:00:00+00:00,Rawalpindi,43.5483336130778,µg/m³,1
2025-11-08 10:00:00+00:00,Rawalpindi,54.65304152170817,µg/m³,1
2025-11-08 11:00:00+00:00,Rawalpindi,58.70679175059001,µg/m³,1
2025-11-08 12:00:00+00:00,Rawalpindi,105.71454168955484,µg/m³,1
2025-11-08 13:00:00+00:00,Rawalpindi,114.82786093817816,µg/m³,1
2025-11-08 14:00:00+00:00,Rawalpindi,109.00675010681152,µg/m³,1
2025-11-08 15:00:00+00:00,Rawalpindi,117.34391695658364,µg/m³,1
2025-11-08 16:00:00+00:00,Rawalpindi,112.93070786794027,µg/m³,1
2025-11-08 17:00:00+00:00,Rawalpindi,100.72668039533828,µg/m³,1
2025-11-08 18:00:00+00:00,Rawalpindi,91.50724983215332,µg/m³,1
2025-11-08 19:00:00+00:00,Rawalpindi,93.49554182688394,µg/m³,1
2025-11-08 20:00:00+00:00,Rawalpindi,76.08587500254312,µg/m³,1
2025-11-08 21:00:00+00:00,Rawalpindi,77.61749992370606,µg/m³,1
2025-11-08 22:00:00+00:00,Rawalpindi,52.87987499237061,µg/m³,1
2025-11-08 23:00:00+00:00,Rawalpindi,47.57329222361247,µg/m³,1
2025-11-09 00:00:00+00:00,Rawalpindi,57.5007916132609,µg/m³,1
2025-11-09 01:00:00+00:00,Rawalpindi,93.92066637674968,µg/m³,1
2025-11-09 02:00:00+00:00,Rawalpindi,119.58112506866456,µg/m³,1
2025-11-09 03:00:00+00:00,Rawalpindi,136.96674995422362,µg/m³,1
2025-11-09 04:00:00+00:00,Rawalpindi,105.34616686503095,µg/m³,1
2025-11-09 05:00:00+00:00,Rawalpindi,95.80212497711182,µg/m³,1
2025-11-09 06:00:00+00:00,Rawalpindi,107.70195840199789,µg/m³,1
2025-11-09 07:00:00+00:00,Rawalpindi,103.55150032043457,µg/m³,1
2025-11-09 08:00:00+00:00,Rawalpindi,39.21950035095215,µg/m³,1
2025-11-09 09:00:00+00:00,Rawalpindi,51.35254141489665,µg/m³,1
2025-11-09 10:00:00+00:00,Rawalpindi,52.048458417256676,µg/m³,1
2025-11-09 11:00:00+00:00,Rawalpindi,53.397750091552744,µg/m³,1
2025-11-09 12:00:00+00:00,Rawalpindi,77.39630580478244,µg/m³,1
2025-11-09 13:00:00+00:00,Rawalpindi,102.61737486521402,µg/m³,1
2025-11-09 14:00:00+00:00,Rawalpindi,115.60891672770181,µg/m³,1
2025-11-09 15:00:00+00:00,Rawalpindi,123.62591692606607,µg/m³,1
2025-11-09 16:00:00+00:00,Rawalpindi,133.1758332570394,µg/m³,1
2025-11-09 17:00:00+00:00,Rawalpindi,121.6727913538615,µg/m³,1
2025-11-09 18:00:00+00:00,Rawalpindi,104.34199981689454,µg/m³,1
2025-11-09 19:00:00+00:00,Rawalpindi,98.59983342488606,µg/m³,1
2025-11-09 20:00:00+00:00,Rawalpindi,78.49387493133544,µg/m³,1
2025-11-09 21:00:00+00:00,Rawalpindi,75.53941637674967,µg/m³,1
2025-11-09 22:00:00+00:00,Rawalpindi,78.11433347066243,µg/m³,1
2025-11-09 23:00:00+00:00,Rawalpindi,97.71091677347819,µg/m³,1
2025-11-10 00:00:00+00:00,Rawalpindi,87.90766665140787,µg/m³,1
2025-11-10 01:00:00+00:00,Rawalpindi,73.0945416132609,µg/m³,1
2025-11-10 02:00:00+00:00,Rawalpindi,90.74524993896485,µg/m³,1
2025-11-10 03:00:00+00:00,Rawalpindi,98.5913053724501,µg/m³,1
2025-11-10 04:00:00+00:00,Rawalpindi,78.63619452582466,µg/m³,1
2025-11-10 05:00:00+00:00,Rawalpindi,73.39197918574015,µg/m³,1
2025-11-10 06:00:00+00:00,Rawalpindi,104.14525740652374,µg/m³,1
2025-11-10 07:00:00+00:00,Rawalpindi,88.0958178433505,µg/m³,1
2025-11-10 08:00:00+00:00,Rawalpindi,84.64638883802625,µg/m³,1
2025-11-10 09:00:00+00:00,Rawalpindi,68.85507022009956,µg/m³,1
2025-11-10 10:00:00+00:00,Rawalpindi,68.11702834235297,µg/m³,1
2025-11-10 11:00:00+00:00,Rawalpindi,75.65995820363362,µg/m³,1
2025-11-10 12:00:00+00:00,Rawalpindi,89.59058380126953,µg/m³,1
2025-11-10 13:00:00+00:00,Rawalpindi,130.10562496185304,µg/m³,1
2025-11-10 14:00:00+00:00,Rawalpindi,139.02204138437907,µg/m³,1
2025-11-10 15:00:00+00:00,Rawalpindi,142.03575019836427,µg/m³,1
2025-11-10 16:00:00+00:00,Rawalpindi,142.67945855458578,µg/m³,1
2025-11-10 17:00:00+00:00,Rawalpindi,134.83545831044515,µg/m³,1
2025-11-10 18:00:00+00:00,Rawalpindi,138.69291712443035,µg/m³,1
2025-11-10 19:00:00+00:00,Rawalpindi,143.6646112230089,µg/m³,1
2025-11-10 20:00:00+00:00,Rawalpindi,123.35058339436848,µg/m³,1
2025-11-10 21:00:00+00:00,Rawalpindi,124.26908315022786,µg/m³,1
2025-11-10 22:00:00+00:00,Rawalpindi,110.81074981689454,µg/m³,1
2025-11-10 23:00:00+00:00,Rawalpindi,98.85733350118001,µg/m³,1
2025-11-11 00:00:00+00:00,Rawalpindi,84.99270852406819,µg/m³,1
2025-11-11 01:00:00+00:00,Rawalpindi,94.87916666666668,µg/m³,1
2025-11-11 02:00:00+00:00,Rawalpindi,106.25254141489664,µg/m³,1
2025-11-11 03:00:00+00:00,Rawalpindi,105.96598635779486,µg/m³,1
2025-11-11 04:00:00+00:00,Rawalpindi,103.91463911268447,µg/m³,1
2025-11-11 05:00:00+00:00,Rawalpindi,113.7936664835612,µg/m³,1
2025-11-11 06:00:00+00:00,Rawalpindi,130.97258313496906,µg/m³,1
2025-11-11 07:00:00+00:00,Rawalpindi,81.13430553012425,µg/m³,1
2025-11-11 08:00:00+00:00,Rawalpindi,53.40810590801818,µg/m³,1
2025-11-11 09:00:00+00:00,Rawalpindi,62.84881983862983,µg/m³,1
2025-11-11 10:00:00+00:00,Rawalpindi,77.22990288204618,µg/m³,1
2025-11-11 11:00:00+00:00,Rawalpindi,87.46754538796165,µg/m³,1
2025-11-11 12:00:00+00:00,Rawalpindi,130.2481671188817,µg/m³,1
2025-11-11 13:00:00+00:00,Rawalpindi,167.2570274776883,µg/m³,1
2025-11-11 14:00:00+00:00,Rawalpindi,139.08575019836425,µg/m³,1
2025-11-11 15:00:00+00:00,Rawalpindi,115.96237468719484,µg/m³,1
2025-11-11 16:00:00+00:00,Rawalpindi,133.6905137591892,µg/m³,1
2025-11-11 17:00:00+00:00,Rawalpindi,123.49923589494495,µg/m³,1
2025-11-11 18:00:00+00:00,Rawalpindi,144.9750692791409,µg/m³,1
2025-11-11 19:00:00+00:00,Rawalpindi,172.1579165140788,µg/m³,1
2025-11-11 20:00:00+00:00,Rawalpindi,116.51154143015543,µg/m³,1
2025-11-11 21:00:00+00:00,Rawalpindi,83.44512462615967,µg/m³,1
2025-11-11 22:00:00+00:00,Rawalpindi,82.16694467332628,µg/m³,1
2025-11-11 23:00:00+00:00,Rawalpindi,91.65079199473064,µg/m³,1
2025-11-12 00:00:00+00:00,Rawalpindi,83.77350006103515,µg/m³,1
2025-11-12 01:00:00+00:00,Rawalpindi,96.95199966430664,µg/m³,1
2025-11-12 02:00:00+00:00,Rawalpindi,108.17020829518636,µg/m³,1
2025-11-13 13:00:00+00:00,Rawalpindi,140.06394390530056,µg/m³,1
2025-11-13 14:00:00+00:00,Rawalpindi,141.60595811208088,µg/m³,1
2025-11-13 15:00:00+00:00,Rawalpindi,155.6641665140788,µg/m³,1
2025-11-13 16:00:00+00:00,Rawalpindi,151.25533345540364,µg/m³,1
2025-11-13 17:00:00+00:00,Rawalpindi,129.50020821889242,µg/m³,1
2025-11-13 18:00:00+00:00,Rawalpindi,110.74279181162517,µg/m³,1
2025-11-13 19:00:00+00:00,Rawalpindi,98.8891668955485,µg/m³,1
2025-11-13 20:00:00+00:00,Rawalpindi,85.59200019836425,µg/m³,1
2025-11-13 21:00:00+00:00,Rawalpindi,109.33947253757053,µg/m³,1
2025-11-13 22:00:00+00:00,Rawalpindi,79.53299976695668,µg/m³,1
2025-11-13 23:00:00+00:00,Rawalpindi,104.46108296712238,µg/m³,1
2025-11-14 00:00:00+00:00,Rawalpindi,99.24012508392333,µg/m³,1
2025-11-14 02:00:00+00:00,Rawalpindi,89.46758359273275,µg/m³,1
2025-11-14 03:00:00+00:00,Rawalpindi,82.05699996948242,µg/m³,1
2025-11-14 04:00:00+00:00,Rawalpindi,88.17858289082847,µg/m³,1
2025-11-14 13:00:00+00:00,Rawalpindi,144.73520844777426,µg/m³,1
2025-11-14 14:00:00+00:00,Rawalpindi,141.18087482452395,µg/m³,1
2025-11-14 15:00:00+00:00,Rawalpindi,145.45308316548665,µg/m³,1
2025-11-14 16:00:00+00:00,Rawalpindi,136.93779150644937,µg/m³,1
2025-11-14 17:00:00+00:00,Rawalpindi,129.81741676330566,µg/m³,1
2025-11-14 18:00:00+00:00,Rawalpindi,120.2457087834676,µg/m³,1
2025-11-14 19:00:00+00:00,Rawalpindi,112.04129187266032,µg/m³,1
2025-11-14 20:00:00+00:00,Rawalpindi,105.0913335164388,µg/m³,1
2025-11-14 21:00:00+00:00,Rawalpindi,88.14654165903727,µg/m³,1
2025-11-14 22:00:00+00:00,Rawalpindi,106.09558359781902,µg/m³,1
2025-11-14 23:00:00+00:00,Rawalpindi,119.98038872612848,µg/m³,1
2025-11-15 00:00:00+00:00,Rawalpindi,77.32970841725667,µg/m³,1
2025-11-15 01:00:00+00:00,Rawalpindi,88.24994409349229,µg/m³,1
2025-11-15 02:00:00+00:00,Rawalpindi,114.90658378601074,µg/m³,1
2025-11-15 03:00:00+00:00,Rawalpindi,105.8943333943685,µg/m³,1
2025-11-15 04:00:00+00:00,Rawalpindi,153.56529165903726,µg/m³,1
2025-11-15 05:00:00+00:00,Rawalpindi,105.74712505340574,µg/m³,1
2025-11-15 06:00:00+00:00,Rawalpindi,168.7565418879191,µg/m³,1
2025-11-15 07:00:00+00:00,Rawalpindi,143.61208318074546,µg/m³,1
2025-11-15 08:00:00+00:00,Rawalpindi,110.68620827992758,µg/m³,1
2025-11-15 09:00:00+00:00,Rawalpindi,69.25550003051758,µg/m³,1
2025-11-15 10:00:00+00:00,Rawalpindi,81.71283315022787,µg/m³,1
2025-11-15 11:00:00+00:00,Rawalpindi,95.02079168955487,µg/m³,1
2025-11-15 12:00:00+00:00,Rawalpindi,119.88216654459636,µg/m³,1
2025-11-15 13:00:00+00:00,Rawalpindi,163.16033376057942,µg/m³,1
2025-11-15 14:00:00+00:00,Rawalpindi,158.02183316548664,µg/m³,1
2025-11-15 15:00:00+00:00,Rawalpindi,141.99804159800212,µg/m³,1
2025-11-15 16:00:00+00:00,Rawalpindi,157.56818074120415,µg/m³,1
2025-11-15 17:00:00+00:00,Rawalpindi,198.29413931104872,µg/m³,1
2025-11-15 18:00:00+00:00,Rawalpindi,159.00533345540364,µg/m³,1
2025-11-15 19:00:00+00:00,Rawalpindi,124.88241653442384,µg/m³,1
2025-11-15 20:00:00+00:00,Rawalpindi,127.59595801035562,µg/m³,1
2025-11-15 21:00:00+00:00,Rawalpindi,188.55618046654595,µg/m³,1
2025-11-15 22:00:00+00:00,Rawalpindi,173.71845836639406,µg/m³,1
2025-11-15 23:00:00+00:00,Rawalpindi,166.45331927405462,µg/m³,1
2025-11-16 00:00:00+00:00,Rawalpindi,100.2566112942166,µg/m³,1
2025-11-16 01:00:00+00:00,Rawalpindi,134.86626398298475,µg/m³,1
2025-11-16 02:00:00+00:00,Rawalpindi,143.92758344014487,µg/m³,1
2025-11-16 04:00:00+00:00,Rawalpindi,107.632361263699,µg/m³,1
2025-11-16 05:00:00+00:00,Rawalpindi,113.07911139594182,µg/m³,1
2025-11-16 06:00:00+00:00,Rawalpindi,116.38793057335748,µg/m³,1
2025-11-16 07:00:00+00:00,Rawalpindi,141.93991648356118,µg/m³,1
2025-11-16 08:00:00+00:00,Rawalpindi,147.57719438340928,µg/m³,1
2025-11-16 09:00:00+00:00,Rawalpindi,99.51825027465821,µg/m³,1
2025-11-16 10:00:00+00:00,Rawalpindi,100.64579168955485,µg/m³,1
2025-11-16 11:00:00+00:00,Rawalpindi,140.70379149119057,µg/m³,1
2025-11-16 12:00:00+00:00,Rawalpindi,163.17706932491726,µg/m³,1
2025-11-16 13:00:00+00:00,Rawalpindi,162.91412525177003,µg/m³,1
2025-11-16 14:00:00+00:00,Rawalpindi,179.122167078654,µg/m³,1
2025-11-16 15:00:00+00:00,Rawalpindi,171.74958356221518,µg/m³,1
2025-11-16 16:00:00+00:00,Rawalpindi,159.2676247278849,µg/m³,1
2025-11-16 17:00:00+00:00,Rawalpindi,155.73766682942707,µg/m³,1
2025-11-16 18:00:00+00:00,Rawalpindi,145.9149585088094,µg/m³,1
2025-11-16 19:00:00+00:00,Rawalpindi,151.40169440375436,µg/m³,1
2025-11-16 20:00:00+00:00,Rawalpindi,173.4459720187717,µg/m³,1
2025-11-16 21:00:00+00:00,Rawalpindi,134.52679182688397,µg/m³,1
2025-11-16 22:00:00+00:00,Rawalpindi,131.72615265316435,µg/m³,1
2025-11-16 23:00:00+00:00,Rawalpindi,132.13813866509332,µg/m³,1
2025-11-17 00:00:00+00:00,Rawalpindi,123.20754172007243,µg/m³,1
2025-11-17 01:00:00+00:00,Rawalpindi,112.95293047163223,µg/m³,1
2025-11-17 02:00:00+00:00,Rawalpindi,127.69370835622153,µg/m³,1
2025-11-17 03:00:00+00:00,Rawalpindi,133.70305591159396,µg/m³,1
2025-11-17 04:00:00+00:00,Rawalpindi,125.58175733161694,µg/m³,1
2025-11-17 05:00:00+00:00,Rawalpindi,145.90534771813287,µg/m³,1
2025-11-17 06:00:00+00:00,Rawalpindi,130.9767361746894,µg/m³,1
2025-11-17 09:00:00+00:00,Rawalpindi,131.85465301937526,µg/m³,1
2025-11-17 10:00:00+00:00,Rawalpindi,130.7635692384508,µg/m³,1
2025-11-17 11:00:00+00:00,Rawalpindi,134.7277079900106,µg/m³,1
2025-11-17 12:00:00+00:00,Rawalpindi,149.8217082341512,µg/m³,1
2025-11-17 13:00:00+00:00,Rawalpindi,158.7704999287923,µg/m³,1
2025-11-17 14:00:00+00:00,Rawalpindi,205.4305277930366,µg/m³,1
2025-11-17 15:00:00+00:00,Rawalpindi,188.6217780219184,µg/m³,1
2025-11-17 16:00:00+00:00,Rawalpindi,168.3463194317288,µg/m³,1
2025-11-17 17:00:00+00:00,Rawalpindi,160.62098602718777,µg/m³,1
2025-11-17 18:00:00+00:00,Rawalpindi,155.5231665293376,µg/m³,1
2025-11-17 19:00:00+00:00,Rawalpindi,149.5799170176188,µg/m³,1
2025-11-17 20:00:00+00:00,Rawalpindi,140.47000007629396,µg/m³,1
2025-11-17 21:00:00+00:00,Rawalpindi,132.49524993896483,µg/m³,1
2025-11-17 22:00:00+00:00,Rawalpindi,129.76650009155273,µg/m³,1
2025-11-17 23:00:00+00:00,Rawalpindi,126.9329861746894,µg/m³,1
2025-11-18 00:00:00+00:00,Rawalpindi,120.53004156748455,µg/m³,1
2025-11-18 01:00:00+00:00,Rawalpindi,132.65143015119767,µg/m³,1
2025-11-18 02:00:00+00:00,Rawalpindi,155.19188851250541,µg/m³,1
2025-11-18 03:00:00+00:00,Rawalpindi,165.8285692638821,µg/m³,1
2025-11-18 05:00:00+00:00,Rawalpindi,165.76688876681857,µg/m³,1
2025-11-18 06:00:00+00:00,Rawalpindi,151.98841654459633,µg/m³,1
2025-11-18 07:00:00+00:00,Rawalpindi,126.7769167582194,µg/m³,1
2025-11-18 08:00:00+00:00,Rawalpindi,97.65990905761718,µg/m³,1
2025-11-18 09:00:00+00:00,Rawalpindi,94.08511077033148,µg/m³,1
2025-11-18 10:00:00+00:00,Rawalpindi,123.54481949276392,µg/m³,1
2025-11-18 11:00:00+00:00,Rawalpindi,147.70416666666668,µg/m³,1
2025-11-18 12:00:00+00:00,Rawalpindi,152.8470001220703,µg/m³,1
2025-11-18 13:00:00+00:00,Rawalpindi,149.92660404841104,µg/m³,2
2025-11-18 14:00:00+00:00,Rawalpindi,136.08964579900106,µg/m³,2
2025-11-18 15:00:00+00:00,Rawalpindi,177.71526381174723,µg/m³,3
2025-11-18 16:00:00+00:00,Rawalpindi,179.1314798913821,µg/m³,3
2025-11-18 17:00:00+00:00,Rawalpindi,123.40852321342186,µg/m³,3
2025-11-18 18:00:00+00:00,Rawalpindi,120.41113887363012,µg/m³,3
2025-11-18 19:00:00+00:00,Rawalpindi,109.99924994574651,µg/m³,3
2025-11-18 20:00:00+00:00,Rawalpindi,105.68694449530709,µg/m³,3
2025-11-18 21:00:00+00:00,Rawalpindi,99.8589491173073,µg/m³,3
2025-11-18 22:00:00+00:00,Rawalpindi,100.60186577549688,µg/m³,3
2025-11-18 23:00:00+00:00,Rawalpindi,103.44438879224988,µg/m³,3
2025-11-19 00:00:00+00:00,Rawalpindi,100.97912035341615,µg/m³,3
2025-11-19 01:00:00+00:00,Rawalpindi,103.25753246589943,µg/m³,3
2025-11-19 02:00:00+00:00,Rawalpindi,127.86491667429605,µg/m³,2
2025-11-19 03:00:00+00:00,Rawalpindi,137.75383332570394,µg/m³,2
2025-11-19 04:00:00+00:00,Rawalpindi,117.7988712079597,µg/m³,2
2025-11-19 05:00:00+00:00,Rawalpindi,128.46681948767767,µg/m³,2
2025-11-19 06:00:00+00:00,Rawalpindi,121.7876667658488,µg/m³,2
2025-11-19 07:00:00+00:00,Rawalpindi,125.48880547417535,µg/m³,3
2025-11-19 08:00:00+00:00,Rawalpindi,123.86164831938567,µg/m³,3
2025-11-19 09:00:00+00:00,Rawalpindi,97.77612947534631,µg/m³,3
2025-11-19 10:00:00+00:00,Rawalpindi,107.0818887286716,µg/m³,2
2025-11-19 11:00:00+00:00,Rawalpindi,87.02238425502071,µg/m³,3
2025-11-19 12:00:00+00:00,Rawalpindi,127.94877768622503,µg/m³,3
2025-11-19 13:00:00+00:00,Rawalpindi,159.15296744593869,µg/m³,3
2025-11-19 14:00:00+00:00,Rawalpindi,169.53824534239592,µg/m³,3
2025-11-19 15:00:00+00:00,Rawalpindi,115.90870831807455,µg/m³,2
2025-11-19 16:00:00+00:00,Rawalpindi,166.61581477412471,µg/m³,3
2025-11-19 17:00:00+00:00,Rawalpindi,151.29587497711182,µg/m³,3
2025-11-19 18:00:00+00:00,Rawalpindi,106.84529858695136,µg/m³,2
2025-11-19 19:00:00+00:00,Rawalpindi,101.05060173317237,µg/m³,3
2025-11-19 20:00:00+00:00,Rawalpindi,94.06816673278809,µg/m³,3
2025-11-19 21:00:00+00:00,Rawalpindi,105.693722237481,µg/m³,3
2025-11-19 22:00:00+00:00,Rawalpindi,106.48120381390606,µg/m³,3
2025-11-19 23:00:00+00:00,Rawalpindi,100.73805537753634,µg/m³,3
2025-11-20 00:00:00+00:00,Rawalpindi,102.17027770148383,µg/m³,3
2025-11-20 01:00:00+00:00,Rawalpindi,101.26795817481148,µg/m³,3
2025-11-20 02:00:00+00:00,Rawalpindi,131.53404879040187,µg/m³,2
2025-11-20 03:00:00+00:00,Rawalpindi,166.13265974256726,µg/m³,2
2025-11-20 04:00:00+00:00,Rawalpindi,157.19970449967818,µg/m³,2
2025-11-20 05:00:00+00:00,Rawalpindi,157.11625022888182,µg/m³,2
2025-11-20 06:00:00+00:00,Rawalpindi,179.42780217488604,µg/m³,2
2025-11-20 07:00:00+00:00,Rawalpindi,150.80118815104169,µg/m³,2
2025-11-20 08:00:00+00:00,Rawalpindi,138.11708329518638,µg/m³,2
2025-11-20 09:00:00+00:00,Rawalpindi,118.68410431543985,µg/m³,2
2025-11-20 10:00:00+00:00,Rawalpindi,111.41359725528295,µg/m³,2
2025-11-20 11:00:00+00:00,Rawalpindi,103.25550697114733,µg/m³,2
2025-11-20 12:00:00+00:00,Rawalpindi,120.28630557590061,µg/m³,2
2025-11-20 13:00:00+00:00,Rawalpindi,144.73950004577637,µg/m³,2
2025-11-20 14:00:00+00:00,Rawalpindi,117.63035408655803,µg/m³,2
2025-11-20 15:00:00+00:00,Rawalpindi,106.78431234359742,µg/m³,2
2025-11-20 16:00:00+00:00,Rawalpindi,97.58458340962729,µg/m³,2
2025-11-20 17:00:00+00:00,Rawalpindi,105.83404165903727,µg/m³,2
2025-11-20 18:00:00+00:00,Rawalpindi,89.01609728071425,µg/m³,3
2025-11-20 19:00:00+00:00,Rawalpindi,94.63380567762589,µg/m³,3
2025-11-20 20:00:00+00:00,Rawalpindi,93.32999992370605,µg/m³,3
2025-11-20 21:00:00+00:00,Rawalpindi,85.99380089795147,µg/m³,3
2025-11-20 22:00:00+00:00,Rawalpindi,83.82738897535536,µg/m³,3
2025-11-20 23:00:00+00:00,Rawalpindi,83.92134719424779,µg/m³,3
2025-11-21 00:00:00+00:00,Rawalpindi,84.99758313496908,µg/m³,3
2025-11-21 01:00:00+00:00,Rawalpindi,90.49975001017253,µg/m³,3
2025-11-21 02:00:00+00:00,Rawalpindi,117.52214587529502,µg/m³,2
2025-11-21 03:00:00+00:00,Rawalpindi,132.84300697114733,µg/m³,2
2025-11-21 04:00:00+00:00,Rawalpindi,113.93008333841959,µg/m³,2
2025-11-21 05:00:00+00:00,Rawalpindi,109.43118747075397,µg/m³,2
2025-11-21 06:00:00+00:00,Rawalpindi,114.55403325398763,µg/m³,2
2025-11-21 07:00:00+00:00,Rawalpindi,158.77597920099893,µg/m³,2
2025-11-21 08:00:00+00:00,Rawalpindi,113.4811042467753,µg/m³,2
2025-11-21 09:00:00+00:00,Rawalpindi,78.94009012646146,µg/m³,2
2025-11-21 10:00:00+00:00,Rawalpindi,67.24187488555907,µg/m³,2
2025-11-21 11:00:00+00:00,Rawalpindi,79.24421224883108,µg/m³,2
2025-11-21 12:00:00+00:00,Rawalpindi,113.14714568456014,µg/m³,2
2025-11-21 13:00:00+00:00,Rawalpindi,141.41622921625773,µg/m³,2
2025-11-21 14:00:00+00:00,Rawalpindi,138.88098619249132,µg/m³,2
2025-11-21 15:00:00+00:00,Rawalpindi,139.2694929652744,µg/m³,2
2025-11-21 16:00:00+00:00,Rawalpindi,143.05662498474123,µg/m³,2
2025-11-21 17:00:00+00:00,Rawalpindi,130.70046534008452,µg/m³,2
2025-11-21 18:00:00+00:00,Rawalpindi,118.32159705691868,µg/m³,2
2025-11-21 19:00:00+00:00,Rawalpindi,113.0014120667069,µg/m³,3
2025-11-21 20:00:00+00:00,Rawalpindi,114.69200924060961,µg/m³,3
2025-11-21 21:00:00+00:00,Rawalpindi,105.63411106533475,µg/m³,3
2025-11-21 22:00:00+00:00,Rawalpindi,103.10351853547274,µg/m³,3
2025-11-21 23:00:00+00:00,Rawalpindi,97.8201665242513,µg/m³,3
2025-11-22 00:00:00+00:00,Rawalpindi,97.07031017586037,µg/m³,3
2025-11-22 01:00:00+00:00,Rawalpindi,100.04773608313667,µg/m³,3
2025-11-22 02:00:00+00:00,Rawalpindi,127.00365267859566,µg/m³,3
2025-11-22 03:00:00+00:00,Rawalpindi,121.39549992879233,µg/m³,3
2025-11-22 04:00:00+00:00,Rawalpindi,134.030409611596,µg/m³,2
2025-11-22 05:00:00+00:00,Rawalpindi,162.82618741989137,µg/m³,2
2025-11-22 06:00:00+00:00,Rawalpindi,171.39188426688864,µg/m³,3
2025-11-22 07:00:00+00:00,Rawalpindi,149.974671264931,µg/m³,3
2025-11-22 08:00:00+00:00,Rawalpindi,123.9471110449897,µg/m³,3
2025-11-22 09:00:00+00:00,Rawalpindi,104.04483324686686,µg/m³,3
2025-11-22 10:00:00+00:00,Rawalpindi,93.29225752859405,µg/m³,3
2025-11-22 11:00:00+00:00,Rawalpindi,88.86019443935818,µg/m³,3
2025-11-22 12:00:00+00:00,Rawalpindi,133.64277776082358,µg/m³,3
2025-11-22 13:00:00+00:00,Rawalpindi,156.4453379807649,µg/m³,3
2025-11-22 14:00:00+00:00,Rawalpindi,148.11635433832805,µg/m³,2
2025-11-22 15:00:00+00:00,Rawalpindi,156.87010402679442,µg/m³,2
2025-11-22 16:00:00+00:00,Rawalpindi,145.9942430390252,µg/m³,2
2025-11-22 17:00:00+00:00,Rawalpindi,137.25164569218953,µg/m³,2
2025-11-22 18:00:00+00:00,Rawalpindi,124.72918054792616,µg/m³,3
2025-11-22 19:00:00+00:00,Rawalpindi,126.03756482159649,µg/m³,3
2025-11-22 20:00:00+00:00,Rawalpindi,123.81753248285365,µg/m³,3
2025-11-22 21:00:00+00:00,Rawalpindi,113.75286119249131,µg/m³,3
2025-11-22 22:00:00+00:00,Rawalpindi,105.25390279557969,µg/m³,3
2025-11-22 23:00:00+00:00,Rawalpindi,98.69831935034858,µg/m³,3
2025-11-23 00:00:00+00:00,Rawalpindi,93.61812496185303,µg/m³,3
2025-11-23 01:00:00+00:00,Rawalpindi,96.74075457961472,µg/m³,3
2025-11-23 02:00:00+00:00,Rawalpindi,118.06012496948242,µg/m³,2
2025-11-23 03:00:00+00:00,Rawalpindi,114.89495824178059,µg/m³,2
2025-11-23 04:00:00+00:00,Rawalpindi,123.0089096599155,µg/m³,2
2025-11-23 05:00:00+00:00,Rawalpindi,114.63941656748455,µg/m³,2
2025-11-23 06:00:00+00:00,Rawalpindi,118.65399996439615,µg/m³,2
2025-11-23 07:00:00+00:00,Rawalpindi,113.9244166056315,µg/m³,3
2025-11-23 08:00:00+00:00,Rawalpindi,110.83428697939273,µg/m³,3
2025-11-23 09:00:00+00:00,Rawalpindi,83.85689354649297,µg/m³,3
2025-11-23 10:00:00+00:00,Rawalpindi,59.45,µg/m³,2
2025-11-23 11:00:00+00:00,Rawalpindi,66.45,µg/m³,2
2025-11-23 12:00:00+00:00,Rawalpindi,77.5,µg/m³,1
2025-11-23 13:00:00+00:00,Rawalpindi,159.79661835564508,µg/m³,2
2025-11-23 14:00:00+00:00,Rawalpindi,172.56158337063258,µg/m³,3
2025-11-23 15:00:00+00:00,Rawalpindi,135.84209017223782,µg/m³,2
2025-11-23 16:00:00+00:00,Rawalpindi,127.31802085240682,µg/m³,2
2025-11-23 17:00:00+00:00,Rawalpindi,107.11894452836778,µg/m³,2
2025-11-23 18:00:00+00:00,Rawalpindi,103.01534726884631,µg/m³,3
2025-11-23 19:00:00+00:00,Rawalpindi,97.63850008646648,µg/m³,3
2025-11-23 20:00:00+00:00,Rawalpindi,90.46105558607313,µg/m³,3
2025-11-23 21:00:00+00:00,Rawalpindi,90.90699996948241,µg/m³,3
2025-11-23 22:00:00+00:00,Rawalpindi,96.40658327738443,µg/m³,3
2025-11-23 23:00:00+00:00,Rawalpindi,99.82976394229466,µg/m³,3
2025-11-24 00:00:00+00:00,Rawalpindi,95.36400927790889,µg/m³,3
2025-11-24 01:00:00+00:00,Rawalpindi,94.50531944698757,µg/m³,3
2025-11-24 02:00:00+00:00,Rawalpindi,115.55599994659423,µg/m³,2
2025-11-24 03:00:00+00:00,Rawalpindi,110.9,µg/m³,1
2025-11-24 04:00:00+00:00,Rawalpindi,121.58178053191214,µg/m³,2
2025-11-24 05:00:00+00:00,Rawalpindi,106.91150016784667,µg/m³,2
2025-11-24 06:00:00+00:00,Rawalpindi,101.77281246185302,µg/m³,2
2025-11-24 07:00:00+00:00,Rawalpindi,92.87392850603376,µg/m³,2
2025-11-24 08:00:00+00:00,Rawalpindi,93.13958320617675,µg/m³,2
2025-11-24 09:00:00+00:00,Rawalpindi,103.68458340962727,µg/m³,2
2025-11-24 10:00:00+00:00,Rawalpindi,92.0831251780192,µg/m³,2
2025-11-24 11:00:00+00:00,Rawalpindi,82.39597927729288,µg/m³,2
2025-11-24 12:00:00+00:00,Rawalpindi,104.90962505340576,µg/m³,2
2025-11-24 13:00:00+00:00,Rawalpindi,204.0893332799276,µg/m³,1
2025-11-24 14:00:00+00:00,Rawalpindi,134.0785001754761,µg/m³,2
2025-11-24 15:00:00+00:00,Rawalpindi,134.04532654020522,µg/m³,2
2025-11-24 16:00:00+00:00,Rawalpindi,120.31502078374226,µg/m³,2
2025-11-24 17:00:00+00:00,Rawalpindi,117.92116667429607,µg/m³,2
2025-11-24 18:00:00+00:00,Rawalpindi,116.77729155222578,µg/m³,3
2025-11-24 19:00:00+00:00,Rawalpindi,100.19439817357947,µg/m³,3
2025-11-24 20:00:00+00:00,Rawalpindi,101.98944439358179,µg/m³,3
2025-11-24 21:00:00+00:00,Rawalpindi,105.62065274980334,µg/m³,3
2025-11-24 22:00:00+00:00,Rawalpindi,107.66376370324029,µg/m³,3
2025-11-24 23:00:00+00:00,Rawalpindi,100.34231959448921,µg/m³,3
2025-11-25 00:00:00+00:00,Rawalpindi,98.8230000813802,µg/m³,3
2025-11-25 01:00:00+00:00,Rawalpindi,90.46818048689101,µg/m³,3
2025-11-25 02:00:00+00:00,Rawalpindi,96.09416681925455,µg/m³,2
2025-11-25 03:00:00+00:00,Rawalpindi,105.18227065404255,µg/m³,2
2025-11-25 04:00:00+00:00,Rawalpindi,110.77845827738444,µg/m³,2
2025-11-25 05:00:00+00:00,Rawalpindi,119.4315835316976,µg/m³,2
2025-11-25 06:00:00+00:00,Rawalpindi,134.10843750635783,µg/m³,2
2025-11-25 07:00:00+00:00,Rawalpindi,136.1718332926432,µg/m³,3
2025-11-25 08:00:00+00:00,Rawalpindi,116.56037877400716,µg/m³,3
2025-11-25 09:00:00+00:00,Rawalpindi,96.66646466496015,µg/m³,3
2025-11-25 10:00:00+00:00,Rawalpindi,91.89224993387859,µg/m³,3
2025-11-25 11:00:00+00:00,Rawalpindi,99.61644431220161,µg/m³,3
2025-11-25 12:00:00+00:00,Rawalpindi,115.27115285661485,µg/m³,3
2025-11-25 13:00:00+00:00,Rawalpindi,144.49190290239122,µg/m³,3
2025-11-25 14:00:00+00:00,Rawalpindi,160.06957408763745,µg/m³,3
2025-11-25 15:00:00+00:00,Rawalpindi,168.12423614925808,µg/m³,3
2025-11-25 16:00:00+00:00,Rawalpindi,178.6667823014436,µg/m³,3
2025-11-25 17:00:00+00:00,Rawalpindi,117.80414565404257,µg/m³,2
2025-11-25 18:00:00+00:00,Rawalpindi,113.83694455888535,µg/m³,2
2025-11-25 19:00:00+00:00,Rawalpindi,110.89095834096274,µg/m³,3
2025-11-25 20:00:00+00:00,Rawalpindi,101.42392129544858,µg/m³,3
2025-11-25 21:00:00+00:00,Rawalpindi,105.1754304462009,µg/m³,3
2025-11-25 22:00:00+00:00,Rawalpindi,107.22629159291586,µg/m³,3
2025-11-25 23:00:00+00:00,Rawalpindi,95.47456942664253,µg/m³,3
2025-11-26 00:00:00+00:00,Rawalpindi,101.41411111619738,µg/m³,3
2025-11-26 01:00:00+00:00,Rawalpindi,104.67815282609729,µg/m³,3
2025-11-26 02:00:00+00:00,Rawalpindi,160.20401388804117,µg/m³,3
2025-11-26 03:00:00+00:00,Rawalpindi,162.84826862193918,µg/m³,3
2025-11-26 04:00:00+00:00,Rawalpindi,135.20731495044848,µg/m³,3
2025-11-26 05:00:00+00:00,Rawalpindi,109.89708340962729,µg/m³,2
2025-11-26 06:00:00+00:00,Rawalpindi,104.93715907010164,µg/m³,2
2025-11-26 07:00:00+00:00,Rawalpindi,112.66440274980333,µg/m³,3
2025-11-26 08:00:00+00:00,Rawalpindi,102.97355083183005,µg/m³,3
2025-11-26 09:00:00+00:00,Rawalpindi,89.7777313373707,µg/m³,3
2025-11-26 10:00:00+00:00,Rawalpindi,95.75490750913268,µg/m³,3
2025-11-26 11:00:00+00:00,Rawalpindi,110.7706806394789,µg/m³,3
2025-11-26 12:00:00+00:00,Rawalpindi,148.8702220916748,µg/m³,3
2025-11-26 13:00:00+00:00,Rawalpindi,162.52736108567981,µg/m³,3
2025-11-26 14:00:00+00:00,Rawalpindi,183.39844440884062,µg/m³,3
2025-11-26 15:00:00+00:00,Rawalpindi,171.40324999491372,µg/m³,3
2025-11-26 16:00:00+00:00,Rawalpindi,120.0428957303365,µg/m³,2
2025-11-26 17:00:00+00:00,Rawalpindi,104.55581254959105,µg/m³,2
2025-11-26 18:00:00+00:00,Rawalpindi,116.70142352845933,µg/m³,2
2025-11-26 19:00:00+00:00,Rawalpindi,110.98256935543485,µg/m³,3
2025-11-26 20:00:00+00:00,Rawalpindi,113.66873611874048,µg/m³,3
2025-11-26 21:00:00+00:00,Rawalpindi,129.69274991353356,µg/m³,3
2025-11-26 22:00:00+00:00,Rawalpindi,124.18328706246835,µg/m³,3
2025-11-26 23:00:00+00:00,Rawalpindi,109.66845836639403,µg/m³,3
2025-11-27 00:00:00+00:00,Rawalpindi,94.537916692098,µg/m³,3
2025-11-27 01:00:00+00:00,Rawalpindi,90.95127771165636,µg/m³,3
2025-11-27 02:00:00+00:00,Rawalpindi,133.35691668192544,µg/m³,2
2025-11-27 03:00:00+00:00,Rawalpindi,163.61518967368386,µg/m³,2
2025-11-27 04:00:00+00:00,Rawalpindi,161.27571389334543,µg/m³,2
2025-11-27 05:00:00+00:00,Rawalpindi,142.24125022888182,µg/m³,2
2025-11-27 06:00:00+00:00,Rawalpindi,153.76592684145328,µg/m³,2
2025-11-27 07:00:00+00:00,Rawalpindi,165.124350060357,µg/m³,2
2025-11-27 08:00:00+00:00,Rawalpindi,138.4065972858005,µg/m³,3
2025-11-27 09:00:00+00:00,Rawalpindi,107.57983351813421,µg/m³,3
2025-11-27 10:00:00+00:00,Rawalpindi,101.30582413850006,µg/m³,3
2025-11-27 11:00:00+00:00,Rawalpindi,115.72175000508626,µg/m³,3
2025-11-27 12:00:00+00:00,Rawalpindi,148.67756943172878,µg/m³,3
2025-11-27 13:00:00+00:00,Rawalpindi,184.29939822444211,µg/m³,3
2025-11-27 14:00:00+00:00,Rawalpindi,218.75426500108506,µg/m³,3
2025-11-27 15:00:00+00:00,Rawalpindi,171.76283247205947,µg/m³,2
2025-11-27 16:00:00+00:00,Rawalpindi,151.8661319202847,µg/m³,2
2025-11-27 17:00:00+00:00,Rawalpindi,142.70164594650268,µg/m³,2
2025-11-27 18:00:00+00:00,Rawalpindi,129.58647934595743,µg/m³,2
2025-11-27 19:00:00+00:00,Rawalpindi,151.2350788328383,µg/m³,3
2025-11-27 20:00:00+00:00,Rawalpindi,158.9315697564019,µg/m³,3
2025-11-27 21:00:00+00:00,Rawalpindi,147.63990748370136,µg/m³,3
2025-11-27 22:00:00+00:00,Rawalpindi,144.0552870573821,µg/m³,3
2025-11-27 23:00:00+00:00,Rawalpindi,123.43083318074544,µg/m³,3
2025-11-28 00:00:00+00:00,Rawalpindi,129.1430648944996,µg/m³,3
2025-11-28 01:00:00+00:00,Rawalpindi,135.72079177432593,µg/m³,3
2025-11-28 02:00:00+00:00,Rawalpindi,182.90779625221535,µg/m³,3
2025-11-28 03:00:00+00:00,Rawalpindi,163.77877792782255,µg/m³,2
2025-11-28 04:00:00+00:00,Rawalpindi,143.11963897281223,µg/m³,2
2025-11-28 05:00:00+00:00,Rawalpindi,122.32018182927911,µg/m³,2
2025-11-28 06:00:00+00:00,Rawalpindi,159.31305558946397,µg/m³,3
2025-11-28 07:00:00+00:00,Rawalpindi,152.1283055199517,µg/m³,3
2025-11-28 08:00:00+00:00,Rawalpindi,116.65425929316768,µg/m³,3
2025-11-28 09:00:00+00:00,Rawalpindi,95.22064640546085,µg/m³,3
2025-11-28 10:00:00+00:00,Rawalpindi,100.3729489715011,µg/m³,3
2025-11-28 11:00:00+00:00,Rawalpindi,115.67360181455258,µg/m³,3
2025-11-28 12:00:00+00:00,Rawalpindi,158.38838903639052,µg/m³,3
2025-11-28 13:00:00+00:00,Rawalpindi,192.80491196667708,µg/m³,3
2025-11-28 14:00:00+00:00,Rawalpindi,153.6605761739943,µg/m³,2
2025-11-28 15:00:00+00:00,Rawalpindi,144.96405578189427,µg/m³,2
2025-11-28 16:00:00+00:00,Rawalpindi,138.43888194825917,µg/m³,2
2025-11-28 17:00:00+00:00,Rawalpindi,136.99947225782608,µg/m³,2
2025-11-28 18:00:00+00:00,Rawalpindi,173.4234166463216,µg/m³,3
2025-11-28 19:00:00+00:00,Rawalpindi,135.88336580770985,µg/m³,3
2025-11-28 20:00:00+00:00,Rawalpindi,144.0755509623775,µg/m³,3
2025-11-28 21:00:00+00:00,Rawalpindi,137.36795371726706,µg/m³,3
2025-11-28 22:00:00+00:00,Rawalpindi,111.21258592701922,µg/m³,3
2025-11-28 23:00:00+00:00,Rawalpindi,94.62016677856445,µg/m³,3
2025-11-29 00:00:00+00:00,Rawalpindi,99.10456951989067,µg/m³,3
2025-11-29 01:00:00+00:00,Rawalpindi,105.82510646537499,µg/m³,3
2025-11-29 02:00:00+00:00,Rawalpindi,119.47351394229466,µg/m³,2
2025-11-29 03:00:00+00:00,Rawalpindi,112.76268064710828,µg/m³,2
2025-11-29 04:00:00+00:00,Rawalpindi,143.5113483544552,µg/m³,1
2025-11-29 05:00:00+00:00,Rawalpindi,188.74050019582114,µg/m³,1
2025-11-29 06:00:00+00:00,Rawalpindi,251.46737461090092,µg/m³,1
2025-11-29 07:00:00+00:00,Rawalpindi,146.63379860983954,µg/m³,2
2025-11-29 08:00:00+00:00,Rawalpindi,157.33687496185303,µg/m³,2
2025-11-29 09:00:00+00:00,Rawalpindi,124.01900465929951,µg/m³,3
2025-11-29 10:00:00+00:00,Rawalpindi,103.15468973936858,µg/m³,3
2025-11-29 11:00:00+00:00,Rawalpindi,127.39565733450432,µg/m³,3
2025-11-29 12:00:00+00:00,Rawalpindi,171.9916250228882,µg/m³,3
2025-11-29 13:00:00+00:00,Rawalpindi,207.36112446255152,µg/m³,3
2025-11-29 14:00:00+00:00,Rawalpindi,217.7309212437382,µg/m³,3
2025-11-29 15:00:00+00:00,Rawalpindi,197.78486574667468,µg/m³,3
2025-11-29 16:00:00+00:00,Rawalpindi,178.45402322698524,µg/m³,3
2025-11-29 17:00:00+00:00,Rawalpindi,186.8906943851047,µg/m³,3
2025-11-29 18:00:00+00:00,Rawalpindi,197.4223787943522,µg/m³,3
2025-11-29 19:00:00+00:00,Rawalpindi,185.11144914273862,µg/m³,3
2025-11-29 20:00:00+00:00,Rawalpindi,153.03934791706226,µg/m³,3
2025-11-29 21:00:00+00:00,Rawalpindi,137.96284724341498,µg/m³,3
2025-11-29 22:00:00+00:00,Rawalpindi,131.30965748539677,µg/m³,3
2025-11-29 23:00:00+00:00,Rawalpindi,96.9421203330711,µg/m³,3
2025-11-30 00:00:00+00:00,Rawalpindi,97.03382401642976,µg/m³,3
2025-11-30 01:00:00+00:00,Rawalpindi,104.37954158782959,µg/m³,3
2025-11-30 02:00:00+00:00,Rawalpindi,129.71774997711182,µg/m³,2
2025-11-30 03:00:00+00:00,Rawalpindi,139.6104374885559,µg/m³,2
2025-11-30 04:00:00+00:00,Rawalpindi,125.6080138736301,µg/m³,2
2025-11-30 05:00:00+00:00,Rawalpindi,125.94947900772095,µg/m³,2
2025-11-30 06:00:00+00:00,Rawalpindi,137.5559897991142,µg/m³,3
2025-11-30 07:00:00+00:00,Rawalpindi,118.8645138422648,µg/m³,3
2025-11-30 08:00:00+00:00,Rawalpindi,112.20767590558087,µg/m³,3
2025-11-30 09:00:00+00:00,Rawalpindi,89.96651384565564,µg/m³,3
2025-11-30 10:00:00+00:00,Rawalpindi,83.30465276506213,µg/m³,3
2025-11-30 11:00:00+00:00,Rawalpindi,99.2488333384196,µg/m³,3
2025-11-30 12:00:00+00:00,Rawalpindi,130.9871513597893,µg/m³,3
2025-11-30 13:00:00+00:00,Rawalpindi,178.6372777726915,µg/m³,3
2025-11-30 14:00:00+00:00,Rawalpindi,145.38512496948243,µg/m³,2
2025-11-30 15:00:00+00:00,Rawalpindi,156.01656255722042,µg/m³,2
2025-11-30 16:00:00+00:00,Rawalpindi,141.153152762519,µg/m³,2
2025-11-30 17:00:00+00:00,Rawalpindi,137.55289595921835,µg/m³,2
2025-11-30 18:00:00+00:00,Rawalpindi,186.88980560302733,µg/m³,3
2025-11-30 19:00:00+00:00,Rawalpindi,187.58762493133545,µg/m³,3
2025-11-30 20:00:00+00:00,Rawalpindi,169.4437638812595,µg/m³,3
2025-11-30 21:00:00+00:00,Rawalpindi,116.69040287865533,µg/m³,3
2025-11-30 22:00:00+00:00,Rawalpindi,97.37429180145263,µg/m³,3
2025-11-30 23:00:00+00:00,Rawalpindi,88.90091667175294,µg/m³,3
2025-12-01 00:00:00+00:00,Rawalpindi,103.34281944698758,µg/m³,3
2025-12-01 01:00:00+00:00,Rawalpindi,109.39820371557165,µg/m³,3
2025-12-01 02:00:00+00:00,Rawalpindi,180.12459731631807,µg/m³,3
2025-12-01 03:00:00+00:00,Rawalpindi,121.67059747907851,µg/m³,2
2025-12-01 04:00:00+00:00,Rawalpindi,126.4243750890096,µg/m³,2
2025-12-01 05:00:00+00:00,Rawalpindi,111.11087134390165,µg/m³,2
2025-12-01 06:00:00+00:00,Rawalpindi,100.03854166666667,µg/m³,2
2025-12-01 07:00:00+00:00,Rawalpindi,113.16945832570394,µg/m³,3
2025-12-01 08:00:00+00:00,Rawalpindi,98.85,µg/m³,2
2025-12-01 09:00:00+00:00,Rawalpindi,105.61651397281223,µg/m³,3
2025-12-01 10:00:00+00:00,Rawalpindi,91.78213890923394,µg/m³,3
2025-12-01 11:00:00+00:00,Rawalpindi,100.65712502797446,µg/m³,3
2025-12-01 12:00:00+00:00,Rawalpindi,142.2027500152588,µg/m³,3
2025-12-01 13:00:00+00:00,Rawalpindi,180.55587507883706,µg/m³,3
2025-12-01 14:00:00+00:00,Rawalpindi,168.1648749669393,µg/m³,3
2025-12-01 15:00:00+00:00,Rawalpindi,143.98052085240684,µg/m³,2
2025-12-01 16:00:00+00:00,Rawalpindi,114.86875019073487,µg/m³,2
2025-12-01 17:00:00+00:00,Rawalpindi,154.09329166412354,µg/m³,3
2025-12-01 18:00:00+00:00,Rawalpindi,110.57958323160807,µg/m³,3
2025-12-01 19:00:00+00:00,Rawalpindi,104.3929583867391,µg/m³,3
2025-12-01 20:00:00+00:00,Rawalpindi,97.44976389143203,µg/m³,3
2025-12-01 21:00:00+00:00,Rawalpindi,91.9734721713596,µg/m³,3
2025-12-01 22:00:00+00:00,Rawalpindi,88.22331947750514,µg/m³,3
2025-12-01 23:00:00+00:00,Rawalpindi,101.1500138812595,µg/m³,3
2025-12-02 00:00:00+00:00,Rawalpindi,96.36530541314018,µg/m³,3
2025-12-02 01:00:00+00:00,Rawalpindi,99.85422219170464,µg/m³,3
2025-12-02 02:00:00+00:00,Rawalpindi,106.93008321126302,µg/m³,2
2025-12-02 03:00:00+00:00,Rawalpindi,110.57336349487305,µg/m³,2
2025-12-02 04:00:00+00:00,Rawalpindi,104.3520835240682,µg/m³,2
2025-12-02 05:00:00+00:00,Rawalpindi,100.43745835622153,µg/m³,2
2025-12-02 06:00:00+00:00,Rawalpindi,97.54059717390273,µg/m³,3
2025-12-02 07:00:00+00:00,Rawalpindi,82.33526384565566,µg/m³,3
2025-12-02 08:00:00+00:00,Rawalpindi,71.3052778032091,µg/m³,3
2025-12-02 09:00:00+00:00,Rawalpindi,60.24148621029324,µg/m³,3
2025-12-02 10:00:00+00:00,Rawalpindi,65.62615723786531,µg/m³,3
2025-12-02 11:00:00+00:00,Rawalpindi,84.22492605138707,µg/m³,3
2025-12-02 12:00:00+00:00,Rawalpindi,121.49630555046929,µg/m³,3
2025-12-02 13:00:00+00:00,Rawalpindi,141.23333333333335,µg/m³,3
2025-12-02 14:00:00+00:00,Rawalpindi,117.25931253433225,µg/m³,2
2025-12-02 15:00:00+00:00,Rawalpindi,115.44656248092653,µg/m³,2
2025-12-02 16:00:00+00:00,Rawalpindi,124.60383332570393,µg/m³,2
2025-12-02 17:00:00+00:00,Rawalpindi,117.80641676584881,µg/m³,2
2025-12-02 18:00:00+00:00,Rawalpindi,115.05594448513455,µg/m³,3
2025-12-02 19:00:00+00:00,Rawalpindi,117.84615264468722,µg/m³,3
2025-12-02 20:00:00+00:00,Rawalpindi,126.89688881768122,µg/m³,3
2025-12-02 21:00:00+00:00,Rawalpindi,119.0697870183874,µg/m³,3
2025-12-02 22:00:00+00:00,Rawalpindi,105.5154305987888,µg/m³,3
2025-12-02 23:00:00+00:00,Rawalpindi,95.036569319831,µg/m³,3
2025-12-03 00:00:00+00:00,Rawalpindi,90.95586107042101,µg/m³,3
2025-12-03 01:00:00+00:00,Rawalpindi,96.09209711286758,µg/m³,3
2025-12-03 02:00:00+00:00,Rawalpindi,123.1802499771118,µg/m³,2
2025-12-03 03:00:00+00:00,Rawalpindi,114.4603333791097,µg/m³,2
2025-12-03 04:00:00+00:00,Rawalpindi,130.23028480741715,µg/m³,2
2025-12-03 05:00:00+00:00,Rawalpindi,149.889819378323,µg/m³,2
2025-12-03 06:00:00+00:00,Rawalpindi,158.6131105846829,µg/m³,2
2025-12-03 07:00:00+00:00,Rawalpindi,157.01979173024498,µg/m³,2
2025-12-03 08:00:00+00:00,Rawalpindi,148.50570137235854,µg/m³,2
2025-12-03 09:00:00+00:00,Rawalpindi,139.74108318752712,µg/m³,3
2025-12-03 10:00:00+00:00,Rawalpindi,130.43964348545782,µg/m³,3
2025-12-03 11:00:00+00:00,Rawalpindi,154.36315280066597,µg/m³,3
2025-12-03 12:00:00+00:00,Rawalpindi,184.02979637428567,µg/m³,3
2025-12-03 13:00:00+00:00,Rawalpindi,193.7387222925822,µg/m³,3
2025-12-03 14:00:00+00:00,Rawalpindi,174.6927291552226,µg/m³,2
2025-12-03 15:00:00+00:00,Rawalpindi,198.52593104044595,µg/m³,2
2025-12-03 16:00:00+00:00,Rawalpindi,186.79245732625324,µg/m³,2
2025-12-03 17:00:00+00:00,Rawalpindi,183.3245844523112,µg/m³,2
2025-12-03 18:00:00+00:00,Rawalpindi,194.80358238220217,µg/m³,2
2025-12-03 19:00:00+00:00,Rawalpindi,195.01385402679443,µg/m³,2
2025-12-03 20:00:00+00:00,Rawalpindi,132.83851836169208,µg/m³,3
2025-12-03 21:00:00+00:00,Rawalpindi,121.52475669648913,µg/m³,2
2025-12-03 22:00:00+00:00,Rawalpindi,162.6218749364217,µg/m³,3
2025-12-03 23:00:00+00:00,Rawalpindi,170.98602782355417,µg/m³,3
2025-12-04 00:00:00+00:00,Rawalpindi,145.6759790102641,µg/m³,2
2025-12-04 01:00:00+00:00,Rawalpindi,171.33105553521054,µg/m³,3
2025-12-04 02:00:00+00:00,Rawalpindi,195.66585639671044,µg/m³,3
2025-12-04 03:00:00+00:00,Rawalpindi,211.20614351343224,µg/m³,3
2025-12-04 04:00:00+00:00,Rawalpindi,168.34456202189125,µg/m³,2
2025-12-04 05:00:00+00:00,Rawalpindi,200.39396707746718,µg/m³,2
2025-12-04 06:00:00+00:00,Rawalpindi,197.13406263987224,µg/m³,2
2025-12-04 07:00:00+00:00,Rawalpindi,168.36308838644143,µg/m³,3
2025-12-04 08:00:00+00:00,Rawalpindi,119.13697200351291,µg/m³,2
2025-12-04 09:00:00+00:00,Rawalpindi,111.93316663106282,µg/m³,3
2025-12-04 10:00:00+00:00,Rawalpindi,108.64783792142515,µg/m³,3
2025-12-04 11:00:00+00:00,Rawalpindi,111.17243209650486,µg/m³,3
2025-12-04 12:00:00+00:00,Rawalpindi,98.4,µg/m³,2
2025-12-04 13:00:00+00:00,Rawalpindi,173.24599990844726,µg/m³,2
2025-12-04 14:00:00+00:00,Rawalpindi,194.0446947309706,µg/m³,2
2025-12-04 15:00:00+00:00,Rawalpindi,202.00875027974448,µg/m³,2
2025-12-04 16:00:00+00:00,Rawalpindi,197.55912539164223,µg/m³,2
2025-12-04 17:00:00+00:00,Rawalpindi,180.72770805358886,µg/m³,2
2025-12-04 18:00:00+00:00,Rawalpindi,160.87816667556763,µg/m³,2
2025-12-04 19:00:00+00:00,Rawalpindi,146.56487503051758,µg/m³,2
2025-12-04 20:00:00+00:00,Rawalpindi,195.07025015089243,µg/m³,3
2025-12-04 21:00:00+00:00,Rawalpindi,197.5853613111708,µg/m³,3
2025-12-04 22:00:00+00:00,Rawalpindi,173.67727779812284,µg/m³,3
2025-12-04 23:00:00+00:00,Rawalpindi,113.85459711286757,µg/m³,3
2025-12-05 00:00:00+00:00,Rawalpindi,124.0167915980021,µg/m³,3
2025-12-05 01:00:00+00:00,Rawalpindi,169.34227752685547,µg/m³,3
2025-12-05 02:00:00+00:00,Rawalpindi,140.21968755722045,µg/m³,2
2025-12-05 03:00:00+00:00,Rawalpindi,168.67952121098836,µg/m³,2
2025-12-05 04:00:00+00:00,Rawalpindi,137.9107289950053,µg/m³,2
2025-12-05 05:00:00+00:00,Rawalpindi,116.71114581425985,µg/m³,2
2025-12-05 06:00:00+00:00,Rawalpindi,103.90660416285198,µg/m³,2
2025-12-05 07:00:00+00:00,Rawalpindi,102.46411582805494,µg/m³,3
2025-12-05 08:00:00+00:00,Rawalpindi,70.42429167429606,µg/m³,3
2025-12-05 09:00:00+00:00,Rawalpindi,63.41765274471707,µg/m³,3
2025-12-05 10:00:00+00:00,Rawalpindi,67.60220839182536,µg/m³,3
2025-12-05 11:00:00+00:00,Rawalpindi,78.49140266842312,µg/m³,3
2025-12-05 12:00:00+00:00,Rawalpindi,127.72475001017251,µg/m³,3
2025-12-05 13:00:00+00:00,Rawalpindi,176.8108750237359,µg/m³,3
2025-12-05 14:00:00+00:00,Rawalpindi,122.62206258773801,µg/m³,2
2025-12-05 15:00:00+00:00,Rawalpindi,112.343479124705,µg/m³,2
2025-12-05 16:00:00+00:00,Rawalpindi,142.20754175186156,µg/m³,2
2025-12-05 17:00:00+00:00,Rawalpindi,198.96558316548663,µg/m³,2
2025-12-05 18:00:00+00:00,Rawalpindi,183.47525029712253,µg/m³,2
2025-12-05 19:00:00+00:00,Rawalpindi,142.3092292467753,µg/m³,2
2025-12-05 20:00:00+00:00,Rawalpindi,227.0055137210422,µg/m³,3
2025-12-05 21:00:00+00:00,Rawalpindi,218.89006953769263,µg/m³,3
2025-12-05 22:00:00+00:00,Rawalpindi,227.94633286794024,µg/m³,3
2025-12-05 23:00:00+00:00,Rawalpindi,173.53977779812283,µg/m³,3
2025-12-06 00:00:00+00:00,Rawalpindi,220.69718051486544,µg/m³,3
2025-12-06 01:00:00+00:00,Rawalpindi,186.66379172007245,µg/m³,3
2025-12-06 02:00:00+00:00,Rawalpindi,226.20308394961887,µg/m³,3
2025-12-06 03:00:00+00:00,Rawalpindi,196.14869447284275,µg/m³,2
2025-12-06 04:00:00+00:00,Rawalpindi,251.30261107550731,µg/m³,1
2025-12-06 05:00:00+00:00,Rawalpindi,202.12337512969972,µg/m³,1
2025-12-06 06:00:00+00:00,Rawalpindi,260.9697908401489,µg/m³,1
2025-12-06 07:00:00+00:00,Rawalpindi,217.07931140263875,µg/m³,2
2025-12-06 08:00:00+00:00,Rawalpindi,171.03281319936116,µg/m³,2
2025-12-06 09:00:00+00:00,Rawalpindi,79.8832360373603,µg/m³,3
2025-12-06 10:00:00+00:00,Rawalpindi,77.39412020930537,µg/m³,3
2025-12-06 11:00:00+00:00,Rawalpindi,96.44710637551766,µg/m³,3
2025-12-06 12:00:00+00:00,Rawalpindi,108.0471573582402,µg/m³,3
2025-12-06 13:00:00+00:00,Rawalpindi,118.60037492116292,µg/m³,3
2025-12-06 14:00:00+00:00,Rawalpindi,150.3654997507731,µg/m³,2
2025-12-06 15:00:00+00:00,Rawalpindi,174.70874330732556,µg/m³,2
2025-12-06 16:00:00+00:00,Rawalpindi,186.70368240818834,µg/m³,2
2025-12-06 17:00:00+00:00,Rawalpindi,169.77502121395534,µg/m³,2
2025-12-06 18:00:00+00:00,Rawalpindi,148.58671526379055,µg/m³,2
2025-12-06 19:00:00+00:00,Rawalpindi,174.96722299081307,µg/m³,3
2025-12-06 20:00:00+00:00,Rawalpindi,214.67493870346638,µg/m³,3
2025-12-06 21:00:00+00:00,Rawalpindi,167.25215273963082,µg/m³,3
2025-12-06 22:00:00+00:00,Rawalpindi,152.60456947750515,µg/m³,3
2025-12-06 23:00:00+00:00,Rawalpindi,153.5611805174086,µg/m³,3
2025-12-07 00:00:00+00:00,Rawalpindi,168.54246753410055,µg/m³,3
2025-12-07 01:00:00+00:00,Rawalpindi,112.37757405881528,µg/m³,3
2025-12-07 02:00:00+00:00,Rawalpindi,175.8722361034817,µg/m³,3
2025-12-07 03:00:00+00:00,Rawalpindi,125.4095417022705,µg/m³,2
2025-12-07 04:00:00+00:00,Rawalpindi,113.95316670735677,µg/m³,2
2025-12-07 05:00:00+00:00,Rawalpindi,101.76935402552286,µg/m³,2
2025-12-07 06:00:00+00:00,Rawalpindi,114.38602263710715,µg/m³,2
2025-12-07 07:00:00+00:00,Rawalpindi,120.5852021959093,µg/m³,3
2025-12-07 08:00:00+00:00,Rawalpindi,107.76219911222104,µg/m³,3
2025-12-07 09:00:00+00:00,Rawalpindi,77.54802775912815,µg/m³,3
2025-12-07 10:00:00+00:00,Rawalpindi,68.59952778286404,µg/m³,3
2025-12-07 11:00:00+00:00,Rawalpindi,71.45337972287778,µg/m³,3
2025-12-07 12:00:00+00:00,Rawalpindi,89.93359086007781,µg/m³,3
2025-12-07 13:00:00+00:00,Rawalpindi,111.99938271604937,µg/m³,3
2025-12-07 14:00:00+00:00,Rawalpindi,132.05329180823432,µg/m³,3
2025-12-07 15:00:00+00:00,Rawalpindi,180.7887963047734,µg/m³,3
2025-12-07 16:00:00+00:00,Rawalpindi,215.08513878716363,µg/m³,3
2025-12-07 17:00:00+00:00,Rawalpindi,193.78772726347952,µg/m³,3
2025-12-07 18:00:00+00:00,Rawalpindi,177.01843327840172,µg/m³,3
2025-12-07 19:00:00+00:00,Rawalpindi,86.3329546841708,µg/m³,2
2025-12-07 20:00:00+00:00,Rawalpindi,180.32329996744792,µg/m³,3
2025-12-07 21:00:00+00:00,Rawalpindi,177.61355094203245,µg/m³,3
2025-12-07 22:00:00+00:00,Rawalpindi,186.04924233176493,µg/m³,3
2025-12-07 23:00:00+00:00,Rawalpindi,140.56647687134918,µg/m³,3
2025-12-08 00:00:00+00:00,Rawalpindi,150.9356712411951,µg/m³,3
2025-12-08 01:00:00+00:00,Rawalpindi,145.30842574790674,µg/m³,3
2025-12-08 02:00:00+00:00,Rawalpindi,153.82775459995977,µg/m³,3
2025-12-08 03:00:00+00:00,Rawalpindi,125.56650009155273,µg/m³,2
2025-12-08 04:00:00+00:00,Rawalpindi,146.48839302062987,µg/m³,2
2025-12-08 05:00:00+00:00,Rawalpindi,162.69151509602867,µg/m³,2
2025-12-08 06:00:00+00:00,Rawalpindi,129.39183343251548,µg/m³,2
2025-12-08 07:00:00+00:00,Rawalpindi,104.11726387871636,µg/m³,2
2025-12-08 08:00:00+00:00,Rawalpindi,93.89730555216472,µg/m³,3
2025-12-08 09:00:00+00:00,Rawalpindi,69.8132575526382,µg/m³,3
2025-12-08 10:00:00+00:00,Rawalpindi,76.80737047548648,µg/m³,3
2025-12-08 11:00:00+00:00,Rawalpindi,105.1038749906752,µg/m³,3
2025-12-08 12:00:00+00:00,Rawalpindi,128.79471298500343,µg/m³,3
2025-12-08 13:00:00+00:00,Rawalpindi,146.34605101832636,µg/m³,3
2025-12-08 14:00:00+00:00,Rawalpindi,147.57515241834852,µg/m³,2
2025-12-08 15:00:00+00:00,Rawalpindi,163.7228560707786,µg/m³,2
2025-12-08 16:00:00+00:00,Rawalpindi,156.30313869052463,µg/m³,2
2025-12-08 17:00:00+00:00,Rawalpindi,139.23416659037272,µg/m³,2
2025-12-08 18:00:00+00:00,Rawalpindi,159.6034939342075,µg/m³,2
2025-12-08 19:00:00+00:00,Rawalpindi,208.59180076740407,µg/m³,3
2025-12-08 20:00:00+00:00,Rawalpindi,175.65592150511566,µg/m³,3
2025-12-08 21:00:00+00:00,Rawalpindi,169.70683330959744,µg/m³,3
2025-12-08 22:00:00+00:00,Rawalpindi,164.861976842527,µg/m³,3
2025-12-08 23:00:00+00:00,Rawalpindi,164.650226854395,µg/m³,3
2025-12-09 00:00:00+00:00,Rawalpindi,159.4400323726513,µg/m³,3
2025-12-09 01:00:00+00:00,Rawalpindi,151.293143470199,µg/m³,3
2025-12-09 02:00:00+00:00,Rawalpindi,108.01108328501384,µg/m³,2
2025-12-09 03:00:00+00:00,Rawalpindi,125.05745817820231,µg/m³,2
2025-12-09 04:00:00+00:00,Rawalpindi,124.65877766079373,µg/m³,2
2025-12-09 05:00:00+00:00,Rawalpindi,129.53416654798718,µg/m³,2
2025-12-09 06:00:00+00:00,Rawalpindi,153.95431775179776,µg/m³,2
2025-12-09 07:00:00+00:00,Rawalpindi,125.27884840531782,µg/m³,3
2025-12-09 08:00:00+00:00,Rawalpindi,103.17930302475436,µg/m³,3
2025-12-09 09:00:00+00:00,Rawalpindi,77.48746978297378,µg/m³,3
2025-12-09 10:00:00+00:00,Rawalpindi,58.768027581108946,µg/m³,3
2025-12-09 11:00:00+00:00,Rawalpindi,74.22877786424425,µg/m³,3
2025-12-09 12:00:00+00:00,Rawalpindi,99.93998614417183,µg/m³,3
2025-12-09 13:00:00+00:00,Rawalpindi,126.11627782185872,µg/m³,3
2025-12-09 14:00:00+00:00,Rawalpindi,156.21421774405022,µg/m³,3
2025-12-09 15:00:00+00:00,Rawalpindi,166.3512914445665,µg/m³,2
2025-12-09 16:00:00+00:00,Rawalpindi,165.51050777435302,µg/m³,2
2025-12-09 17:00:00+00:00,Rawalpindi,136.35786098904077,µg/m³,2
2025-12-09 18:00:00+00:00,Rawalpindi,146.20759787029692,µg/m³,2
2025-12-09 19:00:00+00:00,Rawalpindi,209.4451152872156,µg/m³,3
2025-12-09 20:00:00+00:00,Rawalpindi,190.09606935713023,µg/m³,3
2025-12-09 21:00:00+00:00,Rawalpindi,163.38093990043356,µg/m³,3
2025-12-09 22:00:00+00:00,Rawalpindi,160.3899814746998,µg/m³,3
2025-12-09 23:00:00+00:00,Rawalpindi,146.9381480464229,µg/m³,3
2025-12-10 00:00:00+00:00,Rawalpindi,131.49437966523348,µg/m³,3
2025-12-10 01:00:00+00:00,Rawalpindi,133.4742637846205,µg/m³,3
2025-12-10 02:00:00+00:00,Rawalpindi,167.96645851135256,µg/m³,3
2025-12-10 03:00:00+00:00,Rawalpindi,144.9982985602485,µg/m³,2
2025-12-10 04:00:00+00:00,Rawalpindi,109.22994446224635,µg/m³,2
2025-12-10 05:00:00+00:00,Rawalpindi,145.48555497063532,µg/m³,2
2025-12-10 06:00:00+00:00,Rawalpindi,144.42928433948092,µg/m³,2
2025-12-10 07:00:00+00:00,Rawalpindi,140.86215271419948,µg/m³,3
2025-12-10 08:00:00+00:00,Rawalpindi,121.51519454108343,µg/m³,3
2025-12-10 09:00:00+00:00,Rawalpindi,110.46795138253106,µg/m³,2
2025-12-10 10:00:00+00:00,Rawalpindi,71.59969911222105,µg/m³,3
2025-12-10 11:00:00+00:00,Rawalpindi,82.95253708450882,µg/m³,3
2025-12-10 12:00:00+00:00,Rawalpindi,114.96677308965612,µg/m³,3
2025-12-10 13:00:00+00:00,Rawalpindi,167.54326718262953,µg/m³,3
2025-12-10 14:00:00+00:00,Rawalpindi,164.6904937956068,µg/m³,2
2025-12-10 15:00:00+00:00,Rawalpindi,156.70051401986018,µg/m³,2
2025-12-10 16:00:00+00:00,Rawalpindi,136.33356937832303,µg/m³,2
2025-12-10 17:00:00+00:00,Rawalpindi,119.14226394229465,µg/m³,2
2025-12-10 18:00:00+00:00,Rawalpindi,118.69543033175998,µg/m³,2
2025-12-10 19:00:00+00:00,Rawalpindi,202.80546275951247,µg/m³,3
2025-12-10 20:00:00+00:00,Rawalpindi,186.8281068448667,µg/m³,3
2025-12-10 21:00:00+00:00,Rawalpindi,193.10170789647987,µg/m³,3
2025-12-10 22:00:00+00:00,Rawalpindi,186.47781988779704,µg/m³,3
2025-12-10 23:00:00+00:00,Rawalpindi,164.93806951310899,µg/m³,3
2025-12-11 00:00:00+00:00,Rawalpindi,166.84607423852992,µg/m³,3
2025-12-11 01:00:00+00:00,Rawalpindi,156.72540735315394,µg/m³,3
2025-12-11 02:00:00+00:00,Rawalpindi,131.98013892703585,µg/m³,2
2025-12-11 03:00:00+00:00,Rawalpindi,139.30446202827224,µg/m³,2
2025-12-11 04:00:00+00:00,Rawalpindi,214.18215133204603,µg/m³,1
2025-12-11 05:00:00+00:00,Rawalpindi,232.51777211969548,µg/m³,1
2025-12-11 06:00:00+00:00,Rawalpindi,284.84169455634225,µg/m³,1
2025-12-11 07:00:00+00:00,Rawalpindi,267.047024975401,µg/m³,2
2025-12-11 08:00:00+00:00,Rawalpindi,229.6144857194689,µg/m³,2
2025-12-11 09:00:00+00:00,Rawalpindi,144.82357012430828,µg/m³,3
2025-12-11 10:00:00+00:00,Rawalpindi,155.23524932861326,µg/m³,3
2025-12-11 11:00:00+00:00,Rawalpindi,155.61972643534344,µg/m³,3
2025-12-11 12:00:00+00:00,Rawalpindi,181.91657432273584,µg/m³,3
2025-12-11 13:00:00+00:00,Rawalpindi,224.42655622694224,µg/m³,3
2025-12-11 14:00:00+00:00,Rawalpindi,190.82831234402124,µg/m³,2
2025-12-11 15:00:00+00:00,Rawalpindi,151.91700669394598,µg/m³,2
2025-12-11 16:00:00+00:00,Rawalpindi,149.18691030078463,µg/m³,2
2025-12-11 17:00:00+00:00,Rawalpindi,172.1485835287306,µg/m³,2
2025-12-11 18:00:00+00:00,Rawalpindi,214.9172457518401,µg/m³,3
2025-12-11 19:00:00+00:00,Rawalpindi,201.5047779083252,µg/m³,3
2025-12-11 20:00:00+00:00,Rawalpindi,181.51966667175293,µg/m³,3
2025-12-11 21:00:00+00:00,Rawalpindi,167.7855602335047,µg/m³,3
2025-12-11 22:00:00+00:00,Rawalpindi,157.14414826852305,µg/m³,3
2025-12-11 23:00:00+00:00,Rawalpindi,166.5417081832886,µg/m³,3
2025-12-12 00:00:00+00:00,Rawalpindi,170.63769446478952,µg/m³,3
2025-12-12 01:00:00+00:00,Rawalpindi,176.2831065213239,µg/m³,3
2025-12-12 02:00:00+00:00,Rawalpindi,142.06982636981542,µg/m³,2
2025-12-12 03:00:00+00:00,Rawalpindi,162.11840284135604,µg/m³,2
2025-12-12 04:00:00+00:00,Rawalpindi,149.7904168446859,µg/m³,2
2025-12-12 05:00:00+00:00,Rawalpindi,138.17826393975153,µg/m³,2
2025-12-12 06:00:00+00:00,Rawalpindi,156.63992436726886,µg/m³,2
2025-12-12 07:00:00+00:00,Rawalpindi,154.53863195843167,µg/m³,2
2025-12-12 08:00:00+00:00,Rawalpindi,184.06177180608114,µg/m³,2
2025-12-12 09:00:00+00:00,Rawalpindi,146.50965281592477,µg/m³,2
2025-12-12 10:00:00+00:00,Rawalpindi,158.46386800342137,µg/m³,2
2025-12-12 11:00:00+00:00,Rawalpindi,174.34655204541758,µg/m³,2
2025-12-12 12:00:00+00:00,Rawalpindi,209.93208249409992,µg/m³,2
2025-12-12 13:00:00+00:00,Rawalpindi,243.08690920935734,µg/m³,2
2025-12-12 14:00:00+00:00,Rawalpindi,215.1692854775323,µg/m³,2
2025-12-12 15:00:00+00:00,Rawalpindi,195.55843048095704,µg/m³,2
2025-12-12 16:00:00+00:00,Rawalpindi,186.89392337799075,µg/m³,2
2025-12-12 17:00:00+00:00,Rawalpindi,182.7644713083903,µg/m³,2
2025-12-12 18:00:00+00:00,Rawalpindi,179.65361270904538,µg/m³,2
2025-12-12 19:00:00+00:00,Rawalpindi,166.3751806471083,µg/m³,2
2025-12-12 20:00:00+00:00,Rawalpindi,158.95548608567978,µg/m³,2
2025-12-12 21:00:00+00:00,Rawalpindi,154.46381260553994,µg/m³,2
2025-12-12 22:00:00+00:00,Rawalpindi,158.42433331807456,µg/m³,2
2025-12-12 23:00:00+00:00,Rawalpindi,145.61470151477388,µg/m³,2
2025-12-13 00:00:00+00:00,Rawalpindi,147.99786808225844,µg/m³,2
2025-12-13 01:00:00+00:00,Rawalpindi,158.2650205930074,µg/m³,2
2025-12-13 02:00:00+00:00,Rawalpindi,158.3792915980021,µg/m³,2
2025-12-13 03:00:00+00:00,Rawalpindi,176.91506249109904,µg/m³,2
2025-12-13 04:00:00+00:00,Rawalpindi,194.53510433832804,µg/m³,2
2025-12-13 05:00:00+00:00,Rawalpindi,169.0487156762017,µg/m³,2
2025-12-13 06:00:00+00:00,Rawalpindi,171.31440290874903,µg/m³,2
2025-12-13 07:00:00+00:00,Rawalpindi,170.17909031973946,µg/m³,2
2025-12-13 08:00:00+00:00,Rawalpindi,140.27417362001205,µg/m³,2
2025-12-13 09:00:00+00:00,Rawalpindi,131.90727103551228,µg/m³,2
2025-12-13 10:00:00+00:00,Rawalpindi,111.03593746821086,µg/m³,2
2025-12-13 11:00:00+00:00,Rawalpindi,137.47820128334894,µg/m³,2
2025-12-13 12:00:00+00:00,Rawalpindi,153.52506265640258,µg/m³,2
2025-12-13 13:00:00+00:00,Rawalpindi,200.2222843699985,µg/m³,2
2025-12-13 14:00:00+00:00,Rawalpindi,199.91887471940782,µg/m³,2
2025-12-13 15:00:00+00:00,Rawalpindi,194.26457636091445,µg/m³,2
2025-12-13 16:00:00+00:00,Rawalpindi,189.17676497565375,µg/m³,2
2025-12-13 17:00:00+00:00,Rawalpindi,182.34283991919625,µg/m³,2
2025-12-13 18:00:00+00:00,Rawalpindi,165.23052085240684,µg/m³,2
2025-12-13 19:00:00+00:00,Rawalpindi,146.90290952258638,µg/m³,2
2025-12-13 20:00:00+00:00,Rawalpindi,167.41590922673544,µg/m³,2
2025-12-13 21:00:00+00:00,Rawalpindi,148.80117360221016,µg/m³,2
2025-12-13 22:00:00+00:00,Rawalpindi,118.29906244277953,µg/m³,2
2025-12-13 23:00:00+00:00,Rawalpindi,120.39470818837484,µg/m³,2
2025-12-14 00:00:00+00:00,Rawalpindi,113.17163908216689,µg/m³,2
2025-12-14 01:00:00+00:00,Rawalpindi,130.53951405419244,µg/m³,2
2025-12-14 02:00:00+00:00,Rawalpindi,148.39084703657363,µg/m³,2
2025-12-14 03:00:00+00:00,Rawalpindi,146.16962509155275,µg/m³,2
2025-12-14 04:00:00+00:00,Rawalpindi,157.09443049960666,µg/m³,2
2025-12-14 05:00:00+00:00,Rawalpindi,155.38475686179268,µg/m³,2
2025-12-14 06:00:00+00:00,Rawalpindi,166.79779880311753,µg/m³,2
2025-12-14 07:00:00+00:00,Rawalpindi,180.7994320609353,µg/m³,2
2025-12-14 08:00:00+00:00,Rawalpindi,185.98716623518203,µg/m³,2
2025-12-14 09:00:00+00:00,Rawalpindi,118.07072935104371,µg/m³,2
2025-12-14 10:00:00+00:00,Rawalpindi,115.89695141050551,µg/m³,2
2025-12-14 11:00:00+00:00,Rawalpindi,135.85759711795384,µg/m³,2
2025-12-14 12:00:00+00:00,Rawalpindi,164.4386877377828,µg/m³,2
2025-12-14 13:00:00+00:00,Rawalpindi,203.53099312252468,µg/m³,2
2025-12-14 14:00:00+00:00,Rawalpindi,205.17071666717533,µg/m³,2
2025-12-14 15:00:00+00:00,Rawalpindi,181.05977745056154,µg/m³,2
2025-12-14 16:00:00+00:00,Rawalpindi,156.17680551740858,µg/m³,2
2025-12-14 17:00:00+00:00,Rawalpindi,150.15572919845582,µg/m³,2
2025-12-14 18:00:00+00:00,Rawalpindi,154.23715952767267,µg/m³,2
2025-12-14 19:00:00+00:00,Rawalpindi,140.43239596684774,µg/m³,2
2025-12-14 20:00:00+00:00,Rawalpindi,147.69487489064537,µg/m³,2
2025-12-14 21:00:00+00:00,Rawalpindi,185.4543792955803,µg/m³,2
2025-12-14 22:00:00+00:00,Rawalpindi,157.81482603285048,µg/m³,2
2025-12-14 23:00:00+00:00,Rawalpindi,116.87391675313314,µg/m³,2
2025-12-15 00:00:00+00:00,Rawalpindi,112.71561799579196,µg/m³,2
2025-12-15 01:00:00+00:00,Rawalpindi,150.68108342488608,µg/m³,2
2025-12-15 02:00:00+00:00,Rawalpindi,175.01800003051756,µg/m³,2
2025-12-15 03:00:00+00:00,Rawalpindi,154.06412525177,µg/m³,2
2025-12-15 04:00:00+00:00,Rawalpindi,161.07620843251547,µg/m³,1
2025-12-15 05:00:00+00:00,Rawalpindi,164.58324079160337,µg/m³,1
2025-12-15 06:00:00+00:00,Rawalpindi,237.15899810791015,µg/m³,1
2025-12-15 07:00:00+00:00,Rawalpindi,179.20246250268184,µg/m³,2
2025-12-15 08:00:00+00:00,Rawalpindi,136.478787948146,µg/m³,2
2025-12-15 09:00:00+00:00,Rawalpindi,109.78428068450003,µg/m³,2
2025-12-15 10:00:00+00:00,Rawalpindi,110.9695831934611,µg/m³,2
2025-12-15 11:00:00+00:00,Rawalpindi,143.65141665140789,µg/m³,2
2025-12-15 12:00:00+00:00,Rawalpindi,171.55043044620092,µg/m³,2
2025-12-15 13:00:00+00:00,Rawalpindi,183.45230500962998,µg/m³,2
2025-12-15 14:00:00+00:00,Rawalpindi,206.98226331075034,µg/m³,2
2025-12-15 15:00:00+00:00,Rawalpindi,201.6002091937595,µg/m³,2
2025-12-15 16:00:00+00:00,Rawalpindi,144.36188865237767,µg/m³,2
2025-12-15 17:00:00+00:00,Rawalpindi,138.92127084732056,µg/m³,2
2025-12-15 18:00:00+00:00,Rawalpindi,136.250298637814,µg/m³,2
2025-12-15 19:00:00+00:00,Rawalpindi,174.34208285013835,µg/m³,2
2025-12-15 20:00:00+00:00,Rawalpindi,186.44674451616072,µg/m³,2
2025-12-15 21:00:00+00:00,Rawalpindi,144.63843768437704,µg/m³,2
2025-12-15 22:00:00+00:00,Rawalpindi,126.93666674296061,µg/m³,2
2025-12-15 23:00:00+00:00,Rawalpindi,140.940923637814,µg/m³,2
2025-12-16 00:00:00+00:00,Rawalpindi,158.07234027650622,µg/m³,2
2025-12-16 01:00:00+00:00,Rawalpindi,155.29002785152858,µg/m³,2
2025-12-16 02:00:00+00:00,Rawalpindi,151.17345134947038,µg/m³,2
2025-12-16 03:00:00+00:00,Rawalpindi,159.0561032295227,µg/m³,2
2025-12-16 04:00:00+00:00,Rawalpindi,169.94483331044515,µg/m³,2
2025-12-16 05:00:00+00:00,Rawalpindi,180.93404766264416,µg/m³,2
2025-12-16 06:00:00+00:00,Rawalpindi,189.13024561140273,µg/m³,2
2025-12-16 07:00:00+00:00,Rawalpindi,184.9282922108968,µg/m³,2
2025-12-16 08:00:00+00:00,Rawalpindi,204.19937400817872,µg/m³,2
2025-12-16 09:00:00+00:00,Rawalpindi,144.75018803278607,µg/m³,2
2025-12-16 10:00:00+00:00,Rawalpindi,120.59397923151653,µg/m³,2
2025-12-16 11:00:00+00:00,Rawalpindi,124.09441668192545,µg/m³,2
2025-12-16 12:00:00+00:00,Rawalpindi,115.69647212558323,µg/m³,2
2025-12-16 13:00:00+00:00,Rawalpindi,123.36674995422365,µg/m³,2
2025-12-16 14:00:00+00:00,Rawalpindi,133.95141665140787,µg/m³,2
2025-12-16 15:00:00+00:00,Rawalpindi,174.88058306376138,µg/m³,2
2025-12-16 16:00:00+00:00,Rawalpindi,147.45535434087117,µg/m³,2
2025-12-16 17:00:00+00:00,Rawalpindi,146.18827091852825,µg/m³,2
2025-12-16 18:00:00+00:00,Rawalpindi,170.27066637674966,µg/m³,2
2025-12-16 19:00:00+00:00,Rawalpindi,139.85116653442384,µg/m³,2
2025-12-16 20:00:00+00:00,Rawalpindi,117.44025001525878,µg/m³,2
2025-12-16 21:00:00+00:00,Rawalpindi,117.46291643778483,µg/m³,2
2025-12-16 22:00:00+00:00,Rawalpindi,141.4174791018168,µg/m³,2
2025-12-16 23:00:00+00:00,Rawalpindi,141.4901667277018,µg/m³,2
2025-12-17 00:00:00+00:00,Rawalpindi,111.18891665140788,µg/m³,2
2025-12-17 01:00:00+00:00,Rawalpindi,85.61949996948243,µg/m³,2
2025-12-17 02:00:00+00:00,Rawalpindi,115.30391680399575,µg/m³,2
2025-12-17 03:00:00+00:00,Rawalpindi,136.16920846303302,µg/m³,2
2025-12-17 04:00:00+00:00,Rawalpindi,200.22262477874756,µg/m³,1
2025-12-17 05:00:00+00:00,Rawalpindi,164.5853333791097,µg/m³,1
2025-12-17 06:00:00+00:00,Rawalpindi,210.4432498931885,µg/m³,1
2025-12-17 07:00:00+00:00,Rawalpindi,208.17693051232231,µg/m³,1
2025-12-17 09:00:00+00:00,Rawalpindi,132.4237497965495,µg/m³,2
2025-12-17 10:00:00+00:00,Rawalpindi,137.4706667582194,µg/m³,2
2025-12-17 11:00:00+00:00,Rawalpindi,141.79158337910968,µg/m³,2
2025-12-17 12:00:00+00:00,Rawalpindi,161.019500096639,µg/m³,2
2025-12-17 13:00:00+00:00,Rawalpindi,178.14716695149738,µg/m³,2
2025-12-17 14:00:00+00:00,Rawalpindi,200.05266621907552,µg/m³,2
2025-12-17 15:00:00+00:00,Rawalpindi,217.17899932861332,µg/m³,2
2025-12-17 16:00:00+00:00,Rawalpindi,191.0067492167155,µg/m³,2
2025-12-17 17:00:00+00:00,Rawalpindi,134.97077080408732,µg/m³,2
2025-12-17 18:00:00+00:00,Rawalpindi,167.60283292134602,µg/m³,2
2025-12-17 19:00:00+00:00,Rawalpindi,154.21404158274333,µg/m³,2
2025-12-17 20:00:00+00:00,Rawalpindi,175.54458401997883,µg/m³,2
2025-12-17 21:00:00+00:00,Rawalpindi,140.0918332417806,µg/m³,2
2025-12-17 22:00:00+00:00,Rawalpindi,119.79008344014487,µg/m³,2
2025-12-17 23:00:00+00:00,Rawalpindi,139.1748334248861,µg/m³,2
2025-12-18 00:00:00+00:00,Rawalpindi,153.9968335469564,µg/m³,2
2025-12-18 01:00:00+00:00,Rawalpindi,153.32418185147372,µg/m³,2
2025-12-18 02:00:00+00:00,Rawalpindi,163.63333333333333,µg/m³,2
2025-12-18 03:00:00+00:00,Rawalpindi,199.43766657511395,µg/m³,2
2025-12-18 04:00:00+00:00,Rawalpindi,212.95570824941,µg/m³,1
2025-12-18 05:00:00+00:00,Rawalpindi,217.31166674296063,µg/m³,1
2025-12-18 06:00:00+00:00,Rawalpindi,233.75299987792968,µg/m³,1
2025-12-18 07:00:00+00:00,Rawalpindi,287.70909118652344,µg/m³,1
2025-12-18 08:00:00+00:00,Rawalpindi,148.54150009155273,µg/m³,2
2025-12-18 09:00:00+00:00,Rawalpindi,151.0296667734782,µg/m³,2
2025-12-18 10:00:00+00:00,Rawalpindi,149.13866678873697,µg/m³,2
2025-12-18 11:00:00+00:00,Rawalpindi,157.2430000998757,µg/m³,2
2025-12-18 12:00:00+00:00,Rawalpindi,176.65716654459635,µg/m³,2
2025-12-18 13:00:00+00:00,Rawalpindi,214.34858334859211,µg/m³,2
2025-12-18 14:00:00+00:00,Rawalpindi,224.1430834452311,µg/m³,2
2025-12-18 15:00:00+00:00,Rawalpindi,231.63500111897784,µg/m³,2
2025-12-18 16:00:00+00:00,Rawalpindi,224.19024988810222,µg/m³,2
2025-12-18 17:00:00+00:00,Rawalpindi,199.8778335571289,µg/m³,2
2025-12-18 18:00:00+00:00,Rawalpindi,210.24716669718424,µg/m³,2
2025-12-18 19:00:00+00:00,Rawalpindi,174.0515832265218,µg/m³,2
2025-12-18 20:00:00+00:00,Rawalpindi,165.60691668192544,µg/m³,2
2025-12-18 21:00:00+00:00,Rawalpindi,168.1056666056315,µg/m³,2
2025-12-18 22:00:00+00:00,Rawalpindi,169.5611666361491,µg/m³,2
2025-12-18 23:00:00+00:00,Rawalpindi,133.723833211263,µg/m³,2
2025-12-19 00:00:00+00:00,Rawalpindi,134.93041674296063,µg/m³,2
2025-12-19 01:00:00+00:00,Rawalpindi,140.8625,µg/m³,2
2025-12-19 02:00:00+00:00,Rawalpindi,170.18758341471354,µg/m³,2
2025-12-19 03:00:00+00:00,Rawalpindi,188.69785948859322,µg/m³,2
2025-12-19 04:00:00+00:00,Rawalpindi,188.39475034077958,µg/m³,2
2025-12-19 05:00:00+00:00,Rawalpindi,169.09291674296065,µg/m³,2
2025-12-19 06:00:00+00:00,Rawalpindi,169.1252498626709,µg/m³,2
2025-12-19 07:00:00+00:00,Rawalpindi,195.79441655476887,µg/m³,2
2025-12-19 08:00:00+00:00,Rawalpindi,213.53741633097331,µg/m³,2
2025-12-19 09:00:00+00:00,Rawalpindi,214.63883310953779,µg/m³,2
2025-12-19 10:00:00+00:00,Rawalpindi,138.1554163614909,µg/m³,2
2025-12-19 11:00:00+00:00,Rawalpindi,168.91516660054526,µg/m³,2
2025-12-19 12:00:00+00:00,Rawalpindi,199.98058344523113,µg/m³,2
2025-12-19 13:00:00+00:00,Rawalpindi,202.54566599527996,µg/m³,2
2025-12-19 14:00:00+00:00,Rawalpindi,217.23358434041342,µg/m³,2
2025-12-19 15:00:00+00:00,Rawalpindi,207.67899932861326,µg/m³,2
2025-12-19 16:00:00+00:00,Rawalpindi,185.9346664428711,µg/m³,2
2025-12-19 17:00:00+00:00,Rawalpindi,186.9875,µg/m³,2
2025-12-19 18:00:00+00:00,Rawalpindi,184.5377510070801,µg/m³,2
2025-12-19 19:00:00+00:00,Rawalpindi,181.59866638183593,µg/m³,2
2025-12-19 20:00:00+00:00,Rawalpindi,160.74716669718424,µg/m³,2
2025-12-19 21:00:00+00:00,Rawalpindi,142.73916651407876,µg/m³,2
2025-12-19 22:00:00+00:00,Rawalpindi,155.3752497355143,µg/m³,2
2025-12-19 23:00:00+00:00,Rawalpindi,146.35974998474123,µg/m³,2
2025-12-20 00:00:00+00:00,Rawalpindi,145.73608334859213,µg/m³,2
2025-12-20 01:00:00+00:00,Rawalpindi,133.7150000254313,µg/m³,2
2025-12-20 02:00:00+00:00,Rawalpindi,131.23474998474123,µg/m³,2
2025-12-20 03:00:00+00:00,Rawalpindi,159.11949996948243,µg/m³,2
2025-12-20 04:00:00+00:00,Rawalpindi,161.39300003051756,µg/m³,2
2025-12-20 05:00:00+00:00,Rawalpindi,164.73733355204266,µg/m³,2
2025-12-20 06:00:00+00:00,Rawalpindi,168.08458353678384,µg/m³,2
2025-12-20 07:00:00+00:00,Rawalpindi,165.37791659037273,µg/m³,2
2025-12-20 08:00:00+00:00,Rawalpindi,174.6442501068115,µg/m³,2
2025-12-20 09:00:00+00:00,Rawalpindi,166.04308255513507,µg/m³,2
2025-12-20 10:00:00+00:00,Rawalpindi,171.30683301289878,µg/m³,2
2025-12-20 11:00:00+00:00,Rawalpindi,178.0639998118083,µg/m³,2
2025-12-20 12:00:00+00:00,Rawalpindi,224.42633310953778,µg/m³,2
2025-12-20 13:00:00+00:00,Rawalpindi,241.09849955240884,µg/m³,2
2025-12-20 14:00:00+00:00,Rawalpindi,247.48299865722655,µg/m³,2
2025-12-20 15:00:00+00:00,Rawalpindi,250.22908299763998,µg/m³,2
2025-12-20 16:00:00+00:00,Rawalpindi,253.1153335571289,µg/m³,2
2025-12-20 17:00:00+00:00,Rawalpindi,233.82908299763997,µg/m³,2
2025-12-20 18:00:00+00:00,Rawalpindi,238.4567492167155,µg/m³,2
2025-12-20 19:00:00+00:00,Rawalpindi,233.42933400472006,µg/m³,2
2025-12-20 20:00:00+00:00,Rawalpindi,224.74316711425783,µg/m³,2
2025-12-20 21:00:00+00:00,Rawalpindi,196.40008328755695,µg/m³,2
2025-12-20 22:00:00+00:00,Rawalpindi,180.70266672770185,µg/m³,2
2025-12-20 23:00:00+00:00,Rawalpindi,179.85558331807454,µg/m³,2
2025-12-21 00:00:00+00:00,Rawalpindi,188.38716659545898,µg/m³,2
2025-12-21 01:00:00+00:00,Rawalpindi,175.72341677347816,µg/m³,2
2025-12-21 02:00:00+00:00,Rawalpindi,166.84716669718426,µg/m³,2
2025-12-21 03:00:00+00:00,Rawalpindi,187.69591598510743,µg/m³,2
2025-12-21 04:00:00+00:00,Rawalpindi,196.03741671244302,µg/m³,2
2025-12-21 05:00:00+00:00,Rawalpindi,177.07075004577638,µg/m³,2
2025-12-21 06:00:00+00:00,Rawalpindi,162.06241671244302,µg/m³,2
2025-12-21 07:00:00+00:00,Rawalpindi,157.33766657511393,µg/m³,2
2025-12-21 08:00:00+00:00,Rawalpindi,144.24300003051758,µg/m³,2
2025-12-21 09:00:00+00:00,Rawalpindi,131.06139586766562,µg/m³,2
2025-12-21 10:00:00+00:00,Rawalpindi,95.11854159037273,µg/m³,2
2025-12-21 11:00:00+00:00,Rawalpindi,98.22899983723957,µg/m³,2
2025-12-21 12:00:00+00:00,Rawalpindi,86.16391665140787,µg/m³,2
2025-12-21 13:00:00+00:00,Rawalpindi,92.92358334859212,µg/m³,2
2025-12-21 14:00:00+00:00,Rawalpindi,91.85433324178061,µg/m³,2
2025-12-21 15:00:00+00:00,Rawalpindi,68.55449981689453,µg/m³,2
2025-12-21 16:00:00+00:00,Rawalpindi,71.99825019836426,µg/m³,2
2025-12-21 17:00:00+00:00,Rawalpindi,101.68058331807455,µg/m³,2
2025-12-21 18:00:00+00:00,Rawalpindi,111.2195832570394,µg/m³,2
2025-12-21 19:00:00+00:00,Rawalpindi,114.51391665140788,µg/m³,2
2025-12-21 20:00:00+00:00,Rawalpindi,111.72366663614909,µg/m³,2
2025-12-21 21:00:00+00:00,Rawalpindi,121.52791659037274,µg/m³,2
2025-12-21 22:00:00+00:00,Rawalpindi,118.83608334859213,µg/m³,2
2025-12-21 23:00:00+00:00,Rawalpindi,117.63066660563152,µg/m³,2
2025-12-22 00:00:00+00:00,Rawalpindi,121.46933339436849,µg/m³,2
2025-12-22 01:00:00+00:00,Rawalpindi,118.58466669718426,µg/m³,2
2025-12-22 02:00:00+00:00,Rawalpindi,117.17377099990847,µg/m³,2
2025-12-22 03:00:00+00:00,Rawalpindi,112.36195844014486,µg/m³,2
2025-12-22 04:00:00+00:00,Rawalpindi,115.848527569241,µg/m³,2
2025-12-22 05:00:00+00:00,Rawalpindi,108.47270137998791,µg/m³,2
2025-12-22 06:00:00+00:00,Rawalpindi,83.21666666666667,µg/m³,2
2025-12-22 07:00:00+00:00,Rawalpindi,59.39958356221517,µg/m³,2
2025-12-22 08:00:00+00:00,Rawalpindi,45.7081667582194,µg/m³,1
2025-12-22 09:00:00+00:00,Rawalpindi,49.12423614925808,µg/m³,2
2025-12-22 10:00:00+00:00,Rawalpindi,45.294208463033044,µg/m³,2
2025-12-22 11:00:00+00:00,Rawalpindi,48.66516672770182,µg/m³,2
2025-12-22 12:00:00+00:00,Rawalpindi,65.11399993896484,µg/m³,2
2025-12-22 13:00:00+00:00,Rawalpindi,84.99724998474122,µg/m³,2
2025-12-22 14:00:00+00:00,Rawalpindi,76.40416666666667,µg/m³,2
2025-12-22 15:00:00+00:00,Rawalpindi,74.74575004577638,µg/m³,2
2025-12-22 16:00:00+00:00,Rawalpindi,88.75983327229818,µg/m³,2
2025-12-22 17:00:00+00:00,Rawalpindi,78.1540833791097,µg/m³,2
2025-12-22 18:00:00+00:00,Rawalpindi,67.19183324178061,µg/m³,2
2025-12-22 19:00:00+00:00,Rawalpindi,97.59283345540365,µg/m³,2
2025-12-22 20:00:00+00:00,Rawalpindi,94.39724998474121,µg/m³,2
2025-12-22 21:00:00+00:00,Rawalpindi,83.69158337910972,µg/m³,2
2025-12-22 22:00:00+00:00,Rawalpindi,65.08441683451335,µg/m³,2
2025-12-22 23:00:00+00:00,Rawalpindi,51.4622501373291,µg/m³,2
2025-12-23 00:00:00+00:00,Rawalpindi,43.88041674296061,µg/m³,2
2025-12-23 01:00:00+00:00,Rawalpindi,57.1834166208903,µg/m³,2
2025-12-23 02:00:00+00:00,Rawalpindi,55.41108334859213,µg/m³,2
2025-12-23 03:00:00+00:00,Rawalpindi,67.77552774217394,µg/m³,2
2025-12-23 04:00:00+00:00,Rawalpindi,76.69747208489312,µg/m³,2
2025-12-23 05:00:00+00:00,Rawalpindi,51.882667032877606,µg/m³,1
2025-12-23 06:00:00+00:00,Rawalpindi,33.714110957251656,µg/m³,1
2025-12-23 07:00:00+00:00,Rawalpindi,37.59733327229818,µg/m³,1
2025-12-23 08:00:00+00:00,Rawalpindi,40.43050003051758,µg/m³,1
2025-12-23 09:00:00+00:00,Rawalpindi,41.77211117214627,µg/m³,1
2025-12-23 10:00:00+00:00,Rawalpindi,44.93583348592122,µg/m³,1
2025-12-23 11:00:00+00:00,Rawalpindi,52.82216669718425,µg/m³,1
2025-12-23 12:00:00+00:00,Rawalpindi,54.87750015258789,µg/m³,1
2025-12-23 13:00:00+00:00,Rawalpindi,58.399333699544265,µg/m³,1
2025-12-23 14:00:00+00:00,Rawalpindi,74.25283330281574,µg/m³,1
2025-12-23 15:00:00+00:00,Rawalpindi,73.42750015258788,µg/m³,1
2025-12-23 16:00:00+00:00,Rawalpindi,65.70533345540365,µg/m³,1
2025-12-23 17:00:00+00:00,Rawalpindi,59.424666849772144,µg/m³,1
2025-12-23 18:00:00+00:00,Rawalpindi,74.42516657511395,µg/m³,1
2025-12-23 19:00:00+00:00,Rawalpindi,104.25533345540366,µg/m³,1
2025-12-23 20:00:00+00:00,Rawalpindi,103.96966654459635,µg/m³,1
2025-12-23 21:00:00+00:00,Rawalpindi,95.61633351643879,µg/m³,1
2025-12-23 22:00:00+00:00,Rawalpindi,87.7163335164388,µg/m³,1
2025-12-23 23:00:00+00:00,Rawalpindi,69.4029998779297,µg/m³,1
2025-12-24 00:00:00+00:00,Rawalpindi,60.984332784016914,µg/m³,1
2025-12-24 01:00:00+00:00,Rawalpindi,56.34116694132487,µg/m³,1
2025-12-24 02:00:00+00:00,Rawalpindi,78.54150009155273,µg/m³,1
2025-12-24 03:00:00+00:00,Rawalpindi,70.26633351643879,µg/m³,1
2025-12-24 04:00:00+00:00,Rawalpindi,93.18008333841959,µg/m³,1
2025-12-24 05:00:00+00:00,Rawalpindi,99.50754172007242,µg/m³,1
2025-12-24 06:00:00+00:00,Rawalpindi,137.74951390160453,µg/m³,1
2025-12-24 07:00:00+00:00,Rawalpindi,61.92266642252604,µg/m³,1
2025-12-24 08:00:00+00:00,Rawalpindi,60.08349994023641,µg/m³,1
2025-12-24 09:00:00+00:00,Rawalpindi,43.6336664835612,µg/m³,1
2025-12-24 10:00:00+00:00,Rawalpindi,29.352375030517578,µg/m³,2
2025-12-24 11:00:00+00:00,Rawalpindi,30.333166758219406,µg/m³,2
2025-12-24 12:00:00+00:00,Rawalpindi,40.665166727701816,µg/m³,2
2025-12-24 13:00:00+00:00,Rawalpindi,49.79177077611288,µg/m³,2
2025-12-24 14:00:00+00:00,Rawalpindi,50.236916605631514,µg/m³,2
2025-12-24 15:00:00+00:00,Rawalpindi,69.59223617977565,µg/m³,2
2025-12-24 16:00:00+00:00,Rawalpindi,94.8473332722982,µg/m³,2
2025-12-24 17:00:00+00:00,Rawalpindi,75.69724998474122,µg/m³,2
2025-12-24 18:00:00+00:00,Rawalpindi,70.21233342488605,µg/m³,2
2025-12-24 19:00:00+00:00,Rawalpindi,59.27768742243449,µg/m³,2
2025-12-24 20:00:00+00:00,Rawalpindi,59.75847908655802,µg/m³,2
2025-12-24 21:00:00+00:00,Rawalpindi,48.18899993896484,µg/m³,2
2025-12-24 22:00:00+00:00,Rawalpindi,71.0695832570394,µg/m³,2
2025-12-24 23:00:00+00:00,Rawalpindi,66.54700012207033,µg/m³,2
2025-12-25 00:00:00+00:00,Rawalpindi,77.81541659037272,µg/m³,2
2025-12-25 01:00:00+00:00,Rawalpindi,50.519416681925456,µg/m³,2
2025-12-25 02:00:00+00:00,Rawalpindi,38.599999999999994,µg/m³,2
2025-12-25 03:00:00+00:00,Rawalpindi,53.19008344014486,µg/m³,2
2025-12-25 04:00:00+00:00,Rawalpindi,61.22647892634073,µg/m³,2
2025-12-25 05:00:00+00:00,Rawalpindi,53.268083318074545,µg/m³,2
2025-12-25 06:00:00+00:00,Rawalpindi,80.63660427729289,µg/m³,2
2025-12-25 07:00:00+00:00,Rawalpindi,67.79852782355414,µg/m³,2
2025-12-25 08:00:00+00:00,Rawalpindi,53.431999969482426,µg/m³,2
2025-12-25 09:00:00+00:00,Rawalpindi,51.74583333333334,µg/m³,2
2025-12-25 10:00:00+00:00,Rawalpindi,35.15259837526264,µg/m³,2
2025-12-25 11:00:00+00:00,Rawalpindi,39.39283345540365,µg/m³,2
2025-12-25 12:00:00+00:00,Rawalpindi,56.68766657511393,µg/m³,2
2025-12-25 13:00:00+00:00,Rawalpindi,69.68616663614908,µg/m³,2
2025-12-25 14:00:00+00:00,Rawalpindi,75.83483327229817,µg/m³,2
2025-12-25 15:00:00+00:00,Rawalpindi,99.58725013732912,µg/m³,2
2025-12-25 16:00:00+00:00,Rawalpindi,111.73883336385092,µg/m³,2
2025-12-25 17:00:00+00:00,Rawalpindi,97.59308331807455,µg/m³,2
2025-12-25 18:00:00+00:00,Rawalpindi,84.35133336385091,µg/m³,2
2025-12-25 19:00:00+00:00,Rawalpindi,83.46516672770183,µg/m³,2
2025-12-25 20:00:00+00:00,Rawalpindi,80.85675010681152,µg/m³,2
2025-12-25 21:00:00+00:00,Rawalpindi,70.31241671244304,µg/m³,2
2025-12-25 22:00:00+00:00,Rawalpindi,57.419416681925455,µg/m³,2
2025-12-25 23:00:00+00:00,Rawalpindi,53.61258328755696,µg/m³,2
2025-12-26 00:00:00+00:00,Rawalpindi,52.9413335164388,µg/m³,2
2025-12-26 01:00:00+00:00,Rawalpindi,56.59049987792969,µg/m³,2
2025-12-26 02:00:00+00:00,Rawalpindi,73.49283345540366,µg/m³,2
2025-12-26 03:00:00+00:00,Rawalpindi,132.04466654459637,µg/m³,1
2025-12-26 04:00:00+00:00,Rawalpindi,85.88608334859212,µg/m³,2
2025-12-26 05:00:00+00:00,Rawalpindi,85.20541674296061,µg/m³,2
2025-12-26 06:00:00+00:00,Rawalpindi,106.88766657511394,µg/m³,2
2025-12-26 07:00:00+00:00,Rawalpindi,113.34466654459634,µg/m³,1
2025-12-26 08:00:00+00:00,Rawalpindi,85.76036376953124,µg/m³,1
2025-12-26 09:00:00+00:00,Rawalpindi,72.73762493133545,µg/m³,1
2025-12-26 10:00:00+00:00,Rawalpindi,77.58316675821939,µg/m³,1
2025-12-26 11:00:00+00:00,Rawalpindi,94.7081667582194,µg/m³,1
2025-12-26 12:00:00+00:00,Rawalpindi,131.42816645304362,µg/m³,1
2025-12-26 13:00:00+00:00,Rawalpindi,183.5111666361491,µg/m³,1
2025-12-26 14:00:00+00:00,Rawalpindi,196.71983311971027,µg/m³,1
2025-12-26 15:00:00+00:00,Rawalpindi,197.4581667582194,µg/m³,1
2025-12-26 16:00:00+00:00,Rawalpindi,194.23316675821943,µg/m³,1
2025-12-26 17:00:00+00:00,Rawalpindi,190.0720001220703,µg/m³,1
2025-12-26 18:00:00+00:00,Rawalpindi,144.46716639200847,µg/m³,1
2025-12-26 19:00:00+00:00,Rawalpindi,192.56166636149086,µg/m³,1
2025-12-26 20:00:00+00:00,Rawalpindi,189.23366648356125,µg/m³,1
2025-12-26 21:00:00+00:00,Rawalpindi,125.86949996948242,µg/m³,1
2025-12-26 22:00:00+00:00,Rawalpindi,106.08349990844727,µg/m³,1
2025-12-26 23:00:00+00:00,Rawalpindi,131.8861666361491,µg/m³,1
2025-12-27 00:00:00+00:00,Rawalpindi,128.7918332417806,µg/m³,1
2025-12-27 01:00:00+00:00,Rawalpindi,86.01898610856797,µg/m³,1
2025-12-27 02:00:00+00:00,Rawalpindi,98.85454146067299,µg/m³,1
2025-12-27 03:00:00+00:00,Rawalpindi,140.10533345540364,µg/m³,1
2025-12-27 04:00:00+00:00,Rawalpindi,217.72233301798505,µg/m³,1
2025-12-27 05:00:00+00:00,Rawalpindi,217.1473332722982,µg/m³,1
2025-12-27 06:00:00+00:00,Rawalpindi,185.98349990844724,µg/m³,1
2025-12-27 07:00:00+00:00,Rawalpindi,161.50033315022785,µg/m³,1
2025-12-27 08:00:00+00:00,Rawalpindi,174.75783360799153,µg/m³,1
2025-12-27 09:00:00+00:00,Rawalpindi,138.513666788737,µg/m³,1
2025-12-27 10:00:00+00:00,Rawalpindi,210.7278330485026,µg/m³,1
2025-12-27 11:00:00+00:00,Rawalpindi,202.1970001220703,µg/m³,1
2025-12-27 12:00:00+00:00,Rawalpindi,190.61399993896487,µg/m³,1
2025-12-27 13:00:00+00:00,Rawalpindi,196.33066736857097,µg/m³,1
2025-12-27 14:00:00+00:00,Rawalpindi,285.00866800944016,µg/m³,1
2025-12-27 15:00:00+00:00,Rawalpindi,292.9939982096354,µg/m³,1
2025-12-27 16:00:00+00:00,Rawalpindi,306.34733378092454,µg/m³,1
2025-12-27 17:00:00+00:00,Rawalpindi,262.28933486938473,µg/m³,1
2025-12-27 18:00:00+00:00,Rawalpindi,231.84766642252603,µg/m³,1
2025-12-27 19:00:00+00:00,Rawalpindi,206.67566630045573,µg/m³,1
2025-12-27 20:00:00+00:00,Rawalpindi,148.8973332722982,µg/m³,1
2025-12-27 21:00:00+00:00,Rawalpindi,131.33066660563154,µg/m³,1
2025-12-27 22:00:00+00:00,Rawalpindi,118.93033345540363,µg/m³,1
2025-12-27 23:00:00+00:00,Rawalpindi,123.04416681925458,µg/m³,1
2025-12-28 00:00:00+00:00,Rawalpindi,114.18616663614908,µg/m³,1
2025-12-28 01:00:00+00:00,Rawalpindi,106.23600006103516,µg/m³,1
2025-12-28 02:00:00+00:00,Rawalpindi,110.43916651407876,µg/m³,1
2025-12-28 03:00:00+00:00,Rawalpindi,160.20583318074543,µg/m³,1
2025-12-28 04:00:00+00:00,Rawalpindi,135.3193333943685,µg/m³,1
2025-12-28 05:00:00+00:00,Rawalpindi,156.08866678873696,µg/m³,1
2025-12-28 06:00:00+00:00,Rawalpindi,154.79733327229818,µg/m³,1
2025-12-28 07:00:00+00:00,Rawalpindi,152.45550003051758,µg/m³,1
2025-12-28 08:00:00+00:00,Rawalpindi,135.1586664835612,µg/m³,1
2025-12-28 09:00:00+00:00,Rawalpindi,139.5004997253418,µg/m³,1
2025-12-28 10:00:00+00:00,Rawalpindi,138.49449996948243,µg/m³,1
2025-12-28 11:00:00+00:00,Rawalpindi,136.43949966430662,µg/m³,1
2025-12-28 12:00:00+00:00,Rawalpindi,144.99533284505208,µg/m³,1
2025-12-28 13:00:00+00:00,Rawalpindi,202.79999999999998,µg/m³,1
2025-12-28 14:00:00+00:00,Rawalpindi,227.61666666666667,µg/m³,1
2025-12-28 15:00:00+00:00,Rawalpindi,216.41983311971026,µg/m³,1
2025-12-28 16:00:00+00:00,Rawalpindi,203.6254997253418,µg/m³,1
2025-12-28 17:00:00+00:00,Rawalpindi,208.48850021362304,µg/m³,1
2025-12-28 18:00:00+00:00,Rawalpindi,252.25566660563152,µg/m³,1
2025-12-28 19:00:00+00:00,Rawalpindi,248.79449996948242,µg/m³,1
2025-12-28 20:00:00+00:00,Rawalpindi,195.588500213623,µg/m³,1
2025-12-28 21:00:00+00:00,Rawalpindi,187.85883305867512,µg/m³,1
2025-12-28 22:00:00+00:00,Rawalpindi,200.5861666361491,µg/m³,1
2025-12-28 23:00:00+00:00,Rawalpindi,219.52799987792972,µg/m³,1
2025-12-29 00:00:00+00:00,Rawalpindi,216.7693328857422,µg/m³,1
2025-12-29 01:00:00+00:00,Rawalpindi,178.77516657511396,µg/m³,1
2025-12-29 02:00:00+00:00,Rawalpindi,147.64766642252604,µg/m³,1
2025-12-29 03:00:00+00:00,Rawalpindi,269.4353307088216,µg/m³,1
2025-12-29 04:00:00+00:00,Rawalpindi,258.7773312886556,µg/m³,1
2025-12-29 05:00:00+00:00,Rawalpindi,337.75986073811845,µg/m³,1
2025-12-29 06:00:00+00:00,Rawalpindi,357.52500000000003,µg/m³,1
2025-12-29 07:00:00+00:00,Rawalpindi,320.2389744228787,µg/m³,1
2025-12-29 08:00:00+00:00,Rawalpindi,268.2865427017212,µg/m³,1
2025-12-29 09:00:00+00:00,Rawalpindi,329.0258766598172,µg/m³,1
2025-12-29 10:00:00+00:00,Rawalpindi,200.62149912516273,µg/m³,1
2025-12-29 11:00:00+00:00,Rawalpindi,180.23649978637695,µg/m³,1
2025-12-29 12:00:00+00:00,Rawalpindi,214.02216669718425,µg/m³,1
2025-12-29 13:00:00+00:00,Rawalpindi,251.02799962361658,µg/m³,1
2025-12-29 14:00:00+00:00,Rawalpindi,341.527833557129,µg/m³,1
2025-12-29 15:00:00+00:00,Rawalpindi,341.1476684570313,µg/m³,1
2025-12-29 16:00:00+00:00,Rawalpindi,291.84466756184895,µg/m³,1
2025-12-29 17:00:00+00:00,Rawalpindi,275.5609995524089,µg/m³,1
2025-12-29 18:00:00+00:00,Rawalpindi,259.50300038655604,µg/m³,1
2025-12-29 19:00:00+00:00,Rawalpindi,228.37583491007487,µg/m³,1
2025-12-29 20:00:00+00:00,Rawalpindi,185.6276667277018,µg/m³,1
2025-12-29 21:00:00+00:00,Rawalpindi,179.5331667582194,µg/m³,1
2025-12-29 22:00:00+00:00,Rawalpindi,178.2828336079915,µg/m³,1
2025-12-29 23:00:00+00:00,Rawalpindi,157.61083348592123,µg/m³,1
2025-12-30 00:00:00+00:00,Rawalpindi,184.98033345540364,µg/m³,1
2025-12-30 01:00:00+00:00,Rawalpindi,237.17283299763994,µg/m³,1
2025-12-30 02:00:00+00:00,Rawalpindi,212.6003331502279,µg/m³,1
2025-12-30 03:00:00+00:00,Rawalpindi,177.45483373006184,µg/m³,1
2025-12-30 06:00:00+00:00,Rawalpindi,242.12688869900174,µg/m³,1
2025-12-30 07:00:00+00:00,Rawalpindi,298.0412483215332,µg/m³,1
2025-12-30 08:00:00+00:00,Rawalpindi,265.8767486572266,µg/m³,1
2025-12-30 09:00:00+00:00,Rawalpindi,231.0419722451104,µg/m³,1
2025-12-30 10:00:00+00:00,Rawalpindi,176.06075019836427,µg/m³,1
2025-12-30 11:00:00+00:00,Rawalpindi,178.74141680399578,µg/m³,1
2025-12-30 12:00:00+00:00,Rawalpindi,198.0270004272461,µg/m³,1
2025-12-30 13:00:00+00:00,Rawalpindi,238.28333282470703,µg/m³,1
2025-12-30 14:00:00+00:00,Rawalpindi,255.14366607666014,µg/m³,1
2025-12-30 15:00:00+00:00,Rawalpindi,242.7954175313314,µg/m³,1
2025-12-30 16:00:00+00:00,Rawalpindi,295.3058344523112,µg/m³,1
2025-12-30 17:00:00+00:00,Rawalpindi,286.069667561849,µg/m³,1
2025-12-30 19:00:00+00:00,Rawalpindi,277.3948351542155,µg/m³,1
2025-12-30 20:00:00+00:00,Rawalpindi,238.0918332417806,µg/m³,1
2025-12-30 21:00:00+00:00,Rawalpindi,263.0262228224012,µg/m³,1
2025-12-30 22:00:00+00:00,Rawalpindi,298.9928315056695,µg/m³,1
2025-12-30 23:00:00+00:00,Rawalpindi,289.40833333333336,µg/m³,1
2025-12-31 00:00:00+00:00,Rawalpindi,296.5306671142578,µg/m³,1
2025-12-31 01:00:00+00:00,Rawalpindi,256.208832804362,µg/m³,1
2025-12-31 02:00:00+00:00,Rawalpindi,270.16416676839196,µg/m³,1
2025-12-31 03:00:00+00:00,Rawalpindi,242.16820844014487,µg/m³,1
2025-12-31 04:00:00+00:00,Rawalpindi,253.12451282077367,µg/m³,1
2025-12-31 05:00:00+00:00,Rawalpindi,298.5144578297933,µg/m³,1
2025-12-31 06:00:00+00:00,Rawalpindi,337.56043872255265,µg/m³,1
2025-12-31 07:00:00+00:00,Rawalpindi,331.178500366211,µg/m³,1
2025-12-31 08:00:00+00:00,Rawalpindi,249.64716542561848,µg/m³,1
2025-12-31 09:00:00+00:00,Rawalpindi,253.9683621493253,µg/m³,1
2025-12-31 10:00:00+00:00,Rawalpindi,159.1200557284885,µg/m³,1
2025-12-31 11:00:00+00:00,Rawalpindi,133.55037504831947,µg/m³,1
2025-12-31 12:00:00+00:00,Rawalpindi,141.6586664835612,µg/m³,1
2025-12-31 13:00:00+00:00,Rawalpindi,121.13583348592122,µg/m³,1
2025-12-31 14:00:00+00:00,Rawalpindi,168.35849990844727,µg/m³,1
2025-12-31 15:00:00+00:00,Rawalpindi,161.71350021362304,µg/m³,1
2025-12-31 16:00:00+00:00,Rawalpindi,146.1979995727539,µg/m³,1
2025-12-31 17:00:00+00:00,Rawalpindi,132.49166666666667,µg/m³,1
2025-12-31 18:00:00+00:00,Rawalpindi,115.90800018310547,µg/m³,1
2025-12-31 19:00:00+00:00,Rawalpindi,119.43866678873697,µg/m³,1
2025-12-31 20:00:00+00:00,Rawalpindi,130.10349960327147,µg/m³,1
2025-12-31 21:00:00+00:00,Rawalpindi,61.21100006103516,µg/m³,1
2025-12-31 22:00:00+00:00,Rawalpindi,40.69199981689453,µg/m³,1
2025-12-31 23:00:00+00:00,Rawalpindi,42.23250045776367,µg/m³,1
2026-01-01 00:00:00+00:00,Rawalpindi,44.571250152587886,µg/m³,1
2026-01-01 01:00:00+00:00,Rawalpindi,48.00141665140788,µg/m³,1
2026-01-01 02:00:00+00:00,Rawalpindi,47.5918332417806,µg/m³,1
2026-01-01 03:00:00+00:00,Rawalpindi,66.67958348592121,µg/m³,1
2026-01-01 04:00:00+00:00,Rawalpindi,68.65533345540365,µg/m³,1
2026-01-01 05:00:00+00:00,Rawalpindi,100.95516688028971,µg/m³,1
2026-01-01 06:00:00+00:00,Rawalpindi,92.1142361746894,µg/m³,1
2026-01-01 07:00:00+00:00,Rawalpindi,87.11849975585938,µg/m³,1
2026-01-01 08:00:00+00:00,Rawalpindi,92.16133321126303,µg/m³,1
2026-01-01 09:00:00+00:00,Rawalpindi,78.28649978637696,µg/m³,1
2026-01-01 10:00:00+00:00,Rawalpindi,67.92533315022786,µg/m³,1
2026-01-01 11:00:00+00:00,Rawalpindi,71.68145474520598,µg/m³,1
2026-01-01 12:00:00+00:00,Rawalpindi,81.27166697184245,µg/m³,1
2026-01-01 13:00:00+00:00,Rawalpindi,104.875,µg/m³,1
2026-01-01 14:00:00+00:00,Rawalpindi,152.21650009155275,µg/m³,1
2026-01-01 15:00:00+00:00,Rawalpindi,176.30500030517578,µg/m³,1
2026-01-01 16:00:00+00:00,Rawalpindi,183.20349960327147,µg/m³,1
2026-01-01 17:00:00+00:00,Rawalpindi,191.8725003560384,µg/m³,1
2026-01-01 18:00:00+00:00,Rawalpindi,139.24416681925456,µg/m³,1
2026-01-01 19:00:00+00:00,Rawalpindi,165.15849990844728,µg/m³,1
2026-01-01 20:00:00+00:00,Rawalpindi,185.8668332417806,µg/m³,1
2026-01-01 21:00:00+00:00,Rawalpindi,88.84883321126301,µg/m³,2
2026-01-01 22:00:00+00:00,Rawalpindi,51.33616663614909,µg/m³,2
2026-01-01 23:00:00+00:00,Rawalpindi,65.80833333333335,µg/m³,2
2026-01-02 00:00:00+00:00,Rawalpindi,82.7265832265218,µg/m³,2
2026-01-02 01:00:00+00:00,Rawalpindi,86.47350006103517,µg/m³,2
2026-01-02 02:00:00+00:00,Rawalpindi,88.04583333333332,µg/m³,2
2026-01-02 03:00:00+00:00,Rawalpindi,80.43802774217394,µg/m³,2
2026-01-02 04:00:00+00:00,Rawalpindi,99.16490922407671,µg/m³,2
2026-01-02 05:00:00+00:00,Rawalpindi,116.17220016479493,µg/m³,2
2026-01-02 06:00:00+00:00,Rawalpindi,109.31283315022787,µg/m³,2
2026-01-02 07:00:00+00:00,Rawalpindi,89.85409732394749,µg/m³,2
2026-01-02 08:00:00+00:00,Rawalpindi,80.7799166361491,µg/m³,2
2026-01-02 09:00:00+00:00,Rawalpindi,47.94300003051758,µg/m³,2
2026-01-02 10:00:00+00:00,Rawalpindi,50.60633290608724,µg/m³,1
2026-01-02 11:00:00+00:00,Rawalpindi,55.7331667582194,µg/m³,1
2026-01-02 12:00:00+00:00,Rawalpindi,72.93133290608723,µg/m³,1
2026-01-02 13:00:00+00:00,Rawalpindi,96.88300018310544,µg/m³,1
2026-01-02 14:00:00+00:00,Rawalpindi,100.22490872469815,µg/m³,1
2026-01-02 15:00:00+00:00,Rawalpindi,141.51183293660483,µg/m³,1
2025-10-05 13:00:00+00:00,Quetta,60.29962520599365,µg/m³,1
2025-10-05 14:00:00+00:00,Quetta,75.9423749923706,µg/m³,1
2025-10-05 15:00:00+00:00,Quetta,100.50149993896484,µg/m³,1
2025-10-05 16:00:00+00:00,Quetta,102.96595821380613,µg/m³,1
2025-10-05 17:00:00+00:00,Quetta,101.29216677347819,µg/m³,1
2025-10-05 18:00:00+00:00,Quetta,113.69762516021729,µg/m³,1
2025-10-05 19:00:00+00:00,Quetta,117.09925003051758,µg/m³,1
2025-10-05 20:00:00+00:00,Quetta,100.57066637674967,µg/m³,1
2025-10-06 02:00:00+00:00,Quetta,75.89938922458225,µg/m³,1
2025-10-06 03:00:00+00:00,Quetta,77.72129141489664,µg/m³,1
2025-10-06 04:00:00+00:00,Quetta,71.19808286031088,µg/m³,1
2025-10-06 05:00:00+00:00,Quetta,63.713180436028374,µg/m³,1
2025-10-06 06:00:00+00:00,Quetta,63.94693058861626,µg/m³,1
2025-10-06 07:00:00+00:00,Quetta,66.11049942016601,µg/m³,1
2025-10-06 08:00:00+00:00,Quetta,54.096621542265915,µg/m³,1
2025-10-06 09:00:00+00:00,Quetta,46.30609705183241,µg/m³,1
2025-10-06 10:00:00+00:00,Quetta,43.76240893277255,µg/m³,1
2025-10-06 11:00:00+00:00,Quetta,36.193866869608556,µg/m³,1
2025-10-06 12:00:00+00:00,Quetta,31.965250062942502,µg/m³,1
2025-10-07 02:00:00+00:00,Quetta,43.4433339436849,µg/m³,1
2025-10-07 03:00:00+00:00,Quetta,45.35933316548665,µg/m³,1
2025-10-07 04:00:00+00:00,Quetta,39.9433056725396,µg/m³,1
2025-10-07 05:00:00+00:00,Quetta,28.782583565182154,µg/m³,1
2025-10-07 06:00:00+00:00,Quetta,22.26091667811076,µg/m³,1
2025-10-07 07:00:00+00:00,Quetta,24.53868051369985,µg/m³,1
2025-10-07 08:00:00+00:00,Quetta,17.870791676309373,µg/m³,1
2025-10-07 09:00:00+00:00,Quetta,18.53181944158342,µg/m³,1
2025-10-07 10:00:00+00:00,Quetta,18.210541640387643,µg/m³,1
2025-10-08 02:00:00+00:00,Quetta,66.11166636149088,µg/m³,1
2025-10-08 03:00:00+00:00,Quetta,66.74366640033145,µg/m³,1
2025-10-08 04:00:00+00:00,Quetta,52.6951809141371,µg/m³,1
2025-10-08 05:00:00+00:00,Quetta,38.22713639519432,µg/m³,1
2025-10-08 06:00:00+00:00,Quetta,22.705750004450483,µg/m³,1
2025-10-08 07:00:00+00:00,Quetta,20.453402792082894,µg/m³,1
2025-10-08 08:00:00+00:00,Quetta,16.500375061564974,µg/m³,1
2025-10-08 09:00:00+00:00,Quetta,13.053250005510117,µg/m³,1
2025-10-08 10:00:00+00:00,Quetta,11.292319493823582,µg/m³,1
2025-10-08 11:00:00+00:00,Quetta,12.90045834382375,µg/m³,1
2025-10-08 12:00:00+00:00,Quetta,16.92461110750834,µg/m³,1
2025-10-09 02:00:00+00:00,Quetta,45.137665812174475,µg/m³,1
2025-10-09 03:00:00+00:00,Quetta,42.8618053648207,µg/m³,1
2025-10-09 04:00:00+00:00,Quetta,29.167000034120353,µg/m³,1
2025-10-09 05:00:00+00:00,Quetta,34.157666287277685,µg/m³,1
2025-10-09 06:00:00+00:00,Quetta,43.00331652323405,µg/m³,1
2025-10-09 07:00:00+00:00,Quetta,30.50499987602234,µg/m³,1
2025-10-09 08:00:00+00:00,Quetta,17.557666651407878,µg/m³,1
2025-10-09 09:00:00+00:00,Quetta,5.983749971389771,µg/m³,1
2025-10-09 10:00:00+00:00,Quetta,4.341680548588435,µg/m³,1
2025-10-09 11:00:00+00:00,Quetta,7.099742445891554,µg/m³,1
2025-10-10 02:00:00+00:00,Quetta,51.39816665649414,µg/m³,1
2025-10-10 03:00:00+00:00,Quetta,31.86608337561289,µg/m³,1
2025-10-10 04:00:00+00:00,Quetta,30.120930594868128,µg/m³,1
2025-10-10 05:00:00+00:00,Quetta,27.713772646586104,µg/m³,1
2025-10-10 06:00:00+00:00,Quetta,13.119944439993965,µg/m³,1
2025-10-10 07:00:00+00:00,Quetta,4.974749994609092,µg/m³,1
2025-10-10 08:00:00+00:00,Quetta,4.8689305592949195,µg/m³,1
2025-10-10 09:00:00+00:00,Quetta,3.662819446457757,µg/m³,1
2025-10-10 10:00:00+00:00,Quetta,3.1475694521433777,µg/m³,1
2025-10-10 11:00:00+00:00,Quetta,7.179750000602669,µg/m³,1
2025-10-10 12:00:00+00:00,Quetta,7.95854165678223,µg/m³,1
2025-10-10 13:00:00+00:00,Quetta,32.980958461761475,µg/m³,1
2025-10-10 14:00:00+00:00,Quetta,41.672708447774255,µg/m³,1
2025-10-10 15:00:00+00:00,Quetta,70.33983357747395,µg/m³,1
2025-10-10 16:00:00+00:00,Quetta,51.309374809265144,µg/m³,1
2025-10-13 02:00:00+00:00,Quetta,220.55899963378906,µg/m³,1
2025-10-13 03:00:00+00:00,Quetta,160.19120845794677,µg/m³,1
2025-10-13 04:00:00+00:00,Quetta,69.4308183149858,µg/m³,1
2025-10-13 05:00:00+00:00,Quetta,82.75830544365778,µg/m³,1
2025-10-13 06:00:00+00:00,Quetta,38.591212188836295,µg/m³,1
2025-10-13 07:00:00+00:00,Quetta,15.32791666984558,µg/m³,1
2025-10-13 08:00:00+00:00,Quetta,12.553291657235887,µg/m³,1
2025-10-13 09:00:00+00:00,Quetta,10.63977778752645,µg/m³,1
2025-10-13 10:00:00+00:00,Quetta,8.619333314895629,µg/m³,1
2025-10-13 11:00:00+00:00,Quetta,10.822166665395102,µg/m³,1
2025-10-14 02:00:00+00:00,Quetta,114.95025032043456,µg/m³,1
2025-10-14 03:00:00+00:00,Quetta,90.6890278286404,µg/m³,1
2025-10-14 04:00:00+00:00,Quetta,114.08945840199789,µg/m³,1
2025-10-14 05:00:00+00:00,Quetta,47.061042004161415,µg/m³,1
2025-10-14 06:00:00+00:00,Quetta,20.339291620254517,µg/m³,1
2025-10-14 07:00:00+00:00,Quetta,11.950699996948241,µg/m³,1
2025-10-14 08:00:00+00:00,Quetta,7.485972229639689,µg/m³,1
2025-10-14 09:00:00+00:00,Quetta,8.182916657129924,µg/m³,1
2025-10-14 10:00:00+00:00,Quetta,6.5980500125885015,µg/m³,1
2025-10-14 11:00:00+00:00,Quetta,8.890742420427728,µg/m³,1
2025-10-14 12:00:00+00:00,Quetta,13.94183331595527,µg/m³,1
2025-10-15 02:00:00+00:00,Quetta,167.0336664835612,µg/m³,1
2025-10-15 03:00:00+00:00,Quetta,97.42847247653539,µg/m³,1
2025-10-15 04:00:00+00:00,Quetta,76.26983350118,µg/m³,1
2025-10-15 05:00:00+00:00,Quetta,37.83022694154219,µg/m³,1
2025-10-15 06:00:00+00:00,Quetta,30.119930627610945,µg/m³,1
2025-10-15 07:00:00+00:00,Quetta,19.592305591371325,µg/m³,1
2025-10-15 08:00:00+00:00,Quetta,10.918000004026625,µg/m³,1
2025-10-15 09:00:00+00:00,Quetta,12.623939340764826,µg/m³,1
2025-10-15 10:00:00+00:00,Quetta,13.536333338419595,µg/m³,1
2025-10-15 11:00:00+00:00,Quetta,10.11349999109904,µg/m³,1
2025-10-16 02:00:00+00:00,Quetta,128.66233327229818,µg/m³,1
2025-10-16 03:00:00+00:00,Quetta,93.37608350118,µg/m³,1
2025-10-16 04:00:00+00:00,Quetta,117.93541666666665,µg/m³,1
2025-10-16 05:00:00+00:00,Quetta,75.48033307393392,µg/m³,1
2025-10-16 06:00:00+00:00,Quetta,46.263485070430875,µg/m³,1
2025-10-16 07:00:00+00:00,Quetta,17.888402830229865,µg/m³,1
2025-10-16 08:00:00+00:00,Quetta,11.117263881365458,µg/m³,1
2025-10-16 09:00:00+00:00,Quetta,12.460222217771744,µg/m³,1
2025-10-16 10:00:00+00:00,Quetta,13.357958330048454,µg/m³,1
2025-10-17 02:00:00+00:00,Quetta,121.15056276321411,µg/m³,1
2025-10-17 03:00:00+00:00,Quetta,89.93058331807454,µg/m³,1
2025-10-17 04:00:00+00:00,Quetta,81.98341674804688,µg/m³,1
2025-10-17 05:00:00+00:00,Quetta,90.2604728274875,µg/m³,1
2025-10-17 06:00:00+00:00,Quetta,44.15338870154486,µg/m³,1
2025-10-17 07:00:00+00:00,Quetta,25.745729188124336,µg/m³,1
2025-10-17 08:00:00+00:00,Quetta,21.56354763848441,µg/m³,1
2025-10-17 09:00:00+00:00,Quetta,20.770277782722754,µg/m³,1
2025-10-17 10:00:00+00:00,Quetta,23.215357121967138,µg/m³,1
2025-10-17 11:00:00+00:00,Quetta,21.42631945345137,µg/m³,1
2025-10-17 12:00:00+00:00,Quetta,29.169430655903287,µg/m³,1
2025-10-17 13:00:00+00:00,Quetta,36.27891696294148,µg/m³,1
2025-10-17 14:00:00+00:00,Quetta,68.19020824432374,µg/m³,1
2025-10-17 15:00:00+00:00,Quetta,66.14683354695637,µg/m³,1
2025-10-17 16:00:00+00:00,Quetta,68.53616676330567,µg/m³,1
2025-10-18 04:00:00+00:00,Quetta,108.93046625773111,µg/m³,1
2025-10-19 13:00:00+00:00,Quetta,31.170000076293945,µg/m³,1
2025-10-19 14:00:00+00:00,Quetta,39.376541622479756,µg/m³,1
2025-10-19 15:00:00+00:00,Quetta,62.14641710917156,µg/m³,1
2025-10-19 16:00:00+00:00,Quetta,47.40458335876465,µg/m³,1
2025-10-19 17:00:00+00:00,Quetta,39.987055672539604,µg/m³,1
2025-10-19 18:00:00+00:00,Quetta,49.31494450039333,µg/m³,1
2025-10-20 02:00:00+00:00,Quetta,158.00310012817383,µg/m³,1
2025-10-20 03:00:00+00:00,Quetta,132.6185001373291,µg/m³,1
2025-10-20 04:00:00+00:00,Quetta,50.202583440144856,µg/m³,1
2025-10-20 08:00:00+00:00,Quetta,28.498236046897045,µg/m³,1
2025-10-20 09:00:00+00:00,Quetta,25.843361253208585,µg/m³,1
2025-10-20 10:00:00+00:00,Quetta,25.008583227793377,µg/m³,1
2025-10-20 11:00:00+00:00,Quetta,24.000750099288094,µg/m³,1
2025-10-20 12:00:00+00:00,Quetta,25.314681790091775,µg/m³,1
2025-10-21 02:00:00+00:00,Quetta,58.33933308919271,µg/m³,1
2025-10-21 03:00:00+00:00,Quetta,44.780041567484524,µg/m³,1
2025-10-21 04:00:00+00:00,Quetta,45.322875022888184,µg/m³,1
2025-10-21 05:00:00+00:00,Quetta,48.24487514495849,µg/m³,1
2025-10-21 06:00:00+00:00,Quetta,39.006969943191066,µg/m³,1
2025-10-21 07:00:00+00:00,Quetta,30.290152446428934,µg/m³,1
2025-10-21 08:00:00+00:00,Quetta,29.773527908325196,µg/m³,1
2025-10-21 09:00:00+00:00,Quetta,29.348639024628536,µg/m³,1
2025-10-21 10:00:00+00:00,Quetta,28.699263879987924,µg/m³,1
2025-10-21 11:00:00+00:00,Quetta,28.41974987983703,µg/m³,1
2025-10-21 12:00:00+00:00,Quetta,26.837083371480304,µg/m³,1
2025-10-22 02:00:00+00:00,Quetta,177.40458310445152,µg/m³,1
2025-10-22 03:00:00+00:00,Quetta,133.78969451056585,µg/m³,1
2025-10-22 04:00:00+00:00,Quetta,116.0960140440199,µg/m³,1
2025-10-22 05:00:00+00:00,Quetta,104.7034723493788,µg/m³,1
2025-10-22 06:00:00+00:00,Quetta,38.158722323841516,µg/m³,1
2025-10-22 07:00:00+00:00,Quetta,24.25953330039978,µg/m³,1
2025-10-22 08:00:00+00:00,Quetta,27.70818067656623,µg/m³,1
2025-10-22 09:00:00+00:00,Quetta,24.99772221247355,µg/m³,1
2025-10-22 10:00:00+00:00,Quetta,22.972833366394045,µg/m³,1
2025-10-22 11:00:00+00:00,Quetta,19.7841166973114,µg/m³,1
2025-10-22 12:00:00+00:00,Quetta,24.43686107529534,µg/m³,1
2025-10-23 02:00:00+00:00,Quetta,110.16999816894531,µg/m³,1
2025-10-23 03:00:00+00:00,Quetta,136.77513868543838,µg/m³,1
2025-10-23 04:00:00+00:00,Quetta,107.32009994506834,µg/m³,1
2025-10-23 05:00:00+00:00,Quetta,63.69409110329368,µg/m³,1
2025-10-23 06:00:00+00:00,Quetta,36.86213640733198,µg/m³,1
2025-10-23 07:00:00+00:00,Quetta,28.797791690296595,µg/m³,1
2025-10-23 08:00:00+00:00,Quetta,22.902181827660762,µg/m³,1
2025-10-23 09:00:00+00:00,Quetta,22.701486108038164,µg/m³,1
2025-10-23 10:00:00+00:00,Quetta,18.76043047640059,µg/m³,1
2025-10-23 11:00:00+00:00,Quetta,21.9052222304874,µg/m³,1
2025-10-23 12:00:00+00:00,Quetta,27.251472144656713,µg/m³,1
2025-10-23 13:00:00+00:00,Quetta,41.77266680399576,µg/m³,1
2025-10-23 14:00:00+00:00,Quetta,45.92723628150092,µg/m³,1
2025-10-23 15:00:00+00:00,Quetta,79.30312480926514,µg/m³,1
2025-10-23 16:00:00+00:00,Quetta,105.72129166920979,µg/m³,1
2025-10-24 02:00:00+00:00,Quetta,91.7669288635254,µg/m³,1
2025-10-24 03:00:00+00:00,Quetta,214.55504220326745,µg/m³,1
2025-10-24 04:00:00+00:00,Quetta,123.2983612484402,µg/m³,1
2025-10-24 05:00:00+00:00,Quetta,81.81048594580756,µg/m³,1
2025-10-24 06:00:00+00:00,Quetta,41.111772791544595,µg/m³,1
2025-10-24 07:00:00+00:00,Quetta,28.32694461610582,µg/m³,1
2025-10-24 08:00:00+00:00,Quetta,22.42911684989929,µg/m³,1
2025-10-24 09:00:00+00:00,Quetta,18.42436111768087,µg/m³,1
2025-10-24 10:00:00+00:00,Quetta,19.948833333121403,µg/m³,1
2025-10-24 11:00:00+00:00,Quetta,23.588416655858357,µg/m³,1
2025-10-24 12:00:00+00:00,Quetta,32.74804146289826,µg/m³,1
2025-10-25 11:00:00+00:00,Quetta,23.48141663074493,µg/m³,1
2025-10-25 12:00:00+00:00,Quetta,31.058444325129187,µg/m³,1
2025-10-27 02:00:00+00:00,Quetta,167.7224998474121,µg/m³,1
2025-10-27 03:00:00+00:00,Quetta,61.70934691958957,µg/m³,1
2025-10-27 04:00:00+00:00,Quetta,71.08088908725315,µg/m³,1
2025-10-27 05:00:00+00:00,Quetta,41.31747216118706,µg/m³,1
2025-10-27 06:00:00+00:00,Quetta,38.79013909233941,µg/m³,1
2025-10-27 07:00:00+00:00,Quetta,33.96551356845432,µg/m³,1
2025-10-27 08:00:00+00:00,Quetta,31.627619152977356,µg/m³,1
2025-10-27 09:00:00+00:00,Quetta,30.168819681803384,µg/m³,1
2025-10-27 10:00:00+00:00,Quetta,27.86744448079003,µg/m³,1
2025-10-27 11:00:00+00:00,Quetta,29.31376390986972,µg/m³,1
2025-10-27 12:00:00+00:00,Quetta,40.918027803632945,µg/m³,1
2025-10-27 13:00:00+00:00,Quetta,48.046111594306105,µg/m³,1
2025-10-27 14:00:00+00:00,Quetta,51.70020821889241,µg/m³,1
2025-10-27 15:00:00+00:00,Quetta,52.82841657002768,µg/m³,1
2025-10-27 16:00:00+00:00,Quetta,79.03415270911321,µg/m³,1
2025-10-28 02:00:00+00:00,Quetta,119.5285836537679,µg/m³,1
2025-10-28 03:00:00+00:00,Quetta,90.35287494659424,µg/m³,1
2025-10-28 04:00:00+00:00,Quetta,77.53924236875592,µg/m³,1
2025-10-28 05:00:00+00:00,Quetta,124.14980272235293,µg/m³,1
2025-10-28 06:00:00+00:00,Quetta,52.81255577935113,µg/m³,1
2025-10-28 07:00:00+00:00,Quetta,27.981166643566553,µg/m³,1
2025-10-28 08:00:00+00:00,Quetta,26.520791596836517,µg/m³,1
2025-10-28 09:00:00+00:00,Quetta,26.121833300590513,µg/m³,1
2025-10-28 10:00:00+00:00,Quetta,25.0,µg/m³,1
2025-10-28 11:00:00+00:00,Quetta,27.401714379446847,µg/m³,1
2025-10-28 12:00:00+00:00,Quetta,31.575805637571545,µg/m³,1
2025-10-28 13:00:00+00:00,Quetta,45.4891668955485,µg/m³,1
2025-10-28 14:00:00+00:00,Quetta,47.63079153696697,µg/m³,1
2025-10-29 03:00:00+00:00,Quetta,65.84916636149089,µg/m³,1
2025-10-29 04:00:00+00:00,Quetta,55.324847178988996,µg/m³,1
2025-10-29 05:00:00+00:00,Quetta,61.435638639661995,µg/m³,1
2025-10-29 06:00:00+00:00,Quetta,41.05844463772244,µg/m³,1
2025-10-29 07:00:00+00:00,Quetta,23.983106223019686,µg/m³,1
2025-10-29 08:00:00+00:00,Quetta,19.94205551147461,µg/m³,1
2025-10-29 09:00:00+00:00,Quetta,18.1500694460339,µg/m³,1
2025-10-29 10:00:00+00:00,Quetta,23.05886347510598,µg/m³,1
2025-10-29 11:00:00+00:00,Quetta,22.67140271928575,µg/m³,1
2025-10-29 12:00:00+00:00,Quetta,29.495033369064327,µg/m³,1
2025-10-29 13:00:00+00:00,Quetta,41.587930319044325,µg/m³,1
2025-10-29 14:00:00+00:00,Quetta,64.4611388736301,µg/m³,1
2025-10-29 15:00:00+00:00,Quetta,71.94306956397162,µg/m³,1
2025-10-29 16:00:00+00:00,Quetta,87.83741645812988,µg/m³,1
2025-10-30 02:00:00+00:00,Quetta,162.02759948730468,µg/m³,1
2025-10-30 03:00:00+00:00,Quetta,156.27581950293649,µg/m³,1
2025-10-30 04:00:00+00:00,Quetta,86.03176424238416,µg/m³,1
2025-10-30 05:00:00+00:00,Quetta,69.19243089887831,µg/m³,1
2025-10-30 06:00:00+00:00,Quetta,59.419027752346466,µg/m³,1
2025-10-30 07:00:00+00:00,Quetta,36.05110588073731,µg/m³,1
2025-10-30 08:00:00+00:00,Quetta,31.534597335921394,µg/m³,1
2025-10-30 09:00:00+00:00,Quetta,25.43756939305199,µg/m³,1
2025-10-30 10:00:00+00:00,Quetta,24.169194483757014,µg/m³,1
2025-10-30 11:00:00+00:00,Quetta,29.74383316040039,µg/m³,1
2025-10-30 12:00:00+00:00,Quetta,42.23552774853176,µg/m³,1
2025-10-30 13:00:00+00:00,Quetta,69.39087505340576,µg/m³,1
2025-10-30 14:00:00+00:00,Quetta,63.42758344014485,µg/m³,1
2025-10-30 15:00:00+00:00,Quetta,63.89954191843669,µg/m³,1
2025-10-30 16:00:00+00:00,Quetta,80.74916674296061,µg/m³,1
2025-10-30 17:00:00+00:00,Quetta,94.73870843251547,µg/m³,1
2025-10-31 02:00:00+00:00,Quetta,128.65533345540365,µg/m³,1
2025-10-31 03:00:00+00:00,Quetta,122.99562511444088,µg/m³,1
2025-10-31 04:00:00+00:00,Quetta,147.6600003560384,µg/m³,1
2025-10-31 05:00:00+00:00,Quetta,81.34901555379231,µg/m³,1
2025-10-31 06:00:00+00:00,Quetta,35.60860577207623,µg/m³,1
2025-10-31 07:00:00+00:00,Quetta,22.65166664123535,µg/m³,1
2025-10-31 08:00:00+00:00,Quetta,12.58388884862264,µg/m³,1
2025-10-31 09:00:00+00:00,Quetta,8.478472232818604,µg/m³,1
2025-10-31 10:00:00+00:00,Quetta,10.175750011867946,µg/m³,1
2025-10-31 11:00:00+00:00,Quetta,17.459013817045424,µg/m³,1
2025-10-31 12:00:00+00:00,Quetta,26.943763883908588,µg/m³,1
2025-10-31 13:00:00+00:00,Quetta,31.207708366711937,µg/m³,1
2025-10-31 14:00:00+00:00,Quetta,38.060666783650724,µg/m³,1
2025-11-01 03:00:00+00:00,Quetta,38.59187498092651,µg/m³,1
2025-11-01 04:00:00+00:00,Quetta,42.75279169082642,µg/m³,1
2025-11-01 05:00:00+00:00,Quetta,28.942736103799607,µg/m³,1
2025-11-01 06:00:00+00:00,Quetta,20.2424444410536,µg/m³,1
2025-11-01 07:00:00+00:00,Quetta,19.720749998092653,µg/m³,1
2025-11-01 08:00:00+00:00,Quetta,12.481625008583071,µg/m³,1
2025-11-01 09:00:00+00:00,Quetta,12.96631944179535,µg/m³,1
2025-11-01 10:00:00+00:00,Quetta,8.907166671752929,µg/m³,1
2025-11-01 11:00:00+00:00,Quetta,12.612500015894573,µg/m³,1
2025-11-01 12:00:00+00:00,Quetta,20.8558333184984,µg/m³,1
2025-11-01 13:00:00+00:00,Quetta,29.88725016911825,µg/m³,1
2025-11-01 14:00:00+00:00,Quetta,38.51816676457723,µg/m³,1
2025-11-01 15:00:00+00:00,Quetta,41.71399993896485,µg/m³,1
2025-11-03 02:00:00+00:00,Quetta,34.89800109863281,µg/m³,1
2025-11-03 03:00:00+00:00,Quetta,38.16958329677582,µg/m³,1
2025-11-03 04:00:00+00:00,Quetta,36.60283325513204,µg/m³,1
2025-11-03 05:00:00+00:00,Quetta,29.58145823478699,µg/m³,1
2025-11-03 06:00:00+00:00,Quetta,11.054458324114483,µg/m³,1
2025-11-03 07:00:00+00:00,Quetta,13.747909089290737,µg/m³,1
2025-11-03 08:00:00+00:00,Quetta,11.435194449954563,µg/m³,1
2025-11-03 09:00:00+00:00,Quetta,7.69600001970927,µg/m³,1
2025-11-03 10:00:00+00:00,Quetta,6.875999996397231,µg/m³,1
2025-11-03 11:00:00+00:00,Quetta,13.95716667175293,µg/m³,1
2025-11-03 12:00:00+00:00,Quetta,26.5909166653951,µg/m³,1
2025-11-03 13:00:00+00:00,Quetta,28.6534998204973,µg/m³,1
2025-11-03 14:00:00+00:00,Quetta,29.551875027020774,µg/m³,1
2025-11-03 15:00:00+00:00,Quetta,54.067708524068195,µg/m³,1
2025-11-04 02:00:00+00:00,Quetta,25.172333335876466,µg/m³,1
2025-11-04 03:00:00+00:00,Quetta,23.596500031153358,µg/m³,1
2025-11-04 04:00:00+00:00,Quetta,30.61387485663096,µg/m³,1
2025-11-04 05:00:00+00:00,Quetta,30.623180460929863,µg/m³,1
2025-11-04 06:00:00+00:00,Quetta,30.25799984931946,µg/m³,1
2025-11-04 07:00:00+00:00,Quetta,26.58386092715793,µg/m³,1
2025-11-04 08:00:00+00:00,Quetta,27.955430589781866,µg/m³,1
2025-11-04 09:00:00+00:00,Quetta,31.028916663593716,µg/m³,1
2025-11-04 10:00:00+00:00,Quetta,30.902430780728654,µg/m³,1
2025-11-04 11:00:00+00:00,Quetta,33.483916672070826,µg/m³,1
2025-11-04 12:00:00+00:00,Quetta,39.40870812733968,µg/m³,1
2025-11-04 13:00:00+00:00,Quetta,43.455500030517584,µg/m³,1
2025-11-04 14:00:00+00:00,Quetta,46.19912509918213,µg/m³,1
2025-11-04 15:00:00+00:00,Quetta,47.75712490081787,µg/m³,1
2025-11-04 16:00:00+00:00,Quetta,44.262777879503034,µg/m³,1
2025-11-04 17:00:00+00:00,Quetta,39.34031809026545,µg/m³,1
2025-11-05 03:00:00+00:00,Quetta,40.84106052283085,µg/m³,1
2025-11-05 04:00:00+00:00,Quetta,42.58995850880941,µg/m³,1
2025-11-05 05:00:00+00:00,Quetta,37.05104181766511,µg/m³,1
2025-11-05 07:00:00+00:00,Quetta,21.360236069891187,µg/m³,1
2025-11-05 08:00:00+00:00,Quetta,20.83069450325436,µg/m³,1
2025-11-05 09:00:00+00:00,Quetta,24.859166566530863,µg/m³,1
2025-11-05 10:00:00+00:00,Quetta,13.277749999364218,µg/m³,1
2025-11-05 11:00:00+00:00,Quetta,15.98333342075348,µg/m³,1
2025-11-05 12:00:00+00:00,Quetta,26.934833349121945,µg/m³,1
2025-11-05 13:00:00+00:00,Quetta,32.09587511221567,µg/m³,1
2025-11-05 14:00:00+00:00,Quetta,43.73604174455007,µg/m³,1
2025-11-05 15:00:00+00:00,Quetta,29.091166684362623,µg/m³,1
2025-11-06 02:00:00+00:00,Quetta,57.32099990844726,µg/m³,1
2025-11-06 03:00:00+00:00,Quetta,53.41841646830241,µg/m³,1
2025-11-06 04:00:00+00:00,Quetta,30.220374862353008,µg/m³,1
2025-11-06 05:00:00+00:00,Quetta,42.41663891739315,µg/m³,1
2025-11-06 06:00:00+00:00,Quetta,20.054222234090172,µg/m³,1
2025-11-06 07:00:00+00:00,Quetta,9.387939377987024,µg/m³,1
2025-11-06 08:00:00+00:00,Quetta,8.291136351498691,µg/m³,1
2025-11-06 09:00:00+00:00,Quetta,7.396152774824036,µg/m³,1
2025-11-06 10:00:00+00:00,Quetta,5.356208346784115,µg/m³,1
2025-11-06 11:00:00+00:00,Quetta,7.164541664967935,µg/m³,1
2025-11-06 12:00:00+00:00,Quetta,17.49045833746592,µg/m³,1
2025-11-06 13:00:00+00:00,Quetta,67.85529139836628,µg/m³,1
2025-11-06 14:00:00+00:00,Quetta,97.04595826466878,µg/m³,1
2025-11-06 15:00:00+00:00,Quetta,51.080111228095156,µg/m³,1
2025-11-07 02:00:00+00:00,Quetta,56.04249954223633,µg/m³,1
2025-11-07 03:00:00+00:00,Quetta,62.82700004577637,µg/m³,1
2025-11-07 04:00:00+00:00,Quetta,58.906917063395184,µg/m³,1
2025-11-07 05:00:00+00:00,Quetta,23.500500011444093,µg/m³,1
2025-11-07 06:00:00+00:00,Quetta,22.34275000360277,µg/m³,1
2025-11-07 07:00:00+00:00,Quetta,8.076530293984847,µg/m³,1
2025-11-07 08:00:00+00:00,Quetta,1.586055564135313,µg/m³,1
2025-11-07 09:00:00+00:00,Quetta,1.3982638893028099,µg/m³,1
2025-11-07 10:00:00+00:00,Quetta,1.4352916685036485,µg/m³,1
2025-11-07 11:00:00+00:00,Quetta,4.4740000038097305,µg/m³,1
2025-11-07 12:00:00+00:00,Quetta,16.91470828851064,µg/m³,1
2025-11-07 13:00:00+00:00,Quetta,40.443846914503304,µg/m³,1
2025-11-07 14:00:00+00:00,Quetta,39.39799985018643,µg/m³,1
2025-11-07 15:00:00+00:00,Quetta,41.51091677347819,µg/m³,1
2025-11-08 04:00:00+00:00,Quetta,40.64487490653992,µg/m³,1
2025-11-08 05:00:00+00:00,Quetta,17.268999965985618,µg/m³,1
2025-11-08 06:00:00+00:00,Quetta,14.151803019552519,µg/m³,1
2025-11-08 07:00:00+00:00,Quetta,4.330291659384965,µg/m³,1
2025-11-08 08:00:00+00:00,Quetta,4.271291671382884,µg/m³,1
2025-11-08 09:00:00+00:00,Quetta,3.0686666758110124,µg/m³,1
2025-11-08 10:00:00+00:00,Quetta,3.202166670891973,µg/m³,1
2025-11-08 11:00:00+00:00,Quetta,4.583583350479603,µg/m³,1
2025-11-08 12:00:00+00:00,Quetta,21.50639995574951,µg/m³,1
2025-11-08 13:00:00+00:00,Quetta,32.58583342234294,µg/m³,1
2025-11-08 14:00:00+00:00,Quetta,47.96666666666667,µg/m³,1
2025-11-08 15:00:00+00:00,Quetta,52.597624778747566,µg/m³,1
2025-11-10 02:00:00+00:00,Quetta,56.40116755167643,µg/m³,1
2025-11-10 03:00:00+00:00,Quetta,55.697000122070314,µg/m³,1
2025-11-10 04:00:00+00:00,Quetta,66.64466654459636,µg/m³,1
2025-11-10 05:00:00+00:00,Quetta,38.75147208902571,µg/m³,1
2025-11-10 06:00:00+00:00,Quetta,25.288791680336,µg/m³,1
2025-11-10 07:00:00+00:00,Quetta,13.579874997834365,µg/m³,1
2025-11-10 08:00:00+00:00,Quetta,9.15208331743876,µg/m³,1
2025-11-10 09:00:00+00:00,Quetta,8.654041663805643,µg/m³,1
2025-11-10 10:00:00+00:00,Quetta,8.279041681687039,µg/m³,1
2025-11-10 11:00:00+00:00,Quetta,14.312999969058566,µg/m³,1
2025-11-10 12:00:00+00:00,Quetta,21.98916667302449,µg/m³,1
2025-11-10 13:00:00+00:00,Quetta,35.89091663360596,µg/m³,1
2025-11-10 14:00:00+00:00,Quetta,43.9416941748725,µg/m³,1
2025-11-10 15:00:00+00:00,Quetta,47.032166891387014,µg/m³,1
2025-11-11 02:00:00+00:00,Quetta,79.28100128173828,µg/m³,1
2025-11-11 03:00:00+00:00,Quetta,66.70016657511393,µg/m³,1
2025-11-11 04:00:00+00:00,Quetta,61.0517361746894,µg/m³,1
2025-11-11 05:00:00+00:00,Quetta,58.60343019697402,µg/m³,1
2025-11-11 06:00:00+00:00,Quetta,34.02227765984005,µg/m³,1
2025-11-11 07:00:00+00:00,Quetta,17.747791682349312,µg/m³,1
2025-11-11 08:00:00+00:00,Quetta,11.070805549621582,µg/m³,1
2025-11-11 09:00:00+00:00,Quetta,12.412138885921904,µg/m³,1
2025-11-11 10:00:00+00:00,Quetta,9.595222229427762,µg/m³,1
2025-11-11 11:00:00+00:00,Quetta,11.18519444995456,µg/m³,1
2025-11-11 12:00:00+00:00,Quetta,20.700363887440076,µg/m³,1
2025-11-11 13:00:00+00:00,Quetta,37.721500396728516,µg/m³,1
2025-11-11 14:00:00+00:00,Quetta,58.935878776781486,µg/m³,1
2025-11-11 15:00:00+00:00,Quetta,40.952833239237464,µg/m³,1
2025-11-12 02:00:00+00:00,Quetta,41.95,µg/m³,1
2025-11-12 03:00:00+00:00,Quetta,53.14100036621094,µg/m³,1
2025-11-12 04:00:00+00:00,Quetta,37.05174986521403,µg/m³,1
2025-11-12 05:00:00+00:00,Quetta,32.8848194943534,µg/m³,1
2025-11-12 12:00:00+00:00,Quetta,24.248030298406423,µg/m³,1
2025-11-12 13:00:00+00:00,Quetta,29.238333264986675,µg/m³,1
2025-11-12 14:00:00+00:00,Quetta,44.98600044250489,µg/m³,1
2025-11-12 15:00:00+00:00,Quetta,48.62216669718424,µg/m³,1
2025-11-13 02:00:00+00:00,Quetta,77.9368889702691,µg/m³,1
2025-11-13 03:00:00+00:00,Quetta,71.7474998474121,µg/m³,1
2025-11-13 04:00:00+00:00,Quetta,28.948097311125863,µg/m³,1
2025-11-13 06:00:00+00:00,Quetta,27.724984845248137,µg/m³,1
2025-11-13 07:00:00+00:00,Quetta,22.26445847882165,µg/m³,1
2025-11-13 08:00:00+00:00,Quetta,14.236666633969262,µg/m³,1
2025-11-13 09:00:00+00:00,Quetta,9.716966679890952,µg/m³,1
2025-11-13 10:00:00+00:00,Quetta,4.665416668479641,µg/m³,1
2025-11-13 11:00:00+00:00,Quetta,8.841236133045621,µg/m³,1
2025-11-13 12:00:00+00:00,Quetta,18.090708337889783,µg/m³,1
2025-11-13 13:00:00+00:00,Quetta,59.28005532158745,µg/m³,1
2025-11-13 14:00:00+00:00,Quetta,118.11729170481364,µg/m³,1
2025-11-13 15:00:00+00:00,Quetta,63.93800010681153,µg/m³,1
2025-11-14 13:00:00+00:00,Quetta,40.57816651662191,µg/m³,1
2025-11-14 14:00:00+00:00,Quetta,56.14749984741212,µg/m³,1
2025-11-14 15:00:00+00:00,Quetta,43.47849966684978,µg/m³,1
2025-11-14 16:00:00+00:00,Quetta,31.477333418528243,µg/m³,1
2025-11-14 17:00:00+00:00,Quetta,31.086333211263025,µg/m³,1
2025-11-15 03:00:00+00:00,Quetta,105.23579956054687,µg/m³,1
2025-11-15 04:00:00+00:00,Quetta,155.3776667277018,µg/m³,1
2025-11-15 05:00:00+00:00,Quetta,91.95656939612492,µg/m³,1
2025-11-15 13:00:00+00:00,Quetta,94.7761003112793,µg/m³,1
2025-11-15 14:00:00+00:00,Quetta,223.9804445054796,µg/m³,1
2025-11-15 15:00:00+00:00,Quetta,148.96149978637695,µg/m³,1
2025-11-15 16:00:00+00:00,Quetta,93.18820870717366,µg/m³,1
2025-11-16 10:00:00+00:00,Quetta,13.045199966430664,µg/m³,1
2025-11-16 11:00:00+00:00,Quetta,19.402833302815758,µg/m³,1
2025-11-16 12:00:00+00:00,Quetta,31.78850011825561,µg/m³,1
2025-11-16 13:00:00+00:00,Quetta,94.18033345540364,µg/m³,1
2025-11-16 14:00:00+00:00,Quetta,140.8251665751139,µg/m³,1
2025-11-16 15:00:00+00:00,Quetta,105.95462512969972,µg/m³,1
2025-11-16 16:00:00+00:00,Quetta,169.80300064086916,µg/m³,1
2025-11-16 17:00:00+00:00,Quetta,229.34133377075196,µg/m³,1
2025-11-17 02:00:00+00:00,Quetta,139.29249954223633,µg/m³,1
2025-11-17 03:00:00+00:00,Quetta,122.9126665751139,µg/m³,1
2025-11-17 04:00:00+00:00,Quetta,56.03542461973248,µg/m³,1
2025-11-17 05:00:00+00:00,Quetta,121.16754156748455,µg/m³,1
2025-11-17 06:00:00+00:00,Quetta,73.12789401430074,µg/m³,1
2025-11-17 09:00:00+00:00,Quetta,17.71505558755663,µg/m³,1
2025-11-17 10:00:00+00:00,Quetta,14.033203707800972,µg/m³,1
2025-11-17 11:00:00+00:00,Quetta,21.223399779001873,µg/m³,1
2025-11-17 12:00:00+00:00,Quetta,44.55622215270996,µg/m³,1
2025-11-17 13:00:00+00:00,Quetta,55.421638700697166,µg/m³,1
2025-11-17 14:00:00+00:00,Quetta,118.49683380126953,µg/m³,1
2025-11-17 15:00:00+00:00,Quetta,236.95550079345696,µg/m³,1
2025-11-17 16:00:00+00:00,Quetta,133.18316675821941,µg/m³,1
2025-11-17 17:00:00+00:00,Quetta,170.79966684977214,µg/m³,1
2025-11-17 18:00:00+00:00,Quetta,197.63649978637693,µg/m³,1
2025-11-18 03:00:00+00:00,Quetta,79.49812488555908,µg/m³,1
2025-11-18 05:00:00+00:00,Quetta,84.08245843251547,µg/m³,1
2025-11-18 06:00:00+00:00,Quetta,46.33187452952067,µg/m³,1
2025-11-18 07:00:00+00:00,Quetta,31.69801381693946,µg/m³,1
2025-11-18 08:00:00+00:00,Quetta,14.454500002331207,µg/m³,1
2025-11-18 09:00:00+00:00,Quetta,17.45229164759318,µg/m³,1
2025-11-18 10:00:00+00:00,Quetta,13.22013889948527,µg/m³,1
2025-11-18 11:00:00+00:00,Quetta,21.224583260218303,µg/m³,1
2025-11-18 12:00:00+00:00,Quetta,34.235833485921226,µg/m³,1
2025-11-18 13:00:00+00:00,Quetta,43.00275001525878,µg/m³,2
2025-11-18 14:00:00+00:00,Quetta,47.64191672007243,µg/m³,2
2025-11-18 15:00:00+00:00,Quetta,59.002666727701815,µg/m³,1
2025-11-18 16:00:00+00:00,Quetta,74.03816706339519,µg/m³,1
2025-11-18 17:00:00+00:00,Quetta,80.66383336385091,µg/m³,1
2025-11-18 18:00:00+00:00,Quetta,109.40116678873697,µg/m³,2
2025-11-18 20:00:00+00:00,Quetta,71.0,µg/m³,1
2025-11-18 21:00:00+00:00,Quetta,94.0,µg/m³,1
2025-11-18 22:00:00+00:00,Quetta,94.0,µg/m³,1
2025-11-18 23:00:00+00:00,Quetta,67.0,µg/m³,1
2025-11-19 00:00:00+00:00,Quetta,60.0,µg/m³,1
2025-11-19 01:00:00+00:00,Quetta,68.0,µg/m³,1
2025-11-19 03:00:00+00:00,Quetta,60.078181734952054,µg/m³,2
2025-11-19 04:00:00+00:00,Quetta,56.94282628032896,µg/m³,2
2025-11-19 05:00:00+00:00,Quetta,42.46202083826065,µg/m³,2
2025-11-19 06:00:00+00:00,Quetta,29.77987489170498,µg/m³,1
2025-11-19 07:00:00+00:00,Quetta,27.628347063064577,µg/m³,1
2025-11-19 08:00:00+00:00,Quetta,23.79136110941569,µg/m³,1
2025-11-19 09:00:00+00:00,Quetta,18.381861135694717,µg/m³,2
2025-11-19 10:00:00+00:00,Quetta,16.221727264288702,µg/m³,2
2025-11-19 11:00:00+00:00,Quetta,18.443256992763942,µg/m³,2
2025-11-19 12:00:00+00:00,Quetta,40.313979200522105,µg/m³,2
2025-11-19 13:00:00+00:00,Quetta,31.53430556191339,µg/m³,2
2025-11-19 14:00:00+00:00,Quetta,37.89460426966349,µg/m³,2
2025-11-19 15:00:00+00:00,Quetta,35.655000273386634,µg/m³,1
2025-11-19 16:00:00+00:00,Quetta,51.44550010363261,µg/m³,2
2025-11-19 17:00:00+00:00,Quetta,49.0,µg/m³,1
2025-11-19 18:00:00+00:00,Quetta,109.0,µg/m³,1
2025-11-19 19:00:00+00:00,Quetta,75.0,µg/m³,1
2025-11-19 20:00:00+00:00,Quetta,101.0,µg/m³,1
2025-11-19 21:00:00+00:00,Quetta,128.0,µg/m³,1
2025-11-19 22:00:00+00:00,Quetta,130.0,µg/m³,1
2025-11-19 23:00:00+00:00,Quetta,89.0,µg/m³,1
2025-11-20 01:00:00+00:00,Quetta,50.0,µg/m³,1
2025-11-20 02:00:00+00:00,Quetta,108.0,µg/m³,1
2025-11-20 03:00:00+00:00,Quetta,188.0,µg/m³,1
2025-11-20 04:00:00+00:00,Quetta,83.0,µg/m³,1
2025-11-20 05:00:00+00:00,Quetta,76.0,µg/m³,1
2025-11-20 06:00:00+00:00,Quetta,23.0,µg/m³,1
2025-11-20 09:00:00+00:00,Quetta,23.0,µg/m³,1
2025-11-20 10:00:00+00:00,Quetta,16.059840908917515,µg/m³,2
2025-11-20 11:00:00+00:00,Quetta,28.228041675355698,µg/m³,2
2025-11-20 12:00:00+00:00,Quetta,24.440266583760582,µg/m³,2
2025-11-20 13:00:00+00:00,Quetta,31.288208345572155,µg/m³,2
2025-11-20 14:00:00+00:00,Quetta,35.145916620890304,µg/m³,2
2025-11-20 15:00:00+00:00,Quetta,33.604333241780594,µg/m³,2
2025-11-20 16:00:00+00:00,Quetta,40.063833363850904,µg/m³,2
2025-11-20 17:00:00+00:00,Quetta,65.93649978637696,µg/m³,1
2025-11-20 18:00:00+00:00,Quetta,102.56916681925456,µg/m³,1
2025-11-20 19:00:00+00:00,Quetta,95.28333333333335,µg/m³,1
2025-11-20 20:00:00+00:00,Quetta,83.0,µg/m³,1
2025-11-20 21:00:00+00:00,Quetta,73.0,µg/m³,1
2025-11-20 22:00:00+00:00,Quetta,35.0,µg/m³,1
2025-11-21 00:00:00+00:00,Quetta,21.0,µg/m³,1
2025-11-21 02:00:00+00:00,Quetta,39.0,µg/m³,1
2025-11-21 03:00:00+00:00,Quetta,91.19374987284343,µg/m³,2
2025-11-21 04:00:00+00:00,Quetta,47.25524309608671,µg/m³,2
2025-11-21 05:00:00+00:00,Quetta,35.140416685740156,µg/m³,2
2025-11-21 06:00:00+00:00,Quetta,32.06098607646095,µg/m³,2
2025-11-21 07:00:00+00:00,Quetta,27.406138751241897,µg/m³,1
2025-11-21 08:00:00+00:00,Quetta,21.04175000190735,µg/m³,1
2025-11-21 09:00:00+00:00,Quetta,20.62643750111262,µg/m³,2
2025-11-21 10:00:00+00:00,Quetta,20.35734030140771,µg/m³,2
2025-11-21 11:00:00+00:00,Quetta,20.11631249454286,µg/m³,2
2025-11-21 12:00:00+00:00,Quetta,35.72152088483175,µg/m³,2
2025-11-21 13:00:00+00:00,Quetta,48.882416788736975,µg/m³,2
2025-11-21 14:00:00+00:00,Quetta,39.92895844777424,µg/m³,1
2025-11-21 15:00:00+00:00,Quetta,45.924430550469296,µg/m³,2
2025-11-21 16:00:00+00:00,Quetta,48.538229147593185,µg/m³,2
2025-11-21 17:00:00+00:00,Quetta,89.0,µg/m³,1
2025-11-21 20:00:00+00:00,Quetta,119.0,µg/m³,1
2025-11-21 21:00:00+00:00,Quetta,79.0,µg/m³,1
2025-11-21 22:00:00+00:00,Quetta,42.0,µg/m³,1
2025-11-21 23:00:00+00:00,Quetta,34.0,µg/m³,1
2025-11-22 00:00:00+00:00,Quetta,28.0,µg/m³,1
2025-11-22 01:00:00+00:00,Quetta,39.0,µg/m³,1
2025-11-22 03:00:00+00:00,Quetta,46.85599975585938,µg/m³,1
2025-11-22 04:00:00+00:00,Quetta,53.85710407892863,µg/m³,2
2025-11-22 05:00:00+00:00,Quetta,61.16416651407878,µg/m³,1
2025-11-22 06:00:00+00:00,Quetta,30.633250061670942,µg/m³,2
2025-11-22 07:00:00+00:00,Quetta,27.305624906222025,µg/m³,1
2025-11-22 08:00:00+00:00,Quetta,22.777958369255064,µg/m³,1
2025-11-22 09:00:00+00:00,Quetta,19.683145836989084,µg/m³,2
2025-11-22 10:00:00+00:00,Quetta,22.910333331425985,µg/m³,2
2025-11-22 11:00:00+00:00,Quetta,26.286333338419595,µg/m³,2
2025-11-22 12:00:00+00:00,Quetta,31.483583259582517,µg/m³,2
2025-11-22 13:00:00+00:00,Quetta,44.62100025812784,µg/m³,1
2025-11-22 14:00:00+00:00,Quetta,53.10416666666667,µg/m³,2
2025-11-22 15:00:00+00:00,Quetta,46.470805570814335,µg/m³,2
2025-11-22 16:00:00+00:00,Quetta,65.31591669718424,µg/m³,2
2025-11-22 17:00:00+00:00,Quetta,97.3306666056315,µg/m³,2
2025-11-22 18:00:00+00:00,Quetta,96.3459166208903,µg/m³,2
2025-11-22 19:00:00+00:00,Quetta,97.0,µg/m³,1
2025-11-22 20:00:00+00:00,Quetta,105.0,µg/m³,1
2025-11-22 21:00:00+00:00,Quetta,77.0,µg/m³,1
2025-11-22 22:00:00+00:00,Quetta,31.0,µg/m³,1
2025-11-22 23:00:00+00:00,Quetta,39.0,µg/m³,1
2025-11-23 00:00:00+00:00,Quetta,27.0,µg/m³,1
2025-11-23 01:00:00+00:00,Quetta,41.0,µg/m³,1
2025-11-23 02:00:00+00:00,Quetta,113.0,µg/m³,1
2025-11-23 03:00:00+00:00,Quetta,116.0,µg/m³,1
2025-11-23 04:00:00+00:00,Quetta,73.50597224765355,µg/m³,2
2025-11-23 12:00:00+00:00,Quetta,46.0,µg/m³,1
2025-11-23 13:00:00+00:00,Quetta,97.65691668192545,µg/m³,2
2025-11-23 14:00:00+00:00,Quetta,123.58643050723606,µg/m³,1
2025-11-23 15:00:00+00:00,Quetta,82.77054208119712,µg/m³,1
2025-11-23 16:00:00+00:00,Quetta,131.37066675821941,µg/m³,2
2025-11-23 17:00:00+00:00,Quetta,152.79433339436846,µg/m³,1
2025-11-23 18:00:00+00:00,Quetta,97.81949996948241,µg/m³,1
2025-11-23 19:00:00+00:00,Quetta,211.0,µg/m³,1
2025-11-23 22:00:00+00:00,Quetta,157.0,µg/m³,1
2025-11-23 23:00:00+00:00,Quetta,194.0,µg/m³,1
2025-11-24 00:00:00+00:00,Quetta,148.0,µg/m³,1
2025-11-24 01:00:00+00:00,Quetta,162.0,µg/m³,1
2025-11-24 02:00:00+00:00,Quetta,120.03499908447266,µg/m³,1
2025-11-24 04:00:00+00:00,Quetta,157.0611666361491,µg/m³,2
2025-11-24 05:00:00+00:00,Quetta,142.05016651153562,µg/m³,2
2025-11-24 06:00:00+00:00,Quetta,98.71687894878966,µg/m³,2
2025-11-24 07:00:00+00:00,Quetta,58.93515266842312,µg/m³,1
2025-11-24 08:00:00+00:00,Quetta,45.089333852132164,µg/m³,1
2025-11-24 09:00:00+00:00,Quetta,30.435097230805294,µg/m³,1
2025-11-24 10:00:00+00:00,Quetta,26.81923616727193,µg/m³,2
2025-11-24 11:00:00+00:00,Quetta,31.521500007311502,µg/m³,1
2025-11-24 12:00:00+00:00,Quetta,52.260888772540625,µg/m³,2
2025-11-24 13:00:00+00:00,Quetta,75.34173600938585,µg/m³,2
2025-11-24 14:00:00+00:00,Quetta,124.20168771743775,µg/m³,2
2025-11-24 15:00:00+00:00,Quetta,165.0840210278829,µg/m³,2
2025-11-24 16:00:00+00:00,Quetta,106.60783360799154,µg/m³,1
2025-11-24 17:00:00+00:00,Quetta,81.0051668802897,µg/m³,1
2025-11-24 18:00:00+00:00,Quetta,138.99822218153213,µg/m³,2
2025-11-24 19:00:00+00:00,Quetta,175.0,µg/m³,1
2025-11-25 02:00:00+00:00,Quetta,154.82549972534179,µg/m³,2
2025-11-25 03:00:00+00:00,Quetta,175.16900024414062,µg/m³,1
2025-11-25 04:00:00+00:00,Quetta,105.01642361746893,µg/m³,2
2025-11-25 05:00:00+00:00,Quetta,65.37054144541422,µg/m³,1
2025-11-25 06:00:00+00:00,Quetta,44.88233343760172,µg/m³,1
2025-11-25 07:00:00+00:00,Quetta,27.15092428958777,µg/m³,1
2025-11-25 08:00:00+00:00,Quetta,35.12698478120746,µg/m³,1
2025-11-25 09:00:00+00:00,Quetta,35.250805616378784,µg/m³,1
2025-11-25 10:00:00+00:00,Quetta,33.738374932607016,µg/m³,1
2025-11-25 11:00:00+00:00,Quetta,30.769166668256126,µg/m³,2
2025-11-25 12:00:00+00:00,Quetta,64.59181258281072,µg/m³,2
2025-11-25 13:00:00+00:00,Quetta,90.51699981689454,µg/m³,1
2025-11-25 14:00:00+00:00,Quetta,52.6085418065389,µg/m³,1
2025-11-25 15:00:00+00:00,Quetta,68.78124053389939,µg/m³,1
2025-11-25 16:00:00+00:00,Quetta,124.46015292273627,µg/m³,1
2025-11-25 19:00:00+00:00,Quetta,344.0,µg/m³,1
2025-11-25 21:00:00+00:00,Quetta,283.0,µg/m³,1
2025-11-25 22:00:00+00:00,Quetta,209.0,µg/m³,1
2025-11-26 00:00:00+00:00,Quetta,175.0,µg/m³,1
2025-11-26 01:00:00+00:00,Quetta,200.0,µg/m³,1
2025-11-26 02:00:00+00:00,Quetta,87.25,µg/m³,1
2025-11-26 03:00:00+00:00,Quetta,141.50020860036213,µg/m³,1
2025-11-26 04:00:00+00:00,Quetta,201.3282879453717,µg/m³,2
2025-11-26 05:00:00+00:00,Quetta,122.26708329518637,µg/m³,2
2025-11-26 06:00:00+00:00,Quetta,92.63376403384738,µg/m³,1
2025-11-26 07:00:00+00:00,Quetta,46.67950007120768,µg/m³,1
2025-11-26 08:00:00+00:00,Quetta,30.295621406670772,µg/m³,1
2025-11-26 09:00:00+00:00,Quetta,24.19755555921131,µg/m³,2
2025-11-26 10:00:00+00:00,Quetta,25.252888867590165,µg/m³,2
2025-11-26 11:00:00+00:00,Quetta,29.97516657511393,µg/m³,1
2025-11-26 12:00:00+00:00,Quetta,70.03883330027263,µg/m³,2
2025-11-26 13:00:00+00:00,Quetta,108.18775011698405,µg/m³,2
2025-11-26 14:00:00+00:00,Quetta,137.04933369954423,µg/m³,1
2025-11-26 15:00:00+00:00,Quetta,179.53908322652183,µg/m³,2
2025-11-26 16:00:00+00:00,Quetta,77.69449996948242,µg/m³,1
2025-11-26 20:00:00+00:00,Quetta,57.0,µg/m³,1
2025-11-26 21:00:00+00:00,Quetta,65.0,µg/m³,1
2025-11-26 22:00:00+00:00,Quetta,83.0,µg/m³,1
2025-11-26 23:00:00+00:00,Quetta,103.0,µg/m³,1
2025-11-27 00:00:00+00:00,Quetta,136.0,µg/m³,1
2025-11-27 01:00:00+00:00,Quetta,98.0,µg/m³,1
2025-11-27 02:00:00+00:00,Quetta,107.90685729980468,µg/m³,2
2025-11-27 03:00:00+00:00,Quetta,103.07633336385092,µg/m³,2
2025-11-27 04:00:00+00:00,Quetta,57.40283330281575,µg/m³,2
2025-11-27 05:00:00+00:00,Quetta,39.33079172770182,µg/m³,2
2025-11-27 06:00:00+00:00,Quetta,32.550409230318934,µg/m³,2
2025-11-27 07:00:00+00:00,Quetta,31.18499981562297,µg/m³,1
2025-11-27 08:00:00+00:00,Quetta,42.19322692697698,µg/m³,1
2025-11-27 09:00:00+00:00,Quetta,17.463090268770856,µg/m³,2
2025-11-27 10:00:00+00:00,Quetta,19.709104152520496,µg/m³,2
2025-11-27 11:00:00+00:00,Quetta,20.757875013351445,µg/m³,2
2025-11-27 12:00:00+00:00,Quetta,38.807850217819215,µg/m³,2
2025-11-27 13:00:00+00:00,Quetta,73.91979185740153,µg/m³,1
2025-11-27 14:00:00+00:00,Quetta,90.24400024414062,µg/m³,2
2025-11-27 15:00:00+00:00,Quetta,120.51541659037272,µg/m³,2
2025-11-27 16:00:00+00:00,Quetta,47.55641695658366,µg/m³,1
2025-11-27 17:00:00+00:00,Quetta,137.6939999667081,µg/m³,2
2025-11-27 19:00:00+00:00,Quetta,82.0,µg/m³,1
2025-11-27 20:00:00+00:00,Quetta,114.0,µg/m³,1
2025-11-27 21:00:00+00:00,Quetta,76.0,µg/m³,1
2025-11-27 22:00:00+00:00,Quetta,60.0,µg/m³,1
2025-11-27 23:00:00+00:00,Quetta,42.0,µg/m³,1
2025-11-28 00:00:00+00:00,Quetta,65.0,µg/m³,1
2025-11-28 03:00:00+00:00,Quetta,130.83599990844726,µg/m³,1
2025-11-28 04:00:00+00:00,Quetta,137.51795838673908,µg/m³,2
2025-11-28 05:00:00+00:00,Quetta,123.40161805682712,µg/m³,2
2025-11-28 06:00:00+00:00,Quetta,92.44866663614908,µg/m³,2
2025-11-28 07:00:00+00:00,Quetta,52.36275024414062,µg/m³,1
2025-11-28 08:00:00+00:00,Quetta,26.955363637750796,µg/m³,1
2025-11-28 09:00:00+00:00,Quetta,22.432991681098937,µg/m³,2
2025-11-28 10:00:00+00:00,Quetta,24.97260418335597,µg/m³,2
2025-11-28 11:00:00+00:00,Quetta,21.250729151566823,µg/m³,2
2025-11-28 12:00:00+00:00,Quetta,53.22350002924601,µg/m³,2
2025-11-28 13:00:00+00:00,Quetta,57.577750015258786,µg/m³,2
2025-11-28 14:00:00+00:00,Quetta,108.81925010681152,µg/m³,2
2025-11-28 15:00:00+00:00,Quetta,76.78616663614909,µg/m³,2
2025-11-28 16:00:00+00:00,Quetta,48.95800018310547,µg/m³,1
2025-11-28 17:00:00+00:00,Quetta,99.94433339436848,µg/m³,1
2025-11-28 19:00:00+00:00,Quetta,185.0,µg/m³,1
2025-11-28 20:00:00+00:00,Quetta,182.0,µg/m³,1
2025-11-28 21:00:00+00:00,Quetta,172.0,µg/m³,1
2025-11-28 22:00:00+00:00,Quetta,120.0,µg/m³,1
2025-11-28 23:00:00+00:00,Quetta,111.0,µg/m³,1
2025-11-29 00:00:00+00:00,Quetta,115.0,µg/m³,1
2025-11-29 01:00:00+00:00,Quetta,143.0,µg/m³,1
2025-11-29 02:00:00+00:00,Quetta,180.0,µg/m³,1
2025-11-29 03:00:00+00:00,Quetta,204.0,µg/m³,1
2025-11-29 04:00:00+00:00,Quetta,141.76445840199787,µg/m³,1
2025-11-29 05:00:00+00:00,Quetta,118.46399993896485,µg/m³,1
2025-11-29 06:00:00+00:00,Quetta,49.625,µg/m³,1
2025-11-29 07:00:00+00:00,Quetta,31.616666603088376,µg/m³,1
2025-11-29 08:00:00+00:00,Quetta,26.538333511352537,µg/m³,1
2025-11-29 09:00:00+00:00,Quetta,20.69516669909159,µg/m³,1
2025-11-29 10:00:00+00:00,Quetta,17.682291666666668,µg/m³,2
2025-11-29 11:00:00+00:00,Quetta,18.41108331680298,µg/m³,2
2025-11-29 12:00:00+00:00,Quetta,30.667166678110757,µg/m³,1
2025-11-29 13:00:00+00:00,Quetta,82.8625,µg/m³,2
2025-11-29 14:00:00+00:00,Quetta,115.12058327992759,µg/m³,2
2025-11-29 15:00:00+00:00,Quetta,79.55133336385092,µg/m³,2
2025-11-29 16:00:00+00:00,Quetta,133.0,µg/m³,1
2025-11-29 17:00:00+00:00,Quetta,156.0,µg/m³,1
2025-11-29 18:00:00+00:00,Quetta,213.0,µg/m³,1
2025-11-29 19:00:00+00:00,Quetta,163.0,µg/m³,1
2025-11-29 20:00:00+00:00,Quetta,156.0,µg/m³,1
2025-11-29 22:00:00+00:00,Quetta,122.0,µg/m³,1
2025-11-29 23:00:00+00:00,Quetta,104.0,µg/m³,1
2025-11-30 00:00:00+00:00,Quetta,112.0,µg/m³,1
2025-11-30 01:00:00+00:00,Quetta,144.0,µg/m³,1
2025-11-30 03:00:00+00:00,Quetta,215.0,µg/m³,1
2025-11-30 04:00:00+00:00,Quetta,100.26820007324218,µg/m³,2
2025-11-30 05:00:00+00:00,Quetta,41.43899993896485,µg/m³,1
2025-11-30 08:00:00+00:00,Quetta,25.0,µg/m³,1
2025-11-30 09:00:00+00:00,Quetta,21.0,µg/m³,1
2025-11-30 10:00:00+00:00,Quetta,20.0,µg/m³,1
2025-11-30 11:00:00+00:00,Quetta,26.0,µg/m³,1
2025-11-30 12:00:00+00:00,Quetta,45.0,µg/m³,1
2025-11-30 13:00:00+00:00,Quetta,84.0,µg/m³,1
2025-11-30 14:00:00+00:00,Quetta,94.0,µg/m³,1
2025-11-30 15:00:00+00:00,Quetta,53.0,µg/m³,1
2025-11-30 16:00:00+00:00,Quetta,58.0,µg/m³,1
2025-11-30 18:00:00+00:00,Quetta,95.0,µg/m³,1
2025-11-30 19:00:00+00:00,Quetta,121.0,µg/m³,1
2025-11-30 21:00:00+00:00,Quetta,153.0,µg/m³,1
2025-11-30 22:00:00+00:00,Quetta,126.0,µg/m³,1
2025-11-30 23:00:00+00:00,Quetta,170.0,µg/m³,1
2025-12-01 00:00:00+00:00,Quetta,125.0,µg/m³,1
2025-12-01 11:00:00+00:00,Quetta,24.0,µg/m³,1
2025-12-01 12:00:00+00:00,Quetta,64.0,µg/m³,1
2025-12-01 13:00:00+00:00,Quetta,36.0,µg/m³,1
2025-12-01 14:00:00+00:00,Quetta,87.0,µg/m³,1
2025-12-01 15:00:00+00:00,Quetta,82.0,µg/m³,1
2025-12-01 16:00:00+00:00,Quetta,82.0,µg/m³,1
2025-12-01 19:00:00+00:00,Quetta,55.0,µg/m³,1
2025-12-01 20:00:00+00:00,Quetta,49.0,µg/m³,1
2025-12-01 22:00:00+00:00,Quetta,64.0,µg/m³,1
2025-12-01 23:00:00+00:00,Quetta,57.0,µg/m³,1
2025-12-02 00:00:00+00:00,Quetta,40.0,µg/m³,1
2025-12-02 01:00:00+00:00,Quetta,32.0,µg/m³,1
2025-12-02 02:00:00+00:00,Quetta,46.0,µg/m³,1
2025-12-02 05:00:00+00:00,Quetta,33.0,µg/m³,1
2025-12-02 09:00:00+00:00,Quetta,23.0,µg/m³,1
2025-12-02 10:00:00+00:00,Quetta,24.0,µg/m³,1
2025-12-02 11:00:00+00:00,Quetta,27.0,µg/m³,1
2025-12-02 12:00:00+00:00,Quetta,61.0,µg/m³,1
2025-12-02 13:00:00+00:00,Quetta,84.0,µg/m³,1
2025-12-02 14:00:00+00:00,Quetta,70.0,µg/m³,1
2025-12-02 15:00:00+00:00,Quetta,56.0,µg/m³,1
2025-12-02 17:00:00+00:00,Quetta,111.0,µg/m³,1
2025-12-02 18:00:00+00:00,Quetta,171.0,µg/m³,1
2025-12-02 19:00:00+00:00,Quetta,184.0,µg/m³,1
2025-12-03 03:00:00+00:00,Quetta,330.0,µg/m³,1
2025-12-03 04:00:00+00:00,Quetta,137.0,µg/m³,1
2025-12-03 06:00:00+00:00,Quetta,87.56525001525878,µg/m³,2
2025-12-03 07:00:00+00:00,Quetta,86.95301394992404,µg/m³,2
2025-12-03 08:00:00+00:00,Quetta,57.5861942715115,µg/m³,2
2025-12-03 09:00:00+00:00,Quetta,37.61383361816407,µg/m³,1
2025-12-03 10:00:00+00:00,Quetta,40.892548535929784,µg/m³,2
2025-12-03 11:00:00+00:00,Quetta,40.724124975999196,µg/m³,2
2025-12-03 12:00:00+00:00,Quetta,46.94580557081434,µg/m³,1
2025-12-03 13:00:00+00:00,Quetta,100.04766642252605,µg/m³,1
2025-12-03 14:00:00+00:00,Quetta,103.05816675821943,µg/m³,1
2025-12-03 15:00:00+00:00,Quetta,124.6754997253418,µg/m³,1
2025-12-03 16:00:00+00:00,Quetta,99.34166666666668,µg/m³,1
2025-12-03 17:00:00+00:00,Quetta,271.0,µg/m³,1
2025-12-03 18:00:00+00:00,Quetta,172.0,µg/m³,1
2025-12-03 19:00:00+00:00,Quetta,140.0,µg/m³,1
2025-12-03 20:00:00+00:00,Quetta,142.0,µg/m³,1
2025-12-03 21:00:00+00:00,Quetta,86.0,µg/m³,1
2025-12-03 22:00:00+00:00,Quetta,99.0,µg/m³,1
2025-12-04 00:00:00+00:00,Quetta,76.0,µg/m³,1
2025-12-04 02:00:00+00:00,Quetta,117.6,µg/m³,2
2025-12-04 03:00:00+00:00,Quetta,159.25533345540364,µg/m³,1
2025-12-04 04:00:00+00:00,Quetta,173.56808331807454,µg/m³,2
2025-12-04 05:00:00+00:00,Quetta,109.21850013732912,µg/m³,1
2025-12-04 06:00:00+00:00,Quetta,148.44033330281576,µg/m³,2
2025-12-04 07:00:00+00:00,Quetta,113.49638202455309,µg/m³,2
2025-12-04 08:00:00+00:00,Quetta,50.984999895095825,µg/m³,2
2025-12-04 09:00:00+00:00,Quetta,20.96366666952769,µg/m³,2
2025-12-04 10:00:00+00:00,Quetta,23.88950694799423,µg/m³,2
2025-12-04 11:00:00+00:00,Quetta,26.868999997774758,µg/m³,2
2025-12-04 12:00:00+00:00,Quetta,47.821763806872895,µg/m³,2
2025-12-04 13:00:00+00:00,Quetta,96.15400009155273,µg/m³,1
2025-12-04 14:00:00+00:00,Quetta,227.34766591389973,µg/m³,1
2025-12-04 15:00:00+00:00,Quetta,102.05833333333334,µg/m³,1
2025-12-04 16:00:00+00:00,Quetta,80.52233327229818,µg/m³,1
2025-12-04 17:00:00+00:00,Quetta,107.21949996948241,µg/m³,1
2025-12-04 20:00:00+00:00,Quetta,210.0,µg/m³,1
2025-12-04 21:00:00+00:00,Quetta,167.0,µg/m³,1
2025-12-04 22:00:00+00:00,Quetta,132.0,µg/m³,1
2025-12-04 23:00:00+00:00,Quetta,85.0,µg/m³,1
2025-12-05 00:00:00+00:00,Quetta,84.0,µg/m³,1
2025-12-05 02:00:00+00:00,Quetta,117.0,µg/m³,1
2025-12-05 03:00:00+00:00,Quetta,141.53033326466877,µg/m³,2
2025-12-05 04:00:00+00:00,Quetta,89.76264586846034,µg/m³,2
2025-12-05 05:00:00+00:00,Quetta,52.63499976793925,µg/m³,2
2025-12-05 06:00:00+00:00,Quetta,50.96794440216489,µg/m³,2
2025-12-05 07:00:00+00:00,Quetta,28.81035409371058,µg/m³,2
2025-12-05 08:00:00+00:00,Quetta,26.456680515077377,µg/m³,1
2025-12-05 09:00:00+00:00,Quetta,18.021243056986066,µg/m³,2
2025-12-05 10:00:00+00:00,Quetta,24.83324244528106,µg/m³,2
2025-12-05 11:00:00+00:00,Quetta,23.661097240447994,µg/m³,2
2025-12-05 12:00:00+00:00,Quetta,36.435208439826965,µg/m³,2
2025-12-05 13:00:00+00:00,Quetta,83.74491666158039,µg/m³,2
2025-12-05 14:00:00+00:00,Quetta,134.95475018819172,µg/m³,1
2025-12-05 15:00:00+00:00,Quetta,74.80437488555908,µg/m³,1
2025-12-05 16:00:00+00:00,Quetta,46.011208279927565,µg/m³,1
2025-12-05 17:00:00+00:00,Quetta,71.07924995422363,µg/m³,2
2025-12-05 19:00:00+00:00,Quetta,105.0,µg/m³,1
2025-12-05 20:00:00+00:00,Quetta,99.0,µg/m³,1
2025-12-05 21:00:00+00:00,Quetta,131.0,µg/m³,1
2025-12-05 23:00:00+00:00,Quetta,123.0,µg/m³,1
2025-12-06 00:00:00+00:00,Quetta,98.0,µg/m³,1
2025-12-06 01:00:00+00:00,Quetta,65.0,µg/m³,1
2025-12-06 02:00:00+00:00,Quetta,97.0,µg/m³,1
2025-12-06 03:00:00+00:00,Quetta,142.57599945068358,µg/m³,1
2025-12-06 04:00:00+00:00,Quetta,129.26972725608132,µg/m³,1
2025-12-06 06:00:00+00:00,Quetta,116.0,µg/m³,1
2025-12-06 07:00:00+00:00,Quetta,68.0,µg/m³,1
2025-12-06 08:00:00+00:00,Quetta,53.0,µg/m³,1
2025-12-06 09:00:00+00:00,Quetta,41.68419033232188,µg/m³,1
2025-12-06 10:00:00+00:00,Quetta,17.60254169503848,µg/m³,1
2025-12-06 11:00:00+00:00,Quetta,17.488499991099037,µg/m³,1
2025-12-06 12:00:00+00:00,Quetta,37.49161106083128,µg/m³,2
2025-12-06 13:00:00+00:00,Quetta,39.71816660563151,µg/m³,2
2025-12-06 14:00:00+00:00,Quetta,36.69566656748454,µg/m³,2
2025-12-06 18:00:00+00:00,Quetta,81.0,µg/m³,1
2025-12-06 19:00:00+00:00,Quetta,96.0,µg/m³,1
2025-12-07 02:00:00+00:00,Quetta,120.0,µg/m³,1
2025-12-07 03:00:00+00:00,Quetta,187.0,µg/m³,1
2025-12-07 04:00:00+00:00,Quetta,141.0,µg/m³,1
2025-12-07 09:00:00+00:00,Quetta,32.0,µg/m³,1
2025-12-07 13:00:00+00:00,Quetta,21.0,µg/m³,1
2025-12-07 15:00:00+00:00,Quetta,66.0,µg/m³,1
2025-12-07 20:00:00+00:00,Quetta,123.0,µg/m³,1
2025-12-07 21:00:00+00:00,Quetta,119.0,µg/m³,1
2025-12-08 00:00:00+00:00,Quetta,101.0,µg/m³,1
2025-12-08 01:00:00+00:00,Quetta,105.0,µg/m³,1
2025-12-08 02:00:00+00:00,Quetta,148.0,µg/m³,1
2025-12-08 04:00:00+00:00,Quetta,97.0,µg/m³,1
2025-12-08 05:00:00+00:00,Quetta,66.0,µg/m³,1
2025-12-08 08:00:00+00:00,Quetta,19.0,µg/m³,1
2025-12-08 09:00:00+00:00,Quetta,18.0,µg/m³,1
2025-12-08 11:00:00+00:00,Quetta,23.0,µg/m³,1
2025-12-08 13:00:00+00:00,Quetta,97.0,µg/m³,1
2025-12-08 18:00:00+00:00,Quetta,258.0,µg/m³,1
2025-12-08 19:00:00+00:00,Quetta,213.0,µg/m³,1
2025-12-08 20:00:00+00:00,Quetta,245.0,µg/m³,1
2025-12-08 21:00:00+00:00,Quetta,177.0,µg/m³,1
2025-12-08 23:00:00+00:00,Quetta,145.0,µg/m³,1
2025-12-09 01:00:00+00:00,Quetta,154.0,µg/m³,1
2025-12-09 02:00:00+00:00,Quetta,172.0,µg/m³,1
2025-12-09 03:00:00+00:00,Quetta,248.0,µg/m³,1
2025-12-09 04:00:00+00:00,Quetta,162.0,µg/m³,1
2025-12-09 05:00:00+00:00,Quetta,115.47513295491537,µg/m³,2
2025-12-09 06:00:00+00:00,Quetta,83.56630524529352,µg/m³,1
2025-12-09 07:00:00+00:00,Quetta,44.7536969502767,µg/m³,1
2025-12-09 08:00:00+00:00,Quetta,29.6740416208903,µg/m³,2
2025-12-09 09:00:00+00:00,Quetta,17.193847208552892,µg/m³,1
2025-12-09 10:00:00+00:00,Quetta,8.453708354632058,µg/m³,1
2025-12-09 11:00:00+00:00,Quetta,28.3509166876475,µg/m³,2
2025-12-09 12:00:00+00:00,Quetta,62.511250019073486,µg/m³,2
2025-12-09 13:00:00+00:00,Quetta,95.61783345540366,µg/m³,2
2025-12-09 14:00:00+00:00,Quetta,152.2708125114441,µg/m³,2
2025-12-09 15:00:00+00:00,Quetta,115.67226399315729,µg/m³,2
2025-12-09 16:00:00+00:00,Quetta,162.8886662801107,µg/m³,1
2025-12-09 17:00:00+00:00,Quetta,205.25283330281573,µg/m³,1
2025-12-09 18:00:00+00:00,Quetta,326.0,µg/m³,1
2025-12-09 19:00:00+00:00,Quetta,316.0,µg/m³,1
2025-12-09 20:00:00+00:00,Quetta,305.0,µg/m³,1
2025-12-09 21:00:00+00:00,Quetta,226.0,µg/m³,1
2025-12-09 22:00:00+00:00,Quetta,241.0,µg/m³,1
2025-12-09 23:00:00+00:00,Quetta,233.0,µg/m³,1
2025-12-10 00:00:00+00:00,Quetta,173.0,µg/m³,1
2025-12-10 01:00:00+00:00,Quetta,169.0,µg/m³,1
2025-12-10 02:00:00+00:00,Quetta,233.0,µg/m³,1
2025-12-10 03:00:00+00:00,Quetta,241.86037502288818,µg/m³,2
2025-12-10 04:00:00+00:00,Quetta,255.42233327229818,µg/m³,2
2025-12-10 05:00:00+00:00,Quetta,164.80950012207032,µg/m³,2
2025-12-10 06:00:00+00:00,Quetta,70.57516657511393,µg/m³,2
2025-12-10 07:00:00+00:00,Quetta,35.14449977874755,µg/m³,1
2025-12-10 08:00:00+00:00,Quetta,42.5656665166219,µg/m³,1
2025-12-10 09:00:00+00:00,Quetta,29.858777501848007,µg/m³,2
2025-12-10 10:00:00+00:00,Quetta,24.288833316167192,µg/m³,2
2025-12-10 11:00:00+00:00,Quetta,28.610999997456865,µg/m³,2
2025-12-10 12:00:00+00:00,Quetta,72.0,µg/m³,1
2025-12-10 13:00:00+00:00,Quetta,196.0,µg/m³,1
2025-12-10 14:00:00+00:00,Quetta,250.0,µg/m³,1
2025-12-10 15:00:00+00:00,Quetta,229.0,µg/m³,1
2025-12-10 23:00:00+00:00,Quetta,168.0,µg/m³,1
2025-12-11 00:00:00+00:00,Quetta,160.0,µg/m³,1
2025-12-11 02:00:00+00:00,Quetta,92.0,µg/m³,1
2025-12-11 03:00:00+00:00,Quetta,159.1551668802897,µg/m³,1
2025-12-11 04:00:00+00:00,Quetta,153.9669237560696,µg/m³,2
2025-12-11 05:00:00+00:00,Quetta,107.02841669718424,µg/m³,2
2025-12-11 06:00:00+00:00,Quetta,108.15052755143908,µg/m³,2
2025-12-11 07:00:00+00:00,Quetta,62.448000030517576,µg/m³,2
2025-12-11 08:00:00+00:00,Quetta,67.8603123664856,µg/m³,2
2025-12-11 09:00:00+00:00,Quetta,56.122812557220456,µg/m³,2
2025-12-11 10:00:00+00:00,Quetta,38.045555400848386,µg/m³,1
2025-12-11 11:00:00+00:00,Quetta,33.051333363850915,µg/m³,2
2025-12-11 12:00:00+00:00,Quetta,54.25966668128967,µg/m³,2
2025-12-11 13:00:00+00:00,Quetta,102.70044432746039,µg/m³,1
2025-12-11 14:00:00+00:00,Quetta,132.91861106024848,µg/m³,1
2025-12-11 15:00:00+00:00,Quetta,135.62233327229816,µg/m³,1
2025-12-11 16:00:00+00:00,Quetta,110.01399993896484,µg/m³,1
2025-12-11 20:00:00+00:00,Quetta,116.0,µg/m³,1
2025-12-11 22:00:00+00:00,Quetta,37.0,µg/m³,1
2025-12-12 02:00:00+00:00,Quetta,56.0,µg/m³,1
2025-12-12 03:00:00+00:00,Quetta,93.08454138437907,µg/m³,2
2025-12-12 04:00:00+00:00,Quetta,108.47497917811076,µg/m³,2
2025-12-12 05:00:00+00:00,Quetta,125.5875764105055,µg/m³,2
2025-12-12 06:00:00+00:00,Quetta,49.05446523030599,µg/m³,2
2025-12-12 07:00:00+00:00,Quetta,78.26349986394246,µg/m³,1
2025-12-12 08:00:00+00:00,Quetta,78.08889602025351,µg/m³,2
2025-12-12 09:00:00+00:00,Quetta,54.6755485004849,µg/m³,2
2025-12-12 10:00:00+00:00,Quetta,58.28741709391277,µg/m³,1
2025-12-12 11:00:00+00:00,Quetta,67.64733327229816,µg/m³,1
2025-12-12 12:00:00+00:00,Quetta,103.51949996948241,µg/m³,1
2025-12-12 13:00:00+00:00,Quetta,168.3622501373291,µg/m³,1
2025-12-12 15:00:00+00:00,Quetta,218.26980010986327,µg/m³,1
2025-12-12 16:00:00+00:00,Quetta,262.3200004577637,µg/m³,1
2025-12-12 17:00:00+00:00,Quetta,268.88252673678926,µg/m³,1
2025-12-12 18:00:00+00:00,Quetta,188.46163898044162,µg/m³,1
2025-12-12 19:00:00+00:00,Quetta,150.2692501068115,µg/m³,2
2025-12-12 20:00:00+00:00,Quetta,174.97341677347822,µg/m³,2
2025-12-12 21:00:00+00:00,Quetta,141.2918332417806,µg/m³,1
2025-12-12 22:00:00+00:00,Quetta,118.02729180653888,µg/m³,1
2025-12-12 23:00:00+00:00,Quetta,99.98198608822292,µg/m³,1
2025-12-13 00:00:00+00:00,Quetta,50.34118166836825,µg/m³,2
2025-12-13 01:00:00+00:00,Quetta,39.0,µg/m³,1
2025-12-13 02:00:00+00:00,Quetta,66.0,µg/m³,1
2025-12-13 03:00:00+00:00,Quetta,145.23300018310545,µg/m³,1
2025-12-13 04:00:00+00:00,Quetta,131.94352064132693,µg/m³,2
2025-12-13 05:00:00+00:00,Quetta,46.64216661453247,µg/m³,1
2025-12-13 06:00:00+00:00,Quetta,23.602666695912678,µg/m³,1
2025-12-13 07:00:00+00:00,Quetta,25.441166655222574,µg/m³,1
2025-12-13 08:00:00+00:00,Quetta,18.765687501430513,µg/m³,2
2025-12-13 09:00:00+00:00,Quetta,8.910833326975505,µg/m³,1
2025-12-13 10:00:00+00:00,Quetta,14.978000005086262,µg/m³,2
2025-12-13 11:00:00+00:00,Quetta,25.459846923086378,µg/m³,1
2025-12-13 12:00:00+00:00,Quetta,48.36961101955837,µg/m³,1
2025-12-13 13:00:00+00:00,Quetta,68.51516672770182,µg/m³,2
2025-12-13 14:00:00+00:00,Quetta,51.40009010103013,µg/m³,2
2025-12-13 15:00:00+00:00,Quetta,42.172854010264075,µg/m³,2
2025-12-13 16:00:00+00:00,Quetta,36.13875010808309,µg/m³,2
2025-12-13 17:00:00+00:00,Quetta,28.0,µg/m³,1
2025-12-13 19:00:00+00:00,Quetta,27.0,µg/m³,1
2025-12-13 23:00:00+00:00,Quetta,28.0,µg/m³,1
2025-12-14 00:00:00+00:00,Quetta,30.0,µg/m³,1
2025-12-14 01:00:00+00:00,Quetta,22.0,µg/m³,1
2025-12-14 02:00:00+00:00,Quetta,25.0,µg/m³,1
2025-12-14 03:00:00+00:00,Quetta,28.0,µg/m³,1
2025-12-14 04:00:00+00:00,Quetta,49.0,µg/m³,1
2025-12-14 05:00:00+00:00,Quetta,60.0,µg/m³,1
2025-12-14 07:00:00+00:00,Quetta,83.0,µg/m³,1
2025-12-14 08:00:00+00:00,Quetta,28.835000038146973,µg/m³,2
2025-12-14 09:00:00+00:00,Quetta,23.223666667938232,µg/m³,2
2025-12-14 10:00:00+00:00,Quetta,25.480166657765704,µg/m³,1
2025-12-14 11:00:00+00:00,Quetta,35.69183324178061,µg/m³,1
2025-12-14 12:00:00+00:00,Quetta,44.59300003051759,µg/m³,2
2025-12-14 13:00:00+00:00,Quetta,45.77266642252605,µg/m³,1
2025-12-14 14:00:00+00:00,Quetta,61.423500061035156,µg/m³,2
2025-12-14 15:00:00+00:00,Quetta,58.49716669718424,µg/m³,2
2025-12-14 16:00:00+00:00,Quetta,62.65283330281576,µg/m³,1
2025-12-14 17:00:00+00:00,Quetta,50.0,µg/m³,1
2025-12-14 19:00:00+00:00,Quetta,61.0,µg/m³,1
2025-12-14 21:00:00+00:00,Quetta,34.0,µg/m³,1
2025-12-14 22:00:00+00:00,Quetta,34.0,µg/m³,1
2025-12-14 23:00:00+00:00,Quetta,43.0,µg/m³,1
2025-12-15 01:00:00+00:00,Quetta,60.0,µg/m³,1
2025-12-15 02:00:00+00:00,Quetta,66.0,µg/m³,1
2025-12-15 03:00:00+00:00,Quetta,97.51384387016296,µg/m³,2
2025-12-15 04:00:00+00:00,Quetta,90.38327793545193,µg/m³,2
2025-12-15 05:00:00+00:00,Quetta,83.2896666208903,µg/m³,1
2025-12-15 06:00:00+00:00,Quetta,43.795875003602774,µg/m³,2
2025-12-15 07:00:00+00:00,Quetta,37.252819580501985,µg/m³,1
2025-12-15 08:00:00+00:00,Quetta,25.357993087503644,µg/m³,2
2025-12-15 09:00:00+00:00,Quetta,20.58185425202052,µg/m³,2
2025-12-15 10:00:00+00:00,Quetta,22.037878758979566,µg/m³,1
2025-12-15 11:00:00+00:00,Quetta,22.833965265750884,µg/m³,2
2025-12-15 12:00:00+00:00,Quetta,35.516222349802646,µg/m³,2
2025-12-15 13:00:00+00:00,Quetta,51.801458295186364,µg/m³,1
2025-12-15 14:00:00+00:00,Quetta,77.69395453713157,µg/m³,2
2025-12-15 15:00:00+00:00,Quetta,84.80675010681152,µg/m³,2
2025-12-15 16:00:00+00:00,Quetta,57.57200012207033,µg/m³,1
2025-12-15 17:00:00+00:00,Quetta,88.66383336385091,µg/m³,2
2025-12-15 18:00:00+00:00,Quetta,166.0,µg/m³,1
2025-12-15 19:00:00+00:00,Quetta,114.0,µg/m³,1
2025-12-15 20:00:00+00:00,Quetta,170.0,µg/m³,1
2025-12-15 21:00:00+00:00,Quetta,65.0,µg/m³,1
2025-12-15 22:00:00+00:00,Quetta,66.0,µg/m³,1
2025-12-15 23:00:00+00:00,Quetta,97.0,µg/m³,1
2025-12-16 00:00:00+00:00,Quetta,96.0,µg/m³,1
2025-12-16 01:00:00+00:00,Quetta,70.0,µg/m³,1
2025-12-16 02:00:00+00:00,Quetta,93.81149978637694,µg/m³,2
2025-12-16 03:00:00+00:00,Quetta,115.27781248092651,µg/m³,2
2025-12-16 04:00:00+00:00,Quetta,73.03681268692017,µg/m³,2
2025-12-16 05:00:00+00:00,Quetta,44.400777890947126,µg/m³,1
2025-12-16 06:00:00+00:00,Quetta,25.758701362874774,µg/m³,2
2025-12-16 07:00:00+00:00,Quetta,18.636875014834935,µg/m³,2
2025-12-16 08:00:00+00:00,Quetta,16.247833331425987,µg/m³,2
2025-12-16 09:00:00+00:00,Quetta,12.779333338141441,µg/m³,2
2025-12-16 10:00:00+00:00,Quetta,9.470472224553427,µg/m³,1
2025-12-16 11:00:00+00:00,Quetta,17.527229162057242,µg/m³,2
2025-12-16 12:00:00+00:00,Quetta,19.9318333307902,µg/m³,2
2025-12-16 13:00:00+00:00,Quetta,33.77608351707458,µg/m³,2
2025-12-16 14:00:00+00:00,Quetta,28.775333245595295,µg/m³,2
2025-12-16 15:00:00+00:00,Quetta,38.6221666653951,µg/m³,2
2025-12-16 16:00:00+00:00,Quetta,41.035666910807294,µg/m³,1
2025-12-16 17:00:00+00:00,Quetta,36.1834166208903,µg/m³,2
2025-12-16 18:00:00+00:00,Quetta,31.58208327293396,µg/m³,2
2025-12-16 19:00:00+00:00,Quetta,21.0,µg/m³,1
2025-12-16 21:00:00+00:00,Quetta,15.0,µg/m³,1
2025-12-16 22:00:00+00:00,Quetta,20.0,µg/m³,1
2025-12-16 23:00:00+00:00,Quetta,36.0,µg/m³,1
2025-12-17 00:00:00+00:00,Quetta,34.0,µg/m³,1
2025-12-17 01:00:00+00:00,Quetta,36.0,µg/m³,1
2025-12-17 02:00:00+00:00,Quetta,29.0,µg/m³,1
2025-12-17 03:00:00+00:00,Quetta,64.30074996948241,µg/m³,2
2025-12-17 04:00:00+00:00,Quetta,46.779395707448316,µg/m³,2
2025-12-17 05:00:00+00:00,Quetta,32.20141660239962,µg/m³,2
2025-12-17 06:00:00+00:00,Quetta,21.95835600043788,µg/m³,2
2025-12-17 07:00:00+00:00,Quetta,28.005972337722778,µg/m³,1
2025-12-17 08:00:00+00:00,Quetta,19.0,µg/m³,1
2025-12-17 09:00:00+00:00,Quetta,12.316312497191959,µg/m³,2
2025-12-17 10:00:00+00:00,Quetta,6.509291672706605,µg/m³,1
2025-12-17 11:00:00+00:00,Quetta,16.57072916328907,µg/m³,2
2025-12-18 02:00:00+00:00,Quetta,50.627498626708984,µg/m³,1
2025-12-18 03:00:00+00:00,Quetta,49.34449996948243,µg/m³,1
2025-12-18 04:00:00+00:00,Quetta,93.47483342488607,µg/m³,1
2025-12-18 05:00:00+00:00,Quetta,87.88500010172527,µg/m³,1
2025-12-18 06:00:00+00:00,Quetta,59.90901415083144,µg/m³,1
2025-12-18 07:00:00+00:00,Quetta,38.80040886618875,µg/m³,1
2025-12-18 08:00:00+00:00,Quetta,31.986041665077213,µg/m³,1
2025-12-18 09:00:00+00:00,Quetta,26.105166657765707,µg/m³,1
2025-12-18 10:00:00+00:00,Quetta,22.758874980608624,µg/m³,1
2025-12-18 11:00:00+00:00,Quetta,26.533194377687238,µg/m³,1
2025-12-18 12:00:00+00:00,Quetta,36.05233354568482,µg/m³,1
2025-12-18 13:00:00+00:00,Quetta,38.272333272298184,µg/m³,1
2025-12-18 14:00:00+00:00,Quetta,41.797333272298175,µg/m³,1
2025-12-18 15:00:00+00:00,Quetta,61.421250152587895,µg/m³,1
2025-12-18 16:00:00+00:00,Quetta,66.90849990844727,µg/m³,1
2025-12-19 03:00:00+00:00,Quetta,46.575272993607946,µg/m³,1
2025-12-19 04:00:00+00:00,Quetta,32.216499996185306,µg/m³,1
2025-12-19 05:00:00+00:00,Quetta,32.75183286666871,µg/m³,1
2025-12-19 06:00:00+00:00,Quetta,22.682874994807772,µg/m³,1
2025-12-19 07:00:00+00:00,Quetta,16.973236113124425,µg/m³,1
2025-12-19 08:00:00+00:00,Quetta,11.024999999999999,µg/m³,1
2025-12-19 09:00:00+00:00,Quetta,7.720291654268901,µg/m³,1
2025-12-19 10:00:00+00:00,Quetta,8.948388889100816,µg/m³,1
2025-12-19 11:00:00+00:00,Quetta,18.311666668785943,µg/m³,1
2025-12-19 12:00:00+00:00,Quetta,29.347333399454754,µg/m³,1
2025-12-19 13:00:00+00:00,Quetta,28.62183329264323,µg/m³,1
2025-12-19 14:00:00+00:00,Quetta,21.136166604359946,µg/m³,1
2025-12-19 15:00:00+00:00,Quetta,29.874500147501625,µg/m³,1
2025-12-20 09:00:00+00:00,Quetta,23.72099995613098,µg/m³,1
2025-12-20 16:00:00+00:00,Quetta,50.609666951497395,µg/m³,1
2025-12-20 17:00:00+00:00,Quetta,53.82200012207031,µg/m³,1
2025-12-20 18:00:00+00:00,Quetta,46.330333455403654,µg/m³,1
2025-12-21 04:00:00+00:00,Quetta,23.063199996948242,µg/m³,1
2025-12-21 05:00:00+00:00,Quetta,26.736000029246014,µg/m³,1
2025-12-21 06:00:00+00:00,Quetta,28.60433343251546,µg/m³,1
2025-12-21 07:00:00+00:00,Quetta,17.906476193382627,µg/m³,1
2025-12-21 08:00:00+00:00,Quetta,16.729298611481987,µg/m³,2
2025-12-21 09:00:00+00:00,Quetta,15.063229167461394,µg/m³,2
2025-12-21 10:00:00+00:00,Quetta,16.27613891495599,µg/m³,1
2025-12-21 11:00:00+00:00,Quetta,26.189520823955537,µg/m³,2
2025-12-21 12:00:00+00:00,Quetta,25.360999997456865,µg/m³,2
2025-12-21 13:00:00+00:00,Quetta,33.031500037511194,µg/m³,2
2025-12-21 14:00:00+00:00,Quetta,35.55841665267944,µg/m³,2
2025-12-21 15:00:00+00:00,Quetta,31.15241665840149,µg/m³,2
2025-12-21 16:00:00+00:00,Quetta,31.658250045776366,µg/m³,2
2025-12-21 17:00:00+00:00,Quetta,51.28850021362305,µg/m³,1
2025-12-21 18:00:00+00:00,Quetta,27.732000064849853,µg/m³,2
2025-12-21 20:00:00+00:00,Quetta,15.0,µg/m³,1
2025-12-21 21:00:00+00:00,Quetta,15.0,µg/m³,1
2025-12-21 22:00:00+00:00,Quetta,15.0,µg/m³,1
2025-12-21 23:00:00+00:00,Quetta,15.0,µg/m³,1
2025-12-22 00:00:00+00:00,Quetta,12.0,µg/m³,1
2025-12-22 01:00:00+00:00,Quetta,14.0,µg/m³,1
2025-12-22 02:00:00+00:00,Quetta,14.82300001780192,µg/m³,2
2025-12-22 03:00:00+00:00,Quetta,17.541583331425983,µg/m³,2
2025-12-22 04:00:00+00:00,Quetta,21.06524999936422,µg/m³,2
2025-12-22 05:00:00+00:00,Quetta,25.866270895799,µg/m³,2
2025-12-22 06:00:00+00:00,Quetta,22.638333299424914,µg/m³,2
2025-12-22 07:00:00+00:00,Quetta,24.991555542416044,µg/m³,2
2025-12-22 08:00:00+00:00,Quetta,20.990062571896445,µg/m³,2
2025-12-22 09:00:00+00:00,Quetta,19.510319426324635,µg/m³,2
2025-12-22 10:00:00+00:00,Quetta,20.65427083571752,µg/m³,2
2025-12-22 11:00:00+00:00,Quetta,23.53242362737656,µg/m³,2
2025-12-22 12:00:00+00:00,Quetta,25.008166615168257,µg/m³,2
2025-12-22 13:00:00+00:00,Quetta,40.82747896512349,µg/m³,2
2025-12-22 14:00:00+00:00,Quetta,43.538666788736975,µg/m³,2
2025-12-22 15:00:00+00:00,Quetta,41.45,µg/m³,2
2025-12-22 16:00:00+00:00,Quetta,37.763750076293945,µg/m³,2
2025-12-22 17:00:00+00:00,Quetta,49.94733327229818,µg/m³,2
2025-12-22 18:00:00+00:00,Quetta,30.0,µg/m³,1
2025-12-22 19:00:00+00:00,Quetta,25.0,µg/m³,1
2025-12-22 21:00:00+00:00,Quetta,30.0,µg/m³,1
2025-12-22 22:00:00+00:00,Quetta,33.0,µg/m³,1
2025-12-22 23:00:00+00:00,Quetta,23.0,µg/m³,1
2025-12-23 00:00:00+00:00,Quetta,31.0,µg/m³,1
2025-12-23 01:00:00+00:00,Quetta,44.0,µg/m³,1
2025-12-23 02:00:00+00:00,Quetta,60.20375022888184,µg/m³,2
2025-12-23 03:00:00+00:00,Quetta,67.11958325703938,µg/m³,2
2025-12-23 04:00:00+00:00,Quetta,76.13299942016602,µg/m³,1
2025-12-23 05:00:00+00:00,Quetta,103.95108350118001,µg/m³,1
2025-12-23 06:00:00+00:00,Quetta,114.5771666208903,µg/m³,1
2025-12-23 07:00:00+00:00,Quetta,84.64683354695639,µg/m³,1
2025-12-23 08:00:00+00:00,Quetta,59.6287222120497,µg/m³,1
2025-12-23 09:00:00+00:00,Quetta,43.66887493133546,µg/m³,1
2025-12-23 10:00:00+00:00,Quetta,41.653666687011714,µg/m³,1
2025-12-23 11:00:00+00:00,Quetta,35.2581667582194,µg/m³,2
2025-12-23 12:00:00+00:00,Quetta,44.104333257675165,µg/m³,2
2025-12-23 13:00:00+00:00,Quetta,49.62604185740153,µg/m³,1
2025-12-23 14:00:00+00:00,Quetta,59.91241671244303,µg/m³,2
2025-12-23 15:00:00+00:00,Quetta,116.21333363850913,µg/m³,1
2025-12-23 16:00:00+00:00,Quetta,63.0,µg/m³,1
2025-12-23 17:00:00+00:00,Quetta,130.0,µg/m³,1
2025-12-23 18:00:00+00:00,Quetta,144.0,µg/m³,1
2025-12-23 19:00:00+00:00,Quetta,193.0,µg/m³,1
2025-12-23 21:00:00+00:00,Quetta,161.0,µg/m³,1
2025-12-23 22:00:00+00:00,Quetta,182.0,µg/m³,1
2025-12-23 23:00:00+00:00,Quetta,182.0,µg/m³,1
2025-12-24 00:00:00+00:00,Quetta,180.0,µg/m³,1
2025-12-24 01:00:00+00:00,Quetta,142.0,µg/m³,1
2025-12-24 02:00:00+00:00,Quetta,173.01650009155273,µg/m³,2
2025-12-24 03:00:00+00:00,Quetta,175.2668332417806,µg/m³,2
2025-12-24 04:00:00+00:00,Quetta,127.13041674296062,µg/m³,2
2025-12-24 05:00:00+00:00,Quetta,75.10891672770182,µg/m³,1
2025-12-24 06:00:00+00:00,Quetta,103.54808343251545,µg/m³,2
2025-12-24 07:00:00+00:00,Quetta,84.1134583791097,µg/m³,2
2025-12-24 08:00:00+00:00,Quetta,76.71333344777426,µg/m³,2
2025-12-24 09:00:00+00:00,Quetta,99.30241686503092,µg/m³,2
2025-12-24 10:00:00+00:00,Quetta,56.77118065092299,µg/m³,1
2025-12-24 11:00:00+00:00,Quetta,27.417833360036212,µg/m³,2
2025-12-24 12:00:00+00:00,Quetta,47.81800004641215,µg/m³,2
2025-12-24 13:00:00+00:00,Quetta,97.9688336690267,µg/m³,1
2025-12-24 14:00:00+00:00,Quetta,173.54683354695638,µg/m³,1
2025-12-24 15:00:00+00:00,Quetta,105.73333333333333,µg/m³,1
2025-12-24 16:00:00+00:00,Quetta,90.23349990844726,µg/m³,1
2025-12-24 17:00:00+00:00,Quetta,144.76399993896482,µg/m³,1
2025-12-24 18:00:00+00:00,Quetta,135.3968335469564,µg/m³,1
2025-12-24 19:00:00+00:00,Quetta,138.31783269246418,µg/m³,1
2025-12-24 20:00:00+00:00,Quetta,182.6682498931885,µg/m³,2
2025-12-24 21:00:00+00:00,Quetta,132.43758328755698,µg/m³,2
2025-12-24 22:00:00+00:00,Quetta,129.83883336385094,µg/m³,2
2025-12-24 23:00:00+00:00,Quetta,84.0,µg/m³,1
2025-12-25 00:00:00+00:00,Quetta,66.0,µg/m³,1
2025-12-25 01:00:00+00:00,Quetta,113.0,µg/m³,1
2025-12-25 02:00:00+00:00,Quetta,131.0,µg/m³,1
2025-12-25 03:00:00+00:00,Quetta,190.32075004577635,µg/m³,2
2025-12-25 04:00:00+00:00,Quetta,161.65198622809515,µg/m³,2
2025-12-25 05:00:00+00:00,Quetta,94.67172905604045,µg/m³,2
2025-12-25 06:00:00+00:00,Quetta,91.63941656748455,µg/m³,2
2025-12-25 07:00:00+00:00,Quetta,90.66516677538554,µg/m³,2
2025-12-25 08:00:00+00:00,Quetta,79.37208340962728,µg/m³,2
2025-12-25 09:00:00+00:00,Quetta,72.62772919336955,µg/m³,2
2025-12-25 10:00:00+00:00,Quetta,60.81331243515015,µg/m³,2
2025-12-25 11:00:00+00:00,Quetta,45.052750015258795,µg/m³,2
2025-12-25 12:00:00+00:00,Quetta,63.51791674296062,µg/m³,2
2025-12-25 13:00:00+00:00,Quetta,143.65252078374226,µg/m³,2
2025-12-25 14:00:00+00:00,Quetta,186.70833333333334,µg/m³,2
2025-12-25 15:00:00+00:00,Quetta,137.81966654459634,µg/m³,1
2025-12-25 16:00:00+00:00,Quetta,209.29716567993162,µg/m³,1
2025-12-25 17:00:00+00:00,Quetta,116.29966684977212,µg/m³,1
2025-12-25 18:00:00+00:00,Quetta,237.04133249918618,µg/m³,1
2025-12-25 23:00:00+00:00,Quetta,198.0,µg/m³,1
2025-12-26 01:00:00+00:00,Quetta,196.0,µg/m³,1
2025-12-26 02:00:00+00:00,Quetta,132.29000091552734,µg/m³,2
2025-12-26 03:00:00+00:00,Quetta,84.16083348592122,µg/m³,1
2025-12-26 04:00:00+00:00,Quetta,110.86833318074544,µg/m³,2
2025-12-26 05:00:00+00:00,Quetta,87.68474998474122,µg/m³,2
2025-12-26 06:00:00+00:00,Quetta,49.03875007629394,µg/m³,2
2025-12-26 07:00:00+00:00,Quetta,53.703729025522875,µg/m³,2
2025-12-26 08:00:00+00:00,Quetta,37.215090942382815,µg/m³,2
2025-12-26 09:00:00+00:00,Quetta,35.326499938964844,µg/m³,2
2025-12-26 10:00:00+00:00,Quetta,38.216500218709314,µg/m³,2
2025-12-26 11:00:00+00:00,Quetta,51.73325004577636,µg/m³,2
2025-12-26 12:00:00+00:00,Quetta,64.83441683451335,µg/m³,2
2025-12-26 13:00:00+00:00,Quetta,90.89733327229817,µg/m³,1
2025-12-26 14:00:00+00:00,Quetta,160.88237495422362,µg/m³,2
2025-12-26 15:00:00+00:00,Quetta,188.26958325703941,µg/m³,2
2025-12-26 16:00:00+00:00,Quetta,128.04483311971026,µg/m³,1
2025-12-26 17:00:00+00:00,Quetta,85.97358334859211,µg/m³,2
2025-12-26 18:00:00+00:00,Quetta,38.66508344014487,µg/m³,2
2025-12-26 19:00:00+00:00,Quetta,29.526083501180015,µg/m³,2
2025-12-26 20:00:00+00:00,Quetta,23.069583304723103,µg/m³,2
2025-12-27 04:00:00+00:00,Quetta,53.04820003509521,µg/m³,2
2025-12-27 05:00:00+00:00,Quetta,21.18531252675586,µg/m³,2
2025-12-27 06:00:00+00:00,Quetta,20.490111096700033,µg/m³,1
2025-12-27 07:00:00+00:00,Quetta,17.0846666653951,µg/m³,2
2025-12-27 08:00:00+00:00,Quetta,18.199499988555907,µg/m³,2
2025-12-27 09:00:00+00:00,Quetta,13.147611109415688,µg/m³,2
2025-12-27 10:00:00+00:00,Quetta,11.829708329836528,µg/m³,2
2025-12-27 11:00:00+00:00,Quetta,16.773666667938233,µg/m³,2
2025-12-27 12:00:00+00:00,Quetta,27.41691667238871,µg/m³,2
2025-12-27 13:00:00+00:00,Quetta,45.2609167098999,µg/m³,2
2025-12-27 14:00:00+00:00,Quetta,42.50219425625271,µg/m³,2
2025-12-27 15:00:00+00:00,Quetta,42.23033345540365,µg/m³,2
2025-12-27 16:00:00+00:00,Quetta,59.11958325703938,µg/m³,2
2025-12-27 18:00:00+00:00,Quetta,33.0,µg/m³,1
2025-12-27 20:00:00+00:00,Quetta,21.0,µg/m³,1
2025-12-27 21:00:00+00:00,Quetta,22.0,µg/m³,1
2025-12-27 23:00:00+00:00,Quetta,35.0,µg/m³,1
2025-12-28 00:00:00+00:00,Quetta,57.0,µg/m³,1
2025-12-28 02:00:00+00:00,Quetta,53.0,µg/m³,1
2025-12-28 03:00:00+00:00,Quetta,72.0,µg/m³,1
2025-12-28 04:00:00+00:00,Quetta,64.72320007324218,µg/m³,2
2025-12-28 05:00:00+00:00,Quetta,41.0,µg/m³,1
2025-12-28 06:00:00+00:00,Quetta,22.0,µg/m³,1
2025-12-28 08:00:00+00:00,Quetta,16.0,µg/m³,1
2025-12-28 09:00:00+00:00,Quetta,15.554840915853328,µg/m³,2
2025-12-28 10:00:00+00:00,Quetta,15.860833326975504,µg/m³,1
2025-12-28 11:00:00+00:00,Quetta,14.92083331743876,µg/m³,2
2025-12-28 12:00:00+00:00,Quetta,38.899833297729494,µg/m³,2
2025-12-28 13:00:00+00:00,Quetta,48.45049972534179,µg/m³,1
2025-12-28 14:00:00+00:00,Quetta,78.45003463957045,µg/m³,2
2025-12-28 15:00:00+00:00,Quetta,68.49020799001057,µg/m³,1
2025-12-28 16:00:00+00:00,Quetta,54.540499877929676,µg/m³,2
2025-12-28 17:00:00+00:00,Quetta,45.64441668192546,µg/m³,1
2025-12-28 18:00:00+00:00,Quetta,108.0,µg/m³,1
2025-12-28 19:00:00+00:00,Quetta,23.0,µg/m³,1
2025-12-28 20:00:00+00:00,Quetta,23.0,µg/m³,1
2025-12-28 22:00:00+00:00,Quetta,76.0,µg/m³,1
2025-12-28 23:00:00+00:00,Quetta,19.0,µg/m³,1
2025-12-29 00:00:00+00:00,Quetta,21.0,µg/m³,1
2025-12-29 01:00:00+00:00,Quetta,19.0,µg/m³,1
2025-12-29 02:00:00+00:00,Quetta,28.707499980926514,µg/m³,2
2025-12-29 03:00:00+00:00,Quetta,36.78741668065389,µg/m³,2
2025-12-29 04:00:00+00:00,Quetta,35.59999993642171,µg/m³,2
2025-12-29 05:00:00+00:00,Quetta,32.34287509918212,µg/m³,2
2025-12-29 06:00:00+00:00,Quetta,29.208562555578023,µg/m³,2
2025-12-29 07:00:00+00:00,Quetta,24.94711814456516,µg/m³,2
2025-12-29 08:00:00+00:00,Quetta,21.387689422838616,µg/m³,2
2025-12-29 09:00:00+00:00,Quetta,24.950020778179166,µg/m³,2
2025-12-29 10:00:00+00:00,Quetta,25.532659098596284,µg/m³,2
2025-12-29 11:00:00+00:00,Quetta,29.54953808928981,µg/m³,2
2025-12-29 12:00:00+00:00,Quetta,43.8287222120497,µg/m³,2
2025-12-29 13:00:00+00:00,Quetta,44.34883321126301,µg/m³,2
2025-12-29 14:00:00+00:00,Quetta,38.217895921071374,µg/m³,2
2025-12-29 15:00:00+00:00,Quetta,36.166187572479245,µg/m³,2
2025-12-29 16:00:00+00:00,Quetta,37.261187458038336,µg/m³,2
2025-12-29 17:00:00+00:00,Quetta,35.698666636149085,µg/m³,2
2025-12-30 02:00:00+00:00,Quetta,44.5,µg/m³,1
2025-12-30 03:00:00+00:00,Quetta,47.97500000000001,µg/m³,2
2025-12-30 04:00:00+00:00,Quetta,54.0,µg/m³,1
2025-12-30 05:00:00+00:00,Quetta,60.26600036621094,µg/m³,2
2025-12-30 06:00:00+00:00,Quetta,63.0,µg/m³,1
2025-12-30 07:00:00+00:00,Quetta,59.03741663614909,µg/m³,2
2025-12-30 08:00:00+00:00,Quetta,52.898946923920604,µg/m³,2
2025-12-30 09:00:00+00:00,Quetta,63.46525020599365,µg/m³,2
2025-12-30 10:00:00+00:00,Quetta,64.53183339436849,µg/m³,2
2025-12-30 11:00:00+00:00,Quetta,62.4295831044515,µg/m³,2
2025-12-30 12:00:00+00:00,Quetta,51.95533345540365,µg/m³,2
2025-12-30 13:00:00+00:00,Quetta,60.90675010681153,µg/m³,2
2025-12-30 14:00:00+00:00,Quetta,53.03783315022787,µg/m³,2
2025-12-30 15:00:00+00:00,Quetta,46.5417221599155,µg/m³,1
2025-12-30 16:00:00+00:00,Quetta,32.263666502634685,µg/m³,1
2025-12-30 17:00:00+00:00,Quetta,18.20316654841105,µg/m³,1
2025-12-30 19:00:00+00:00,Quetta,7.7,µg/m³,1
2025-12-30 20:00:00+00:00,Quetta,6.0,µg/m³,1
2025-12-30 21:00:00+00:00,Quetta,10.094549956321716,µg/m³,2
2025-12-30 22:00:00+00:00,Quetta,6.0,µg/m³,1
2025-12-30 23:00:00+00:00,Quetta,5.1,µg/m³,1
2025-12-31 00:00:00+00:00,Quetta,4.7,µg/m³,1
2025-12-31 01:00:00+00:00,Quetta,5.591750001907348,µg/m³,2
2025-12-31 02:00:00+00:00,Quetta,15.532833385467528,µg/m³,1
2025-12-31 03:00:00+00:00,Quetta,27.37483345667521,µg/m³,1
2025-12-31 04:00:00+00:00,Quetta,27.883166662851966,µg/m³,1
2025-12-31 05:00:00+00:00,Quetta,26.294969573165428,µg/m³,1
2025-12-31 06:00:00+00:00,Quetta,25.196599973042805,µg/m³,1
2025-12-31 07:00:00+00:00,Quetta,27.94123613834381,µg/m³,1
2025-12-31 08:00:00+00:00,Quetta,30.073750015099847,µg/m³,2
2025-12-31 09:00:00+00:00,Quetta,20.253097210990056,µg/m³,1
2025-12-31 10:00:00+00:00,Quetta,22.291249990463257,µg/m³,2
2025-12-31 11:00:00+00:00,Quetta,15.527937501006654,µg/m³,2
2025-12-31 12:00:00+00:00,Quetta,20.381050004959103,µg/m³,1
2025-12-31 13:00:00+00:00,Quetta,23.63291672070821,µg/m³,1
2025-12-31 14:00:00+00:00,Quetta,27.665333302815757,µg/m³,2
2025-12-31 15:00:00+00:00,Quetta,27.08439579804738,µg/m³,2
2025-12-31 16:00:00+00:00,Quetta,31.375145932038627,µg/m³,2
2025-12-31 17:00:00+00:00,Quetta,34.92210414807002,µg/m³,2
2025-12-31 18:00:00+00:00,Quetta,68.0,µg/m³,1
2025-12-31 19:00:00+00:00,Quetta,71.0,µg/m³,1
2025-12-31 20:00:00+00:00,Quetta,73.0,µg/m³,1
2025-12-31 21:00:00+00:00,Quetta,69.0,µg/m³,1
2025-12-31 22:00:00+00:00,Quetta,67.0,µg/m³,1
2026-01-01 00:00:00+00:00,Quetta,53.0,µg/m³,1
2026-01-01 01:00:00+00:00,Quetta,49.0,µg/m³,1
2026-01-01 02:00:00+00:00,Quetta,50.0,µg/m³,1
2026-01-01 03:00:00+00:00,Quetta,41.7998571395874,µg/m³,2
2026-01-01 04:00:00+00:00,Quetta,38.01683333714803,µg/m³,2
2026-01-01 05:00:00+00:00,Quetta,43.138999970753986,µg/m³,2
2026-01-01 06:00:00+00:00,Quetta,41.55416666666667,µg/m³,2
2026-01-01 07:00:00+00:00,Quetta,34.38554860883289,µg/m³,2
2026-01-01 08:00:00+00:00,Quetta,20.482694461610585,µg/m³,1
2026-01-01 09:00:00+00:00,Quetta,25.791666666666664,µg/m³,2
2026-01-01 10:00:00+00:00,Quetta,26.04657500743866,µg/m³,2
2026-01-01 11:00:00+00:00,Quetta,25.95178030042937,µg/m³,2
2026-01-01 12:00:00+00:00,Quetta,33.6845208340221,µg/m³,2
2026-01-01 13:00:00+00:00,Quetta,54.81050006548564,µg/m³,2
2026-01-01 14:00:00+00:00,Quetta,61.398833211263025,µg/m³,2
2026-01-01 15:00:00+00:00,Quetta,63.694972186618386,µg/m³,2
2026-01-01 16:00:00+00:00,Quetta,66.39720872243245,µg/m³,1
2026-01-01 17:00:00+00:00,Quetta,108.11929175059002,µg/m³,1
2026-01-01 18:00:00+00:00,Quetta,124.99345425692472,µg/m³,1
2026-01-01 19:00:00+00:00,Quetta,105.0,µg/m³,1
2026-01-01 20:00:00+00:00,Quetta,110.0,µg/m³,1
2026-01-01 21:00:00+00:00,Quetta,131.0,µg/m³,1
2026-01-01 22:00:00+00:00,Quetta,143.0,µg/m³,1
2026-01-01 23:00:00+00:00,Quetta,112.0,µg/m³,1
2026-01-02 00:00:00+00:00,Quetta,110.0,µg/m³,1
2026-01-02 01:00:00+00:00,Quetta,106.0,µg/m³,1
2026-01-02 02:00:00+00:00,Quetta,127.0,µg/m³,1
2026-01-02 04:00:00+00:00,Quetta,124.0,µg/m³,1
2026-01-02 05:00:00+00:00,Quetta,74.0,µg/m³,1
2026-01-02 07:00:00+00:00,Quetta,73.36100006103516,µg/m³,2
2026-01-02 08:00:00+00:00,Quetta,89.17374992370605,µg/m³,2
2026-01-02 09:00:00+00:00,Quetta,81.419319513109,µg/m³,2
2026-01-02 10:00:00+00:00,Quetta,70.61266657511393,µg/m³,2
2026-01-02 11:00:00+00:00,Quetta,39.90550003051757,µg/m³,2
2026-01-02 12:00:00+00:00,Quetta,56.89700012207031,µg/m³,2
2026-01-02 13:00:00+00:00,Quetta,92.17641665140789,µg/m³,2
2026-01-02 14:00:00+00:00,Quetta,105.36072720614347,µg/m³,1
2026-01-02 15:00:00+00:00,Quetta,188.27641626993815,µg/m³,1
