datetime,city,pm25_value,pm25_unit,pm25_locations
2025-10-04 16:00:00+00:00,Rawalpindi,71.2044579188029,µg/m³,1
2025-10-04 17:00:00+00:00,Rawalpindi,77.59387454986573,µg/m³,1
2025-10-04 18:00:00+00:00,Rawalpindi,67.61316706339518,µg/m³,1
2025-10-04 19:00:00+00:00,Rawalpindi,64.23620827992757,µg/m³,1
2025-10-04 20:00:00+00:00,Rawalpindi,55.88675003051758,µg/m³,1
2025-10-04 21:00:00+00:00,Rawalpindi,55.21323634253608,µg/m³,1
2025-10-04 22:00:00+00:00,Rawalpindi,48.70205518934463,µg/m³,1
2025-10-04 23:00:00+00:00,Rawalpindi,46.51537532806396,µg/m³,1
2025-10-05 00:00:00+00:00,Rawalpindi,49.331125068664555,µg/m³,1
2025-10-05 01:00:00+00:00,Rawalpindi,47.34106951819526,µg/m³,1
2025-10-05 02:00:00+00:00,Rawalpindi,42.857527584499785,µg/m³,1
2025-10-05 03:00:00+00:00,Rawalpindi,45.654361004299595,µg/m³,1
2025-10-05 04:00:00+00:00,Rawalpindi,35.19431992636786,µg/m³,1
2025-10-05 05:00:00+00:00,Rawalpindi,30.36727786064148,µg/m³,1
2025-10-05 06:00:00+00:00,Rawalpindi,26.24266661802928,µg/m³,1
2025-10-05 07:00:00+00:00,Rawalpindi,22.5887361129125,µg/m³,1
2025-10-05 08:00:00+00:00,Rawalpindi,29.332611015107897,µg/m³,1
2025-10-05 09:00:00+00:00,Rawalpindi,28.71279158327314,µg/m³,1
2025-10-05 10:00:00+00:00,Rawalpindi,21.256333351135257,µg/m³,1
2025-10-05 11:00:00+00:00,Rawalpindi,23.285930556721155,µg/m³,1
2025-10-05 12:00:00+00:00,Rawalpindi,32.07029141585032,µg/m³,1
2025-10-05 13:00:00+00:00,Rawalpindi,40.85508321126302,µg/m³,1
2025-10-05 14:00:00+00:00,Rawalpindi,37.6482638253106,µg/m³,1
2025-10-05 15:00:00+00:00,Rawalpindi,33.36147243446775,µg/m³,1
2025-10-05 16:00:00+00:00,Rawalpindi,28.70652777089013,µg/m³,1
2025-10-05 17:00:00+00:00,Rawalpindi,12.746624996927048,µg/m³,1
2025-10-05 18:00:00+00:00,Rawalpindi,6.924861113230388,µg/m³,1
2025-10-05 19:00:00+00:00,Rawalpindi,9.85727272611676,µg/m³,1
2025-10-05 20:00:00+00:00,Rawalpindi,13.200444422827823,µg/m³,1
2025-10-05 21:00:00+00:00,Rawalpindi,13.242430567741394,µg/m³,1
2025-10-05 22:00:00+00:00,Rawalpindi,9.00138889418708,µg/m³,1
2025-10-05 23:00:00+00:00,Rawalpindi,10.993527772691515,µg/m³,1
2025-10-06 00:00:00+00:00,Rawalpindi,13.67070833047231,µg/m³,1
2025-10-06 01:00:00+00:00,Rawalpindi,17.810055557886763,µg/m³,1
2025-10-06 02:00:00+00:00,Rawalpindi,28.43808329370287,µg/m³,1
2025-10-06 03:00:00+00:00,Rawalpindi,30.76559112433231,µg/m³,1
2025-10-06 04:00:00+00:00,Rawalpindi,29.510555558734467,µg/m³,1
2025-10-06 05:00:00+00:00,Rawalpindi,23.348680562443203,µg/m³,1
2025-10-06 06:00:00+00:00,Rawalpindi,12.533611112170748,µg/m³,1
2025-10-06 07:00:00+00:00,Rawalpindi,16.167569438616436,µg/m³,1
2025-10-06 08:00:00+00:00,Rawalpindi,12.89784848762281,µg/m³,1
2025-10-06 09:00:00+00:00,Rawalpindi,12.733319438828362,µg/m³,1
2025-10-06 10:00:00+00:00,Rawalpindi,9.814513882001242,µg/m³,1
2025-10-06 11:00:00+00:00,Rawalpindi,9.722583325703939,µg/m³,1
2025-10-06 12:00:00+00:00,Rawalpindi,11.015347234408061,µg/m³,1
2025-10-06 13:00:00+00:00,Rawalpindi,10.131708327929179,µg/m³,1
2025-10-06 14:00:00+00:00,Rawalpindi,13.375361114078096,µg/m³,1
2025-10-06 15:00:00+00:00,Rawalpindi,8.736750004026625,µg/m³,1
2025-10-06 16:00:00+00:00,Rawalpindi,13.724722210566204,µg/m³,1
2025-10-06 17:00:00+00:00,Rawalpindi,18.17265277703603,µg/m³,1
2025-10-06 18:00:00+00:00,Rawalpindi,23.818847224447456,µg/m³,1
2025-10-06 19:00:00+00:00,Rawalpindi,23.213958334922793,µg/m³,1
2025-10-06 20:00:00+00:00,Rawalpindi,30.81936117808024,µg/m³,1
2025-10-06 21:00:00+00:00,Rawalpindi,33.962652354770235,µg/m³,1
2025-10-06 22:00:00+00:00,Rawalpindi,24.407083347108628,µg/m³,1
2025-10-06 23:00:00+00:00,Rawalpindi,25.13202779028151,µg/m³,1
2025-10-07 00:00:00+00:00,Rawalpindi,14.173958330684238,µg/m³,1
2025-10-07 01:00:00+00:00,Rawalpindi,20.04627777205573,µg/m³,1
2025-10-07 02:00:00+00:00,Rawalpindi,21.53697222603692,µg/m³,1
2025-10-07 03:00:00+00:00,Rawalpindi,51.57871188539446,µg/m³,1
2025-10-07 04:00:00+00:00,Rawalpindi,44.61234849872011,µg/m³,1
2025-10-07 05:00:00+00:00,Rawalpindi,33.35069432523515,µg/m³,1
2025-10-07 06:00:00+00:00,Rawalpindi,28.555972311231827,µg/m³,1
2025-10-07 07:00:00+00:00,Rawalpindi,24.27506943543752,µg/m³,1
2025-10-07 08:00:00+00:00,Rawalpindi,20.03060606754187,µg/m³,1
2025-10-07 09:00:00+00:00,Rawalpindi,18.201742417884596,µg/m³,1
2025-10-07 10:00:00+00:00,Rawalpindi,12.933222187889946,µg/m³,1
2025-10-07 11:00:00+00:00,Rawalpindi,11.544208327929178,µg/m³,1
2025-10-07 12:00:00+00:00,Rawalpindi,11.093805562125313,µg/m³,1
2025-10-07 13:00:00+00:00,Rawalpindi,21.08904147148132,µg/m³,1
2025-10-07 14:00:00+00:00,Rawalpindi,48.36320832570394,µg/m³,1
2025-10-07 15:00:00+00:00,Rawalpindi,41.68449974060058,µg/m³,1
2025-10-07 16:00:00+00:00,Rawalpindi,43.62916666666667,µg/m³,1
2025-10-07 17:00:00+00:00,Rawalpindi,41.10354175567627,µg/m³,1
2025-10-07 18:00:00+00:00,Rawalpindi,39.516166559855144,µg/m³,1
2025-10-07 19:00:00+00:00,Rawalpindi,32.872805613941615,µg/m³,1
2025-10-07 20:00:00+00:00,Rawalpindi,27.483124923706058,µg/m³,1
2025-10-07 21:00:00+00:00,Rawalpindi,26.37629164854685,µg/m³,1
2025-10-07 22:00:00+00:00,Rawalpindi,20.70288889143202,µg/m³,1
2025-10-07 23:00:00+00:00,Rawalpindi,20.307972229851615,µg/m³,1
2025-10-08 00:00:00+00:00,Rawalpindi,23.761958336830137,µg/m³,1
2025-10-08 01:00:00+00:00,Rawalpindi,36.69658335049947,µg/m³,1
2025-10-08 02:00:00+00:00,Rawalpindi,51.02125015258789,µg/m³,1
2025-10-08 03:00:00+00:00,Rawalpindi,52.349610816107855,µg/m³,1
2025-10-08 04:00:00+00:00,Rawalpindi,51.55512472788492,µg/m³,1
2025-10-08 05:00:00+00:00,Rawalpindi,40.77012477450901,µg/m³,1
2025-10-08 06:00:00+00:00,Rawalpindi,25.667111078898117,µg/m³,1
2025-10-08 07:00:00+00:00,Rawalpindi,20.4524583419164,µg/m³,1
2025-10-08 08:00:00+00:00,Rawalpindi,18.896541666984557,µg/m³,1
2025-10-08 09:00:00+00:00,Rawalpindi,18.880694442325165,µg/m³,1
2025-10-08 10:00:00+00:00,Rawalpindi,21.53512500921885,µg/m³,1
2025-10-08 11:00:00+00:00,Rawalpindi,25.496499999364218,µg/m³,1
2025-10-08 12:00:00+00:00,Rawalpindi,35.42891686757405,µg/m³,1
2025-10-08 13:00:00+00:00,Rawalpindi,49.73995812733968,µg/m³,1
2025-10-08 14:00:00+00:00,Rawalpindi,74.44184674157036,µg/m³,1
2025-10-08 15:00:00+00:00,Rawalpindi,48.51562480926514,µg/m³,1
2025-10-08 16:00:00+00:00,Rawalpindi,46.28852772182889,µg/m³,1
2025-10-08 17:00:00+00:00,Rawalpindi,44.89497218661838,µg/m³,1
2025-10-08 18:00:00+00:00,Rawalpindi,41.31784720950656,µg/m³,1
2025-10-08 19:00:00+00:00,Rawalpindi,39.58208325703939,µg/m³,1
2025-10-08 20:00:00+00:00,Rawalpindi,36.30920823415121,µg/m³,1
2025-10-08 21:00:00+00:00,Rawalpindi,36.60499992370605,µg/m³,1
2025-10-08 22:00:00+00:00,Rawalpindi,40.83850021362305,µg/m³,1
2025-10-08 23:00:00+00:00,Rawalpindi,36.86975021362305,µg/m³,1
2025-10-09 00:00:00+00:00,Rawalpindi,35.91195863087972,µg/m³,1
2025-10-09 01:00:00+00:00,Rawalpindi,31.216458415985112,µg/m³,1
2025-10-09 02:00:00+00:00,Rawalpindi,38.443458239237465,µg/m³,1
2025-10-09 03:00:00+00:00,Rawalpindi,36.84162502288819,µg/m³,1
2025-10-09 04:00:00+00:00,Rawalpindi,39.476902622646755,µg/m³,1
2025-10-09 05:00:00+00:00,Rawalpindi,30.157041488753425,µg/m³,1
2025-10-09 06:00:00+00:00,Rawalpindi,27.830916674931842,µg/m³,1
2025-10-09 07:00:00+00:00,Rawalpindi,28.754847232500712,µg/m³,1
2025-10-09 08:00:00+00:00,Rawalpindi,26.28518056604597,µg/m³,1
2025-10-09 09:00:00+00:00,Rawalpindi,25.328347219361202,µg/m³,1
2025-10-09 10:00:00+00:00,Rawalpindi,29.014236140251157,µg/m³,1
2025-10-09 11:00:00+00:00,Rawalpindi,30.253694309128658,µg/m³,1
2025-10-09 12:00:00+00:00,Rawalpindi,34.66361113654243,µg/m³,1
2025-10-09 13:00:00+00:00,Rawalpindi,51.17420800526937,µg/m³,1
2025-10-09 14:00:00+00:00,Rawalpindi,50.144249852498376,µg/m³,1
2025-10-09 15:00:00+00:00,Rawalpindi,57.77738910251193,µg/m³,1
2025-10-09 16:00:00+00:00,Rawalpindi,57.72820809682211,µg/m³,1
2025-10-09 17:00:00+00:00,Rawalpindi,62.787930700514046,µg/m³,1
2025-10-09 18:00:00+00:00,Rawalpindi,57.33555560641819,µg/m³,1
2025-10-09 19:00:00+00:00,Rawalpindi,58.07466646830241,µg/m³,1
2025-10-09 20:00:00+00:00,Rawalpindi,48.25936092800564,µg/m³,1
2025-10-09 21:00:00+00:00,Rawalpindi,38.537333424886064,µg/m³,1
2025-10-09 22:00:00+00:00,Rawalpindi,35.106458600362146,µg/m³,1
2025-10-09 23:00:00+00:00,Rawalpindi,33.69025015830994,µg/m³,1
2025-10-10 00:00:00+00:00,Rawalpindi,32.475985858175484,µg/m³,1
2025-10-10 01:00:00+00:00,Rawalpindi,34.38337491353353,µg/m³,1
2025-10-10 02:00:00+00:00,Rawalpindi,44.32245820363362,µg/m³,1
2025-10-10 03:00:00+00:00,Rawalpindi,45.94555532667372,µg/m³,1
2025-10-10 04:00:00+00:00,Rawalpindi,37.39502803749508,µg/m³,1
2025-10-10 05:00:00+00:00,Rawalpindi,35.36484704547458,µg/m³,1
2025-10-10 06:00:00+00:00,Rawalpindi,41.39131912655301,µg/m³,1
2025-10-10 07:00:00+00:00,Rawalpindi,55.10925000508627,µg/m³,1
2025-10-10 08:00:00+00:00,Rawalpindi,37.72274971008301,µg/m³,1
2025-10-10 09:00:00+00:00,Rawalpindi,31.927791611353555,µg/m³,1
2025-10-10 10:00:00+00:00,Rawalpindi,32.800874874326915,µg/m³,1
2025-10-10 11:00:00+00:00,Rawalpindi,31.552861009703737,µg/m³,1
2025-10-10 12:00:00+00:00,Rawalpindi,34.44641665617625,µg/m³,1
2025-10-10 13:00:00+00:00,Rawalpindi,48.107041740417486,µg/m³,1
2025-10-10 14:00:00+00:00,Rawalpindi,70.87188907199435,µg/m³,1
2025-10-10 15:00:00+00:00,Rawalpindi,63.63979193369547,µg/m³,1
2025-10-10 16:00:00+00:00,Rawalpindi,56.90497241550022,µg/m³,1
2025-10-10 17:00:00+00:00,Rawalpindi,56.94101399315728,µg/m³,1
2025-10-10 18:00:00+00:00,Rawalpindi,52.146041552225746,µg/m³,1
2025-10-10 19:00:00+00:00,Rawalpindi,51.48245843251547,µg/m³,1
2025-10-10 20:00:00+00:00,Rawalpindi,51.95954202016194,µg/m³,1
2025-10-10 21:00:00+00:00,Rawalpindi,45.15508359273275,µg/m³,1
2025-10-10 22:00:00+00:00,Rawalpindi,39.27050018310547,µg/m³,1
2025-10-10 23:00:00+00:00,Rawalpindi,36.53470834096273,µg/m³,1
2025-10-11 00:00:00+00:00,Rawalpindi,36.473916880289714,µg/m³,1
2025-10-11 01:00:00+00:00,Rawalpindi,39.733291689554854,µg/m³,1
2025-10-11 02:00:00+00:00,Rawalpindi,54.47423589494494,µg/m³,1
2025-10-11 03:00:00+00:00,Rawalpindi,42.834555647108296,µg/m³,1
2025-10-11 04:00:00+00:00,Rawalpindi,43.285541470845544,µg/m³,1
2025-10-11 05:00:00+00:00,Rawalpindi,63.783749771118174,µg/m³,1
2025-10-11 06:00:00+00:00,Rawalpindi,39.6654166618983,µg/m³,1
2025-10-11 07:00:00+00:00,Rawalpindi,29.967500003178916,µg/m³,1
2025-10-11 08:00:00+00:00,Rawalpindi,36.45833375453949,µg/m³,1
2025-10-11 09:00:00+00:00,Rawalpindi,36.42761107550728,µg/m³,1
2025-10-11 10:00:00+00:00,Rawalpindi,33.60158344904582,µg/m³,1
2025-10-11 12:00:00+00:00,Rawalpindi,46.010958162943524,µg/m³,1
2025-10-11 13:00:00+00:00,Rawalpindi,65.11399981180827,µg/m³,1
2025-10-11 14:00:00+00:00,Rawalpindi,69.44174982706706,µg/m³,1
2025-10-11 15:00:00+00:00,Rawalpindi,75.91729132334392,µg/m³,1
2025-10-11 16:00:00+00:00,Rawalpindi,84.12991663614909,µg/m³,1
2025-10-11 17:00:00+00:00,Rawalpindi,69.59687519073486,µg/m³,1
2025-10-11 18:00:00+00:00,Rawalpindi,62.06795864105225,µg/m³,1
2025-10-11 19:00:00+00:00,Rawalpindi,79.9701111263699,µg/m³,1
2025-10-11 20:00:00+00:00,Rawalpindi,59.67970841725668,µg/m³,1
2025-10-11 21:00:00+00:00,Rawalpindi,38.277374839782716,µg/m³,1
2025-10-11 22:00:00+00:00,Rawalpindi,41.34411129421658,µg/m³,1
2025-10-11 23:00:00+00:00,Rawalpindi,37.13520832061767,µg/m³,1
2025-10-12 00:00:00+00:00,Rawalpindi,40.06766649881999,µg/m³,1
2025-10-12 01:00:00+00:00,Rawalpindi,39.06854139963785,µg/m³,1
2025-10-12 02:00:00+00:00,Rawalpindi,37.261486286587186,µg/m³,1
2025-10-12 03:00:00+00:00,Rawalpindi,39.1417495727539,µg/m³,1
2025-10-12 04:00:00+00:00,Rawalpindi,41.21420853932699,µg/m³,1
2025-10-12 05:00:00+00:00,Rawalpindi,42.82129141489665,µg/m³,1
2025-10-12 06:00:00+00:00,Rawalpindi,42.14112491607666,µg/m³,1
2025-10-12 07:00:00+00:00,Rawalpindi,45.061722395155165,µg/m³,1
2025-10-12 08:00:00+00:00,Rawalpindi,43.98125000000001,µg/m³,1
2025-10-12 09:00:00+00:00,Rawalpindi,45.66279176076252,µg/m³,1
2025-10-12 10:00:00+00:00,Rawalpindi,39.10245800018311,µg/m³,1
2025-10-12 11:00:00+00:00,Rawalpindi,35.949680731031634,µg/m³,1
2025-10-12 12:00:00+00:00,Rawalpindi,58.86491673787435,µg/m³,1
2025-10-12 13:00:00+00:00,Rawalpindi,59.952763642205134,µg/m³,1
2025-10-12 14:00:00+00:00,Rawalpindi,65.58659746381971,µg/m³,1
2025-10-12 15:00:00+00:00,Rawalpindi,68.00088890923394,µg/m³,1
2025-10-12 16:00:00+00:00,Rawalpindi,61.74852782355415,µg/m³,1
2025-10-12 17:00:00+00:00,Rawalpindi,50.20876377953423,µg/m³,1
2025-10-12 18:00:00+00:00,Rawalpindi,45.85266672770183,µg/m³,1
2025-10-12 19:00:00+00:00,Rawalpindi,42.480291811625165,µg/m³,1
2025-10-12 20:00:00+00:00,Rawalpindi,41.55983327229817,µg/m³,1
2025-10-12 21:00:00+00:00,Rawalpindi,40.81179167429606,µg/m³,1
2025-10-12 22:00:00+00:00,Rawalpindi,37.52040288713243,µg/m³,1
2025-10-12 23:00:00+00:00,Rawalpindi,39.10449981689453,µg/m³,1
2025-10-13 00:00:00+00:00,Rawalpindi,40.67369465298123,µg/m³,1
2025-10-13 01:00:00+00:00,Rawalpindi,39.00645821889241,µg/m³,1
2025-10-13 02:00:00+00:00,Rawalpindi,43.21311166551377,µg/m³,1
2025-10-13 03:00:00+00:00,Rawalpindi,48.92081983354356,µg/m³,1
2025-10-13 04:00:00+00:00,Rawalpindi,49.05595823923746,µg/m³,1
2025-10-13 05:00:00+00:00,Rawalpindi,54.09681953854031,µg/m³,1
2025-10-13 06:00:00+00:00,Rawalpindi,51.17750002543132,µg/m³,1
2025-10-13 07:00:00+00:00,Rawalpindi,50.00212523142496,µg/m³,1
2025-10-13 08:00:00+00:00,Rawalpindi,53.93333346048991,µg/m³,1
2025-10-13 09:00:00+00:00,Rawalpindi,47.27995827992758,µg/m³,1
2025-10-13 10:00:00+00:00,Rawalpindi,41.783652729458275,µg/m³,1
2025-10-13 11:00:00+00:00,Rawalpindi,40.87375017801921,µg/m³,1
2025-10-13 12:00:00+00:00,Rawalpindi,48.49619437323676,µg/m³,1
2025-10-13 13:00:00+00:00,Rawalpindi,67.22734707726373,µg/m³,1
2025-10-13 14:00:00+00:00,Rawalpindi,70.83520844777425,µg/m³,1
2025-10-13 15:00:00+00:00,Rawalpindi,86.2708053165012,µg/m³,1
2025-10-13 16:00:00+00:00,Rawalpindi,87.8674545288086,µg/m³,1
2025-10-13 17:00:00+00:00,Rawalpindi,77.67948644426134,µg/m³,1
2025-10-13 18:00:00+00:00,Rawalpindi,76.32469435797798,µg/m³,1
2025-10-13 19:00:00+00:00,Rawalpindi,72.97334724002415,µg/m³,1
2025-10-13 20:00:00+00:00,Rawalpindi,62.93291664123535,µg/m³,1
2025-10-13 21:00:00+00:00,Rawalpindi,63.01545785268147,µg/m³,1
2025-10-13 22:00:00+00:00,Rawalpindi,51.802458381652826,µg/m³,1
2025-10-13 23:00:00+00:00,Rawalpindi,53.89570840199789,µg/m³,1
2025-10-14 00:00:00+00:00,Rawalpindi,53.54022263420953,µg/m³,1
2025-10-14 01:00:00+00:00,Rawalpindi,52.64970798492431,µg/m³,1
2025-10-14 02:00:00+00:00,Rawalpindi,67.23983319600423,µg/m³,1
2025-10-14 03:00:00+00:00,Rawalpindi,63.309333038330074,µg/m³,1
2025-10-14 04:00:00+00:00,Rawalpindi,60.96170813242594,µg/m³,1
2025-10-14 05:00:00+00:00,Rawalpindi,55.68566652933756,µg/m³,1
2025-10-14 06:00:00+00:00,Rawalpindi,59.974514155917696,µg/m³,1
2025-10-14 07:00:00+00:00,Rawalpindi,74.5853333791097,µg/m³,1
2025-10-14 08:00:00+00:00,Rawalpindi,61.62348617977566,µg/m³,1
2025-10-14 09:00:00+00:00,Rawalpindi,51.288138919406464,µg/m³,1
2025-10-14 10:00:00+00:00,Rawalpindi,48.74495843251547,µg/m³,1
2025-10-14 11:00:00+00:00,Rawalpindi,47.88070863087972,µg/m³,1
2025-10-14 12:00:00+00:00,Rawalpindi,53.07486106024847,µg/m³,1
2025-10-14 13:00:00+00:00,Rawalpindi,51.36491661071776,µg/m³,1
2025-10-14 14:00:00+00:00,Rawalpindi,64.26362514495851,µg/m³,1
2025-10-14 15:00:00+00:00,Rawalpindi,73.16050046284992,µg/m³,1
2025-10-14 16:00:00+00:00,Rawalpindi,75.84477734035916,µg/m³,1
2025-10-14 17:00:00+00:00,Rawalpindi,78.40234707726373,µg/m³,1
2025-10-14 18:00:00+00:00,Rawalpindi,72.46826428307428,µg/m³,1
2025-10-14 19:00:00+00:00,Rawalpindi,69.39818028344048,µg/m³,1
2025-10-14 20:00:00+00:00,Rawalpindi,61.044416936238605,µg/m³,1
2025-10-14 21:00:00+00:00,Rawalpindi,60.279277462429484,µg/m³,1
2025-10-14 22:00:00+00:00,Rawalpindi,59.41170838673909,µg/m³,1
2025-10-14 23:00:00+00:00,Rawalpindi,57.603097428215875,µg/m³,1
2025-10-15 00:00:00+00:00,Rawalpindi,58.24087505340575,µg/m³,1
2025-10-15 01:00:00+00:00,Rawalpindi,62.00712490081787,µg/m³,1
2025-10-15 02:00:00+00:00,Rawalpindi,68.94162502288819,µg/m³,1
2025-10-15 03:00:00+00:00,Rawalpindi,61.86281914181179,µg/m³,1
2025-10-15 04:00:00+00:00,Rawalpindi,74.48390284644233,µg/m³,1
2025-10-15 05:00:00+00:00,Rawalpindi,83.73291651407878,µg/m³,1
2025-10-15 06:00:00+00:00,Rawalpindi,54.855513657463916,µg/m³,1
2025-10-15 07:00:00+00:00,Rawalpindi,50.68312473297119,µg/m³,1
2025-10-15 08:00:00+00:00,Rawalpindi,46.52662487030029,µg/m³,1
2025-10-15 09:00:00+00:00,Rawalpindi,43.59674987792969,µg/m³,1
2025-10-15 10:00:00+00:00,Rawalpindi,43.6581806394789,µg/m³,1
2025-10-15 11:00:00+00:00,Rawalpindi,44.874541918436684,µg/m³,1
2025-10-15 12:00:00+00:00,Rawalpindi,51.19094445970324,µg/m³,1
2025-10-15 13:00:00+00:00,Rawalpindi,70.62304159800212,µg/m³,1
2025-10-15 14:00:00+00:00,Rawalpindi,81.9392500559489,µg/m³,1
2025-10-15 15:00:00+00:00,Rawalpindi,78.54690282609727,µg/m³,1
2025-10-15 16:00:00+00:00,Rawalpindi,84.45523628658718,µg/m³,1
2025-10-15 17:00:00+00:00,Rawalpindi,84.01133321126302,µg/m³,1
2025-10-15 18:00:00+00:00,Rawalpindi,70.46240295834012,µg/m³,1
2025-10-15 19:00:00+00:00,Rawalpindi,78.43679167429606,µg/m³,1
2025-10-15 20:00:00+00:00,Rawalpindi,68.8946252822876,µg/m³,1
2025-10-15 21:00:00+00:00,Rawalpindi,67.9108331044515,µg/m³,1
2025-10-15 22:00:00+00:00,Rawalpindi,61.17633336385091,µg/m³,1
2025-10-15 23:00:00+00:00,Rawalpindi,63.90583318074545,µg/m³,1
2025-10-16 00:00:00+00:00,Rawalpindi,57.88116658528646,µg/m³,1
2025-10-16 01:00:00+00:00,Rawalpindi,60.38390271928575,µg/m³,1
2025-10-16 02:00:00+00:00,Rawalpindi,70.40777770148382,µg/m³,1
2025-10-16 03:00:00+00:00,Rawalpindi,76.6330415725708,µg/m³,1
2025-10-16 04:00:00+00:00,Rawalpindi,84.71800003051757,µg/m³,1
2025-10-16 05:00:00+00:00,Rawalpindi,111.69399998982747,µg/m³,1
2025-10-16 06:00:00+00:00,Rawalpindi,119.33291689554851,µg/m³,1
2025-10-16 07:00:00+00:00,Rawalpindi,55.446097458733455,µg/m³,1
2025-10-16 08:00:00+00:00,Rawalpindi,49.684708340962736,µg/m³,1
2025-10-16 09:00:00+00:00,Rawalpindi,50.459930441114636,µg/m³,1
2025-10-16 10:00:00+00:00,Rawalpindi,50.434097184075256,µg/m³,1
2025-10-16 11:00:00+00:00,Rawalpindi,50.12995827992757,µg/m³,1
2025-10-16 12:00:00+00:00,Rawalpindi,57.84437503814697,µg/m³,1
2025-10-16 13:00:00+00:00,Rawalpindi,84.81412525177002,µg/m³,1
2025-10-16 14:00:00+00:00,Rawalpindi,112.85804195404053,µg/m³,1
2025-10-16 15:00:00+00:00,Rawalpindi,131.59188876681858,µg/m³,1
2025-10-16 16:00:00+00:00,Rawalpindi,100.67708371480306,µg/m³,1
2025-10-16 17:00:00+00:00,Rawalpindi,88.546569803026,µg/m³,1
2025-10-16 18:00:00+00:00,Rawalpindi,84.49325027465821,µg/m³,1
2025-10-16 19:00:00+00:00,Rawalpindi,71.53112506866455,µg/m³,1
2025-10-16 20:00:00+00:00,Rawalpindi,71.9667502085368,µg/m³,1
2025-10-16 21:00:00+00:00,Rawalpindi,66.55416653951009,µg/m³,1
2025-10-16 22:00:00+00:00,Rawalpindi,64.79266675313313,µg/m³,1
2025-10-16 23:00:00+00:00,Rawalpindi,61.9801248550415,µg/m³,1
2025-10-17 00:00:00+00:00,Rawalpindi,58.223958524068195,µg/m³,1
2025-10-17 01:00:00+00:00,Rawalpindi,60.83238915337458,µg/m³,1
2025-10-17 02:00:00+00:00,Rawalpindi,79.18334708743625,µg/m³,1
2025-10-17 03:00:00+00:00,Rawalpindi,69.00056976742215,µg/m³,1
2025-10-17 04:00:00+00:00,Rawalpindi,59.32708333333333,µg/m³,1
2025-10-17 05:00:00+00:00,Rawalpindi,71.79854157765706,µg/m³,1
2025-10-17 06:00:00+00:00,Rawalpindi,87.41113912794326,µg/m³,1
2025-10-17 07:00:00+00:00,Rawalpindi,95.39359679751925,µg/m³,1
2025-10-17 08:00:00+00:00,Rawalpindi,73.2570970111423,µg/m³,1
2025-10-17 09:00:00+00:00,Rawalpindi,55.83652767605252,µg/m³,1
2025-10-17 10:00:00+00:00,Rawalpindi,48.66808331807454,µg/m³,1
2025-10-17 11:00:00+00:00,Rawalpindi,52.58359720442031,µg/m³,1
2025-10-17 12:00:00+00:00,Rawalpindi,54.15529181162517,µg/m³,1
2025-10-17 13:00:00+00:00,Rawalpindi,79.48712520599365,µg/m³,1
2025-10-17 14:00:00+00:00,Rawalpindi,114.02148626115589,µg/m³,1
2025-10-17 15:00:00+00:00,Rawalpindi,116.97373629675972,µg/m³,1
2025-10-17 16:00:00+00:00,Rawalpindi,98.24829184214275,µg/m³,1
2025-10-17 17:00:00+00:00,Rawalpindi,100.51833318074544,µg/m³,1
2025-10-17 18:00:00+00:00,Rawalpindi,88.07424952189128,µg/m³,1
2025-10-17 19:00:00+00:00,Rawalpindi,81.14366671244304,µg/m³,1
2025-10-17 20:00:00+00:00,Rawalpindi,77.69913885328505,µg/m³,1
2025-10-17 21:00:00+00:00,Rawalpindi,72.27613877190483,µg/m³,1
2025-10-17 22:00:00+00:00,Rawalpindi,65.83147286309135,µg/m³,1
2025-10-17 23:00:00+00:00,Rawalpindi,58.72333348592122,µg/m³,1
2025-10-18 00:00:00+00:00,Rawalpindi,54.61120866139729,µg/m³,1
2025-10-18 01:00:00+00:00,Rawalpindi,55.11791687011719,µg/m³,1
2025-10-18 02:00:00+00:00,Rawalpindi,74.87119450039334,µg/m³,1
2025-10-18 03:00:00+00:00,Rawalpindi,67.27791697184244,µg/m³,1
2025-10-18 04:00:00+00:00,Rawalpindi,65.18433354695638,µg/m³,1
2025-10-18 05:00:00+00:00,Rawalpindi,62.025124931335455,µg/m³,1
2025-10-18 06:00:00+00:00,Rawalpindi,55.716736072964146,µg/m³,1
2025-10-18 07:00:00+00:00,Rawalpindi,67.43250007629395,µg/m³,1
2025-10-18 08:00:00+00:00,Rawalpindi,66.8967498779297,µg/m³,1
2025-10-18 09:00:00+00:00,Rawalpindi,63.13733342488606,µg/m³,1
2025-10-18 10:00:00+00:00,Rawalpindi,53.890527894761824,µg/m³,1
2025-10-18 11:00:00+00:00,Rawalpindi,54.779972415500225,µg/m³,1
2025-10-18 12:00:00+00:00,Rawalpindi,57.82950019836425,µg/m³,1
2025-10-18 13:00:00+00:00,Rawalpindi,102.3462501525879,µg/m³,1
2025-10-18 14:00:00+00:00,Rawalpindi,108.22247246636285,µg/m³,1
2025-10-18 15:00:00+00:00,Rawalpindi,92.55016644795735,µg/m³,1
2025-10-18 16:00:00+00:00,Rawalpindi,95.66991678873698,µg/m³,1
2025-10-18 17:00:00+00:00,Rawalpindi,95.56587505340576,µg/m³,1
2025-10-18 18:00:00+00:00,Rawalpindi,94.46279188791912,µg/m³,1
2025-10-18 19:00:00+00:00,Rawalpindi,78.62733319600424,µg/m³,1
2025-10-18 20:00:00+00:00,Rawalpindi,67.89174995422364,µg/m³,1
2025-10-18 21:00:00+00:00,Rawalpindi,66.16912517547608,µg/m³,1
2025-10-18 22:00:00+00:00,Rawalpindi,64.11129156748454,µg/m³,1
2025-10-18 23:00:00+00:00,Rawalpindi,80.2168748855591,µg/m³,1
2025-10-19 00:00:00+00:00,Rawalpindi,72.29404188791911,µg/m³,1
2025-10-19 01:00:00+00:00,Rawalpindi,65.92825012207031,µg/m³,1
2025-10-19 02:00:00+00:00,Rawalpindi,69.68704153696696,µg/m³,1
2025-10-19 03:00:00+00:00,Rawalpindi,64.80004177093505,µg/m³,1
2025-10-19 04:00:00+00:00,Rawalpindi,57.54483388264973,µg/m³,1
2025-10-19 05:00:00+00:00,Rawalpindi,62.76608289082845,µg/m³,1
2025-10-19 06:00:00+00:00,Rawalpindi,72.09872241550022,µg/m³,1
2025-10-19 07:00:00+00:00,Rawalpindi,72.84204146067302,µg/m³,1
2025-10-19 08:00:00+00:00,Rawalpindi,50.134694205390076,µg/m³,1
2025-10-19 09:00:00+00:00,Rawalpindi,48.584249877929686,µg/m³,1
2025-10-19 10:00:00+00:00,Rawalpindi,47.41749992370605,µg/m³,1
2025-10-19 11:00:00+00:00,Rawalpindi,52.54773608313667,µg/m³,1
2025-10-19 12:00:00+00:00,Rawalpindi,61.05840299394395,µg/m³,1
2025-10-19 13:00:00+00:00,Rawalpindi,69.66711124844021,µg/m³,1
2025-10-19 14:00:00+00:00,Rawalpindi,81.27654158274332,µg/m³,1
2025-10-19 15:00:00+00:00,Rawalpindi,89.53883336385091,µg/m³,1
2025-10-19 16:00:00+00:00,Rawalpindi,75.99029165903728,µg/m³,1
2025-10-19 17:00:00+00:00,Rawalpindi,77.73649991353354,µg/m³,1
2025-10-19 18:00:00+00:00,Rawalpindi,81.4269167582194,µg/m³,1
2025-10-19 19:00:00+00:00,Rawalpindi,87.12745876312256,µg/m³,1
2025-10-19 20:00:00+00:00,Rawalpindi,89.69106951819526,µg/m³,1
2025-10-19 21:00:00+00:00,Rawalpindi,71.28087520599365,µg/m³,1
2025-10-19 22:00:00+00:00,Rawalpindi,63.50690305497911,µg/m³,1
2025-10-19 23:00:00+00:00,Rawalpindi,54.576764191521534,µg/m³,1
2025-10-20 00:00:00+00:00,Rawalpindi,49.41741689046224,µg/m³,1
2025-10-20 01:00:00+00:00,Rawalpindi,52.726333363850905,µg/m³,1
2025-10-20 02:00:00+00:00,Rawalpindi,58.90924987792969,µg/m³,1
2025-10-20 03:00:00+00:00,Rawalpindi,66.84681941138372,µg/m³,1
2025-10-20 04:00:00+00:00,Rawalpindi,63.0156116909451,µg/m³,1
2025-10-20 08:00:00+00:00,Rawalpindi,51.81054197947185,µg/m³,1
2025-10-20 09:00:00+00:00,Rawalpindi,50.15391680399577,µg/m³,1
2025-10-20 10:00:00+00:00,Rawalpindi,45.83199958801269,µg/m³,1
2025-10-20 11:00:00+00:00,Rawalpindi,42.637916819254556,µg/m³,1
2025-10-20 12:00:00+00:00,Rawalpindi,42.23813663829456,µg/m³,1
2025-10-20 13:00:00+00:00,Rawalpindi,81.50698596106635,µg/m³,1
2025-10-20 14:00:00+00:00,Rawalpindi,99.29687493642172,µg/m³,1
2025-10-20 15:00:00+00:00,Rawalpindi,96.14097196790907,µg/m³,1
2025-10-20 16:00:00+00:00,Rawalpindi,91.02375005086265,µg/m³,1
2025-10-20 17:00:00+00:00,Rawalpindi,83.86455557081435,µg/m³,1
2025-10-20 18:00:00+00:00,Rawalpindi,115.8018054538303,µg/m³,1
2025-10-20 19:00:00+00:00,Rawalpindi,84.52015277014839,µg/m³,1
2025-10-20 20:00:00+00:00,Rawalpindi,72.94976376427543,µg/m³,1
2025-10-20 21:00:00+00:00,Rawalpindi,69.04318035973442,µg/m³,1
2025-10-20 22:00:00+00:00,Rawalpindi,63.2685832977295,µg/m³,1
2025-10-20 23:00:00+00:00,Rawalpindi,50.83366686503092,µg/m³,1
2025-10-21 00:00:00+00:00,Rawalpindi,46.71616694132487,µg/m³,1
2025-10-21 01:00:00+00:00,Rawalpindi,48.51254164377848,µg/m³,1
2025-10-21 02:00:00+00:00,Rawalpindi,65.15152757432726,µg/m³,1
2025-10-21 03:00:00+00:00,Rawalpindi,66.6752918879191,µg/m³,1
2025-10-21 04:00:00+00:00,Rawalpindi,61.7639165242513,µg/m³,1
2025-10-21 05:00:00+00:00,Rawalpindi,68.33387444814046,µg/m³,1
2025-10-21 06:00:00+00:00,Rawalpindi,85.40445868174235,µg/m³,1
2025-10-21 07:00:00+00:00,Rawalpindi,74.8947221967909,µg/m³,1
2025-10-21 08:00:00+00:00,Rawalpindi,54.224388461642796,µg/m³,1
2025-10-21 09:00:00+00:00,Rawalpindi,46.35230556064182,µg/m³,1
2025-10-21 10:00:00+00:00,Rawalpindi,40.94365257687039,µg/m³,1
2025-10-21 11:00:00+00:00,Rawalpindi,44.16080585055881,µg/m³,1
2025-10-21 12:00:00+00:00,Rawalpindi,58.00579153696696,µg/m³,1
2025-10-21 13:00:00+00:00,Rawalpindi,75.32599983215333,µg/m³,1
2025-10-21 14:00:00+00:00,Rawalpindi,91.25213898552788,µg/m³,1
2025-10-21 15:00:00+00:00,Rawalpindi,94.23009709252251,µg/m³,1
2025-10-21 16:00:00+00:00,Rawalpindi,85.96351396772597,µg/m³,1
2025-10-21 17:00:00+00:00,Rawalpindi,84.91751380496555,µg/m³,1
2025-10-21 18:00:00+00:00,Rawalpindi,99.23015274471707,µg/m³,1
2025-10-21 19:00:00+00:00,Rawalpindi,87.74213926527237,µg/m³,1
2025-10-21 20:00:00+00:00,Rawalpindi,65.68841692606607,µg/m³,1
2025-10-21 21:00:00+00:00,Rawalpindi,53.0701250076294,µg/m³,1
2025-10-21 22:00:00+00:00,Rawalpindi,51.4488748550415,µg/m³,1
2025-10-21 23:00:00+00:00,Rawalpindi,47.933083089192706,µg/m³,1
2025-10-22 00:00:00+00:00,Rawalpindi,45.70558331807455,µg/m³,1
2025-10-22 01:00:00+00:00,Rawalpindi,52.84615285661485,µg/m³,1
2025-10-22 02:00:00+00:00,Rawalpindi,54.018930456373425,µg/m³,1
2025-10-22 03:00:00+00:00,Rawalpindi,73.39763916863335,µg/m³,1
2025-10-22 04:00:00+00:00,Rawalpindi,55.30138364156087,µg/m³,1
2025-10-22 05:00:00+00:00,Rawalpindi,51.075958188374834,µg/m³,1
2025-10-22 06:00:00+00:00,Rawalpindi,63.23229185740153,µg/m³,1
2025-10-22 07:00:00+00:00,Rawalpindi,70.94454994201661,µg/m³,1
2025-10-22 08:00:00+00:00,Rawalpindi,39.72458318074544,µg/m³,1
2025-10-22 09:00:00+00:00,Rawalpindi,39.70156934526232,µg/m³,1
2025-10-22 10:00:00+00:00,Rawalpindi,39.09125931351273,µg/m³,1
2025-10-22 11:00:00+00:00,Rawalpindi,44.02422686490146,µg/m³,1
2025-10-22 12:00:00+00:00,Rawalpindi,50.32315264807807,µg/m³,1
2025-10-22 13:00:00+00:00,Rawalpindi,85.92688874138726,µg/m³,1
2025-10-22 14:00:00+00:00,Rawalpindi,78.9724168141683,µg/m³,1
2025-10-22 15:00:00+00:00,Rawalpindi,87.15413890414767,µg/m³,1
2025-10-22 16:00:00+00:00,Rawalpindi,81.98272204928928,µg/m³,1
2025-10-22 17:00:00+00:00,Rawalpindi,84.98068074120414,µg/m³,1
2025-10-22 18:00:00+00:00,Rawalpindi,74.28291689554851,µg/m³,1
2025-10-22 19:00:00+00:00,Rawalpindi,49.78919453091092,µg/m³,1
2025-10-22 20:00:00+00:00,Rawalpindi,43.61433321634929,µg/m³,1
2025-10-22 21:00:00+00:00,Rawalpindi,41.247944174872494,µg/m³,1
2025-10-22 22:00:00+00:00,Rawalpindi,42.207083257039386,µg/m³,1
2025-10-22 23:00:00+00:00,Rawalpindi,38.486666742960615,µg/m³,1
2025-10-23 00:00:00+00:00,Rawalpindi,40.70995858510335,µg/m³,1
2025-10-23 01:00:00+00:00,Rawalpindi,40.69876367780898,µg/m³,1
2025-10-23 02:00:00+00:00,Rawalpindi,48.892472415500215,µg/m³,1
2025-10-23 03:00:00+00:00,Rawalpindi,45.278722593519426,µg/m³,1
2025-10-23 04:00:00+00:00,Rawalpindi,46.3165739553946,µg/m³,1
2025-10-23 05:00:00+00:00,Rawalpindi,50.81166712443034,µg/m³,1
2025-10-23 06:00:00+00:00,Rawalpindi,47.30055575900608,µg/m³,1
2025-10-23 07:00:00+00:00,Rawalpindi,48.18924980163574,µg/m³,1
2025-10-23 08:00:00+00:00,Rawalpindi,50.59234962463379,µg/m³,1
2025-10-23 09:00:00+00:00,Rawalpindi,49.627498626708984,µg/m³,1
2025-10-23 10:00:00+00:00,Rawalpindi,54.353055275811094,µg/m³,1
2025-10-23 11:00:00+00:00,Rawalpindi,54.91794475979275,µg/m³,1
2025-10-23 12:00:00+00:00,Rawalpindi,62.51772253248428,µg/m³,1
2025-10-23 13:00:00+00:00,Rawalpindi,69.2762729991566,µg/m³,1
2025-10-23 14:00:00+00:00,Rawalpindi,68.86472214592827,µg/m³,1
2025-10-23 15:00:00+00:00,Rawalpindi,79.26904163360595,µg/m³,1
2025-10-23 16:00:00+00:00,Rawalpindi,76.88800048828125,µg/m³,1
2025-10-23 17:00:00+00:00,Rawalpindi,64.65416590372722,µg/m³,1
2025-10-23 18:00:00+00:00,Rawalpindi,69.35375022888184,µg/m³,1
2025-10-23 19:00:00+00:00,Rawalpindi,52.468833669026694,µg/m³,1
2025-10-23 20:00:00+00:00,Rawalpindi,51.978750228881836,µg/m³,1
2025-10-23 21:00:00+00:00,Rawalpindi,47.3183339436849,µg/m³,1
2025-10-23 22:00:00+00:00,Rawalpindi,44.41772669011896,µg/m³,1
2025-10-23 23:00:00+00:00,Rawalpindi,44.07809593563987,µg/m³,1
2025-10-24 00:00:00+00:00,Rawalpindi,40.92812442779541,µg/m³,1
2025-10-24 01:00:00+00:00,Rawalpindi,42.9069446987576,µg/m³,1
2025-10-24 02:00:00+00:00,Rawalpindi,47.228750228881836,µg/m³,1
2025-10-24 06:00:00+00:00,Rawalpindi,44.053334554036454,µg/m³,1
2025-10-24 07:00:00+00:00,Rawalpindi,48.0,µg/m³,1
2025-10-24 08:00:00+00:00,Rawalpindi,48.55999959309896,µg/m³,1
2025-10-24 09:00:00+00:00,Rawalpindi,50.79249954223633,µg/m³,1
2025-10-24 10:00:00+00:00,Rawalpindi,50.806332906087235,µg/m³,1
2025-10-24 11:00:00+00:00,Rawalpindi,50.482000732421874,µg/m³,1
2025-10-24 12:00:00+00:00,Rawalpindi,68.62381958431668,µg/m³,1
2025-10-24 13:00:00+00:00,Rawalpindi,78.80906929439969,µg/m³,1
2025-10-24 14:00:00+00:00,Rawalpindi,88.11170825958253,µg/m³,1
2025-10-24 15:00:00+00:00,Rawalpindi,102.5618750890096,µg/m³,1
2025-10-24 16:00:00+00:00,Rawalpindi,75.16368092430962,µg/m³,1
2025-10-24 17:00:00+00:00,Rawalpindi,68.50484722985162,µg/m³,1
2025-10-24 18:00:00+00:00,Rawalpindi,64.42236078050401,µg/m³,1
2025-10-24 19:00:00+00:00,Rawalpindi,81.2605971230401,µg/m³,1
2025-10-24 20:00:00+00:00,Rawalpindi,63.542611100938586,µg/m³,1
2025-10-24 21:00:00+00:00,Rawalpindi,53.83299992879231,µg/m³,1
2025-10-24 22:00:00+00:00,Rawalpindi,50.1187633726332,µg/m³,1
2025-10-24 23:00:00+00:00,Rawalpindi,55.31645832061768,µg/m³,1
2025-10-25 00:00:00+00:00,Rawalpindi,49.11456945207383,µg/m³,1
2025-10-25 01:00:00+00:00,Rawalpindi,57.461763657463926,µg/m³,1
2025-10-25 02:00:00+00:00,Rawalpindi,51.88872708407316,µg/m³,1
2025-10-25 03:00:00+00:00,Rawalpindi,55.177777523464634,µg/m³,1
2025-10-25 04:00:00+00:00,Rawalpindi,60.053097428215885,µg/m³,1
2025-10-25 05:00:00+00:00,Rawalpindi,55.357138782077364,µg/m³,1
2025-10-25 06:00:00+00:00,Rawalpindi,57.96270834604899,µg/m³,1
2025-10-25 07:00:00+00:00,Rawalpindi,57.9704722934299,µg/m³,1
2025-10-25 08:00:00+00:00,Rawalpindi,52.14165278540718,µg/m³,1
2025-10-25 09:00:00+00:00,Rawalpindi,59.19283352476179,µg/m³,1
2025-10-25 10:00:00+00:00,Rawalpindi,64.71915281083848,µg/m³,1
2025-10-25 11:00:00+00:00,Rawalpindi,66.90633341471354,µg/m³,1
2025-10-25 12:00:00+00:00,Rawalpindi,81.45974998474121,µg/m³,1
2025-10-25 13:00:00+00:00,Rawalpindi,89.67334711286757,µg/m³,1
2025-10-25 14:00:00+00:00,Rawalpindi,87.18151437971328,µg/m³,1
2025-10-25 15:00:00+00:00,Rawalpindi,111.31984700096977,µg/m³,1
2025-10-25 16:00:00+00:00,Rawalpindi,104.10109674665664,µg/m³,1
2025-10-25 17:00:00+00:00,Rawalpindi,81.70972209506564,µg/m³,1
2025-10-25 18:00:00+00:00,Rawalpindi,71.91975008646646,µg/m³,1
2025-10-25 19:00:00+00:00,Rawalpindi,85.78665286170111,µg/m³,1
2025-10-25 20:00:00+00:00,Rawalpindi,102.79570852915447,µg/m³,1
2025-10-25 21:00:00+00:00,Rawalpindi,68.5228748957316,µg/m³,1
2025-10-25 23:00:00+00:00,Rawalpindi,54.493194113837355,µg/m³,1
2025-10-26 00:00:00+00:00,Rawalpindi,59.59266713460286,µg/m³,1
2025-10-26 01:00:00+00:00,Rawalpindi,51.54623627132839,µg/m³,1
2025-10-26 02:00:00+00:00,Rawalpindi,50.05247200859918,µg/m³,1
2025-10-26 03:00:00+00:00,Rawalpindi,57.12834729088677,µg/m³,1
2025-10-26 04:00:00+00:00,Rawalpindi,54.76229139963786,µg/m³,1
2025-10-26 05:00:00+00:00,Rawalpindi,52.53898593054877,µg/m³,1
2025-10-26 11:00:00+00:00,Rawalpindi,59.103750228881836,µg/m³,1
2025-10-26 12:00:00+00:00,Rawalpindi,74.0159723493788,µg/m³,1
2025-10-26 13:00:00+00:00,Rawalpindi,81.4618196911282,µg/m³,1
2025-10-26 14:00:00+00:00,Rawalpindi,83.98947202894423,µg/m³,1
2025-10-26 15:00:00+00:00,Rawalpindi,112.92101378970676,µg/m³,1
2025-10-26 16:00:00+00:00,Rawalpindi,95.60569449530708,µg/m³,1
2025-10-26 17:00:00+00:00,Rawalpindi,86.01195837656657,µg/m³,1
2025-10-26 18:00:00+00:00,Rawalpindi,82.91362476348877,µg/m³,1
2025-10-26 19:00:00+00:00,Rawalpindi,98.87830539279514,µg/m³,1
2025-10-26 20:00:00+00:00,Rawalpindi,77.78284685346816,µg/m³,1
2025-10-26 21:00:00+00:00,Rawalpindi,56.55448631710476,µg/m³,1
2025-10-26 22:00:00+00:00,Rawalpindi,49.692972140842016,µg/m³,1
2025-10-26 23:00:00+00:00,Rawalpindi,47.6955276913113,µg/m³,1
2025-10-27 00:00:00+00:00,Rawalpindi,50.4225276099311,µg/m³,1
2025-10-27 01:00:00+00:00,Rawalpindi,54.28345801035564,µg/m³,1
2025-10-27 03:00:00+00:00,Rawalpindi,62.97604147593181,µg/m³,1
2025-10-27 04:00:00+00:00,Rawalpindi,54.334999084472656,µg/m³,1
2025-10-27 06:00:00+00:00,Rawalpindi,78.16999816894531,µg/m³,1
2025-10-27 07:00:00+00:00,Rawalpindi,62.95527691311306,µg/m³,1
2025-10-27 08:00:00+00:00,Rawalpindi,75.72937488555908,µg/m³,1
2025-10-27 09:00:00+00:00,Rawalpindi,80.74842594288015,µg/m³,1
2025-10-27 10:00:00+00:00,Rawalpindi,68.45449905395508,µg/m³,1
2025-10-27 11:00:00+00:00,Rawalpindi,57.02233327229817,µg/m³,1
2025-10-27 12:00:00+00:00,Rawalpindi,70.00090942382813,µg/m³,1
2025-10-27 13:00:00+00:00,Rawalpindi,104.11069467332628,µg/m³,1
2025-10-27 14:00:00+00:00,Rawalpindi,106.00618033938939,µg/m³,1
2025-10-27 15:00:00+00:00,Rawalpindi,99.86548625098334,µg/m³,1
2025-10-27 16:00:00+00:00,Rawalpindi,100.38581848144531,µg/m³,1
2025-10-27 17:00:00+00:00,Rawalpindi,101.17079156239829,µg/m³,1
2025-10-27 18:00:00+00:00,Rawalpindi,99.78113856845432,µg/m³,1
2025-10-27 19:00:00+00:00,Rawalpindi,94.61769438849556,µg/m³,1
2025-10-27 20:00:00+00:00,Rawalpindi,66.71800003051757,µg/m³,1
2025-10-27 21:00:00+00:00,Rawalpindi,64.60371202411073,µg/m³,1
2025-10-27 22:00:00+00:00,Rawalpindi,58.328569391038684,µg/m³,1
2025-10-27 23:00:00+00:00,Rawalpindi,59.03156952328152,µg/m³,1
2025-10-28 00:00:00+00:00,Rawalpindi,58.99963883294,µg/m³,1
2025-10-28 01:00:00+00:00,Rawalpindi,60.30083338419596,µg/m³,1
2025-10-28 02:00:00+00:00,Rawalpindi,72.52624956766765,µg/m³,1
2025-10-28 03:00:00+00:00,Rawalpindi,71.3732400117097,µg/m³,1
2025-10-28 04:00:00+00:00,Rawalpindi,68.58888922797308,µg/m³,1
2025-10-28 05:00:00+00:00,Rawalpindi,69.66500091552734,µg/m³,1
2025-10-28 06:00:00+00:00,Rawalpindi,62.69375912701642,µg/m³,1
2025-10-28 07:00:00+00:00,Rawalpindi,71.25883305867514,µg/m³,1
2025-10-28 08:00:00+00:00,Rawalpindi,82.6549994728782,µg/m³,1
2025-10-28 09:00:00+00:00,Rawalpindi,82.65527725219727,µg/m³,1
2025-10-28 10:00:00+00:00,Rawalpindi,77.78257589629203,µg/m³,1
2025-10-28 11:00:00+00:00,Rawalpindi,83.25890014648438,µg/m³,1
2025-10-28 12:00:00+00:00,Rawalpindi,99.69423622555202,µg/m³,1
2025-10-28 13:00:00+00:00,Rawalpindi,108.92659672631159,µg/m³,1
2025-10-28 14:00:00+00:00,Rawalpindi,116.66674944559735,µg/m³,1
2025-10-28 15:00:00+00:00,Rawalpindi,120.08954194386801,µg/m³,1
2025-10-28 16:00:00+00:00,Rawalpindi,106.31493049197728,µg/m³,1
2025-10-28 17:00:00+00:00,Rawalpindi,88.83645788828532,µg/m³,1
2025-10-28 18:00:00+00:00,Rawalpindi,87.83808314005535,µg/m³,1
2025-10-28 19:00:00+00:00,Rawalpindi,82.13700002034506,µg/m³,1
2025-10-28 20:00:00+00:00,Rawalpindi,84.63922708684747,µg/m³,1
2025-10-28 21:00:00+00:00,Rawalpindi,71.15616633097332,µg/m³,1
2025-10-28 22:00:00+00:00,Rawalpindi,65.78437519073486,µg/m³,1
2025-10-28 23:00:00+00:00,Rawalpindi,71.86221207127427,µg/m³,1
2025-10-29 00:00:00+00:00,Rawalpindi,72.39930555555556,µg/m³,1
2025-10-29 01:00:00+00:00,Rawalpindi,75.46056961483426,µg/m³,1
2025-10-29 02:00:00+00:00,Rawalpindi,82.4942636066013,µg/m³,1
2025-10-29 03:00:00+00:00,Rawalpindi,94.50624961853028,µg/m³,1
2025-10-29 04:00:00+00:00,Rawalpindi,90.05166662307013,µg/m³,1
2025-10-29 05:00:00+00:00,Rawalpindi,92.8760009765625,µg/m³,1
2025-10-29 06:00:00+00:00,Rawalpindi,125.29800109863281,µg/m³,1
2025-10-29 07:00:00+00:00,Rawalpindi,116.70833333333333,µg/m³,1
2025-10-29 08:00:00+00:00,Rawalpindi,104.87888929578993,µg/m³,1
2025-10-29 09:00:00+00:00,Rawalpindi,79.34562511444092,µg/m³,1
2025-10-29 10:00:00+00:00,Rawalpindi,79.98601394229465,µg/m³,1
2025-10-29 11:00:00+00:00,Rawalpindi,85.65604139963784,µg/m³,1
2025-10-29 12:00:00+00:00,Rawalpindi,95.97121198249584,µg/m³,1
2025-10-29 13:00:00+00:00,Rawalpindi,123.4475696351793,µg/m³,1
2025-10-29 14:00:00+00:00,Rawalpindi,126.70701410505507,µg/m³,1
2025-10-29 15:00:00+00:00,Rawalpindi,129.5891390058729,µg/m³,1
2025-10-29 16:00:00+00:00,Rawalpindi,113.98994437323677,µg/m³,1
2025-10-29 17:00:00+00:00,Rawalpindi,106.97559740278457,µg/m³,1
2025-10-29 18:00:00+00:00,Rawalpindi,104.79280531141494,µg/m³,1
2025-10-29 19:00:00+00:00,Rawalpindi,93.63437493642171,µg/m³,1
2025-10-29 20:00:00+00:00,Rawalpindi,84.21900011698405,µg/m³,1
2025-10-29 21:00:00+00:00,Rawalpindi,82.35208282470704,µg/m³,1
2025-10-29 22:00:00+00:00,Rawalpindi,88.77604173024496,µg/m³,1
2025-10-29 23:00:00+00:00,Rawalpindi,77.81522237989638,µg/m³,1
2025-10-30 00:00:00+00:00,Rawalpindi,86.54706965552435,µg/m³,1
2025-10-30 01:00:00+00:00,Rawalpindi,80.75469453599717,µg/m³,1
2025-10-30 02:00:00+00:00,Rawalpindi,92.68613662719726,µg/m³,1
2025-10-30 03:00:00+00:00,Rawalpindi,107.62597168816461,µg/m³,1
2025-10-30 04:00:00+00:00,Rawalpindi,92.43186115688748,µg/m³,1
2025-10-30 05:00:00+00:00,Rawalpindi,108.16912504831949,µg/m³,1
2025-10-30 06:00:00+00:00,Rawalpindi,119.18409718407526,µg/m³,1
2025-10-30 07:00:00+00:00,Rawalpindi,74.25149959217418,µg/m³,1
2025-10-30 08:00:00+00:00,Rawalpindi,48.9488639831543,µg/m³,1
2025-10-30 09:00:00+00:00,Rawalpindi,43.381060744776875,µg/m³,1
2025-10-30 10:00:00+00:00,Rawalpindi,50.67579135894775,µg/m³,1
2025-10-30 11:00:00+00:00,Rawalpindi,71.24069708621863,µg/m³,1
2025-10-30 12:00:00+00:00,Rawalpindi,93.74448545244006,µg/m³,1
2025-10-30 13:00:00+00:00,Rawalpindi,110.72687460581461,µg/m³,1
2025-10-30 14:00:00+00:00,Rawalpindi,110.79736116197375,µg/m³,1
2025-10-30 15:00:00+00:00,Rawalpindi,119.00649998982749,µg/m³,1
2025-10-30 16:00:00+00:00,Rawalpindi,108.68877783881294,µg/m³,1
2025-10-30 17:00:00+00:00,Rawalpindi,100.37055570814346,µg/m³,1
2025-10-30 18:00:00+00:00,Rawalpindi,100.42320804595948,µg/m³,1
2025-10-30 19:00:00+00:00,Rawalpindi,89.24683303833007,µg/m³,1
2025-10-30 20:00:00+00:00,Rawalpindi,76.22626395755344,µg/m³,1
2025-10-30 21:00:00+00:00,Rawalpindi,56.43197220696343,µg/m³,1
2025-10-30 22:00:00+00:00,Rawalpindi,51.78159703148736,µg/m³,1
2025-10-30 23:00:00+00:00,Rawalpindi,53.81520837148031,µg/m³,1
2025-10-31 00:00:00+00:00,Rawalpindi,53.47698641883003,µg/m³,1
2025-10-31 01:00:00+00:00,Rawalpindi,54.66607566602302,µg/m³,1
2025-10-31 02:00:00+00:00,Rawalpindi,71.30868074629042,µg/m³,1
2025-10-31 03:00:00+00:00,Rawalpindi,70.33263901604546,µg/m³,1
2025-10-31 04:00:00+00:00,Rawalpindi,79.22955546908908,µg/m³,1
2025-10-31 05:00:00+00:00,Rawalpindi,69.34378837816642,µg/m³,1
2025-10-31 06:00:00+00:00,Rawalpindi,63.61763911777072,µg/m³,1
2025-10-31 07:00:00+00:00,Rawalpindi,76.22098483461322,µg/m³,1
2025-10-31 08:00:00+00:00,Rawalpindi,79.88706929948596,µg/m³,1
2025-10-31 09:00:00+00:00,Rawalpindi,64.1152222527398,µg/m³,1
2025-10-31 10:00:00+00:00,Rawalpindi,55.60876416100396,µg/m³,1
2025-10-31 11:00:00+00:00,Rawalpindi,65.85204168955485,µg/m³,1
2025-10-31 12:00:00+00:00,Rawalpindi,94.78784741295708,µg/m³,1
2025-10-31 13:00:00+00:00,Rawalpindi,92.50713865492078,µg/m³,1
2025-10-31 14:00:00+00:00,Rawalpindi,112.8973609076606,µg/m³,1
2025-10-31 15:00:00+00:00,Rawalpindi,139.53095823923746,µg/m³,1
2025-10-31 16:00:00+00:00,Rawalpindi,133.68708356221515,µg/m³,1
2025-10-31 17:00:00+00:00,Rawalpindi,110.58198634253608,µg/m³,1
2025-10-31 18:00:00+00:00,Rawalpindi,110.29465329911973,µg/m³,1
2025-10-31 19:00:00+00:00,Rawalpindi,102.98937511444092,µg/m³,1
2025-10-31 20:00:00+00:00,Rawalpindi,90.78812121766985,µg/m³,1
2025-10-31 21:00:00+00:00,Rawalpindi,81.36756907569038,µg/m³,1
2025-10-31 22:00:00+00:00,Rawalpindi,66.81815310584174,µg/m³,1
2025-10-31 23:00:00+00:00,Rawalpindi,57.154916763305664,µg/m³,1
2025-11-01 00:00:00+00:00,Rawalpindi,56.508611085679796,µg/m³,1
2025-11-01 01:00:00+00:00,Rawalpindi,58.61533279418946,µg/m³,1
2025-11-01 02:00:00+00:00,Rawalpindi,63.18827798631455,µg/m³,1
2025-11-01 03:00:00+00:00,Rawalpindi,63.249139107598204,µg/m³,1
2025-11-01 04:00:00+00:00,Rawalpindi,63.36963890923394,µg/m³,1
2025-11-01 05:00:00+00:00,Rawalpindi,74.22299982706706,µg/m³,1
2025-11-01 06:00:00+00:00,Rawalpindi,88.50541687011719,µg/m³,1
2025-11-01 07:00:00+00:00,Rawalpindi,109.29849993387857,µg/m³,1
2025-11-01 08:00:00+00:00,Rawalpindi,82.20975011189778,µg/m³,1
2025-11-01 09:00:00+00:00,Rawalpindi,63.52541669209799,µg/m³,1
2025-11-01 10:00:00+00:00,Rawalpindi,73.05252753363716,µg/m³,1
2025-11-01 11:00:00+00:00,Rawalpindi,89.60705562167698,µg/m³,1
2025-11-01 12:00:00+00:00,Rawalpindi,104.51443051232233,µg/m³,1
2025-11-01 13:00:00+00:00,Rawalpindi,135.96612491607667,µg/m³,1
2025-11-01 14:00:00+00:00,Rawalpindi,137.1075142118666,µg/m³,1
2025-11-01 15:00:00+00:00,Rawalpindi,156.06177817450626,µg/m³,1
2025-11-01 16:00:00+00:00,Rawalpindi,159.52281873491077,µg/m³,1
2025-11-01 17:00:00+00:00,Rawalpindi,147.484787495931,µg/m³,1
2025-11-01 18:00:00+00:00,Rawalpindi,139.67224973042806,µg/m³,1
2025-11-01 19:00:00+00:00,Rawalpindi,106.90245800018312,µg/m³,1
2025-11-01 20:00:00+00:00,Rawalpindi,92.87462533315022,µg/m³,1
2025-11-01 21:00:00+00:00,Rawalpindi,90.25195814768472,µg/m³,1
2025-11-01 22:00:00+00:00,Rawalpindi,83.22818046145969,µg/m³,1
2025-11-01 23:00:00+00:00,Rawalpindi,75.91506994035508,µg/m³,1
2025-11-02 00:00:00+00:00,Rawalpindi,82.27229150136311,µg/m³,1
2025-11-02 01:00:00+00:00,Rawalpindi,87.09758326212564,µg/m³,1
2025-11-02 02:00:00+00:00,Rawalpindi,85.68324991861978,µg/m³,1
2025-11-02 03:00:00+00:00,Rawalpindi,66.2753472858005,µg/m³,1
2025-11-02 04:00:00+00:00,Rawalpindi,71.34136102464464,µg/m³,1
2025-11-02 05:00:00+00:00,Rawalpindi,74.04716682434082,µg/m³,1
2025-11-02 06:00:00+00:00,Rawalpindi,112.99955567253961,µg/m³,1
2025-11-02 07:00:00+00:00,Rawalpindi,106.99687480926515,µg/m³,1
2025-11-02 08:00:00+00:00,Rawalpindi,61.33349973890516,µg/m³,1
2025-11-02 09:00:00+00:00,Rawalpindi,64.9095458984375,µg/m³,1
2025-11-02 10:00:00+00:00,Rawalpindi,72.6261970057632,µg/m³,1
2025-11-02 11:00:00+00:00,Rawalpindi,73.32663900587293,µg/m³,1
2025-11-02 12:00:00+00:00,Rawalpindi,88.40476368798151,µg/m³,1
2025-11-02 13:00:00+00:00,Rawalpindi,118.29693084292943,µg/m³,1
2025-11-02 14:00:00+00:00,Rawalpindi,130.92747226291235,µg/m³,1
2025-11-02 15:00:00+00:00,Rawalpindi,141.71119465298122,µg/m³,1
2025-11-02 16:00:00+00:00,Rawalpindi,131.4944165547689,µg/m³,1
2025-11-02 17:00:00+00:00,Rawalpindi,128.47222713123668,µg/m³,1
2025-11-02 18:00:00+00:00,Rawalpindi,111.61473628150092,µg/m³,1
2025-11-02 19:00:00+00:00,Rawalpindi,106.73259762658012,µg/m³,1
2025-11-02 20:00:00+00:00,Rawalpindi,101.65523628658718,µg/m³,1
2025-11-02 21:00:00+00:00,Rawalpindi,83.16668003929985,µg/m³,1
2025-11-02 22:00:00+00:00,Rawalpindi,72.86448641883003,µg/m³,1
2025-11-02 23:00:00+00:00,Rawalpindi,70.76100044250488,µg/m³,1
2025-11-03 00:00:00+00:00,Rawalpindi,67.48069424099391,µg/m³,1
2025-11-03 01:00:00+00:00,Rawalpindi,65.87066650390626,µg/m³,1
2025-11-03 02:00:00+00:00,Rawalpindi,96.06097229851618,µg/m³,1
2025-11-03 03:00:00+00:00,Rawalpindi,99.99249954223633,µg/m³,1
2025-11-03 04:00:00+00:00,Rawalpindi,118.44298564063179,µg/m³,1
2025-11-03 05:00:00+00:00,Rawalpindi,126.1428488066702,µg/m³,1
2025-11-03 06:00:00+00:00,Rawalpindi,120.27398102371782,µg/m³,1
2025-11-03 07:00:00+00:00,Rawalpindi,116.30166651407876,µg/m³,1
2025-11-03 08:00:00+00:00,Rawalpindi,85.18530319676255,µg/m³,1
2025-11-03 09:00:00+00:00,Rawalpindi,53.0,µg/m³,1
2025-11-03 10:00:00+00:00,Rawalpindi,63.79137490590413,µg/m³,1
2025-11-03 11:00:00+00:00,Rawalpindi,67.49284720950656,µg/m³,1
2025-11-03 12:00:00+00:00,Rawalpindi,76.85254141489665,µg/m³,1
2025-11-03 13:00:00+00:00,Rawalpindi,89.27000007629395,µg/m³,1
2025-11-03 14:00:00+00:00,Rawalpindi,119.43215291765001,µg/m³,1
2025-11-03 15:00:00+00:00,Rawalpindi,126.71341654459634,µg/m³,1
2025-11-03 16:00:00+00:00,Rawalpindi,106.7219997406006,µg/m³,1
2025-11-03 17:00:00+00:00,Rawalpindi,102.26558316548665,µg/m³,1
2025-11-03 18:00:00+00:00,Rawalpindi,90.67745812733968,µg/m³,1
2025-11-03 19:00:00+00:00,Rawalpindi,80.39991671244303,µg/m³,1
2025-11-03 20:00:00+00:00,Rawalpindi,76.4157917658488,µg/m³,1
2025-11-03 21:00:00+00:00,Rawalpindi,78.86773603227404,µg/m³,1
2025-11-03 22:00:00+00:00,Rawalpindi,80.22133305867513,µg/m³,1
2025-11-03 23:00:00+00:00,Rawalpindi,85.62399978637696,µg/m³,1
2025-11-04 00:00:00+00:00,Rawalpindi,90.93324966430664,µg/m³,1
2025-11-04 01:00:00+00:00,Rawalpindi,92.59874992370605,µg/m³,1
2025-11-04 02:00:00+00:00,Rawalpindi,105.61368041568333,µg/m³,1
2025-11-04 03:00:00+00:00,Rawalpindi,117.987291653951,µg/m³,1
2025-11-04 04:00:00+00:00,Rawalpindi,106.9899235349713,µg/m³,1
2025-11-04 05:00:00+00:00,Rawalpindi,72.70016733805339,µg/m³,1
2025-11-04 06:00:00+00:00,Rawalpindi,89.44533284505208,µg/m³,1
2025-11-04 07:00:00+00:00,Rawalpindi,110.33750098092216,µg/m³,1
2025-11-04 08:00:00+00:00,Rawalpindi,163.52999877929688,µg/m³,1
2025-11-04 09:00:00+00:00,Rawalpindi,191.1699981689453,µg/m³,1
2025-11-04 10:00:00+00:00,Rawalpindi,225.58724988301594,µg/m³,1
2025-11-04 11:00:00+00:00,Rawalpindi,171.5228054894341,µg/m³,1
2025-11-04 12:00:00+00:00,Rawalpindi,98.17712497711182,µg/m³,1
2025-11-04 13:00:00+00:00,Rawalpindi,55.096291796366366,µg/m³,1
2025-11-04 14:00:00+00:00,Rawalpindi,64.04658330281576,µg/m³,1
2025-11-04 15:00:00+00:00,Rawalpindi,55.441485955980085,µg/m³,1
2025-11-04 16:00:00+00:00,Rawalpindi,47.97029158274333,µg/m³,1
2025-11-04 17:00:00+00:00,Rawalpindi,45.28645814259846,µg/m³,1
2025-11-04 18:00:00+00:00,Rawalpindi,42.85070832570394,µg/m³,1
2025-11-04 19:00:00+00:00,Rawalpindi,45.41445840199788,µg/m³,1
2025-11-04 20:00:00+00:00,Rawalpindi,62.187958463033034,µg/m³,1
2025-11-04 21:00:00+00:00,Rawalpindi,67.20479170481364,µg/m³,1
2025-11-04 22:00:00+00:00,Rawalpindi,53.451416651407875,µg/m³,1
2025-11-04 23:00:00+00:00,Rawalpindi,50.27149963378906,µg/m³,1
2025-11-05 00:00:00+00:00,Rawalpindi,45.72316652933757,µg/m³,1
2025-11-05 01:00:00+00:00,Rawalpindi,48.487416712443036,µg/m³,1
2025-11-05 02:00:00+00:00,Rawalpindi,66.24137516021729,µg/m³,1
2025-11-05 03:00:00+00:00,Rawalpindi,66.3481530295478,µg/m³,1
2025-11-05 04:00:00+00:00,Rawalpindi,74.0,µg/m³,1
2025-11-05 05:00:00+00:00,Rawalpindi,126.63399963378906,µg/m³,1
2025-11-05 07:00:00+00:00,Rawalpindi,65.84737491607666,µg/m³,1
2025-11-05 08:00:00+00:00,Rawalpindi,60.91066678365072,µg/m³,1
2025-11-05 09:00:00+00:00,Rawalpindi,53.64987506866456,µg/m³,1
2025-11-05 10:00:00+00:00,Rawalpindi,48.294611401028114,µg/m³,1
2025-11-05 11:00:00+00:00,Rawalpindi,50.380555809868696,µg/m³,1
2025-11-05 12:00:00+00:00,Rawalpindi,62.27633336385092,µg/m³,1
2025-11-05 13:00:00+00:00,Rawalpindi,67.71120789845786,µg/m³,1
2025-11-05 14:00:00+00:00,Rawalpindi,82.06958325703938,µg/m³,1
2025-11-05 15:00:00+00:00,Rawalpindi,102.71844473944769,µg/m³,1
2025-11-05 16:00:00+00:00,Rawalpindi,129.91620858510336,µg/m³,1
2025-11-05 17:00:00+00:00,Rawalpindi,138.24516665140789,µg/m³,1
2025-11-05 18:00:00+00:00,Rawalpindi,123.90504156748455,µg/m³,1
2025-11-05 19:00:00+00:00,Rawalpindi,113.76927786933051,µg/m³,1
2025-11-05 20:00:00+00:00,Rawalpindi,139.59091669718427,µg/m³,1
2025-11-05 21:00:00+00:00,Rawalpindi,78.79724998474121,µg/m³,1
2025-11-05 22:00:00+00:00,Rawalpindi,76.8646666208903,µg/m³,1
2025-11-05 23:00:00+00:00,Rawalpindi,71.42493046654594,µg/m³,1
2025-11-06 00:00:00+00:00,Rawalpindi,49.58738882276747,µg/m³,1
2025-11-06 01:00:00+00:00,Rawalpindi,43.10574989318848,µg/m³,1
2025-11-06 02:00:00+00:00,Rawalpindi,67.2628196504381,µg/m³,1
2025-11-06 03:00:00+00:00,Rawalpindi,63.62999979654948,µg/m³,1
2025-11-06 04:00:00+00:00,Rawalpindi,83.4992596661603,µg/m³,1
2025-11-06 05:00:00+00:00,Rawalpindi,94.41036101447212,µg/m³,1
2025-11-06 06:00:00+00:00,Rawalpindi,74.15712502797444,µg/m³,1
2025-11-06 07:00:00+00:00,Rawalpindi,49.43816699981689,µg/m³,1
2025-11-06 08:00:00+00:00,Rawalpindi,34.67702756987678,µg/m³,1
2025-11-06 09:00:00+00:00,Rawalpindi,41.16115300920274,µg/m³,1
2025-11-06 10:00:00+00:00,Rawalpindi,45.584999847412114,µg/m³,1
2025-11-06 11:00:00+00:00,Rawalpindi,49.27147237989637,µg/m³,1
2025-11-06 12:00:00+00:00,Rawalpindi,57.46144413418241,µg/m³,1
2025-11-06 13:00:00+00:00,Rawalpindi,85.48795846303302,µg/m³,1
2025-11-06 14:00:00+00:00,Rawalpindi,83.0285836537679,µg/m³,1
2025-11-06 15:00:00+00:00,Rawalpindi,82.91541633605958,µg/m³,1
2025-11-06 16:00:00+00:00,Rawalpindi,88.32774963378905,µg/m³,1
2025-11-06 17:00:00+00:00,Rawalpindi,96.89329191843667,µg/m³,1
2025-11-06 18:00:00+00:00,Rawalpindi,127.52662512461346,µg/m³,1
2025-11-06 19:00:00+00:00,Rawalpindi,144.13491655985516,µg/m³,1
2025-11-06 20:00:00+00:00,Rawalpindi,80.38595803578696,µg/m³,1
2025-11-06 21:00:00+00:00,Rawalpindi,63.2245280371772,µg/m³,1
2025-11-06 22:00:00+00:00,Rawalpindi,77.04270814259847,µg/m³,1
2025-11-06 23:00:00+00:00,Rawalpindi,49.43641688028972,µg/m³,1
2025-11-07 00:00:00+00:00,Rawalpindi,69.0181666056315,µg/m³,1
2025-11-07 01:00:00+00:00,Rawalpindi,93.3097499847412,µg/m³,1
2025-11-07 02:00:00+00:00,Rawalpindi,65.50387516021728,µg/m³,1
2025-11-07 03:00:00+00:00,Rawalpindi,64.72208340962727,µg/m³,1
2025-11-07 04:00:00+00:00,Rawalpindi,80.56216659545898,µg/m³,1
2025-11-07 05:00:00+00:00,Rawalpindi,83.73528302510579,µg/m³,1
2025-11-07 06:00:00+00:00,Rawalpindi,52.89739426121568,µg/m³,1
2025-11-07 07:00:00+00:00,Rawalpindi,43.35808308919271,µg/m³,1
2025-11-07 08:00:00+00:00,Rawalpindi,43.95212535858153,µg/m³,1
2025-11-07 09:00:00+00:00,Rawalpindi,43.87336150275336,µg/m³,1
2025-11-07 10:00:00+00:00,Rawalpindi,48.566180822584364,µg/m³,1
2025-11-07 11:00:00+00:00,Rawalpindi,47.55656939612495,µg/m³,1
2025-11-07 12:00:00+00:00,Rawalpindi,69.02187531789143,µg/m³,1
2025-11-07 13:00:00+00:00,Rawalpindi,88.1068333943685,µg/m³,1
2025-11-07 14:00:00+00:00,Rawalpindi,82.3571820345792,µg/m³,1
2025-11-07 15:00:00+00:00,Rawalpindi,87.09276404910618,µg/m³,1
2025-11-07 16:00:00+00:00,Rawalpindi,81.78249994913737,µg/m³,1
2025-11-07 17:00:00+00:00,Rawalpindi,84.7000836690267,µg/m³,1
2025-11-07 18:00:00+00:00,Rawalpindi,72.59616686503092,µg/m³,1
2025-11-07 19:00:00+00:00,Rawalpindi,84.58877237493341,µg/m³,1
2025-11-07 20:00:00+00:00,Rawalpindi,100.77045853932698,µg/m³,1
2025-11-07 21:00:00+00:00,Rawalpindi,96.96608327229819,µg/m³,1
2025-11-07 22:00:00+00:00,Rawalpindi,50.14087505340577,µg/m³,1
2025-11-07 23:00:00+00:00,Rawalpindi,46.0675135506524,µg/m³,1
2025-11-08 00:00:00+00:00,Rawalpindi,55.338999938964854,µg/m³,1
2025-11-08 01:00:00+00:00,Rawalpindi,84.80022197299535,µg/m³,1
2025-11-08 02:00:00+00:00,Rawalpindi,71.33122223748101,µg/m³,1
2025-11-08 03:00:00+00:00,Rawalpindi,62.04877256913618,µg/m³,1
2025-11-08 04:00:00+00:00,Rawalpindi,64.25462500254314,µg/m³,1
2025-11-08 05:00:00+00:00,Rawalpindi,93.8240975909763,µg/m³,1
2025-11-08 06:00:00+00:00,Rawalpindi,118.86980311075845,µg/m³,1
2025-11-08 07:00:00+00:00,Rawalpindi,107.91019443935818,µg/m³,1
2025-11-08 08:00:00+00:00,Rawalpindi,55.982916514078774,µg/m³,1
2025-11-08 09:00:00+00:00,Rawalpindi,43.5483336130778,µg/m³,1
2025-11-08 10:00:00+00:00,Rawalpindi,54.65304152170817,µg/m³,1
2025-11-08 11:00:00+00:00,Rawalpindi,58.70679175059001,µg/m³,1
2025-11-08 12:00:00+00:00,Rawalpindi,105.71454168955484,µg/m³,1
2025-11-08 13:00:00+00:00,Rawalpindi,114.82786093817816,µg/m³,1
2025-11-08 14:00:00+00:00,Rawalpindi,109.00675010681152,µg/m³,1
2025-11-08 15:00:00+00:00,Rawalpindi,117.34391695658364,µg/m³,1
2025-11-08 16:00:00+00:00,Rawalpindi,112.93070786794027,µg/m³,1
2025-11-08 17:00:00+00:00,Rawalpindi,100.72668039533828,µg/m³,1
2025-11-08 18:00:00+00:00,Rawalpindi,91.50724983215332,µg/m³,1
2025-11-08 19:00:00+00:00,Rawalpindi,93.49554182688394,µg/m³,1
2025-11-08 20:00:00+00:00,Rawalpindi,76.08587500254312,µg/m³,1
2025-11-08 21:00:00+00:00,Rawalpindi,77.61749992370606,µg/m³,1
2025-11-08 22:00:00+00:00,Rawalpindi,52.87987499237061,µg/m³,1
2025-11-08 23:00:00+00:00,Rawalpindi,47.57329222361247,µg/m³,1
2025-11-09 00:00:00+00:00,Rawalpindi,57.5007916132609,µg/m³,1
2025-11-09 01:00:00+00:00,Rawalpindi,93.92066637674968,µg/m³,1
2025-11-09 02:00:00+00:00,Rawalpindi,119.58112506866456,µg/m³,1
2025-11-09 03:00:00+00:00,Rawalpindi,136.96674995422362,µg/m³,1
2025-11-09 04:00:00+00:00,Rawalpindi,105.34616686503095,µg/m³,1
2025-11-09 05:00:00+00:00,Rawalpindi,95.80212497711182,µg/m³,1
2025-11-09 06:00:00+00:00,Rawalpindi,107.70195840199789,µg/m³,1
2025-11-09 07:00:00+00:00,Rawalpindi,103.55150032043457,µg/m³,1
2025-11-09 08:00:00+00:00,Rawalpindi,39.21950035095215,µg/m³,1
2025-11-09 09:00:00+00:00,Rawalpindi,51.35254141489665,µg/m³,1
2025-11-09 10:00:00+00:00,Rawalpindi,52.048458417256676,µg/m³,1
2025-11-09 11:00:00+00:00,Rawalpindi,53.397750091552744,µg/m³,1
2025-11-09 12:00:00+00:00,Rawalpindi,77.39630580478244,µg/m³,1
2025-11-09 13:00:00+00:00,Rawalpindi,102.61737486521402,µg/m³,1
2025-11-09 14:00:00+00:00,Rawalpindi,115.60891672770181,µg/m³,1
2025-11-09 15:00:00+00:00,Rawalpindi,123.62591692606607,µg/m³,1
2025-11-09 16:00:00+00:00,Rawalpindi,133.1758332570394,µg/m³,1
2025-11-09 17:00:00+00:00,Rawalpindi,121.6727913538615,µg/m³,1
2025-11-09 18:00:00+00:00,Rawalpindi,104.34199981689454,µg/m³,1
2025-11-09 19:00:00+00:00,Rawalpindi,98.59983342488606,µg/m³,1
2025-11-09 20:00:00+00:00,Rawalpindi,78.49387493133544,µg/m³,1
2025-11-09 21:00:00+00:00,Rawalpindi,75.53941637674967,µg/m³,1
2025-11-09 22:00:00+00:00,Rawalpindi,78.11433347066243,µg/m³,1
2025-11-09 23:00:00+00:00,Rawalpindi,97.71091677347819,µg/m³,1
2025-11-10 00:00:00+00:00,Rawalpindi,87.90766665140787,µg/m³,1
2025-11-10 01:00:00+00:00,Rawalpindi,73.0945416132609,µg/m³,1
2025-11-10 02:00:00+00:00,Rawalpindi,90.74524993896485,µg/m³,1
2025-11-10 03:00:00+00:00,Rawalpindi,98.5913053724501,µg/m³,1
2025-11-10 04:00:00+00:00,Rawalpindi,78.63619452582466,µg/m³,1
2025-11-10 05:00:00+00:00,Rawalpindi,73.39197918574015,µg/m³,1
2025-11-10 06:00:00+00:00,Rawalpindi,104.14525740652374,µg/m³,1
2025-11-10 07:00:00+00:00,Rawalpindi,88.0958178433505,µg/m³,1
2025-11-10 08:00:00+00:00,Rawalpindi,84.64638883802625,µg/m³,1
2025-11-10 09:00:00+00:00,Rawalpindi,68.85507022009956,µg/m³,1
2025-11-10 10:00:00+00:00,Rawalpindi,68.11702834235297,µg/m³,1
2025-11-10 11:00:00+00:00,Rawalpindi,75.65995820363362,µg/m³,1
2025-11-10 12:00:00+00:00,Rawalpindi,89.59058380126953,µg/m³,1
2025-11-10 13:00:00+00:00,Rawalpindi,130.10562496185304,µg/m³,1
2025-11-10 14:00:00+00:00,Rawalpindi,139.02204138437907,µg/m³,1
2025-11-10 15:00:00+00:00,Rawalpindi,142.03575019836427,µg/m³,1
2025-11-10 16:00:00+00:00,Rawalpindi,142.67945855458578,µg/m³,1
2025-11-10 17:00:00+00:00,Rawalpindi,134.83545831044515,µg/m³,1
2025-11-10 18:00:00+00:00,Rawalpindi,138.69291712443035,µg/m³,1
2025-11-10 19:00:00+00:00,Rawalpindi,143.6646112230089,µg/m³,1
2025-11-10 20:00:00+00:00,Rawalpindi,123.35058339436848,µg/m³,1
2025-11-10 21:00:00+00:00,Rawalpindi,124.26908315022786,µg/m³,1
2025-11-10 22:00:00+00:00,Rawalpindi,110.81074981689454,µg/m³,1
2025-11-10 23:00:00+00:00,Rawalpindi,98.85733350118001,µg/m³,1
2025-11-11 00:00:00+00:00,Rawalpindi,84.99270852406819,µg/m³,1
2025-11-11 01:00:00+00:00,Rawalpindi,94.87916666666668,µg/m³,1
2025-11-11 02:00:00+00:00,Rawalpindi,106.25254141489664,µg/m³,1
2025-11-11 03:00:00+00:00,Rawalpindi,105.96598635779486,µg/m³,1
2025-11-11 04:00:00+00:00,Rawalpindi,103.91463911268447,µg/m³,1
2025-11-11 05:00:00+00:00,Rawalpindi,113.7936664835612,µg/m³,1
2025-11-11 06:00:00+00:00,Rawalpindi,130.97258313496906,µg/m³,1
2025-11-11 07:00:00+00:00,Rawalpindi,81.13430553012425,µg/m³,1
2025-11-11 08:00:00+00:00,Rawalpindi,53.40810590801818,µg/m³,1
2025-11-11 09:00:00+00:00,Rawalpindi,62.84881983862983,µg/m³,1
2025-11-11 10:00:00+00:00,Rawalpindi,77.22990288204618,µg/m³,1
2025-11-11 11:00:00+00:00,Rawalpindi,87.46754538796165,µg/m³,1
2025-11-11 12:00:00+00:00,Rawalpindi,130.2481671188817,µg/m³,1
2025-11-11 13:00:00+00:00,Rawalpindi,167.2570274776883,µg/m³,1
2025-11-11 14:00:00+00:00,Rawalpindi,139.08575019836425,µg/m³,1
2025-11-11 15:00:00+00:00,Rawalpindi,115.96237468719484,µg/m³,1
2025-11-11 16:00:00+00:00,Rawalpindi,133.6905137591892,µg/m³,1
2025-11-11 17:00:00+00:00,Rawalpindi,123.49923589494495,µg/m³,1
2025-11-11 18:00:00+00:00,Rawalpindi,144.9750692791409,µg/m³,1
2025-11-11 19:00:00+00:00,Rawalpindi,172.1579165140788,µg/m³,1
2025-11-11 20:00:00+00:00,Rawalpindi,116.51154143015543,µg/m³,1
2025-11-11 21:00:00+00:00,Rawalpindi,83.44512462615967,µg/m³,1
2025-11-11 22:00:00+00:00,Rawalpindi,82.16694467332628,µg/m³,1
2025-11-11 23:00:00+00:00,Rawalpindi,91.65079199473064,µg/m³,1
2025-11-12 00:00:00+00:00,Rawalpindi,83.77350006103515,µg/m³,1
2025-11-12 01:00:00+00:00,Rawalpindi,96.95199966430664,µg/m³,1
2025-11-12 02:00:00+00:00,Rawalpindi,108.17020829518636,µg/m³,1
2025-11-13 13:00:00+00:00,Rawalpindi,140.06394390530056,µg/m³,1
2025-11-13 14:00:00+00:00,Rawalpindi,141.60595811208088,µg/m³,1
2025-11-13 15:00:00+00:00,Rawalpindi,155.6641665140788,µg/m³,1
2025-11-13 16:00:00+00:00,Rawalpindi,151.25533345540364,µg/m³,1
2025-11-13 17:00:00+00:00,Rawalpindi,129.50020821889242,µg/m³,1
2025-11-13 18:00:00+00:00,Rawalpindi,110.74279181162517,µg/m³,1
2025-11-13 19:00:00+00:00,Rawalpindi,98.8891668955485,µg/m³,1
2025-11-13 20:00:00+00:00,Rawalpindi,85.59200019836425,µg/m³,1
2025-11-13 21:00:00+00:00,Rawalpindi,109.33947253757053,µg/m³,1
2025-11-13 22:00:00+00:00,Rawalpindi,79.53299976695668,µg/m³,1
2025-11-13 23:00:00+00:00,Rawalpindi,104.46108296712238,µg/m³,1
2025-11-14 00:00:00+00:00,Rawalpindi,99.24012508392333,µg/m³,1
2025-11-14 02:00:00+00:00,Rawalpindi,89.46758359273275,µg/m³,1
2025-11-14 03:00:00+00:00,Rawalpindi,82.05699996948242,µg/m³,1
2025-11-14 04:00:00+00:00,Rawalpindi,88.17858289082847,µg/m³,1
2025-11-14 13:00:00+00:00,Rawalpindi,144.73520844777426,µg/m³,1
2025-11-14 14:00:00+00:00,Rawalpindi,141.18087482452395,µg/m³,1
2025-11-14 15:00:00+00:00,Rawalpindi,145.45308316548665,µg/m³,1
2025-11-14 16:00:00+00:00,Rawalpindi,136.93779150644937,µg/m³,1
2025-11-14 17:00:00+00:00,Rawalpindi,129.81741676330566,µg/m³,1
2025-11-14 18:00:00+00:00,Rawalpindi,120.2457087834676,µg/m³,1
2025-11-14 19:00:00+00:00,Rawalpindi,112.04129187266032,µg/m³,1
2025-11-14 20:00:00+00:00,Rawalpindi,105.0913335164388,µg/m³,1
2025-11-14 21:00:00+00:00,Rawalpindi,88.14654165903727,µg/m³,1
2025-11-14 22:00:00+00:00,Rawalpindi,106.09558359781902,µg/m³,1
2025-11-14 23:00:00+00:00,Rawalpindi,119.98038872612848,µg/m³,1
2025-11-15 00:00:00+00:00,Rawalpindi,77.32970841725667,µg/m³,1
2025-11-15 01:00:00+00:00,Rawalpindi,88.24994409349229,µg/m³,1
2025-11-15 02:00:00+00:00,Rawalpindi,114.90658378601074,µg/m³,1
2025-11-15 03:00:00+00:00,Rawalpindi,105.8943333943685,µg/m³,1
2025-11-15 04:00:00+00:00,Rawalpindi,153.56529165903726,µg/m³,1
2025-11-15 05:00:00+00:00,Rawalpindi,105.74712505340574,µg/m³,1
2025-11-15 06:00:00+00:00,Rawalpindi,168.7565418879191,µg/m³,1
2025-11-15 07:00:00+00:00,Rawalpindi,143.61208318074546,µg/m³,1
2025-11-15 08:00:00+00:00,Rawalpindi,110.68620827992758,µg/m³,1
2025-11-15 09:00:00+00:00,Rawalpindi,69.25550003051758,µg/m³,1
2025-11-15 10:00:00+00:00,Rawalpindi,81.71283315022787,µg/m³,1
2025-11-15 11:00:00+00:00,Rawalpindi,95.02079168955487,µg/m³,1
2025-11-15 12:00:00+00:00,Rawalpindi,119.88216654459636,µg/m³,1
2025-11-15 13:00:00+00:00,Rawalpindi,163.16033376057942,µg/m³,1
2025-11-15 14:00:00+00:00,Rawalpindi,158.02183316548664,µg/m³,1
2025-11-15 15:00:00+00:00,Rawalpindi,141.99804159800212,µg/m³,1
2025-11-15 16:00:00+00:00,Rawalpindi,157.56818074120415,µg/m³,1
2025-11-15 17:00:00+00:00,Rawalpindi,198.29413931104872,µg/m³,1
2025-11-15 18:00:00+00:00,Rawalpindi,159.00533345540364,µg/m³,1
2025-11-15 19:00:00+00:00,Rawalpindi,124.88241653442384,µg/m³,1
2025-11-15 20:00:00+00:00,Rawalpindi,127.59595801035562,µg/m³,1
2025-11-15 21:00:00+00:00,Rawalpindi,188.55618046654595,µg/m³,1
2025-11-15 22:00:00+00:00,Rawalpindi,173.71845836639406,µg/m³,1
2025-11-15 23:00:00+00:00,Rawalpindi,166.45331927405462,µg/m³,1
2025-11-16 00:00:00+00:00,Rawalpindi,100.2566112942166,µg/m³,1
2025-11-16 01:00:00+00:00,Rawalpindi,134.86626398298475,µg/m³,1
2025-11-16 02:00:00+00:00,Rawalpindi,143.92758344014487,µg/m³,1
2025-11-16 04:00:00+00:00,Rawalpindi,107.632361263699,µg/m³,1
2025-11-16 05:00:00+00:00,Rawalpindi,113.07911139594182,µg/m³,1
2025-11-16 06:00:00+00:00,Rawalpindi,116.38793057335748,µg/m³,1
2025-11-16 07:00:00+00:00,Rawalpindi,141.93991648356118,µg/m³,1
2025-11-16 08:00:00+00:00,Rawalpindi,147.57719438340928,µg/m³,1
2025-11-16 09:00:00+00:00,Rawalpindi,99.51825027465821,µg/m³,1
2025-11-16 10:00:00+00:00,Rawalpindi,100.64579168955485,µg/m³,1
2025-11-16 11:00:00+00:00,Rawalpindi,140.70379149119057,µg/m³,1
2025-11-16 12:00:00+00:00,Rawalpindi,163.17706932491726,µg/m³,1
2025-11-16 13:00:00+00:00,Rawalpindi,162.91412525177003,µg/m³,1
2025-11-16 14:00:00+00:00,Rawalpindi,179.122167078654,µg/m³,1
2025-11-16 15:00:00+00:00,Rawalpindi,171.74958356221518,µg/m³,1
2025-11-16 16:00:00+00:00,Rawalpindi,159.2676247278849,µg/m³,1
2025-11-16 17:00:00+00:00,Rawalpindi,155.73766682942707,µg/m³,1
2025-11-16 18:00:00+00:00,Rawalpindi,145.9149585088094,µg/m³,1
2025-11-16 19:00:00+00:00,Rawalpindi,151.40169440375436,µg/m³,1
2025-11-16 20:00:00+00:00,Rawalpindi,173.4459720187717,µg/m³,1
2025-11-16 21:00:00+00:00,Rawalpindi,134.52679182688397,µg/m³,1
2025-11-16 22:00:00+00:00,Rawalpindi,131.72615265316435,µg/m³,1
2025-11-16 23:00:00+00:00,Rawalpindi,132.13813866509332,µg/m³,1
2025-11-17 00:00:00+00:00,Rawalpindi,123.20754172007243,µg/m³,1
2025-11-17 01:00:00+00:00,Rawalpindi,112.95293047163223,µg/m³,1
2025-11-17 02:00:00+00:00,Rawalpindi,127.69370835622153,µg/m³,1
2025-11-17 03:00:00+00:00,Rawalpindi,133.70305591159396,µg/m³,1
2025-11-17 04:00:00+00:00,Rawalpindi,125.58175733161694,µg/m³,1
2025-11-17 05:00:00+00:00,Rawalpindi,145.90534771813287,µg/m³,1
2025-11-17 06:00:00+00:00,Rawalpindi,130.9767361746894,µg/m³,1
2025-11-17 09:00:00+00:00,Rawalpindi,131.85465301937526,µg/m³,1
2025-11-17 10:00:00+00:00,Rawalpindi,130.7635692384508,µg/m³,1
2025-11-17 11:00:00+00:00,Rawalpindi,134.7277079900106,µg/m³,1
2025-11-17 12:00:00+00:00,Rawalpindi,149.8217082341512,µg/m³,1
2025-11-17 13:00:00+00:00,Rawalpindi,158.7704999287923,µg/m³,1
2025-11-17 14:00:00+00:00,Rawalpindi,205.4305277930366,µg/m³,1
2025-11-17 15:00:00+00:00,Rawalpindi,188.6217780219184,µg/m³,1
2025-11-17 16:00:00+00:00,Rawalpindi,168.3463194317288,µg/m³,1
2025-11-17 17:00:00+00:00,Rawalpindi,160.62098602718777,µg/m³,1
2025-11-17 18:00:00+00:00,Rawalpindi,155.5231665293376,µg/m³,1
2025-11-17 19:00:00+00:00,Rawalpindi,149.5799170176188,µg/m³,1
2025-11-17 20:00:00+00:00,Rawalpindi,140.47000007629396,µg/m³,1
2025-11-17 21:00:00+00:00,Rawalpindi,132.49524993896483,µg/m³,1
2025-11-17 22:00:00+00:00,Rawalpindi,129.76650009155273,µg/m³,1
2025-11-17 23:00:00+00:00,Rawalpindi,126.9329861746894,µg/m³,1
2025-11-18 00:00:00+00:00,Rawalpindi,120.53004156748455,µg/m³,1
2025-11-18 01:00:00+00:00,Rawalpindi,132.65143015119767,µg/m³,1
2025-11-18 02:00:00+00:00,Rawalpindi,155.19188851250541,µg/m³,1
2025-11-18 03:00:00+00:00,Rawalpindi,165.8285692638821,µg/m³,1
2025-11-18 05:00:00+00:00,Rawalpindi,165.76688876681857,µg/m³,1
2025-11-18 06:00:00+00:00,Rawalpindi,151.98841654459633,µg/m³,1
2025-11-18 07:00:00+00:00,Rawalpindi,126.7769167582194,µg/m³,1
2025-11-18 08:00:00+00:00,Rawalpindi,97.65990905761718,µg/m³,1
2025-11-18 09:00:00+00:00,Rawalpindi,94.08511077033148,µg/m³,1
2025-11-18 10:00:00+00:00,Rawalpindi,123.54481949276392,µg/m³,1
2025-11-18 11:00:00+00:00,Rawalpindi,147.70416666666668,µg/m³,1
2025-11-18 12:00:00+00:00,Rawalpindi,152.8470001220703,µg/m³,1
2025-11-18 13:00:00+00:00,Rawalpindi,149.92660404841104,µg/m³,2
2025-11-18 14:00:00+00:00,Rawalpindi,136.08964579900106,µg/m³,2
2025-11-18 15:00:00+00:00,Rawalpindi,177.71526381174723,µg/m³,3
2025-11-18 16:00:00+00:00,Rawalpindi,179.1314798913821,µg/m³,3
2025-11-18 17:00:00+00:00,Rawalpindi,123.40852321342186,µg/m³,3
2025-11-18 18:00:00+00:00,Rawalpindi,120.41113887363012,µg/m³,3
2025-11-18 19:00:00+00:00,Rawalpindi,109.99924994574651,µg/m³,3
2025-11-18 20:00:00+00:00,Rawalpindi,105.68694449530709,µg/m³,3
2025-11-18 21:00:00+00:00,Rawalpindi,99.8589491173073,µg/m³,3
2025-11-18 22:00:00+00:00,Rawalpindi,100.60186577549688,µg/m³,3
2025-11-18 23:00:00+00:00,Rawalpindi,103.44438879224988,µg/m³,3
2025-11-19 00:00:00+00:00,Rawalpindi,100.97912035341615,µg/m³,3
2025-11-19 01:00:00+00:00,Rawalpindi,103.25753246589943,µg/m³,3
2025-11-19 02:00:00+00:00,Rawalpindi,127.86491667429605,µg/m³,2
2025-11-19 03:00:00+00:00,Rawalpindi,137.75383332570394,µg/m³,2
2025-11-19 04:00:00+00:00,Rawalpindi,117.7988712079597,µg/m³,2
2025-11-19 05:00:00+00:00,Rawalpindi,128.46681948767767,µg/m³,2
2025-11-19 06:00:00+00:00,Rawalpindi,121.7876667658488,µg/m³,2
2025-11-19 07:00:00+00:00,Rawalpindi,125.48880547417535,µg/m³,3
2025-11-19 08:00:00+00:00,Rawalpindi,123.86164831938567,µg/m³,3
2025-11-19 09:00:00+00:00,Rawalpindi,97.77612947534631,µg/m³,3
2025-11-19 10:00:00+00:00,Rawalpindi,107.0818887286716,µg/m³,2
2025-11-19 11:00:00+00:00,Rawalpindi,87.02238425502071,µg/m³,3
2025-11-19 12:00:00+00:00,Rawalpindi,127.94877768622503,µg/m³,3
2025-11-19 13:00:00+00:00,Rawalpindi,159.15296744593869,µg/m³,3
2025-11-19 14:00:00+00:00,Rawalpindi,169.53824534239592,µg/m³,3
2025-11-19 15:00:00+00:00,Rawalpindi,115.90870831807455,µg/m³,2
2025-11-19 16:00:00+00:00,Rawalpindi,166.61581477412471,µg/m³,3
2025-11-19 17:00:00+00:00,Rawalpindi,151.29587497711182,µg/m³,3
2025-11-19 18:00:00+00:00,Rawalpindi,106.84529858695136,µg/m³,2
2025-11-19 19:00:00+00:00,Rawalpindi,101.05060173317237,µg/m³,3
2025-11-19 20:00:00+00:00,Rawalpindi,94.06816673278809,µg/m³,3
2025-11-19 21:00:00+00:00,Rawalpindi,105.693722237481,µg/m³,3
2025-11-19 22:00:00+00:00,Rawalpindi,106.48120381390606,µg/m³,3
2025-11-19 23:00:00+00:00,Rawalpindi,100.73805537753634,µg/m³,3
2025-11-20 00:00:00+00:00,Rawalpindi,102.17027770148383,µg/m³,3
2025-11-20 01:00:00+00:00,Rawalpindi,101.26795817481148,µg/m³,3
2025-11-20 02:00:00+00:00,Rawalpindi,131.53404879040187,µg/m³,2
2025-11-20 03:00:00+00:00,Rawalpindi,166.13265974256726,µg/m³,2
2025-11-20 04:00:00+00:00,Rawalpindi,157.19970449967818,µg/m³,2
2025-11-20 05:00:00+00:00,Rawalpindi,157.11625022888182,µg/m³,2
2025-11-20 06:00:00+00:00,Rawalpindi,179.42780217488604,µg/m³,2
2025-11-20 07:00:00+00:00,Rawalpindi,150.80118815104169,µg/m³,2
2025-11-20 08:00:00+00:00,Rawalpindi,138.11708329518638,µg/m³,2
2025-11-20 09:00:00+00:00,Rawalpindi,118.68410431543985,µg/m³,2
2025-11-20 10:00:00+00:00,Rawalpindi,111.41359725528295,µg/m³,2
2025-11-20 11:00:00+00:00,Rawalpindi,103.25550697114733,µg/m³,2
2025-11-20 12:00:00+00:00,Rawalpindi,120.28630557590061,µg/m³,2
2025-11-20 13:00:00+00:00,Rawalpindi,144.73950004577637,µg/m³,2
2025-11-20 14:00:00+00:00,Rawalpindi,117.63035408655803,µg/m³,2
2025-11-20 15:00:00+00:00,Rawalpindi,106.78431234359742,µg/m³,2
2025-11-20 16:00:00+00:00,Rawalpindi,97.58458340962729,µg/m³,2
2025-11-20 17:00:00+00:00,Rawalpindi,105.83404165903727,µg/m³,2
2025-11-20 18:00:00+00:00,Rawalpindi,89.01609728071425,µg/m³,3
2025-11-20 19:00:00+00:00,Rawalpindi,94.63380567762589,µg/m³,3
2025-11-20 20:00:00+00:00,Rawalpindi,93.32999992370605,µg/m³,3
2025-11-20 21:00:00+00:00,Rawalpindi,85.99380089795147,µg/m³,3
2025-11-20 22:00:00+00:00,Rawalpindi,83.82738897535536,µg/m³,3
2025-11-20 23:00:00+00:00,Rawalpindi,83.92134719424779,µg/m³,3
2025-11-21 00:00:00+00:00,Rawalpindi,84.99758313496908,µg/m³,3
2025-11-21 01:00:00+00:00,Rawalpindi,90.49975001017253,µg/m³,3
2025-11-21 02:00:00+00:00,Rawalpindi,117.52214587529502,µg/m³,2
2025-11-21 03:00:00+00:00,Rawalpindi,132.84300697114733,µg/m³,2
2025-11-21 04:00:00+00:00,Rawalpindi,113.93008333841959,µg/m³,2
2025-11-21 05:00:00+00:00,Rawalpindi,109.43118747075397,µg/m³,2
2025-11-21 06:00:00+00:00,Rawalpindi,114.55403325398763,µg/m³,2
2025-11-21 07:00:00+00:00,Rawalpindi,158.77597920099893,µg/m³,2
2025-11-21 08:00:00+00:00,Rawalpindi,113.4811042467753,µg/m³,2
2025-11-21 09:00:00+00:00,Rawalpindi,78.94009012646146,µg/m³,2
2025-11-21 10:00:00+00:00,Rawalpindi,67.24187488555907,µg/m³,2
2025-11-21 11:00:00+00:00,Rawalpindi,79.24421224883108,µg/m³,2
2025-11-21 12:00:00+00:00,Rawalpindi,113.14714568456014,µg/m³,2
2025-11-21 13:00:00+00:00,Rawalpindi,141.41622921625773,µg/m³,2
2025-11-21 14:00:00+00:00,Rawalpindi,138.88098619249132,µg/m³,2
2025-11-21 15:00:00+00:00,Rawalpindi,139.2694929652744,µg/m³,2
2025-11-21 16:00:00+00:00,Rawalpindi,143.05662498474123,µg/m³,2
2025-11-21 17:00:00+00:00,Rawalpindi,130.70046534008452,µg/m³,2
2025-11-21 18:00:00+00:00,Rawalpindi,118.32159705691868,µg/m³,2
2025-11-21 19:00:00+00:00,Rawalpindi,113.0014120667069,µg/m³,3
2025-11-21 20:00:00+00:00,Rawalpindi,114.69200924060961,µg/m³,3
2025-11-21 21:00:00+00:00,Rawalpindi,105.63411106533475,µg/m³,3
2025-11-21 22:00:00+00:00,Rawalpindi,103.10351853547274,µg/m³,3
2025-11-21 23:00:00+00:00,Rawalpindi,97.8201665242513,µg/m³,3
2025-11-22 00:00:00+00:00,Rawalpindi,97.07031017586037,µg/m³,3
2025-11-22 01:00:00+00:00,Rawalpindi,100.04773608313667,µg/m³,3
2025-11-22 02:00:00+00:00,Rawalpindi,127.00365267859566,µg/m³,3
2025-11-22 03:00:00+00:00,Rawalpindi,121.39549992879233,µg/m³,3
2025-11-22 04:00:00+00:00,Rawalpindi,134.030409611596,µg/m³,2
2025-11-22 05:00:00+00:00,Rawalpindi,162.82618741989137,µg/m³,2
2025-11-22 06:00:00+00:00,Rawalpindi,171.39188426688864,µg/m³,3
2025-11-22 07:00:00+00:00,Rawalpindi,149.974671264931,µg/m³,3
2025-11-22 08:00:00+00:00,Rawalpindi,123.9471110449897,µg/m³,3
2025-11-22 09:00:00+00:00,Rawalpindi,104.04483324686686,µg/m³,3
2025-11-22 10:00:00+00:00,Rawalpindi,93.29225752859405,µg/m³,3
2025-11-22 11:00:00+00:00,Rawalpindi,88.86019443935818,µg/m³,3
2025-11-22 12:00:00+00:00,Rawalpindi,133.64277776082358,µg/m³,3
2025-11-22 13:00:00+00:00,Rawalpindi,156.4453379807649,µg/m³,3
2025-11-22 14:00:00+00:00,Rawalpindi,148.11635433832805,µg/m³,2
2025-11-22 15:00:00+00:00,Rawalpindi,156.87010402679442,µg/m³,2
2025-11-22 16:00:00+00:00,Rawalpindi,145.9942430390252,µg/m³,2
2025-11-22 17:00:00+00:00,Rawalpindi,137.25164569218953,µg/m³,2
2025-11-22 18:00:00+00:00,Rawalpindi,124.72918054792616,µg/m³,3
2025-11-22 19:00:00+00:00,Rawalpindi,126.03756482159649,µg/m³,3
2025-11-22 20:00:00+00:00,Rawalpindi,123.81753248285365,µg/m³,3
2025-11-22 21:00:00+00:00,Rawalpindi,113.75286119249131,µg/m³,3
2025-11-22 22:00:00+00:00,Rawalpindi,105.25390279557969,µg/m³,3
2025-11-22 23:00:00+00:00,Rawalpindi,98.69831935034858,µg/m³,3
2025-11-23 00:00:00+00:00,Rawalpindi,93.61812496185303,µg/m³,3
2025-11-23 01:00:00+00:00,Rawalpindi,96.74075457961472,µg/m³,3
2025-11-23 02:00:00+00:00,Rawalpindi,118.06012496948242,µg/m³,2
2025-11-23 03:00:00+00:00,Rawalpindi,114.89495824178059,µg/m³,2
2025-11-23 04:00:00+00:00,Rawalpindi,123.0089096599155,µg/m³,2
2025-11-23 05:00:00+00:00,Rawalpindi,114.63941656748455,µg/m³,2
2025-11-23 06:00:00+00:00,Rawalpindi,118.65399996439615,µg/m³,2
2025-11-23 07:00:00+00:00,Rawalpindi,113.9244166056315,µg/m³,3
2025-11-23 08:00:00+00:00,Rawalpindi,110.83428697939273,µg/m³,3
2025-11-23 09:00:00+00:00,Rawalpindi,83.85689354649297,µg/m³,3
2025-11-23 10:00:00+00:00,Rawalpindi,59.45,µg/m³,2
2025-11-23 11:00:00+00:00,Rawalpindi,66.45,µg/m³,2
2025-11-23 12:00:00+00:00,Rawalpindi,77.5,µg/m³,1
2025-11-23 13:00:00+00:00,Rawalpindi,159.79661835564508,µg/m³,2
2025-11-23 14:00:00+00:00,Rawalpindi,172.56158337063258,µg/m³,3
2025-11-23 15:00:00+00:00,Rawalpindi,135.84209017223782,µg/m³,2
2025-11-23 16:00:00+00:00,Rawalpindi,127.31802085240682,µg/m³,2
2025-11-23 17:00:00+00:00,Rawalpindi,107.11894452836778,µg/m³,2
2025-11-23 18:00:00+00:00,Rawalpindi,103.01534726884631,µg/m³,3
2025-11-23 19:00:00+00:00,Rawalpindi,97.63850008646648,µg/m³,3
2025-11-23 20:00:00+00:00,Rawalpindi,90.46105558607313,µg/m³,3
2025-11-23 21:00:00+00:00,Rawalpindi,90.90699996948241,µg/m³,3
2025-11-23 22:00:00+00:00,Rawalpindi,96.40658327738443,µg/m³,3
2025-11-23 23:00:00+00:00,Rawalpindi,99.82976394229466,µg/m³,3
2025-11-24 00:00:00+00:00,Rawalpindi,95.36400927790889,µg/m³,3
2025-11-24 01:00:00+00:00,Rawalpindi,94.50531944698757,µg/m³,3
2025-11-24 02:00:00+00:00,Rawalpindi,115.55599994659423,µg/m³,2
2025-11-24 03:00:00+00:00,Rawalpindi,110.9,µg/m³,1
2025-11-24 04:00:00+00:00,Rawalpindi,121.58178053191214,µg/m³,2
2025-11-24 05:00:00+00:00,Rawalpindi,106.91150016784667,µg/m³,2
2025-11-24 06:00:00+00:00,Rawalpindi,101.77281246185302,µg/m³,2
2025-11-24 07:00:00+00:00,Rawalpindi,92.87392850603376,µg/m³,2
2025-11-24 08:00:00+00:00,Rawalpindi,93.13958320617675,µg/m³,2
2025-11-24 09:00:00+00:00,Rawalpindi,103.68458340962727,µg/m³,2
2025-11-24 10:00:00+00:00,Rawalpindi,92.0831251780192,µg/m³,2
2025-11-24 11:00:00+00:00,Rawalpindi,82.39597927729288,µg/m³,2
2025-11-24 12:00:00+00:00,Rawalpindi,104.90962505340576,µg/m³,2
2025-11-24 13:00:00+00:00,Rawalpindi,204.0893332799276,µg/m³,1
2025-11-24 14:00:00+00:00,Rawalpindi,134.0785001754761,µg/m³,2
2025-11-24 15:00:00+00:00,Rawalpindi,134.04532654020522,µg/m³,2
2025-11-24 16:00:00+00:00,Rawalpindi,120.31502078374226,µg/m³,2
2025-11-24 17:00:00+00:00,Rawalpindi,117.92116667429607,µg/m³,2
2025-11-24 18:00:00+00:00,Rawalpindi,116.77729155222578,µg/m³,3
2025-11-24 19:00:00+00:00,Rawalpindi,100.19439817357947,µg/m³,3
2025-11-24 20:00:00+00:00,Rawalpindi,101.98944439358179,µg/m³,3
2025-11-24 21:00:00+00:00,Rawalpindi,105.62065274980334,µg/m³,3
2025-11-24 22:00:00+00:00,Rawalpindi,107.66376370324029,µg/m³,3
2025-11-24 23:00:00+00:00,Rawalpindi,100.34231959448921,µg/m³,3
2025-11-25 00:00:00+00:00,Rawalpindi,98.8230000813802,µg/m³,3
2025-11-25 01:00:00+00:00,Rawalpindi,90.46818048689101,µg/m³,3
2025-11-25 02:00:00+00:00,Rawalpindi,96.09416681925455,µg/m³,2
2025-11-25 03:00:00+00:00,Rawalpindi,105.18227065404255,µg/m³,2
2025-11-25 04:00:00+00:00,Rawalpindi,110.77845827738444,µg/m³,2
2025-11-25 05:00:00+00:00,Rawalpindi,119.4315835316976,µg/m³,2
2025-11-25 06:00:00+00:00,Rawalpindi,134.10843750635783,µg/m³,2
2025-11-25 07:00:00+00:00,Rawalpindi,136.1718332926432,µg/m³,3
2025-11-25 08:00:00+00:00,Rawalpindi,116.56037877400716,µg/m³,3
2025-11-25 09:00:00+00:00,Rawalpindi,96.66646466496015,µg/m³,3
2025-11-25 10:00:00+00:00,Rawalpindi,91.89224993387859,µg/m³,3
2025-11-25 11:00:00+00:00,Rawalpindi,99.61644431220161,µg/m³,3
2025-11-25 12:00:00+00:00,Rawalpindi,115.27115285661485,µg/m³,3
2025-11-25 13:00:00+00:00,Rawalpindi,144.49190290239122,µg/m³,3
2025-11-25 14:00:00+00:00,Rawalpindi,160.06957408763745,µg/m³,3
2025-11-25 15:00:00+00:00,Rawalpindi,168.12423614925808,µg/m³,3
2025-11-25 16:00:00+00:00,Rawalpindi,178.6667823014436,µg/m³,3
2025-11-25 17:00:00+00:00,Rawalpindi,117.80414565404257,µg/m³,2
2025-11-25 18:00:00+00:00,Rawalpindi,113.83694455888535,µg/m³,2
2025-11-25 19:00:00+00:00,Rawalpindi,110.89095834096274,µg/m³,3
2025-11-25 20:00:00+00:00,Rawalpindi,101.42392129544858,µg/m³,3
2025-11-25 21:00:00+00:00,Rawalpindi,105.1754304462009,µg/m³,3
2025-11-25 22:00:00+00:00,Rawalpindi,107.22629159291586,µg/m³,3
2025-11-25 23:00:00+00:00,Rawalpindi,95.47456942664253,µg/m³,3
2025-11-26 00:00:00+00:00,Rawalpindi,101.41411111619738,µg/m³,3
2025-11-26 01:00:00+00:00,Rawalpindi,104.67815282609729,µg/m³,3
2025-11-26 02:00:00+00:00,Rawalpindi,160.20401388804117,µg/m³,3
2025-11-26 03:00:00+00:00,Rawalpindi,162.84826862193918,µg/m³,3
2025-11-26 04:00:00+00:00,Rawalpindi,135.20731495044848,µg/m³,3
2025-11-26 05:00:00+00:00,Rawalpindi,109.89708340962729,µg/m³,2
2025-11-26 06:00:00+00:00,Rawalpindi,104.93715907010164,µg/m³,2
2025-11-26 07:00:00+00:00,Rawalpindi,112.66440274980333,µg/m³,3
2025-11-26 08:00:00+00:00,Rawalpindi,102.97355083183005,µg/m³,3
2025-11-26 09:00:00+00:00,Rawalpindi,89.7777313373707,µg/m³,3
2025-11-26 10:00:00+00:00,Rawalpindi,95.75490750913268,µg/m³,3
2025-11-26 11:00:00+00:00,Rawalpindi,110.7706806394789,µg/m³,3
2025-11-26 12:00:00+00:00,Rawalpindi,148.8702220916748,µg/m³,3
2025-11-26 13:00:00+00:00,Rawalpindi,162.52736108567981,µg/m³,3
2025-11-26 14:00:00+00:00,Rawalpindi,183.39844440884062,µg/m³,3
2025-11-26 15:00:00+00:00,Rawalpindi,171.40324999491372,µg/m³,3
2025-11-26 16:00:00+00:00,Rawalpindi,120.0428957303365,µg/m³,2
2025-11-26 17:00:00+00:00,Rawalpindi,104.55581254959105,µg/m³,2
2025-11-26 18:00:00+00:00,Rawalpindi,116.70142352845933,µg/m³,2
2025-11-26 19:00:00+00:00,Rawalpindi,110.98256935543485,µg/m³,3
2025-11-26 20:00:00+00:00,Rawalpindi,113.66873611874048,µg/m³,3
2025-11-26 21:00:00+00:00,Rawalpindi,129.69274991353356,µg/m³,3
2025-11-26 22:00:00+00:00,Rawalpindi,124.18328706246835,µg/m³,3
2025-11-26 23:00:00+00:00,Rawalpindi,109.66845836639403,µg/m³,3
2025-11-27 00:00:00+00:00,Rawalpindi,94.537916692098,µg/m³,3
2025-11-27 01:00:00+00:00,Rawalpindi,90.95127771165636,µg/m³,3
2025-11-27 02:00:00+00:00,Rawalpindi,133.35691668192544,µg/m³,2
2025-11-27 03:00:00+00:00,Rawalpindi,163.61518967368386,µg/m³,2
2025-11-27 04:00:00+00:00,Rawalpindi,161.27571389334543,µg/m³,2
2025-11-27 05:00:00+00:00,Rawalpindi,142.24125022888182,µg/m³,2
2025-11-27 06:00:00+00:00,Rawalpindi,153.76592684145328,µg/m³,2
2025-11-27 07:00:00+00:00,Rawalpindi,165.124350060357,µg/m³,2
2025-11-27 08:00:00+00:00,Rawalpindi,138.4065972858005,µg/m³,3
2025-11-27 09:00:00+00:00,Rawalpindi,107.57983351813421,µg/m³,3
2025-11-27 10:00:00+00:00,Rawalpindi,101.30582413850006,µg/m³,3
2025-11-27 11:00:00+00:00,Rawalpindi,115.72175000508626,µg/m³,3
2025-11-27 12:00:00+00:00,Rawalpindi,148.67756943172878,µg/m³,3
2025-11-27 13:00:00+00:00,Rawalpindi,184.29939822444211,µg/m³,3
2025-11-27 14:00:00+00:00,Rawalpindi,218.75426500108506,µg/m³,3
2025-11-27 15:00:00+00:00,Rawalpindi,171.76283247205947,µg/m³,2
2025-11-27 16:00:00+00:00,Rawalpindi,151.8661319202847,µg/m³,2
2025-11-27 17:00:00+00:00,Rawalpindi,142.70164594650268,µg/m³,2
2025-11-27 18:00:00+00:00,Rawalpindi,129.58647934595743,µg/m³,2
2025-11-27 19:00:00+00:00,Rawalpindi,151.2350788328383,µg/m³,3
2025-11-27 20:00:00+00:00,Rawalpindi,158.9315697564019,µg/m³,3
2025-11-27 21:00:00+00:00,Rawalpindi,147.63990748370136,µg/m³,3
2025-11-27 22:00:00+00:00,Rawalpindi,144.0552870573821,µg/m³,3
2025-11-27 23:00:00+00:00,Rawalpindi,123.43083318074544,µg/m³,3
2025-11-28 00:00:00+00:00,Rawalpindi,129.1430648944996,µg/m³,3
2025-11-28 01:00:00+00:00,Rawalpindi,135.72079177432593,µg/m³,3
2025-11-28 02:00:00+00:00,Rawalpindi,182.90779625221535,µg/m³,3
2025-11-28 03:00:00+00:00,Rawalpindi,163.77877792782255,µg/m³,2
2025-11-28 04:00:00+00:00,Rawalpindi,143.11963897281223,µg/m³,2
2025-11-28 05:00:00+00:00,Rawalpindi,122.32018182927911,µg/m³,2
2025-11-28 06:00:00+00:00,Rawalpindi,159.31305558946397,µg/m³,3
2025-11-28 07:00:00+00:00,Rawalpindi,152.1283055199517,µg/m³,3
2025-11-28 08:00:00+00:00,Rawalpindi,116.65425929316768,µg/m³,3
2025-11-28 09:00:00+00:00,Rawalpindi,95.22064640546085,µg/m³,3
2025-11-28 10:00:00+00:00,Rawalpindi,100.3729489715011,µg/m³,3
2025-11-28 11:00:00+00:00,Rawalpindi,115.67360181455258,µg/m³,3
2025-11-28 12:00:00+00:00,Rawalpindi,158.38838903639052,µg/m³,3
2025-11-28 13:00:00+00:00,Rawalpindi,192.80491196667708,µg/m³,3
2025-11-28 14:00:00+00:00,Rawalpindi,153.6605761739943,µg/m³,2
2025-11-28 15:00:00+00:00,Rawalpindi,144.96405578189427,µg/m³,2
2025-11-28 16:00:00+00:00,Rawalpindi,138.43888194825917,µg/m³,2
2025-11-28 17:00:00+00:00,Rawalpindi,136.99947225782608,µg/m³,2
2025-11-28 18:00:00+00:00,Rawalpindi,173.4234166463216,µg/m³,3
2025-11-28 19:00:00+00:00,Rawalpindi,135.88336580770985,µg/m³,3
2025-11-28 20:00:00+00:00,Rawalpindi,144.0755509623775,µg/m³,3
2025-11-28 21:00:00+00:00,Rawalpindi,137.36795371726706,µg/m³,3
2025-11-28 22:00:00+00:00,Rawalpindi,111.21258592701922,µg/m³,3
2025-11-28 23:00:00+00:00,Rawalpindi,94.62016677856445,µg/m³,3
2025-11-29 00:00:00+00:00,Rawalpindi,99.10456951989067,µg/m³,3
2025-11-29 01:00:00+00:00,Rawalpindi,105.82510646537499,µg/m³,3
2025-11-29 02:00:00+00:00,Rawalpindi,119.47351394229466,µg/m³,2
2025-11-29 03:00:00+00:00,Rawalpindi,112.76268064710828,µg/m³,2
2025-11-29 04:00:00+00:00,Rawalpindi,143.5113483544552,µg/m³,1
2025-11-29 05:00:00+00:00,Rawalpindi,188.74050019582114,µg/m³,1
2025-11-29 06:00:00+00:00,Rawalpindi,251.46737461090092,µg/m³,1
2025-11-29 07:00:00+00:00,Rawalpindi,146.63379860983954,µg/m³,2
2025-11-29 08:00:00+00:00,Rawalpindi,157.33687496185303,µg/m³,2
2025-11-29 09:00:00+00:00,Rawalpindi,124.01900465929951,µg/m³,3
2025-11-29 10:00:00+00:00,Rawalpindi,103.15468973936858,µg/m³,3
2025-11-29 11:00:00+00:00,Rawalpindi,127.39565733450432,µg/m³,3
2025-11-29 12:00:00+00:00,Rawalpindi,171.9916250228882,µg/m³,3
2025-11-29 13:00:00+00:00,Rawalpindi,207.36112446255152,µg/m³,3
2025-11-29 14:00:00+00:00,Rawalpindi,217.7309212437382,µg/m³,3
2025-11-29 15:00:00+00:00,Rawalpindi,197.78486574667468,µg/m³,3
2025-11-29 16:00:00+00:00,Rawalpindi,178.45402322698524,µg/m³,3
2025-11-29 17:00:00+00:00,Rawalpindi,186.8906943851047,µg/m³,3
2025-11-29 18:00:00+00:00,Rawalpindi,197.4223787943522,µg/m³,3
2025-11-29 19:00:00+00:00,Rawalpindi,185.11144914273862,µg/m³,3
2025-11-29 20:00:00+00:00,Rawalpindi,153.03934791706226,µg/m³,3
2025-11-29 21:00:00+00:00,Rawalpindi,137.96284724341498,µg/m³,3
2025-11-29 22:00:00+00:00,Rawalpindi,131.30965748539677,µg/m³,3
2025-11-29 23:00:00+00:00,Rawalpindi,96.9421203330711,µg/m³,3
2025-11-30 00:00:00+00:00,Rawalpindi,97.03382401642976,µg/m³,3
2025-11-30 01:00:00+00:00,Rawalpindi,104.37954158782959,µg/m³,3
2025-11-30 02:00:00+00:00,Rawalpindi,129.71774997711182,µg/m³,2
2025-11-30 03:00:00+00:00,Rawalpindi,139.6104374885559,µg/m³,2
2025-11-30 04:00:00+00:00,Rawalpindi,125.6080138736301,µg/m³,2
2025-11-30 05:00:00+00:00,Rawalpindi,125.94947900772095,µg/m³,2
2025-11-30 06:00:00+00:00,Rawalpindi,137.5559897991142,µg/m³,3
2025-11-30 07:00:00+00:00,Rawalpindi,118.8645138422648,µg/m³,3
2025-11-30 08:00:00+00:00,Rawalpindi,112.20767590558087,µg/m³,3
2025-11-30 09:00:00+00:00,Rawalpindi,89.96651384565564,µg/m³,3
2025-11-30 10:00:00+00:00,Rawalpindi,83.30465276506213,µg/m³,3
2025-11-30 11:00:00+00:00,Rawalpindi,99.2488333384196,µg/m³,3
2025-11-30 12:00:00+00:00,Rawalpindi,130.9871513597893,µg/m³,3
2025-11-30 13:00:00+00:00,Rawalpindi,178.6372777726915,µg/m³,3
2025-11-30 14:00:00+00:00,Rawalpindi,145.38512496948243,µg/m³,2
2025-11-30 15:00:00+00:00,Rawalpindi,156.01656255722042,µg/m³,2
2025-11-30 16:00:00+00:00,Rawalpindi,141.153152762519,µg/m³,2
2025-11-30 17:00:00+00:00,Rawalpindi,137.55289595921835,µg/m³,2
2025-11-30 18:00:00+00:00,Rawalpindi,186.88980560302733,µg/m³,3
2025-11-30 19:00:00+00:00,Rawalpindi,187.58762493133545,µg/m³,3
2025-11-30 20:00:00+00:00,Rawalpindi,169.4437638812595,µg/m³,3
2025-11-30 21:00:00+00:00,Rawalpindi,116.69040287865533,µg/m³,3
2025-11-30 22:00:00+00:00,Rawalpindi,97.37429180145263,µg/m³,3
2025-11-30 23:00:00+00:00,Rawalpindi,88.90091667175294,µg/m³,3
2025-12-01 00:00:00+00:00,Rawalpindi,103.34281944698758,µg/m³,3
2025-12-01 01:00:00+00:00,Rawalpindi,109.39820371557165,µg/m³,3
2025-12-01 02:00:00+00:00,Rawalpindi,180.12459731631807,µg/m³,3
2025-12-01 03:00:00+00:00,Rawalpindi,121.67059747907851,µg/m³,2
2025-12-01 04:00:00+00:00,Rawalpindi,126.4243750890096,µg/m³,2
2025-12-01 05:00:00+00:00,Rawalpindi,111.11087134390165,µg/m³,2
2025-12-01 06:00:00+00:00,Rawalpindi,100.03854166666667,µg/m³,2
2025-12-01 07:00:00+00:00,Rawalpindi,113.16945832570394,µg/m³,3
2025-12-01 08:00:00+00:00,Rawalpindi,98.85,µg/m³,2
2025-12-01 09:00:00+00:00,Rawalpindi,105.61651397281223,µg/m³,3
2025-12-01 10:00:00+00:00,Rawalpindi,91.78213890923394,µg/m³,3
2025-12-01 11:00:00+00:00,Rawalpindi,100.65712502797446,µg/m³,3
2025-12-01 12:00:00+00:00,Rawalpindi,142.2027500152588,µg/m³,3
2025-12-01 13:00:00+00:00,Rawalpindi,180.55587507883706,µg/m³,3
2025-12-01 14:00:00+00:00,Rawalpindi,168.1648749669393,µg/m³,3
2025-12-01 15:00:00+00:00,Rawalpindi,143.98052085240684,µg/m³,2
2025-12-01 16:00:00+00:00,Rawalpindi,114.86875019073487,µg/m³,2
2025-12-01 17:00:00+00:00,Rawalpindi,154.09329166412354,µg/m³,3
2025-12-01 18:00:00+00:00,Rawalpindi,110.57958323160807,µg/m³,3
2025-12-01 19:00:00+00:00,Rawalpindi,104.3929583867391,µg/m³,3
2025-12-01 20:00:00+00:00,Rawalpindi,97.44976389143203,µg/m³,3
2025-12-01 21:00:00+00:00,Rawalpindi,91.9734721713596,µg/m³,3
2025-12-01 22:00:00+00:00,Rawalpindi,88.22331947750514,µg/m³,3
2025-12-01 23:00:00+00:00,Rawalpindi,101.1500138812595,µg/m³,3
2025-12-02 00:00:00+00:00,Rawalpindi,96.36530541314018,µg/m³,3
2025-12-02 01:00:00+00:00,Rawalpindi,99.85422219170464,µg/m³,3
2025-12-02 02:00:00+00:00,Rawalpindi,106.93008321126302,µg/m³,2
2025-12-02 03:00:00+00:00,Rawalpindi,110.57336349487305,µg/m³,2
2025-12-02 04:00:00+00:00,Rawalpindi,104.3520835240682,µg/m³,2
2025-12-02 05:00:00+00:00,Rawalpindi,100.43745835622153,µg/m³,2
2025-12-02 06:00:00+00:00,Rawalpindi,97.54059717390273,µg/m³,3
2025-12-02 07:00:00+00:00,Rawalpindi,82.33526384565566,µg/m³,3
2025-12-02 08:00:00+00:00,Rawalpindi,71.3052778032091,µg/m³,3
2025-12-02 09:00:00+00:00,Rawalpindi,60.24148621029324,µg/m³,3
2025-12-02 10:00:00+00:00,Rawalpindi,65.62615723786531,µg/m³,3
2025-12-02 11:00:00+00:00,Rawalpindi,84.22492605138707,µg/m³,3
2025-12-02 12:00:00+00:00,Rawalpindi,121.49630555046929,µg/m³,3
2025-12-02 13:00:00+00:00,Rawalpindi,141.23333333333335,µg/m³,3
2025-12-02 14:00:00+00:00,Rawalpindi,117.25931253433225,µg/m³,2
2025-12-02 15:00:00+00:00,Rawalpindi,115.44656248092653,µg/m³,2
2025-12-02 16:00:00+00:00,Rawalpindi,124.60383332570393,µg/m³,2
2025-12-02 17:00:00+00:00,Rawalpindi,117.80641676584881,µg/m³,2
2025-12-02 18:00:00+00:00,Rawalpindi,115.05594448513455,µg/m³,3
2025-12-02 19:00:00+00:00,Rawalpindi,117.84615264468722,µg/m³,3
2025-12-02 20:00:00+00:00,Rawalpindi,126.89688881768122,µg/m³,3
2025-12-02 21:00:00+00:00,Rawalpindi,119.0697870183874,µg/m³,3
2025-12-02 22:00:00+00:00,Rawalpindi,105.5154305987888,µg/m³,3
2025-12-02 23:00:00+00:00,Rawalpindi,95.036569319831,µg/m³,3
2025-12-03 00:00:00+00:00,Rawalpindi,90.95586107042101,µg/m³,3
2025-12-03 01:00:00+00:00,Rawalpindi,96.09209711286758,µg/m³,3
2025-12-03 02:00:00+00:00,Rawalpindi,123.1802499771118,µg/m³,2
2025-12-03 03:00:00+00:00,Rawalpindi,114.4603333791097,µg/m³,2
2025-12-03 04:00:00+00:00,Rawalpindi,130.23028480741715,µg/m³,2
2025-12-03 05:00:00+00:00,Rawalpindi,149.889819378323,µg/m³,2
2025-12-03 06:00:00+00:00,Rawalpindi,158.6131105846829,µg/m³,2
2025-12-03 07:00:00+00:00,Rawalpindi,157.01979173024498,µg/m³,2
2025-12-03 08:00:00+00:00,Rawalpindi,148.50570137235854,µg/m³,2
2025-12-03 09:00:00+00:00,Rawalpindi,139.74108318752712,µg/m³,3
2025-12-03 10:00:00+00:00,Rawalpindi,130.43964348545782,µg/m³,3
2025-12-03 11:00:00+00:00,Rawalpindi,154.36315280066597,µg/m³,3
2025-12-03 12:00:00+00:00,Rawalpindi,184.02979637428567,µg/m³,3
2025-12-03 13:00:00+00:00,Rawalpindi,193.7387222925822,µg/m³,3
2025-12-03 14:00:00+00:00,Rawalpindi,174.6927291552226,µg/m³,2
2025-12-03 15:00:00+00:00,Rawalpindi,198.52593104044595,µg/m³,2
2025-12-03 16:00:00+00:00,Rawalpindi,186.79245732625324,µg/m³,2
2025-12-03 17:00:00+00:00,Rawalpindi,183.3245844523112,µg/m³,2
2025-12-03 18:00:00+00:00,Rawalpindi,194.80358238220217,µg/m³,2
2025-12-03 19:00:00+00:00,Rawalpindi,195.01385402679443,µg/m³,2
2025-12-03 20:00:00+00:00,Rawalpindi,132.83851836169208,µg/m³,3
2025-12-03 21:00:00+00:00,Rawalpindi,121.52475669648913,µg/m³,2
2025-12-03 22:00:00+00:00,Rawalpindi,162.6218749364217,µg/m³,3
2025-12-03 23:00:00+00:00,Rawalpindi,170.98602782355417,µg/m³,3
2025-12-04 00:00:00+00:00,Rawalpindi,145.6759790102641,µg/m³,2
2025-12-04 01:00:00+00:00,Rawalpindi,171.33105553521054,µg/m³,3
2025-12-04 02:00:00+00:00,Rawalpindi,195.66585639671044,µg/m³,3
2025-12-04 03:00:00+00:00,Rawalpindi,211.20614351343224,µg/m³,3
2025-12-04 04:00:00+00:00,Rawalpindi,168.34456202189125,µg/m³,2
2025-12-04 05:00:00+00:00,Rawalpindi,200.39396707746718,µg/m³,2
2025-12-04 06:00:00+00:00,Rawalpindi,197.13406263987224,µg/m³,2
2025-12-04 07:00:00+00:00,Rawalpindi,168.36308838644143,µg/m³,3
2025-12-04 08:00:00+00:00,Rawalpindi,119.13697200351291,µg/m³,2
2025-12-04 09:00:00+00:00,Rawalpindi,111.93316663106282,µg/m³,3
2025-12-04 10:00:00+00:00,Rawalpindi,108.64783792142515,µg/m³,3
2025-12-04 11:00:00+00:00,Rawalpindi,111.17243209650486,µg/m³,3
2025-12-04 12:00:00+00:00,Rawalpindi,98.4,µg/m³,2
2025-12-04 13:00:00+00:00,Rawalpindi,173.24599990844726,µg/m³,2
2025-12-04 14:00:00+00:00,Rawalpindi,194.0446947309706,µg/m³,2
2025-12-04 15:00:00+00:00,Rawalpindi,202.00875027974448,µg/m³,2
2025-12-04 16:00:00+00:00,Rawalpindi,197.55912539164223,µg/m³,2
2025-12-04 17:00:00+00:00,Rawalpindi,180.72770805358886,µg/m³,2
2025-12-04 18:00:00+00:00,Rawalpindi,160.87816667556763,µg/m³,2
2025-12-04 19:00:00+00:00,Rawalpindi,146.56487503051758,µg/m³,2
2025-12-04 20:00:00+00:00,Rawalpindi,195.07025015089243,µg/m³,3
2025-12-04 21:00:00+00:00,Rawalpindi,197.5853613111708,µg/m³,3
2025-12-04 22:00:00+00:00,Rawalpindi,173.67727779812284,µg/m³,3
2025-12-04 23:00:00+00:00,Rawalpindi,113.85459711286757,µg/m³,3
2025-12-05 00:00:00+00:00,Rawalpindi,124.0167915980021,µg/m³,3
2025-12-05 01:00:00+00:00,Rawalpindi,169.34227752685547,µg/m³,3
2025-12-05 02:00:00+00:00,Rawalpindi,140.21968755722045,µg/m³,2
2025-12-05 03:00:00+00:00,Rawalpindi,168.67952121098836,µg/m³,2
2025-12-05 04:00:00+00:00,Rawalpindi,137.9107289950053,µg/m³,2
2025-12-05 05:00:00+00:00,Rawalpindi,116.71114581425985,µg/m³,2
2025-12-05 06:00:00+00:00,Rawalpindi,103.90660416285198,µg/m³,2
2025-12-05 07:00:00+00:00,Rawalpindi,102.46411582805494,µg/m³,3
2025-12-05 08:00:00+00:00,Rawalpindi,70.42429167429606,µg/m³,3
2025-12-05 09:00:00+00:00,Rawalpindi,63.41765274471707,µg/m³,3
2025-12-05 10:00:00+00:00,Rawalpindi,67.60220839182536,µg/m³,3
2025-12-05 11:00:00+00:00,Rawalpindi,78.49140266842312,µg/m³,3
2025-12-05 12:00:00+00:00,Rawalpindi,127.72475001017251,µg/m³,3
2025-12-05 13:00:00+00:00,Rawalpindi,176.8108750237359,µg/m³,3
2025-12-05 14:00:00+00:00,Rawalpindi,122.62206258773801,µg/m³,2
2025-12-05 15:00:00+00:00,Rawalpindi,112.343479124705,µg/m³,2
2025-12-05 16:00:00+00:00,Rawalpindi,142.20754175186156,µg/m³,2
2025-12-05 17:00:00+00:00,Rawalpindi,198.96558316548663,µg/m³,2
2025-12-05 18:00:00+00:00,Rawalpindi,183.47525029712253,µg/m³,2
2025-12-05 19:00:00+00:00,Rawalpindi,142.3092292467753,µg/m³,2
2025-12-05 20:00:00+00:00,Rawalpindi,227.0055137210422,µg/m³,3
2025-12-05 21:00:00+00:00,Rawalpindi,218.89006953769263,µg/m³,3
2025-12-05 22:00:00+00:00,Rawalpindi,227.94633286794024,µg/m³,3
2025-12-05 23:00:00+00:00,Rawalpindi,173.53977779812283,µg/m³,3
2025-12-06 00:00:00+00:00,Rawalpindi,220.69718051486544,µg/m³,3
2025-12-06 01:00:00+00:00,Rawalpindi,186.66379172007245,µg/m³,3
2025-12-06 02:00:00+00:00,Rawalpindi,226.20308394961887,µg/m³,3
2025-12-06 03:00:00+00:00,Rawalpindi,196.14869447284275,µg/m³,2
2025-12-06 04:00:00+00:00,Rawalpindi,251.30261107550731,µg/m³,1
2025-12-06 05:00:00+00:00,Rawalpindi,202.12337512969972,µg/m³,1
2025-12-06 06:00:00+00:00,Rawalpindi,260.9697908401489,µg/m³,1
2025-12-06 07:00:00+00:00,Rawalpindi,217.07931140263875,µg/m³,2
2025-12-06 08:00:00+00:00,Rawalpindi,171.03281319936116,µg/m³,2
2025-12-06 09:00:00+00:00,Rawalpindi,79.8832360373603,µg/m³,3
2025-12-06 10:00:00+00:00,Rawalpindi,77.39412020930537,µg/m³,3
2025-12-06 11:00:00+00:00,Rawalpindi,96.44710637551766,µg/m³,3
2025-12-06 12:00:00+00:00,Rawalpindi,108.0471573582402,µg/m³,3
2025-12-06 13:00:00+00:00,Rawalpindi,118.60037492116292,µg/m³,3
2025-12-06 14:00:00+00:00,Rawalpindi,150.3654997507731,µg/m³,2
2025-12-06 15:00:00+00:00,Rawalpindi,174.70874330732556,µg/m³,2
2025-12-06 16:00:00+00:00,Rawalpindi,186.70368240818834,µg/m³,2
2025-12-06 17:00:00+00:00,Rawalpindi,169.77502121395534,µg/m³,2
2025-12-06 18:00:00+00:00,Rawalpindi,148.58671526379055,µg/m³,2
2025-12-06 19:00:00+00:00,Rawalpindi,174.96722299081307,µg/m³,3
2025-12-06 20:00:00+00:00,Rawalpindi,214.67493870346638,µg/m³,3
2025-12-06 21:00:00+00:00,Rawalpindi,167.25215273963082,µg/m³,3
2025-12-06 22:00:00+00:00,Rawalpindi,152.60456947750515,µg/m³,3
2025-12-06 23:00:00+00:00,Rawalpindi,153.5611805174086,µg/m³,3
2025-12-07 00:00:00+00:00,Rawalpindi,168.54246753410055,µg/m³,3
2025-12-07 01:00:00+00:00,Rawalpindi,112.37757405881528,µg/m³,3
2025-12-07 02:00:00+00:00,Rawalpindi,175.8722361034817,µg/m³,3
2025-12-07 03:00:00+00:00,Rawalpindi,125.4095417022705,µg/m³,2
2025-12-07 04:00:00+00:00,Rawalpindi,113.95316670735677,µg/m³,2
2025-12-07 05:00:00+00:00,Rawalpindi,101.76935402552286,µg/m³,2
2025-12-07 06:00:00+00:00,Rawalpindi,114.38602263710715,µg/m³,2
2025-12-07 07:00:00+00:00,Rawalpindi,120.5852021959093,µg/m³,3
2025-12-07 08:00:00+00:00,Rawalpindi,107.76219911222104,µg/m³,3
2025-12-07 09:00:00+00:00,Rawalpindi,77.54802775912815,µg/m³,3
2025-12-07 10:00:00+00:00,Rawalpindi,68.59952778286404,µg/m³,3
2025-12-07 11:00:00+00:00,Rawalpindi,71.45337972287778,µg/m³,3
2025-12-07 12:00:00+00:00,Rawalpindi,89.93359086007781,µg/m³,3
2025-12-07 13:00:00+00:00,Rawalpindi,111.99938271604937,µg/m³,3
2025-12-07 14:00:00+00:00,Rawalpindi,132.05329180823432,µg/m³,3
2025-12-07 15:00:00+00:00,Rawalpindi,180.7887963047734,µg/m³,3
2025-12-07 16:00:00+00:00,Rawalpindi,215.08513878716363,µg/m³,3
2025-12-07 17:00:00+00:00,Rawalpindi,193.78772726347952,µg/m³,3
2025-12-07 18:00:00+00:00,Rawalpindi,177.01843327840172,µg/m³,3
2025-12-07 19:00:00+00:00,Rawalpindi,86.3329546841708,µg/m³,2
2025-12-07 20:00:00+00:00,Rawalpindi,180.32329996744792,µg/m³,3
2025-12-07 21:00:00+00:00,Rawalpindi,177.61355094203245,µg/m³,3
2025-12-07 22:00:00+00:00,Rawalpindi,186.04924233176493,µg/m³,3
2025-12-07 23:00:00+00:00,Rawalpindi,140.56647687134918,µg/m³,3
2025-12-08 00:00:00+00:00,Rawalpindi,150.9356712411951,µg/m³,3
2025-12-08 01:00:00+00:00,Rawalpindi,145.30842574790674,µg/m³,3
2025-12-08 02:00:00+00:00,Rawalpindi,153.82775459995977,µg/m³,3
2025-12-08 03:00:00+00:00,Rawalpindi,125.56650009155273,µg/m³,2
2025-12-08 04:00:00+00:00,Rawalpindi,146.48839302062987,µg/m³,2
2025-12-08 05:00:00+00:00,Rawalpindi,162.69151509602867,µg/m³,2
2025-12-08 06:00:00+00:00,Rawalpindi,129.39183343251548,µg/m³,2
2025-12-08 07:00:00+00:00,Rawalpindi,104.11726387871636,µg/m³,2
2025-12-08 08:00:00+00:00,Rawalpindi,93.89730555216472,µg/m³,3
2025-12-08 09:00:00+00:00,Rawalpindi,69.8132575526382,µg/m³,3
2025-12-08 10:00:00+00:00,Rawalpindi,76.80737047548648,µg/m³,3
2025-12-08 11:00:00+00:00,Rawalpindi,105.1038749906752,µg/m³,3
2025-12-08 12:00:00+00:00,Rawalpindi,128.79471298500343,µg/m³,3
2025-12-08 13:00:00+00:00,Rawalpindi,146.34605101832636,µg/m³,3
2025-12-08 14:00:00+00:00,Rawalpindi,147.57515241834852,µg/m³,2
2025-12-08 15:00:00+00:00,Rawalpindi,163.7228560707786,µg/m³,2
2025-12-08 16:00:00+00:00,Rawalpindi,156.30313869052463,µg/m³,2
2025-12-08 17:00:00+00:00,Rawalpindi,139.23416659037272,µg/m³,2
2025-12-08 18:00:00+00:00,Rawalpindi,159.6034939342075,µg/m³,2
2025-12-08 19:00:00+00:00,Rawalpindi,208.59180076740407,µg/m³,3
2025-12-08 20:00:00+00:00,Rawalpindi,175.65592150511566,µg/m³,3
2025-12-08 21:00:00+00:00,Rawalpindi,169.70683330959744,µg/m³,3
2025-12-08 22:00:00+00:00,Rawalpindi,164.861976842527,µg/m³,3
2025-12-08 23:00:00+00:00,Rawalpindi,164.650226854395,µg/m³,3
2025-12-09 00:00:00+00:00,Rawalpindi,159.4400323726513,µg/m³,3
2025-12-09 01:00:00+00:00,Rawalpindi,151.293143470199,µg/m³,3
2025-12-09 02:00:00+00:00,Rawalpindi,108.01108328501384,µg/m³,2
2025-12-09 03:00:00+00:00,Rawalpindi,125.05745817820231,µg/m³,2
2025-12-09 04:00:00+00:00,Rawalpindi,124.65877766079373,µg/m³,2
2025-12-09 05:00:00+00:00,Rawalpindi,129.53416654798718,µg/m³,2
2025-12-09 06:00:00+00:00,Rawalpindi,153.95431775179776,µg/m³,2
2025-12-09 07:00:00+00:00,Rawalpindi,125.27884840531782,µg/m³,3
2025-12-09 08:00:00+00:00,Rawalpindi,103.17930302475436,µg/m³,3
2025-12-09 09:00:00+00:00,Rawalpindi,77.48746978297378,µg/m³,3
2025-12-09 10:00:00+00:00,Rawalpindi,58.768027581108946,µg/m³,3
2025-12-09 11:00:00+00:00,Rawalpindi,74.22877786424425,µg/m³,3
2025-12-09 12:00:00+00:00,Rawalpindi,99.93998614417183,µg/m³,3
2025-12-09 13:00:00+00:00,Rawalpindi,126.11627782185872,µg/m³,3
2025-12-09 14:00:00+00:00,Rawalpindi,156.21421774405022,µg/m³,3
2025-12-09 15:00:00+00:00,Rawalpindi,166.3512914445665,µg/m³,2
2025-12-09 16:00:00+00:00,Rawalpindi,165.51050777435302,µg/m³,2
2025-12-09 17:00:00+00:00,Rawalpindi,136.35786098904077,µg/m³,2
2025-12-09 18:00:00+00:00,Rawalpindi,146.20759787029692,µg/m³,2
2025-12-09 19:00:00+00:00,Rawalpindi,209.4451152872156,µg/m³,3
2025-12-09 20:00:00+00:00,Rawalpindi,190.09606935713023,µg/m³,3
2025-12-09 21:00:00+00:00,Rawalpindi,163.38093990043356,µg/m³,3
2025-12-09 22:00:00+00:00,Rawalpindi,160.3899814746998,µg/m³,3
2025-12-09 23:00:00+00:00,Rawalpindi,146.9381480464229,µg/m³,3
2025-12-10 00:00:00+00:00,Rawalpindi,131.49437966523348,µg/m³,3
2025-12-10 01:00:00+00:00,Rawalpindi,133.4742637846205,µg/m³,3
2025-12-10 02:00:00+00:00,Rawalpindi,167.96645851135256,µg/m³,3
2025-12-10 03:00:00+00:00,Rawalpindi,144.9982985602485,µg/m³,2
2025-12-10 04:00:00+00:00,Rawalpindi,109.22994446224635,µg/m³,2
2025-12-10 05:00:00+00:00,Rawalpindi,145.48555497063532,µg/m³,2
2025-12-10 06:00:00+00:00,Rawalpindi,144.42928433948092,µg/m³,2
2025-12-10 07:00:00+00:00,Rawalpindi,140.86215271419948,µg/m³,3
2025-12-10 08:00:00+00:00,Rawalpindi,121.51519454108343,µg/m³,3
2025-12-10 09:00:00+00:00,Rawalpindi,110.46795138253106,µg/m³,2
2025-12-10 10:00:00+00:00,Rawalpindi,71.59969911222105,µg/m³,3
2025-12-10 11:00:00+00:00,Rawalpindi,82.95253708450882,µg/m³,3
2025-12-10 12:00:00+00:00,Rawalpindi,114.96677308965612,µg/m³,3
2025-12-10 13:00:00+00:00,Rawalpindi,167.54326718262953,µg/m³,3
2025-12-10 14:00:00+00:00,Rawalpindi,164.6904937956068,µg/m³,2
2025-12-10 15:00:00+00:00,Rawalpindi,156.70051401986018,µg/m³,2
2025-12-10 16:00:00+00:00,Rawalpindi,136.33356937832303,µg/m³,2
2025-12-10 17:00:00+00:00,Rawalpindi,119.14226394229465,µg/m³,2
2025-12-10 18:00:00+00:00,Rawalpindi,118.69543033175998,µg/m³,2
2025-12-10 19:00:00+00:00,Rawalpindi,202.80546275951247,µg/m³,3
2025-12-10 20:00:00+00:00,Rawalpindi,186.8281068448667,µg/m³,3
2025-12-10 21:00:00+00:00,Rawalpindi,193.10170789647987,µg/m³,3
2025-12-10 22:00:00+00:00,Rawalpindi,186.47781988779704,µg/m³,3
2025-12-10 23:00:00+00:00,Rawalpindi,164.93806951310899,µg/m³,3
2025-12-11 00:00:00+00:00,Rawalpindi,166.84607423852992,µg/m³,3
2025-12-11 01:00:00+00:00,Rawalpindi,156.72540735315394,µg/m³,3
2025-12-11 02:00:00+00:00,Rawalpindi,131.98013892703585,µg/m³,2
2025-12-11 03:00:00+00:00,Rawalpindi,139.30446202827224,µg/m³,2
2025-12-11 04:00:00+00:00,Rawalpindi,214.18215133204603,µg/m³,1
2025-12-11 05:00:00+00:00,Rawalpindi,232.51777211969548,µg/m³,1
2025-12-11 06:00:00+00:00,Rawalpindi,284.84169455634225,µg/m³,1
2025-12-11 07:00:00+00:00,Rawalpindi,267.047024975401,µg/m³,2
2025-12-11 08:00:00+00:00,Rawalpindi,229.6144857194689,µg/m³,2
2025-12-11 09:00:00+00:00,Rawalpindi,144.82357012430828,µg/m³,3
2025-12-11 10:00:00+00:00,Rawalpindi,155.23524932861326,µg/m³,3
2025-12-11 11:00:00+00:00,Rawalpindi,155.61972643534344,µg/m³,3
2025-12-11 12:00:00+00:00,Rawalpindi,181.91657432273584,µg/m³,3
2025-12-11 13:00:00+00:00,Rawalpindi,224.42655622694224,µg/m³,3
2025-12-11 14:00:00+00:00,Rawalpindi,190.82831234402124,µg/m³,2
2025-12-11 15:00:00+00:00,Rawalpindi,151.91700669394598,µg/m³,2
2025-12-11 16:00:00+00:00,Rawalpindi,149.18691030078463,µg/m³,2
2025-12-11 17:00:00+00:00,Rawalpindi,172.1485835287306,µg/m³,2
2025-12-11 18:00:00+00:00,Rawalpindi,214.9172457518401,µg/m³,3
2025-12-11 19:00:00+00:00,Rawalpindi,201.5047779083252,µg/m³,3
2025-12-11 20:00:00+00:00,Rawalpindi,181.51966667175293,µg/m³,3
2025-12-11 21:00:00+00:00,Rawalpindi,167.7855602335047,µg/m³,3
2025-12-11 22:00:00+00:00,Rawalpindi,157.14414826852305,µg/m³,3
2025-12-11 23:00:00+00:00,Rawalpindi,166.5417081832886,µg/m³,3
2025-12-12 00:00:00+00:00,Rawalpindi,170.63769446478952,µg/m³,3
2025-12-12 01:00:00+00:00,Rawalpindi,176.2831065213239,µg/m³,3
2025-12-12 02:00:00+00:00,Rawalpindi,142.06982636981542,µg/m³,2
2025-12-12 03:00:00+00:00,Rawalpindi,162.11840284135604,µg/m³,2
2025-12-12 04:00:00+00:00,Rawalpindi,149.7904168446859,µg/m³,2
2025-12-12 05:00:00+00:00,Rawalpindi,138.17826393975153,µg/m³,2
2025-12-12 06:00:00+00:00,Rawalpindi,156.63992436726886,µg/m³,2
2025-12-12 07:00:00+00:00,Rawalpindi,154.53863195843167,µg/m³,2
2025-12-12 08:00:00+00:00,Rawalpindi,184.06177180608114,µg/m³,2
2025-12-12 09:00:00+00:00,Rawalpindi,146.50965281592477,µg/m³,2
2025-12-12 10:00:00+00:00,Rawalpindi,158.46386800342137,µg/m³,2
2025-12-12 11:00:00+00:00,Rawalpindi,174.34655204541758,µg/m³,2
2025-12-12 12:00:00+00:00,Rawalpindi,209.93208249409992,µg/m³,2
2025-12-12 13:00:00+00:00,Rawalpindi,243.08690920935734,µg/m³,2
2025-12-12 14:00:00+00:00,Rawalpindi,215.1692854775323,µg/m³,2
2025-12-12 15:00:00+00:00,Rawalpindi,195.55843048095704,µg/m³,2
2025-12-12 16:00:00+00:00,Rawalpindi,186.89392337799075,µg/m³,2
2025-12-12 17:00:00+00:00,Rawalpindi,182.7644713083903,µg/m³,2
2025-12-12 18:00:00+00:00,Rawalpindi,179.65361270904538,µg/m³,2
2025-12-12 19:00:00+00:00,Rawalpindi,166.3751806471083,µg/m³,2
2025-12-12 20:00:00+00:00,Rawalpindi,158.95548608567978,µg/m³,2
2025-12-12 21:00:00+00:00,Rawalpindi,154.46381260553994,µg/m³,2
2025-12-12 22:00:00+00:00,Rawalpindi,158.42433331807456,µg/m³,2
2025-12-12 23:00:00+00:00,Rawalpindi,145.61470151477388,µg/m³,2
2025-12-13 00:00:00+00:00,Rawalpindi,147.99786808225844,µg/m³,2
2025-12-13 01:00:00+00:00,Rawalpindi,158.2650205930074,µg/m³,2
2025-12-13 02:00:00+00:00,Rawalpindi,158.3792915980021,µg/m³,2
2025-12-13 03:00:00+00:00,Rawalpindi,176.91506249109904,µg/m³,2
2025-12-13 04:00:00+00:00,Rawalpindi,194.53510433832804,µg/m³,2
2025-12-13 05:00:00+00:00,Rawalpindi,169.0487156762017,µg/m³,2
2025-12-13 06:00:00+00:00,Rawalpindi,171.31440290874903,µg/m³,2
2025-12-13 07:00:00+00:00,Rawalpindi,170.17909031973946,µg/m³,2
2025-12-13 08:00:00+00:00,Rawalpindi,140.27417362001205,µg/m³,2
2025-12-13 09:00:00+00:00,Rawalpindi,131.90727103551228,µg/m³,2
2025-12-13 10:00:00+00:00,Rawalpindi,111.03593746821086,µg/m³,2
2025-12-13 11:00:00+00:00,Rawalpindi,137.47820128334894,µg/m³,2
2025-12-13 12:00:00+00:00,Rawalpindi,153.52506265640258,µg/m³,2
2025-12-13 13:00:00+00:00,Rawalpindi,200.2222843699985,µg/m³,2
2025-12-13 14:00:00+00:00,Rawalpindi,199.91887471940782,µg/m³,2
2025-12-13 15:00:00+00:00,Rawalpindi,194.26457636091445,µg/m³,2
2025-12-13 16:00:00+00:00,Rawalpindi,189.17676497565375,µg/m³,2
2025-12-13 17:00:00+00:00,Rawalpindi,182.34283991919625,µg/m³,2
2025-12-13 18:00:00+00:00,Rawalpindi,165.23052085240684,µg/m³,2
2025-12-13 19:00:00+00:00,Rawalpindi,146.90290952258638,µg/m³,2
2025-12-13 20:00:00+00:00,Rawalpindi,167.41590922673544,µg/m³,2
2025-12-13 21:00:00+00:00,Rawalpindi,148.80117360221016,µg/m³,2
2025-12-13 22:00:00+00:00,Rawalpindi,118.29906244277953,µg/m³,2
2025-12-13 23:00:00+00:00,Rawalpindi,120.39470818837484,µg/m³,2
2025-12-14 00:00:00+00:00,Rawalpindi,113.17163908216689,µg/m³,2
2025-12-14 01:00:00+00:00,Rawalpindi,130.53951405419244,µg/m³,2
2025-12-14 02:00:00+00:00,Rawalpindi,148.39084703657363,µg/m³,2
2025-12-14 03:00:00+00:00,Rawalpindi,146.16962509155275,µg/m³,2
2025-12-14 04:00:00+00:00,Rawalpindi,157.09443049960666,µg/m³,2
2025-12-14 05:00:00+00:00,Rawalpindi,155.38475686179268,µg/m³,2
2025-12-14 06:00:00+00:00,Rawalpindi,166.79779880311753,µg/m³,2
2025-12-14 07:00:00+00:00,Rawalpindi,180.7994320609353,µg/m³,2
2025-12-14 08:00:00+00:00,Rawalpindi,185.98716623518203,µg/m³,2
2025-12-14 09:00:00+00:00,Rawalpindi,118.07072935104371,µg/m³,2
2025-12-14 10:00:00+00:00,Rawalpindi,115.89695141050551,µg/m³,2
2025-12-14 11:00:00+00:00,Rawalpindi,135.85759711795384,µg/m³,2
2025-12-14 12:00:00+00:00,Rawalpindi,164.4386877377828,µg/m³,2
2025-12-14 13:00:00+00:00,Rawalpindi,203.53099312252468,µg/m³,2
2025-12-14 14:00:00+00:00,Rawalpindi,205.17071666717533,µg/m³,2
2025-12-14 15:00:00+00:00,Rawalpindi,181.05977745056154,µg/m³,2
2025-12-14 16:00:00+00:00,Rawalpindi,156.17680551740858,µg/m³,2
2025-12-14 17:00:00+00:00,Rawalpindi,150.15572919845582,µg/m³,2
2025-12-14 18:00:00+00:00,Rawalpindi,154.23715952767267,µg/m³,2
2025-12-14 19:00:00+00:00,Rawalpindi,140.43239596684774,µg/m³,2
2025-12-14 20:00:00+00:00,Rawalpindi,147.69487489064537,µg/m³,2
2025-12-14 21:00:00+00:00,Rawalpindi,185.4543792955803,µg/m³,2
2025-12-14 22:00:00+00:00,Rawalpindi,157.81482603285048,µg/m³,2
2025-12-14 23:00:00+00:00,Rawalpindi,116.87391675313314,µg/m³,2
2025-12-15 00:00:00+00:00,Rawalpindi,112.71561799579196,µg/m³,2
2025-12-15 01:00:00+00:00,Rawalpindi,150.68108342488608,µg/m³,2
2025-12-15 02:00:00+00:00,Rawalpindi,175.01800003051756,µg/m³,2
2025-12-15 03:00:00+00:00,Rawalpindi,154.06412525177,µg/m³,2
2025-12-15 04:00:00+00:00,Rawalpindi,161.07620843251547,µg/m³,1
2025-12-15 05:00:00+00:00,Rawalpindi,164.58324079160337,µg/m³,1
2025-12-15 06:00:00+00:00,Rawalpindi,237.15899810791015,µg/m³,1
2025-12-15 07:00:00+00:00,Rawalpindi,179.20246250268184,µg/m³,2
2025-12-15 08:00:00+00:00,Rawalpindi,136.478787948146,µg/m³,2
2025-12-15 09:00:00+00:00,Rawalpindi,109.78428068450003,µg/m³,2
2025-12-15 10:00:00+00:00,Rawalpindi,110.9695831934611,µg/m³,2
2025-12-15 11:00:00+00:00,Rawalpindi,143.65141665140789,µg/m³,2
2025-12-15 12:00:00+00:00,Rawalpindi,171.55043044620092,µg/m³,2
2025-12-15 13:00:00+00:00,Rawalpindi,183.45230500962998,µg/m³,2
2025-12-15 14:00:00+00:00,Rawalpindi,206.98226331075034,µg/m³,2
2025-12-15 15:00:00+00:00,Rawalpindi,201.6002091937595,µg/m³,2
2025-12-15 16:00:00+00:00,Rawalpindi,144.36188865237767,µg/m³,2
2025-12-15 17:00:00+00:00,Rawalpindi,138.92127084732056,µg/m³,2
2025-12-15 18:00:00+00:00,Rawalpindi,136.250298637814,µg/m³,2
2025-12-15 19:00:00+00:00,Rawalpindi,174.34208285013835,µg/m³,2
2025-12-15 20:00:00+00:00,Rawalpindi,186.44674451616072,µg/m³,2
2025-12-15 21:00:00+00:00,Rawalpindi,144.63843768437704,µg/m³,2
2025-12-15 22:00:00+00:00,Rawalpindi,126.93666674296061,µg/m³,2
2025-12-15 23:00:00+00:00,Rawalpindi,140.940923637814,µg/m³,2
2025-12-16 00:00:00+00:00,Rawalpindi,158.07234027650622,µg/m³,2
2025-12-16 01:00:00+00:00,Rawalpindi,155.29002785152858,µg/m³,2
2025-12-16 02:00:00+00:00,Rawalpindi,151.17345134947038,µg/m³,2
2025-12-16 03:00:00+00:00,Rawalpindi,159.0561032295227,µg/m³,2
2025-12-16 04:00:00+00:00,Rawalpindi,169.94483331044515,µg/m³,2
2025-12-16 05:00:00+00:00,Rawalpindi,180.93404766264416,µg/m³,2
2025-12-16 06:00:00+00:00,Rawalpindi,189.13024561140273,µg/m³,2
2025-12-16 07:00:00+00:00,Rawalpindi,184.9282922108968,µg/m³,2
2025-12-16 08:00:00+00:00,Rawalpindi,204.19937400817872,µg/m³,2
2025-12-16 09:00:00+00:00,Rawalpindi,144.75018803278607,µg/m³,2
2025-12-16 10:00:00+00:00,Rawalpindi,120.59397923151653,µg/m³,2
2025-12-16 11:00:00+00:00,Rawalpindi,124.09441668192545,µg/m³,2
2025-12-16 12:00:00+00:00,Rawalpindi,115.69647212558323,µg/m³,2
2025-12-16 13:00:00+00:00,Rawalpindi,123.36674995422365,µg/m³,2
2025-12-16 14:00:00+00:00,Rawalpindi,133.95141665140787,µg/m³,2
2025-12-16 15:00:00+00:00,Rawalpindi,174.88058306376138,µg/m³,2
2025-12-16 16:00:00+00:00,Rawalpindi,147.45535434087117,µg/m³,2
2025-12-16 17:00:00+00:00,Rawalpindi,146.18827091852825,µg/m³,2
2025-12-16 18:00:00+00:00,Rawalpindi,170.27066637674966,µg/m³,2
2025-12-16 19:00:00+00:00,Rawalpindi,139.85116653442384,µg/m³,2
2025-12-16 20:00:00+00:00,Rawalpindi,117.44025001525878,µg/m³,2
2025-12-16 21:00:00+00:00,Rawalpindi,117.46291643778483,µg/m³,2
2025-12-16 22:00:00+00:00,Rawalpindi,141.4174791018168,µg/m³,2
2025-12-16 23:00:00+00:00,Rawalpindi,141.4901667277018,µg/m³,2
2025-12-17 00:00:00+00:00,Rawalpindi,111.18891665140788,µg/m³,2
2025-12-17 01:00:00+00:00,Rawalpindi,85.61949996948243,µg/m³,2
2025-12-17 02:00:00+00:00,Rawalpindi,115.30391680399575,µg/m³,2
2025-12-17 03:00:00+00:00,Rawalpindi,136.16920846303302,µg/m³,2
2025-12-17 04:00:00+00:00,Rawalpindi,200.22262477874756,µg/m³,1
2025-12-17 05:00:00+00:00,Rawalpindi,164.5853333791097,µg/m³,1
2025-12-17 06:00:00+00:00,Rawalpindi,210.4432498931885,µg/m³,1
2025-12-17 07:00:00+00:00,Rawalpindi,208.17693051232231,µg/m³,1
2025-12-17 09:00:00+00:00,Rawalpindi,132.4237497965495,µg/m³,2
2025-12-17 10:00:00+00:00,Rawalpindi,137.4706667582194,µg/m³,2
2025-12-17 11:00:00+00:00,Rawalpindi,141.79158337910968,µg/m³,2
2025-12-17 12:00:00+00:00,Rawalpindi,161.019500096639,µg/m³,2
2025-12-17 13:00:00+00:00,Rawalpindi,178.14716695149738,µg/m³,2
2025-12-17 14:00:00+00:00,Rawalpindi,200.05266621907552,µg/m³,2
2025-12-17 15:00:00+00:00,Rawalpindi,217.17899932861332,µg/m³,2
2025-12-17 16:00:00+00:00,Rawalpindi,191.0067492167155,µg/m³,2
2025-12-17 17:00:00+00:00,Rawalpindi,134.97077080408732,µg/m³,2
2025-12-17 18:00:00+00:00,Rawalpindi,167.60283292134602,µg/m³,2
2025-12-17 19:00:00+00:00,Rawalpindi,154.21404158274333,µg/m³,2
2025-12-17 20:00:00+00:00,Rawalpindi,175.54458401997883,µg/m³,2
2025-12-17 21:00:00+00:00,Rawalpindi,140.0918332417806,µg/m³,2
2025-12-17 22:00:00+00:00,Rawalpindi,119.79008344014487,µg/m³,2
2025-12-17 23:00:00+00:00,Rawalpindi,139.1748334248861,µg/m³,2
2025-12-18 00:00:00+00:00,Rawalpindi,153.9968335469564,µg/m³,2
2025-12-18 01:00:00+00:00,Rawalpindi,153.32418185147372,µg/m³,2
2025-12-18 02:00:00+00:00,Rawalpindi,163.63333333333333,µg/m³,2
2025-12-18 03:00:00+00:00,Rawalpindi,199.43766657511395,µg/m³,2
2025-12-18 04:00:00+00:00,Rawalpindi,212.95570824941,µg/m³,1
2025-12-18 05:00:00+00:00,Rawalpindi,217.31166674296063,µg/m³,1
2025-12-18 06:00:00+00:00,Rawalpindi,233.75299987792968,µg/m³,1
2025-12-18 07:00:00+00:00,Rawalpindi,287.70909118652344,µg/m³,1
2025-12-18 08:00:00+00:00,Rawalpindi,148.54150009155273,µg/m³,2
2025-12-18 09:00:00+00:00,Rawalpindi,151.0296667734782,µg/m³,2
2025-12-18 10:00:00+00:00,Rawalpindi,149.13866678873697,µg/m³,2
2025-12-18 11:00:00+00:00,Rawalpindi,157.2430000998757,µg/m³,2
2025-12-18 12:00:00+00:00,Rawalpindi,176.65716654459635,µg/m³,2
2025-12-18 13:00:00+00:00,Rawalpindi,214.34858334859211,µg/m³,2
2025-12-18 14:00:00+00:00,Rawalpindi,224.1430834452311,µg/m³,2
2025-12-18 15:00:00+00:00,Rawalpindi,231.63500111897784,µg/m³,2
2025-12-18 16:00:00+00:00,Rawalpindi,224.19024988810222,µg/m³,2
2025-12-18 17:00:00+00:00,Rawalpindi,199.8778335571289,µg/m³,2
2025-12-18 18:00:00+00:00,Rawalpindi,210.24716669718424,µg/m³,2
2025-12-18 19:00:00+00:00,Rawalpindi,174.0515832265218,µg/m³,2
2025-12-18 20:00:00+00:00,Rawalpindi,165.60691668192544,µg/m³,2
2025-12-18 21:00:00+00:00,Rawalpindi,168.1056666056315,µg/m³,2
2025-12-18 22:00:00+00:00,Rawalpindi,169.5611666361491,µg/m³,2
2025-12-18 23:00:00+00:00,Rawalpindi,133.723833211263,µg/m³,2
2025-12-19 00:00:00+00:00,Rawalpindi,134.93041674296063,µg/m³,2
2025-12-19 01:00:00+00:00,Rawalpindi,140.8625,µg/m³,2
2025-12-19 02:00:00+00:00,Rawalpindi,170.18758341471354,µg/m³,2
2025-12-19 03:00:00+00:00,Rawalpindi,188.69785948859322,µg/m³,2
2025-12-19 04:00:00+00:00,Rawalpindi,188.39475034077958,µg/m³,2
2025-12-19 05:00:00+00:00,Rawalpindi,169.09291674296065,µg/m³,2
2025-12-19 06:00:00+00:00,Rawalpindi,169.1252498626709,µg/m³,2
2025-12-19 07:00:00+00:00,Rawalpindi,195.79441655476887,µg/m³,2
2025-12-19 08:00:00+00:00,Rawalpindi,213.53741633097331,µg/m³,2
2025-12-19 09:00:00+00:00,Rawalpindi,214.63883310953779,µg/m³,2
2025-12-19 10:00:00+00:00,Rawalpindi,138.1554163614909,µg/m³,2
2025-12-19 11:00:00+00:00,Rawalpindi,168.91516660054526,µg/m³,2
2025-12-19 12:00:00+00:00,Rawalpindi,199.98058344523113,µg/m³,2
2025-12-19 13:00:00+00:00,Rawalpindi,202.54566599527996,µg/m³,2
2025-12-19 14:00:00+00:00,Rawalpindi,217.23358434041342,µg/m³,2
2025-12-19 15:00:00+00:00,Rawalpindi,207.67899932861326,µg/m³,2
2025-12-19 16:00:00+00:00,Rawalpindi,185.9346664428711,µg/m³,2
2025-12-19 17:00:00+00:00,Rawalpindi,186.9875,µg/m³,2
2025-12-19 18:00:00+00:00,Rawalpindi,184.5377510070801,µg/m³,2
2025-12-19 19:00:00+00:00,Rawalpindi,181.59866638183593,µg/m³,2
2025-12-19 20:00:00+00:00,Rawalpindi,160.74716669718424,µg/m³,2
2025-12-19 21:00:00+00:00,Rawalpindi,142.73916651407876,µg/m³,2
2025-12-19 22:00:00+00:00,Rawalpindi,155.3752497355143,µg/m³,2
2025-12-19 23:00:00+00:00,Rawalpindi,146.35974998474123,µg/m³,2
2025-12-20 00:00:00+00:00,Rawalpindi,145.73608334859213,µg/m³,2
2025-12-20 01:00:00+00:00,Rawalpindi,133.7150000254313,µg/m³,2
2025-12-20 02:00:00+00:00,Rawalpindi,131.23474998474123,µg/m³,2
2025-12-20 03:00:00+00:00,Rawalpindi,159.11949996948243,µg/m³,2
2025-12-20 04:00:00+00:00,Rawalpindi,161.39300003051756,µg/m³,2
2025-12-20 05:00:00+00:00,Rawalpindi,164.73733355204266,µg/m³,2
2025-12-20 06:00:00+00:00,Rawalpindi,168.08458353678384,µg/m³,2
2025-12-20 07:00:00+00:00,Rawalpindi,165.37791659037273,µg/m³,2
2025-12-20 08:00:00+00:00,Rawalpindi,174.6442501068115,µg/m³,2
2025-12-20 09:00:00+00:00,Rawalpindi,166.04308255513507,µg/m³,2
2025-12-20 10:00:00+00:00,Rawalpindi,171.30683301289878,µg/m³,2
2025-12-20 11:00:00+00:00,Rawalpindi,178.0639998118083,µg/m³,2
2025-12-20 12:00:00+00:00,Rawalpindi,224.42633310953778,µg/m³,2
2025-12-20 13:00:00+00:00,Rawalpindi,241.09849955240884,µg/m³,2
2025-12-20 14:00:00+00:00,Rawalpindi,247.48299865722655,µg/m³,2
2025-12-20 15:00:00+00:00,Rawalpindi,250.22908299763998,µg/m³,2
2025-12-20 16:00:00+00:00,Rawalpindi,253.1153335571289,µg/m³,2
2025-12-20 17:00:00+00:00,Rawalpindi,233.82908299763997,µg/m³,2
2025-12-20 18:00:00+00:00,Rawalpindi,238.4567492167155,µg/m³,2
2025-12-20 19:00:00+00:00,Rawalpindi,233.42933400472006,µg/m³,2
2025-12-20 20:00:00+00:00,Rawalpindi,224.74316711425783,µg/m³,2
2025-12-20 21:00:00+00:00,Rawalpindi,196.40008328755695,µg/m³,2
2025-12-20 22:00:00+00:00,Rawalpindi,180.70266672770185,µg/m³,2
2025-12-20 23:00:00+00:00,Rawalpindi,179.85558331807454,µg/m³,2
2025-12-21 00:00:00+00:00,Rawalpindi,188.38716659545898,µg/m³,2
2025-12-21 01:00:00+00:00,Rawalpindi,175.72341677347816,µg/m³,2
2025-12-21 02:00:00+00:00,Rawalpindi,166.84716669718426,µg/m³,2
2025-12-21 03:00:00+00:00,Rawalpindi,187.69591598510743,µg/m³,2
2025-12-21 04:00:00+00:00,Rawalpindi,196.03741671244302,µg/m³,2
2025-12-21 05:00:00+00:00,Rawalpindi,177.07075004577638,µg/m³,2
2025-12-21 06:00:00+00:00,Rawalpindi,162.06241671244302,µg/m³,2
2025-12-21 07:00:00+00:00,Rawalpindi,157.33766657511393,µg/m³,2
2025-12-21 08:00:00+00:00,Rawalpindi,144.24300003051758,µg/m³,2
2025-12-21 09:00:00+00:00,Rawalpindi,131.06139586766562,µg/m³,2
2025-12-21 10:00:00+00:00,Rawalpindi,95.11854159037273,µg/m³,2
2025-12-21 11:00:00+00:00,Rawalpindi,98.22899983723957,µg/m³,2
2025-12-21 12:00:00+00:00,Rawalpindi,86.16391665140787,µg/m³,2
2025-12-21 13:00:00+00:00,Rawalpindi,92.92358334859212,µg/m³,2
2025-12-21 14:00:00+00:00,Rawalpindi,91.85433324178061,µg/m³,2
2025-12-21 15:00:00+00:00,Rawalpindi,68.55449981689453,µg/m³,2
2025-12-21 16:00:00+00:00,Rawalpindi,71.99825019836426,µg/m³,2
2025-12-21 17:00:00+00:00,Rawalpindi,101.68058331807455,µg/m³,2
2025-12-21 18:00:00+00:00,Rawalpindi,111.2195832570394,µg/m³,2
2025-12-21 19:00:00+00:00,Rawalpindi,114.51391665140788,µg/m³,2
2025-12-21 20:00:00+00:00,Rawalpindi,111.72366663614909,µg/m³,2
2025-12-21 21:00:00+00:00,Rawalpindi,121.52791659037274,µg/m³,2
2025-12-21 22:00:00+00:00,Rawalpindi,118.83608334859213,µg/m³,2
2025-12-21 23:00:00+00:00,Rawalpindi,117.63066660563152,µg/m³,2
2025-12-22 00:00:00+00:00,Rawalpindi,121.46933339436849,µg/m³,2
2025-12-22 01:00:00+00:00,Rawalpindi,118.58466669718426,µg/m³,2
2025-12-22 02:00:00+00:00,Rawalpindi,117.17377099990847,µg/m³,2
2025-12-22 03:00:00+00:00,Rawalpindi,112.36195844014486,µg/m³,2
2025-12-22 04:00:00+00:00,Rawalpindi,115.848527569241,µg/m³,2
2025-12-22 05:00:00+00:00,Rawalpindi,108.47270137998791,µg/m³,2
2025-12-22 06:00:00+00:00,Rawalpindi,83.21666666666667,µg/m³,2
2025-12-22 07:00:00+00:00,Rawalpindi,59.39958356221517,µg/m³,2
2025-12-22 08:00:00+00:00,Rawalpindi,45.7081667582194,µg/m³,1
2025-12-22 09:00:00+00:00,Rawalpindi,49.12423614925808,µg/m³,2
2025-12-22 10:00:00+00:00,Rawalpindi,45.294208463033044,µg/m³,2
2025-12-22 11:00:00+00:00,Rawalpindi,48.66516672770182,µg/m³,2
2025-12-22 12:00:00+00:00,Rawalpindi,65.11399993896484,µg/m³,2
2025-12-22 13:00:00+00:00,Rawalpindi,84.99724998474122,µg/m³,2
2025-12-22 14:00:00+00:00,Rawalpindi,76.40416666666667,µg/m³,2
2025-12-22 15:00:00+00:00,Rawalpindi,74.74575004577638,µg/m³,2
2025-12-22 16:00:00+00:00,Rawalpindi,88.75983327229818,µg/m³,2
2025-12-22 17:00:00+00:00,Rawalpindi,78.1540833791097,µg/m³,2
2025-12-22 18:00:00+00:00,Rawalpindi,67.19183324178061,µg/m³,2
2025-12-22 19:00:00+00:00,Rawalpindi,97.59283345540365,µg/m³,2
2025-12-22 20:00:00+00:00,Rawalpindi,94.39724998474121,µg/m³,2
2025-12-22 21:00:00+00:00,Rawalpindi,83.69158337910972,µg/m³,2
2025-12-22 22:00:00+00:00,Rawalpindi,65.08441683451335,µg/m³,2
2025-12-22 23:00:00+00:00,Rawalpindi,51.4622501373291,µg/m³,2
2025-12-23 00:00:00+00:00,Rawalpindi,43.88041674296061,µg/m³,2
2025-12-23 01:00:00+00:00,Rawalpindi,57.1834166208903,µg/m³,2
2025-12-23 02:00:00+00:00,Rawalpindi,55.41108334859213,µg/m³,2
2025-12-23 03:00:00+00:00,Rawalpindi,67.77552774217394,µg/m³,2
2025-12-23 04:00:00+00:00,Rawalpindi,76.69747208489312,µg/m³,2
2025-12-23 05:00:00+00:00,Rawalpindi,51.882667032877606,µg/m³,1
2025-12-23 06:00:00+00:00,Rawalpindi,33.714110957251656,µg/m³,1
2025-12-23 07:00:00+00:00,Rawalpindi,37.59733327229818,µg/m³,1
2025-12-23 08:00:00+00:00,Rawalpindi,40.43050003051758,µg/m³,1
2025-12-23 09:00:00+00:00,Rawalpindi,41.77211117214627,µg/m³,1
2025-12-23 10:00:00+00:00,Rawalpindi,44.93583348592122,µg/m³,1
2025-12-23 11:00:00+00:00,Rawalpindi,52.82216669718425,µg/m³,1
2025-12-23 12:00:00+00:00,Rawalpindi,54.87750015258789,µg/m³,1
2025-12-23 13:00:00+00:00,Rawalpindi,58.399333699544265,µg/m³,1
2025-12-23 14:00:00+00:00,Rawalpindi,74.25283330281574,µg/m³,1
2025-12-23 15:00:00+00:00,Rawalpindi,73.42750015258788,µg/m³,1
2025-12-23 16:00:00+00:00,Rawalpindi,65.70533345540365,µg/m³,1
2025-12-23 17:00:00+00:00,Rawalpindi,59.424666849772144,µg/m³,1
2025-12-23 18:00:00+00:00,Rawalpindi,74.42516657511395,µg/m³,1
2025-12-23 19:00:00+00:00,Rawalpindi,104.25533345540366,µg/m³,1
2025-12-23 20:00:00+00:00,Rawalpindi,103.96966654459635,µg/m³,1
2025-12-23 21:00:00+00:00,Rawalpindi,95.61633351643879,µg/m³,1
2025-12-23 22:00:00+00:00,Rawalpindi,87.7163335164388,µg/m³,1
2025-12-23 23:00:00+00:00,Rawalpindi,69.4029998779297,µg/m³,1
2025-12-24 00:00:00+00:00,Rawalpindi,60.984332784016914,µg/m³,1
2025-12-24 01:00:00+00:00,Rawalpindi,56.34116694132487,µg/m³,1
2025-12-24 02:00:00+00:00,Rawalpindi,78.54150009155273,µg/m³,1
2025-12-24 03:00:00+00:00,Rawalpindi,70.26633351643879,µg/m³,1
2025-12-24 04:00:00+00:00,Rawalpindi,93.18008333841959,µg/m³,1
2025-12-24 05:00:00+00:00,Rawalpindi,99.50754172007242,µg/m³,1
2025-12-24 06:00:00+00:00,Rawalpindi,137.74951390160453,µg/m³,1
2025-12-24 07:00:00+00:00,Rawalpindi,61.92266642252604,µg/m³,1
2025-12-24 08:00:00+00:00,Rawalpindi,60.08349994023641,µg/m³,1
2025-12-24 09:00:00+00:00,Rawalpindi,43.6336664835612,µg/m³,1
2025-12-24 10:00:00+00:00,Rawalpindi,29.352375030517578,µg/m³,2
2025-12-24 11:00:00+00:00,Rawalpindi,30.333166758219406,µg/m³,2
2025-12-24 12:00:00+00:00,Rawalpindi,40.665166727701816,µg/m³,2
2025-12-24 13:00:00+00:00,Rawalpindi,49.79177077611288,µg/m³,2
2025-12-24 14:00:00+00:00,Rawalpindi,50.236916605631514,µg/m³,2
2025-12-24 15:00:00+00:00,Rawalpindi,69.59223617977565,µg/m³,2
2025-12-24 16:00:00+00:00,Rawalpindi,94.8473332722982,µg/m³,2
2025-12-24 17:00:00+00:00,Rawalpindi,75.69724998474122,µg/m³,2
2025-12-24 18:00:00+00:00,Rawalpindi,70.21233342488605,µg/m³,2
2025-12-24 19:00:00+00:00,Rawalpindi,59.27768742243449,µg/m³,2
2025-12-24 20:00:00+00:00,Rawalpindi,59.75847908655802,µg/m³,2
2025-12-24 21:00:00+00:00,Rawalpindi,48.18899993896484,µg/m³,2
2025-12-24 22:00:00+00:00,Rawalpindi,71.0695832570394,µg/m³,2
2025-12-24 23:00:00+00:00,Rawalpindi,66.54700012207033,µg/m³,2
2025-12-25 00:00:00+00:00,Rawalpindi,77.81541659037272,µg/m³,2
2025-12-25 01:00:00+00:00,Rawalpindi,50.519416681925456,µg/m³,2
2025-12-25 02:00:00+00:00,Rawalpindi,38.599999999999994,µg/m³,2
2025-12-25 03:00:00+00:00,Rawalpindi,53.19008344014486,µg/m³,2
2025-12-25 04:00:00+00:00,Rawalpindi,61.22647892634073,µg/m³,2
2025-12-25 05:00:00+00:00,Rawalpindi,53.268083318074545,µg/m³,2
2025-12-25 06:00:00+00:00,Rawalpindi,80.63660427729289,µg/m³,2
2025-12-25 07:00:00+00:00,Rawalpindi,67.79852782355414,µg/m³,2
2025-12-25 08:00:00+00:00,Rawalpindi,53.431999969482426,µg/m³,2
2025-12-25 09:00:00+00:00,Rawalpindi,51.74583333333334,µg/m³,2
2025-12-25 10:00:00+00:00,Rawalpindi,35.15259837526264,µg/m³,2
2025-12-25 11:00:00+00:00,Rawalpindi,39.39283345540365,µg/m³,2
2025-12-25 12:00:00+00:00,Rawalpindi,56.68766657511393,µg/m³,2
2025-12-25 13:00:00+00:00,Rawalpindi,69.68616663614908,µg/m³,2
2025-12-25 14:00:00+00:00,Rawalpindi,75.83483327229817,µg/m³,2
2025-12-25 15:00:00+00:00,Rawalpindi,99.58725013732912,µg/m³,2
2025-12-25 16:00:00+00:00,Rawalpindi,111.73883336385092,µg/m³,2
2025-12-25 17:00:00+00:00,Rawalpindi,97.59308331807455,µg/m³,2
2025-12-25 18:00:00+00:00,Rawalpindi,84.35133336385091,µg/m³,2
2025-12-25 19:00:00+00:00,Rawalpindi,83.46516672770183,µg/m³,2
2025-12-25 20:00:00+00:00,Rawalpindi,80.85675010681152,µg/m³,2
2025-12-25 21:00:00+00:00,Rawalpindi,70.31241671244304,µg/m³,2
2025-12-25 22:00:00+00:00,Rawalpindi,57.419416681925455,µg/m³,2
2025-12-25 23:00:00+00:00,Rawalpindi,53.61258328755696,µg/m³,2
2025-12-26 00:00:00+00:00,Rawalpindi,52.9413335164388,µg/m³,2
2025-12-26 01:00:00+00:00,Rawalpindi,56.59049987792969,µg/m³,2
2025-12-26 02:00:00+00:00,Rawalpindi,73.49283345540366,µg/m³,2
2025-12-26 03:00:00+00:00,Rawalpindi,132.04466654459637,µg/m³,1
2025-12-26 04:00:00+00:00,Rawalpindi,85.88608334859212,µg/m³,2
2025-12-26 05:00:00+00:00,Rawalpindi,85.20541674296061,µg/m³,2
2025-12-26 06:00:00+00:00,Rawalpindi,106.88766657511394,µg/m³,2
2025-12-26 07:00:00+00:00,Rawalpindi,113.34466654459634,µg/m³,1
2025-12-26 08:00:00+00:00,Rawalpindi,85.76036376953124,µg/m³,1
2025-12-26 09:00:00+00:00,Rawalpindi,72.73762493133545,µg/m³,1
2025-12-26 10:00:00+00:00,Rawalpindi,77.58316675821939,µg/m³,1
2025-12-26 11:00:00+00:00,Rawalpindi,94.7081667582194,µg/m³,1
2025-12-26 12:00:00+00:00,Rawalpindi,131.42816645304362,µg/m³,1
2025-12-26 13:00:00+00:00,Rawalpindi,183.5111666361491,µg/m³,1
2025-12-26 14:00:00+00:00,Rawalpindi,196.71983311971027,µg/m³,1
2025-12-26 15:00:00+00:00,Rawalpindi,197.4581667582194,µg/m³,1
2025-12-26 16:00:00+00:00,Rawalpindi,194.23316675821943,µg/m³,1
2025-12-26 17:00:00+00:00,Rawalpindi,190.0720001220703,µg/m³,1
2025-12-26 18:00:00+00:00,Rawalpindi,144.46716639200847,µg/m³,1
2025-12-26 19:00:00+00:00,Rawalpindi,192.56166636149086,µg/m³,1
2025-12-26 20:00:00+00:00,Rawalpindi,189.23366648356125,µg/m³,1
2025-12-26 21:00:00+00:00,Rawalpindi,125.86949996948242,µg/m³,1
2025-12-26 22:00:00+00:00,Rawalpindi,106.08349990844727,µg/m³,1
2025-12-26 23:00:00+00:00,Rawalpindi,131.8861666361491,µg/m³,1
2025-12-27 00:00:00+00:00,Rawalpindi,128.7918332417806,µg/m³,1
2025-12-27 01:00:00+00:00,Rawalpindi,86.01898610856797,µg/m³,1
2025-12-27 02:00:00+00:00,Rawalpindi,98.85454146067299,µg/m³,1
2025-12-27 03:00:00+00:00,Rawalpindi,140.10533345540364,µg/m³,1
2025-12-27 04:00:00+00:00,Rawalpindi,217.72233301798505,µg/m³,1
2025-12-27 05:00:00+00:00,Rawalpindi,217.1473332722982,µg/m³,1
2025-12-27 06:00:00+00:00,Rawalpindi,185.98349990844724,µg/m³,1
2025-12-27 07:00:00+00:00,Rawalpindi,161.50033315022785,µg/m³,1
2025-12-27 08:00:00+00:00,Rawalpindi,174.75783360799153,µg/m³,1
2025-12-27 09:00:00+00:00,Rawalpindi,138.513666788737,µg/m³,1
2025-12-27 10:00:00+00:00,Rawalpindi,210.7278330485026,µg/m³,1
2025-12-27 11:00:00+00:00,Rawalpindi,202.1970001220703,µg/m³,1
2025-12-27 12:00:00+00:00,Rawalpindi,190.61399993896487,µg/m³,1
2025-12-27 13:00:00+00:00,Rawalpindi,196.33066736857097,µg/m³,1
2025-12-27 14:00:00+00:00,Rawalpindi,285.00866800944016,µg/m³,1
2025-12-27 15:00:00+00:00,Rawalpindi,292.9939982096354,µg/m³,1
2025-12-27 16:00:00+00:00,Rawalpindi,306.34733378092454,µg/m³,1
2025-12-27 17:00:00+00:00,Rawalpindi,262.28933486938473,µg/m³,1
2025-12-27 18:00:00+00:00,Rawalpindi,231.84766642252603,µg/m³,1
2025-12-27 19:00:00+00:00,Rawalpindi,206.67566630045573,µg/m³,1
2025-12-27 20:00:00+00:00,Rawalpindi,148.8973332722982,µg/m³,1
2025-12-27 21:00:00+00:00,Rawalpindi,131.33066660563154,µg/m³,1
2025-12-27 22:00:00+00:00,Rawalpindi,118.93033345540363,µg/m³,1
2025-12-27 23:00:00+00:00,Rawalpindi,123.04416681925458,µg/m³,1
2025-12-28 00:00:00+00:00,Rawalpindi,114.18616663614908,µg/m³,1
2025-12-28 01:00:00+00:00,Rawalpindi,106.23600006103516,µg/m³,1
2025-12-28 02:00:00+00:00,Rawalpindi,110.43916651407876,µg/m³,1
2025-12-28 03:00:00+00:00,Rawalpindi,160.20583318074543,µg/m³,1
2025-12-28 04:00:00+00:00,Rawalpindi,135.3193333943685,µg/m³,1
2025-12-28 05:00:00+00:00,Rawalpindi,156.08866678873696,µg/m³,1
2025-12-28 06:00:00+00:00,Rawalpindi,154.79733327229818,µg/m³,1
2025-12-28 07:00:00+00:00,Rawalpindi,152.45550003051758,µg/m³,1
2025-12-28 08:00:00+00:00,Rawalpindi,135.1586664835612,µg/m³,1
2025-12-28 09:00:00+00:00,Rawalpindi,139.5004997253418,µg/m³,1
2025-12-28 10:00:00+00:00,Rawalpindi,138.49449996948243,µg/m³,1
2025-12-28 11:00:00+00:00,Rawalpindi,136.43949966430662,µg/m³,1
2025-12-28 12:00:00+00:00,Rawalpindi,144.99533284505208,µg/m³,1
2025-12-28 13:00:00+00:00,Rawalpindi,202.79999999999998,µg/m³,1
2025-12-28 14:00:00+00:00,Rawalpindi,227.61666666666667,µg/m³,1
2025-12-28 15:00:00+00:00,Rawalpindi,216.41983311971026,µg/m³,1
2025-12-28 16:00:00+00:00,Rawalpindi,203.6254997253418,µg/m³,1
2025-12-28 17:00:00+00:00,Rawalpindi,208.48850021362304,µg/m³,1
2025-12-28 18:00:00+00:00,Rawalpindi,252.25566660563152,µg/m³,1
2025-12-28 19:00:00+00:00,Rawalpindi,248.79449996948242,µg/m³,1
2025-12-28 20:00:00+00:00,Rawalpindi,195.588500213623,µg/m³,1
2025-12-28 21:00:00+00:00,Rawalpindi,187.85883305867512,µg/m³,1
2025-12-28 22:00:00+00:00,Rawalpindi,200.5861666361491,µg/m³,1
2025-12-28 23:00:00+00:00,Rawalpindi,219.52799987792972,µg/m³,1
2025-12-29 00:00:00+00:00,Rawalpindi,216.7693328857422,µg/m³,1
2025-12-29 01:00:00+00:00,Rawalpindi,178.77516657511396,µg/m³,1
2025-12-29 02:00:00+00:00,Rawalpindi,147.64766642252604,µg/m³,1
2025-12-29 03:00:00+00:00,Rawalpindi,269.4353307088216,µg/m³,1
2025-12-29 04:00:00+00:00,Rawalpindi,258.7773312886556,µg/m³,1
2025-12-29 05:00:00+00:00,Rawalpindi,337.75986073811845,µg/m³,1
2025-12-29 06:00:00+00:00,Rawalpindi,357.52500000000003,µg/m³,1
2025-12-29 07:00:00+00:00,Rawalpindi,320.2389744228787,µg/m³,1
2025-12-29 08:00:00+00:00,Rawalpindi,268.2865427017212,µg/m³,1
2025-12-29 09:00:00+00:00,Rawalpindi,329.0258766598172,µg/m³,1
2025-12-29 10:00:00+00:00,Rawalpindi,200.62149912516273,µg/m³,1
2025-12-29 11:00:00+00:00,Rawalpindi,180.23649978637695,µg/m³,1
2025-12-29 12:00:00+00:00,Rawalpindi,214.02216669718425,µg/m³,1
2025-12-29 13:00:00+00:00,Rawalpindi,251.02799962361658,µg/m³,1
2025-12-29 14:00:00+00:00,Rawalpindi,341.527833557129,µg/m³,1
2025-12-29 15:00:00+00:00,Rawalpindi,341.1476684570313,µg/m³,1
2025-12-29 16:00:00+00:00,Rawalpindi,291.84466756184895,µg/m³,1
2025-12-29 17:00:00+00:00,Rawalpindi,275.5609995524089,µg/m³,1
2025-12-29 18:00:00+00:00,Rawalpindi,259.50300038655604,µg/m³,1
2025-12-29 19:00:00+00:00,Rawalpindi,228.37583491007487,µg/m³,1
2025-12-29 20:00:00+00:00,Rawalpindi,185.6276667277018,µg/m³,1
2025-12-29 21:00:00+00:00,Rawalpindi,179.5331667582194,µg/m³,1
2025-12-29 22:00:00+00:00,Rawalpindi,178.2828336079915,µg/m³,1
2025-12-29 23:00:00+00:00,Rawalpindi,157.61083348592123,µg/m³,1
2025-12-30 00:00:00+00:00,Rawalpindi,184.98033345540364,µg/m³,1
2025-12-30 01:00:00+00:00,Rawalpindi,237.17283299763994,µg/m³,1
2025-12-30 02:00:00+00:00,Rawalpindi,212.6003331502279,µg/m³,1
2025-12-30 03:00:00+00:00,Rawalpindi,177.45483373006184,µg/m³,1
2025-12-30 06:00:00+00:00,Rawalpindi,242.12688869900174,µg/m³,1
2025-12-30 07:00:00+00:00,Rawalpindi,298.0412483215332,µg/m³,1
2025-12-30 08:00:00+00:00,Rawalpindi,265.8767486572266,µg/m³,1
2025-12-30 09:00:00+00:00,Rawalpindi,231.0419722451104,µg/m³,1
2025-12-30 10:00:00+00:00,Rawalpindi,176.06075019836427,µg/m³,1
2025-12-30 11:00:00+00:00,Rawalpindi,178.74141680399578,µg/m³,1
2025-12-30 12:00:00+00:00,Rawalpindi,198.0270004272461,µg/m³,1
2025-12-30 13:00:00+00:00,Rawalpindi,238.28333282470703,µg/m³,1
2025-12-30 14:00:00+00:00,Rawalpindi,255.14366607666014,µg/m³,1
2025-12-30 15:00:00+00:00,Rawalpindi,242.7954175313314,µg/m³,1
2025-12-30 16:00:00+00:00,Rawalpindi,295.3058344523112,µg/m³,1
2025-12-30 17:00:00+00:00,Rawalpindi,286.069667561849,µg/m³,1
2025-12-30 19:00:00+00:00,Rawalpindi,277.3948351542155,µg/m³,1
2025-12-30 20:00:00+00:00,Rawalpindi,238.0918332417806,µg/m³,1
2025-12-30 21:00:00+00:00,Rawalpindi,263.0262228224012,µg/m³,1
2025-12-30 22:00:00+00:00,Rawalpindi,298.9928315056695,µg/m³,1
2025-12-30 23:00:00+00:00,Rawalpindi,289.40833333333336,µg/m³,1
2025-12-31 00:00:00+00:00,Rawalpindi,296.5306671142578,µg/m³,1
2025-12-31 01:00:00+00:00,Rawalpindi,256.208832804362,µg/m³,1
2025-12-31 02:00:00+00:00,Rawalpindi,270.16416676839196,µg/m³,1
2025-12-31 03:00:00+00:00,Rawalpindi,242.16820844014487,µg/m³,1
2025-12-31 04:00:00+00:00,Rawalpindi,253.12451282077367,µg/m³,1
2025-12-31 05:00:00+00:00,Rawalpindi,298.5144578297933,µg/m³,1
2025-12-31 06:00:00+00:00,Rawalpindi,337.56043872255265,µg/m³,1
2025-12-31 07:00:00+00:00,Rawalpindi,331.178500366211,µg/m³,1
2025-12-31 08:00:00+00:00,Rawalpindi,249.64716542561848,µg/m³,1
2025-12-31 09:00:00+00:00,Rawalpindi,253.9683621493253,µg/m³,1
2025-12-31 10:00:00+00:00,Rawalpindi,159.1200557284885,µg/m³,1
2025-12-31 11:00:00+00:00,Rawalpindi,133.55037504831947,µg/m³,1
2025-12-31 12:00:00+00:00,Rawalpindi,141.6586664835612,µg/m³,1
2025-12-31 13:00:00+00:00,Rawalpindi,121.13583348592122,µg/m³,1
2025-12-31 14:00:00+00:00,Rawalpindi,168.35849990844727,µg/m³,1
2025-12-31 15:00:00+00:00,Rawalpindi,161.71350021362304,µg/m³,1
2025-12-31 16:00:00+00:00,Rawalpindi,146.1979995727539,µg/m³,1
2025-12-31 17:00:00+00:00,Rawalpindi,132.49166666666667,µg/m³,1
2025-12-31 18:00:00+00:00,Rawalpindi,115.90800018310547,µg/m³,1
2025-12-31 19:00:00+00:00,Rawalpindi,119.43866678873697,µg/m³,1
2025-12-31 20:00:00+00:00,Rawalpindi,130.10349960327147,µg/m³,1
2025-12-31 21:00:00+00:00,Rawalpindi,61.21100006103516,µg/m³,1
2025-12-31 22:00:00+00:00,Rawalpindi,40.69199981689453,µg/m³,1
2025-12-31 23:00:00+00:00,Rawalpindi,42.23250045776367,µg/m³,1
2026-01-01 00:00:00+00:00,Rawalpindi,44.571250152587886,µg/m³,1
2026-01-01 01:00:00+00:00,Rawalpindi,48.00141665140788,µg/m³,1
2026-01-01 02:00:00+00:00,Rawalpindi,47.5918332417806,µg/m³,1
2026-01-01 03:00:00+00:00,Rawalpindi,66.67958348592121,µg/m³,1
2026-01-01 04:00:00+00:00,Rawalpindi,68.65533345540365,µg/m³,1
2026-01-01 05:00:00+00:00,Rawalpindi,100.95516688028971,µg/m³,1
2026-01-01 06:00:00+00:00,Rawalpindi,92.1142361746894,µg/m³,1
2026-01-01 07:00:00+00:00,Rawalpindi,87.11849975585938,µg/m³,1
2026-01-01 08:00:00+00:00,Rawalpindi,92.16133321126303,µg/m³,1
2026-01-01 09:00:00+00:00,Rawalpindi,78.28649978637696,µg/m³,1
2026-01-01 10:00:00+00:00,Rawalpindi,67.92533315022786,µg/m³,1
2026-01-01 11:00:00+00:00,Rawalpindi,71.68145474520598,µg/m³,1
2026-01-01 12:00:00+00:00,Rawalpindi,81.27166697184245,µg/m³,1
2026-01-01 13:00:00+00:00,Rawalpindi,104.875,µg/m³,1
2026-01-01 14:00:00+00:00,Rawalpindi,152.21650009155275,µg/m³,1
2026-01-01 15:00:00+00:00,Rawalpindi,176.30500030517578,µg/m³,1
2026-01-01 16:00:00+00:00,Rawalpindi,183.20349960327147,µg/m³,1
2026-01-01 17:00:00+00:00,Rawalpindi,191.8725003560384,µg/m³,1
2026-01-01 18:00:00+00:00,Rawalpindi,139.24416681925456,µg/m³,1
2026-01-01 19:00:00+00:00,Rawalpindi,165.15849990844728,µg/m³,1
2026-01-01 20:00:00+00:00,Rawalpindi,185.8668332417806,µg/m³,1
2026-01-01 21:00:00+00:00,Rawalpindi,88.84883321126301,µg/m³,2
2026-01-01 22:00:00+00:00,Rawalpindi,51.33616663614909,µg/m³,2
2026-01-01 23:00:00+00:00,Rawalpindi,65.80833333333335,µg/m³,2
2026-01-02 00:00:00+00:00,Rawalpindi,82.7265832265218,µg/m³,2
2026-01-02 01:00:00+00:00,Rawalpindi,86.47350006103517,µg/m³,2
2026-01-02 02:00:00+00:00,Rawalpindi,88.04583333333332,µg/m³,2
2026-01-02 03:00:00+00:00,Rawalpindi,80.43802774217394,µg/m³,2
2026-01-02 04:00:00+00:00,Rawalpindi,99.16490922407671,µg/m³,2
2026-01-02 05:00:00+00:00,Rawalpindi,116.17220016479493,µg/m³,2
2026-01-02 06:00:00+00:00,Rawalpindi,109.31283315022787,µg/m³,2
2026-01-02 07:00:00+00:00,Rawalpindi,89.85409732394749,µg/m³,2
2026-01-02 08:00:00+00:00,Rawalpindi,80.7799166361491,µg/m³,2
2026-01-02 09:00:00+00:00,Rawalpindi,47.94300003051758,µg/m³,2
2026-01-02 10:00:00+00:00,Rawalpindi,50.60633290608724,µg/m³,1
2026-01-02 11:00:00+00:00,Rawalpindi,55.7331667582194,µg/m³,1
2026-01-02 12:00:00+00:00,Rawalpindi,72.93133290608723,µg/m³,1
2026-01-02 13:00:00+00:00,Rawalpindi,96.88300018310544,µg/m³,1
2026-01-02 14:00:00+00:00,Rawalpindi,100.22490872469815,µg/m³,1
2026-01-02 15:00:00+00:00,Rawalpindi,141.51183293660483,µg/m³,1
