city,location,datetime,pm25,unit
Karachi,"DHA, Karachi",2025-10-04T16:00:00Z,9.390416653951009,µg/m³
Karachi,Karachi Zoo,2025-10-04T16:00:00Z,21.61599998474121,µg/m³
Karachi,Urban Unit Karachi,2025-10-04T16:00:00Z,24.058125000529817,µg/m³
Karachi,Karachi Zoo,2025-10-04T17:00:00Z,27.99045841693878,µg/m³
Karachi,Urban Unit Karachi,2025-10-04T17:00:00Z,29.72149993578593,µg/m³
Karachi,"DHA, Karachi",2025-10-04T17:00:00Z,11.748597232500712,µg/m³
Karachi,Karachi Zoo,2025-10-04T18:00:00Z,16.90820834636688,µg/m³
Karachi,"DHA, Karachi",2025-10-04T18:00:00Z,10.459958338737488,µg/m³
Karachi,Urban Unit Karachi,2025-10-04T18:00:00Z,24.930999962488812,µg/m³
Karachi,Karachi Zoo,2025-10-04T19:00:00Z,9.691875004768372,µg/m³
Karachi,Urban Unit Karachi,2025-10-04T19:00:00Z,19.580041670799258,µg/m³
Karachi,"DHA, Karachi",2025-10-04T19:00:00Z,8.672736133469476,µg/m³
Karachi,Urban Unit Karachi,2025-10-04T20:00:00Z,17.411708341704475,µg/m³
Karachi,Karachi Zoo,2025-10-04T20:00:00Z,11.923249991734822,µg/m³
Karachi,"DHA, Karachi",2025-10-04T20:00:00Z,8.1315833568573,µg/m³
Karachi,G3 Engineering Consultants karachi,2025-10-04T20:00:00Z,26.903999996185302,µg/m³
Karachi,Karachi Zoo,2025-10-04T21:00:00Z,16.721541656388176,µg/m³
Karachi,Urban Unit Karachi,2025-10-04T21:00:00Z,18.798041653633117,µg/m³
Karachi,G3 Engineering Consultants karachi,2025-10-04T21:00:00Z,25.528374934196474,µg/m³
Karachi,"DHA, Karachi",2025-10-04T21:00:00Z,8.361875001589459,µg/m³
Karachi,Karachi Zoo,2025-10-04T22:00:00Z,11.294083325068156,µg/m³
Karachi,G3 Engineering Consultants karachi,2025-10-04T22:00:00Z,40.42591660022736,µg/m³
Karachi,"DHA, Karachi",2025-10-04T22:00:00Z,8.937583335240683,µg/m³
Karachi,Urban Unit Karachi,2025-10-04T22:00:00Z,20.701625005404157,µg/m³
Karachi,Urban Unit Karachi,2025-10-04T23:00:00Z,19.69616665840149,µg/m³
Karachi,Karachi Zoo,2025-10-04T23:00:00Z,13.713638893763225,µg/m³
Karachi,G3 Engineering Consultants karachi,2025-10-04T23:00:00Z,30.617874908447263,µg/m³
Karachi,"DHA, Karachi",2025-10-04T23:00:00Z,11.438416661156547,µg/m³
Karachi,Karachi Zoo,2025-10-05T00:00:00Z,16.281124997138974,µg/m³
Karachi,G3 Engineering Consultants karachi,2025-10-05T00:00:00Z,30.746291756629944,µg/m³
Karachi,Urban Unit Karachi,2025-10-05T00:00:00Z,23.113791664441425,µg/m³
Karachi,"DHA, Karachi",2025-10-05T00:00:00Z,12.625999991099038,µg/m³
Karachi,Karachi Zoo,2025-10-05T01:00:00Z,18.713666677474976,µg/m³
Karachi,Urban Unit Karachi,2025-10-05T01:00:00Z,25.720791697502133,µg/m³
Karachi,"DHA, Karachi",2025-10-05T01:00:00Z,18.73241664568583,µg/m³
Karachi,G3 Engineering Consultants karachi,2025-10-05T01:00:00Z,25.78270833492279,µg/m³
Karachi,Karachi Zoo,2025-10-05T02:00:00Z,23.5009583234787,µg/m³
Karachi,Urban Unit Karachi,2025-10-05T02:00:00Z,29.007874989509588,µg/m³
Karachi,"DHA, Karachi",2025-10-05T02:00:00Z,21.49084722995758,µg/m³
Karachi,G3 Engineering Consultants karachi,2025-10-05T02:00:00Z,26.767944452497698,µg/m³
Karachi,"DHA, Karachi",2025-10-05T03:00:00Z,21.3529583480623,µg/m³
Karachi,Karachi Zoo,2025-10-05T03:00:00Z,21.33324999809265,µg/m³
Karachi,Urban Unit Karachi,2025-10-05T03:00:00Z,23.366571426391605,µg/m³
Karachi,G3 Engineering Consultants karachi,2025-10-05T03:00:00Z,24.244958345095316,µg/m³
Karachi,Karachi Zoo,2025-10-05T04:00:00Z,23.039999945958456,µg/m³
Karachi,G3 Engineering Consultants karachi,2025-10-05T04:00:00Z,25.858958331743878,µg/m³
Karachi,"DHA, Karachi",2025-10-05T04:00:00Z,22.32754166126251,µg/m³
Karachi,Urban Unit Karachi,2025-10-05T04:00:00Z,24.891499972343446,µg/m³
Karachi,Karachi Zoo,2025-10-05T05:00:00Z,23.955250008900965,µg/m³
Karachi,"DHA, Karachi",2025-10-05T05:00:00Z,22.60594444804721,µg/m³
Karachi,G3 Engineering Consultants karachi,2025-10-05T05:00:00Z,25.627666664123538,µg/m³
Karachi,Urban Unit Karachi,2025-10-05T05:00:00Z,26.234583330154422,µg/m³
Karachi,Urban Unit Karachi,2025-10-05T06:00:00Z,24.558416652679444,µg/m³
Karachi,Karachi Zoo,2025-10-05T06:00:00Z,27.780333296457925,µg/m³
Karachi,"DHA, Karachi",2025-10-05T06:00:00Z,23.485819485452442,µg/m³
Karachi,G3 Engineering Consultants karachi,2025-10-05T06:00:00Z,23.681458322207135,µg/m³
Karachi,G3 Engineering Consultants karachi,2025-10-05T07:00:00Z,20.839166673024494,µg/m³
Karachi,"DHA, Karachi",2025-10-05T07:00:00Z,17.0503749926885,µg/m³
Karachi,Urban Unit Karachi,2025-10-05T07:00:00Z,23.6100416580836,µg/m³
Karachi,Karachi Zoo,2025-10-05T07:00:00Z,22.53795834382375,µg/m³
Karachi,Urban Unit Karachi,2025-10-05T08:00:00Z,26.89716663360596,µg/m³
Karachi,Karachi Zoo,2025-10-05T08:00:00Z,18.994472228156198,µg/m³
Karachi,G3 Engineering Consultants karachi,2025-10-05T08:00:00Z,19.42502777841356,µg/m³
Karachi,"DHA, Karachi",2025-10-05T08:00:00Z,17.546708353360497,µg/m³
Karachi,G3 Engineering Consultants karachi,2025-10-05T09:00:00Z,16.198208340009053,µg/m³
Karachi,Urban Unit Karachi,2025-10-05T09:00:00Z,27.46208328406016,µg/m³
Karachi,Karachi Zoo,2025-10-05T09:00:00Z,17.9534166653951,µg/m³
Karachi,"DHA, Karachi",2025-10-05T09:00:00Z,13.853833325703938,µg/m³
Karachi,Karachi Zoo,2025-10-05T10:00:00Z,15.307347231441073,µg/m³
Karachi,G3 Engineering Consultants karachi,2025-10-05T10:00:00Z,15.109666665395102,µg/m³
Karachi,Urban Unit Karachi,2025-10-05T10:00:00Z,30.26216657956441,µg/m³
Karachi,"DHA, Karachi",2025-10-05T10:00:00Z,9.136875001589457,µg/m³
Karachi,Urban Unit Karachi,2025-10-05T11:00:00Z,28.95800008773804,µg/m³
Karachi,"DHA, Karachi",2025-10-05T11:00:00Z,9.526583337783814,µg/m³
Karachi,Karachi Zoo,2025-10-05T11:00:00Z,14.13120833767785,µg/m³
Karachi,G3 Engineering Consultants karachi,2025-10-05T11:00:00Z,21.26925001144409,µg/m³
Karachi,Karachi Zoo,2025-10-05T12:00:00Z,17.540958343611823,µg/m³
Karachi,"DHA, Karachi",2025-10-05T12:00:00Z,13.389986115031773,µg/m³
Karachi,Urban Unit Karachi,2025-10-05T12:00:00Z,32.45050001144409,µg/m³
Karachi,G3 Engineering Consultants karachi,2025-10-05T12:00:00Z,21.639750003814697,µg/m³
Karachi,Urban Unit Karachi,2025-10-05T13:00:00Z,31.59258346557617,µg/m³
Karachi,G3 Engineering Consultants karachi,2025-10-05T13:00:00Z,32.1618332862854,µg/m³
Karachi,"DHA, Karachi",2025-10-05T13:00:00Z,17.494874993960064,µg/m³
Karachi,Karachi Zoo,2025-10-05T13:00:00Z,18.9462083419164,µg/m³
Karachi,Urban Unit Karachi,2025-10-05T14:00:00Z,25.41504167715708,µg/m³
Karachi,Karachi Zoo,2025-10-05T14:00:00Z,22.19145832856496,µg/m³
Karachi,G3 Engineering Consultants karachi,2025-10-05T14:00:00Z,31.431583269437155,µg/m³
Karachi,"DHA, Karachi",2025-10-05T14:00:00Z,17.685291663805643,µg/m³
Karachi,Urban Unit Karachi,2025-10-05T15:00:00Z,24.28766665458679,µg/m³
Karachi,G3 Engineering Consultants karachi,2025-10-05T15:00:00Z,26.36375001801385,µg/m³
Karachi,"DHA, Karachi",2025-10-05T15:00:00Z,13.652583355373805,µg/m³
Karachi,Karachi Zoo,2025-10-05T15:00:00Z,20.43366665840149,µg/m³
Karachi,G3 Engineering Consultants karachi,2025-10-05T16:00:00Z,24.97829167842865,µg/m³
Karachi,Urban Unit Karachi,2025-10-05T16:00:00Z,27.116083296140037,µg/m³
Karachi,Karachi Zoo,2025-10-05T16:00:00Z,20.46454166571299,µg/m³
Karachi,"DHA, Karachi",2025-10-05T16:00:00Z,13.280277782016329,µg/m³
Karachi,Urban Unit Karachi,2025-10-05T17:00:00Z,31.64983336130778,µg/m³
Karachi,"DHA, Karachi",2025-10-05T17:00:00Z,12.727888891432023,µg/m³
Karachi,G3 Engineering Consultants karachi,2025-10-05T17:00:00Z,28.168124969800314,µg/m³
Karachi,Karachi Zoo,2025-10-05T17:00:00Z,20.33591667811076,µg/m³
Karachi,"DHA, Karachi",2025-10-05T18:00:00Z,13.687291661898294,µg/m³
Karachi,G3 Engineering Consultants karachi,2025-10-05T18:00:00Z,26.608750009536745,µg/m³
Karachi,Urban Unit Karachi,2025-10-05T18:00:00Z,29.570027852058413,µg/m³
Karachi,Karachi Zoo,2025-10-05T18:00:00Z,21.939305570390488,µg/m³
Karachi,Urban Unit Karachi,2025-10-05T19:00:00Z,26.830125021934517,µg/m³
Karachi,G3 Engineering Consultants karachi,2025-10-05T19:00:00Z,25.553500032424925,µg/m³
Karachi,Karachi Zoo,2025-10-05T19:00:00Z,17.768499994277953,µg/m³
Karachi,"DHA, Karachi",2025-10-05T19:00:00Z,12.633958331743878,µg/m³
Karachi,"DHA, Karachi",2025-10-05T20:00:00Z,11.133333322736952,µg/m³
Karachi,Karachi Zoo,2025-10-05T20:00:00Z,13.613791664441427,µg/m³
Karachi,G3 Engineering Consultants karachi,2025-10-05T20:00:00Z,21.18445834318797,µg/m³
Karachi,Urban Unit Karachi,2025-10-05T20:00:00Z,20.506041661898298,µg/m³
Karachi,Urban Unit Karachi,2025-10-05T21:00:00Z,17.632250006993612,µg/m³
Karachi,G3 Engineering Consultants karachi,2025-10-05T21:00:00Z,21.031708327929177,µg/m³
Karachi,"DHA, Karachi",2025-10-05T21:00:00Z,10.812041656176248,µg/m³
Karachi,Karachi Zoo,2025-10-05T21:00:00Z,9.328013899591236,µg/m³
Karachi,"DHA, Karachi",2025-10-05T22:00:00Z,10.759541678428649,µg/m³
Karachi,Urban Unit Karachi,2025-10-05T22:00:00Z,16.27575003306071,µg/m³
Karachi,G3 Engineering Consultants karachi,2025-10-05T22:00:00Z,18.530999994277956,µg/m³
Karachi,Karachi Zoo,2025-10-05T22:00:00Z,8.020374989509582,µg/m³
Karachi,Karachi Zoo,2025-10-05T23:00:00Z,9.221208341916403,µg/m³
Karachi,Urban Unit Karachi,2025-10-05T23:00:00Z,15.454166666666667,µg/m³
Karachi,"DHA, Karachi",2025-10-05T23:00:00Z,10.967583338419596,µg/m³
Karachi,G3 Engineering Consultants karachi,2025-10-05T23:00:00Z,19.042375000317893,µg/m³
Karachi,Karachi Zoo,2025-10-06T00:00:00Z,10.489458330472312,µg/m³
Karachi,"DHA, Karachi",2025-10-06T00:00:00Z,11.941916672388714,µg/m³
Karachi,G3 Engineering Consultants karachi,2025-10-06T00:00:00Z,19.55629166762034,µg/m³
Karachi,Urban Unit Karachi,2025-10-06T00:00:00Z,17.282958324750265,µg/m³
Karachi,Karachi Zoo,2025-10-06T01:00:00Z,15.20565278000302,µg/m³
Karachi,"DHA, Karachi",2025-10-06T01:00:00Z,14.480916659037272,µg/m³
Karachi,Urban Unit Karachi,2025-10-06T01:00:00Z,20.104291669527694,µg/m³
Karachi,G3 Engineering Consultants karachi,2025-10-06T01:00:00Z,19.85387499332428,µg/m³
Karachi,Karachi Zoo,2025-10-06T02:00:00Z,25.487833356857298,µg/m³
Karachi,"DHA, Karachi",2025-10-06T02:00:00Z,16.047444433636134,µg/m³
Karachi,G3 Engineering Consultants karachi,2025-10-06T02:00:00Z,19.245166667302446,µg/m³
Karachi,Urban Unit Karachi,2025-10-06T02:00:00Z,25.85870002746582,µg/m³
Karachi,Urban Unit Karachi,2025-10-06T03:00:00Z,27.595545421947126,µg/m³
Karachi,Karachi Zoo,2025-10-06T03:00:00Z,23.146083323160806,µg/m³
Karachi,G3 Engineering Consultants karachi,2025-10-06T03:00:00Z,19.650916671752928,µg/m³
Karachi,"DHA, Karachi",2025-10-06T03:00:00Z,15.512013883060881,µg/m³
Karachi,"DHA, Karachi",2025-10-06T04:00:00Z,15.747416655222574,µg/m³
Karachi,Urban Unit Karachi,2025-10-06T04:00:00Z,25.187208358446757,µg/m³
Karachi,G3 Engineering Consultants karachi,2025-10-06T04:00:00Z,22.838541706403095,µg/m³
Karachi,Karachi Zoo,2025-10-06T04:00:00Z,21.59920833640628,µg/m³
Karachi,"DHA, Karachi",2025-10-06T05:00:00Z,16.2071944448683,µg/m³
Karachi,Urban Unit Karachi,2025-10-06T05:00:00Z,27.216999975840253,µg/m³
Karachi,G3 Engineering Consultants karachi,2025-10-06T05:00:00Z,24.55466669400533,µg/m³
Karachi,Karachi Zoo,2025-10-06T05:00:00Z,25.786291623115535,µg/m³
Karachi,"DHA, Karachi",2025-10-06T06:00:00Z,19.153874993324283,µg/m³
Karachi,Karachi Zoo,2025-10-06T06:00:00Z,28.397930550575257,µg/m³
Karachi,G3 Engineering Consultants karachi,2025-10-06T06:00:00Z,26.561666663487753,µg/m³
Karachi,Urban Unit Karachi,2025-10-06T06:00:00Z,33.28883324464163,µg/m³
Karachi,"DHA, Karachi",2025-10-06T07:00:00Z,21.724666674931843,µg/m³
Karachi,Urban Unit Karachi,2025-10-06T07:00:00Z,33.1956529405382,µg/m³
Karachi,Karachi Zoo,2025-10-06T07:00:00Z,29.460000093777975,µg/m³
Karachi,G3 Engineering Consultants karachi,2025-10-06T07:00:00Z,24.481166664759318,µg/m³
Karachi,Urban Unit Karachi,2025-10-06T08:00:00Z,33.905083211263026,µg/m³
Karachi,Karachi Zoo,2025-10-06T08:00:00Z,28.131666723887125,µg/m³
Karachi,"DHA, Karachi",2025-10-06T08:00:00Z,22.220833349227906,µg/m³
Karachi,G3 Engineering Consultants karachi,2025-10-06T08:00:00Z,24.467708341280623,µg/m³
Karachi,"DHA, Karachi",2025-10-06T09:00:00Z,20.366500012079875,µg/m³
Karachi,G3 Engineering Consultants karachi,2025-10-06T09:00:00Z,24.148555506600278,µg/m³
Karachi,Urban Unit Karachi,2025-10-06T09:00:00Z,33.03108349641164,µg/m³
Karachi,Karachi Zoo,2025-10-06T09:00:00Z,30.700416615274218,µg/m³
Karachi,G3 Engineering Consultants karachi,2025-10-06T10:00:00Z,23.95262496471405,µg/m³
Karachi,Urban Unit Karachi,2025-10-06T10:00:00Z,32.41433313687643,µg/m³
Karachi,"DHA, Karachi",2025-10-06T10:00:00Z,20.528500000635784,µg/m³
Karachi,Karachi Zoo,2025-10-06T10:00:00Z,27.22958327929179,µg/m³
Karachi,Karachi Zoo,2025-10-06T11:00:00Z,25.07020831902822,µg/m³
Karachi,G3 Engineering Consultants karachi,2025-10-06T11:00:00Z,32.801292061805725,µg/m³
Karachi,Urban Unit Karachi,2025-10-06T11:00:00Z,29.410333267847694,µg/m³
Karachi,"DHA, Karachi",2025-10-06T11:00:00Z,20.93320834636688,µg/m³
Karachi,Urban Unit Karachi,2025-10-06T12:00:00Z,28.120791689554853,µg/m³
Karachi,G3 Engineering Consultants karachi,2025-10-06T12:00:00Z,62.713874777158104,µg/m³
Karachi,Karachi Zoo,2025-10-06T12:00:00Z,25.587958280245463,µg/m³
Karachi,"DHA, Karachi",2025-10-06T12:00:00Z,20.58933332761129,µg/m³
Karachi,"DHA, Karachi",2025-10-06T13:00:00Z,21.18679166634877,µg/m³
Karachi,G3 Engineering Consultants karachi,2025-10-06T13:00:00Z,37.142291736602786,µg/m³
Karachi,Karachi Zoo,2025-10-06T13:00:00Z,31.51883330345154,µg/m³
Karachi,Urban Unit Karachi,2025-10-06T13:00:00Z,30.81844450632731,µg/m³
Karachi,"DHA, Karachi",2025-10-06T14:00:00Z,21.394527758492362,µg/m³
Karachi,G3 Engineering Consultants karachi,2025-10-06T14:00:00Z,36.28009728325738,µg/m³
Karachi,Karachi Zoo,2025-10-06T14:00:00Z,33.35566654205322,µg/m³
Karachi,Urban Unit Karachi,2025-10-06T14:00:00Z,31.165791527430216,µg/m³
Karachi,Urban Unit Karachi,2025-10-06T15:00:00Z,29.179041624069214,µg/m³
Karachi,G3 Engineering Consultants karachi,2025-10-06T15:00:00Z,31.50170816580454,µg/m³
Karachi,"DHA, Karachi",2025-10-06T15:00:00Z,23.985638893975153,µg/m³
Karachi,Karachi Zoo,2025-10-06T15:00:00Z,30.834374944369,µg/m³
Karachi,Karachi Zoo,2025-10-06T16:00:00Z,31.877472331788805,µg/m³
Karachi,G3 Engineering Consultants karachi,2025-10-06T16:00:00Z,40.41320854822795,µg/m³
Karachi,"DHA, Karachi",2025-10-06T16:00:00Z,21.217708325386045,µg/m³
Karachi,Urban Unit Karachi,2025-10-06T16:00:00Z,30.48195820649465,µg/m³
Karachi,Karachi Zoo,2025-10-06T17:00:00Z,24.377166668574016,µg/m³
Karachi,"DHA, Karachi",2025-10-06T17:00:00Z,19.451625005404154,µg/m³
Karachi,Urban Unit Karachi,2025-10-06T17:00:00Z,29.150041667620343,µg/m³
Karachi,G3 Engineering Consultants karachi,2025-10-06T17:00:00Z,33.38499983946483,µg/m³
Karachi,Urban Unit Karachi,2025-10-06T18:00:00Z,27.722999922434486,µg/m³
Karachi,G3 Engineering Consultants karachi,2025-10-06T18:00:00Z,26.43629163901012,µg/m³
Karachi,"DHA, Karachi",2025-10-06T18:00:00Z,17.166166671117143,µg/m³
Karachi,Karachi Zoo,2025-10-06T18:00:00Z,23.155666669209793,µg/m³
Karachi,Urban Unit Karachi,2025-10-06T19:00:00Z,26.57266666094462,µg/m³
Karachi,"DHA, Karachi",2025-10-06T19:00:00Z,17.763500006993613,µg/m³
Karachi,G3 Engineering Consultants karachi,2025-10-06T19:00:00Z,24.66229167779287,µg/m³
Karachi,Karachi Zoo,2025-10-06T19:00:00Z,21.28454167842865,µg/m³
Karachi,Urban Unit Karachi,2025-10-06T20:00:00Z,26.396583318710327,µg/m³
Karachi,"DHA, Karachi",2025-10-06T20:00:00Z,19.029208334287006,µg/m³
Karachi,Karachi Zoo,2025-10-06T20:00:00Z,20.11354165871938,µg/m³
Karachi,G3 Engineering Consultants karachi,2025-10-06T20:00:00Z,25.925958307584125,µg/m³
Karachi,"DHA, Karachi",2025-10-06T21:00:00Z,17.936958320935563,µg/m³
Karachi,G3 Engineering Consultants karachi,2025-10-06T21:00:00Z,25.451125025749207,µg/m³
Karachi,Urban Unit Karachi,2025-10-06T21:00:00Z,24.839791687329612,µg/m³
Karachi,Karachi Zoo,2025-10-06T21:00:00Z,19.03329166571299,µg/m³
Karachi,Urban Unit Karachi,2025-10-06T22:00:00Z,22.96150000890096,µg/m³
Karachi,"DHA, Karachi",2025-10-06T22:00:00Z,17.393708332379656,µg/m³
Karachi,G3 Engineering Consultants karachi,2025-10-06T22:00:00Z,27.227291560173033,µg/m³
Karachi,Karachi Zoo,2025-10-06T22:00:00Z,19.18995832602183,µg/m³
Karachi,Karachi Zoo,2025-10-06T23:00:00Z,13.92562498251597,µg/m³
Karachi,Urban Unit Karachi,2025-10-06T23:00:00Z,21.950458343823755,µg/m³
Karachi,"DHA, Karachi",2025-10-06T23:00:00Z,16.58266666730245,µg/m³
Karachi,G3 Engineering Consultants karachi,2025-10-06T23:00:00Z,23.15133334795634,µg/m³
Karachi,"DHA, Karachi",2025-10-07T00:00:00Z,16.60129166444143,µg/m³
Karachi,G3 Engineering Consultants karachi,2025-10-07T00:00:00Z,23.47791666984558,µg/m³
Karachi,Urban Unit Karachi,2025-10-07T00:00:00Z,22.76504166126251,µg/m³
Karachi,Karachi Zoo,2025-10-07T00:00:00Z,18.18700000974867,µg/m³
Karachi,"DHA, Karachi",2025-10-07T01:00:00Z,17.709833335876464,µg/m³
Karachi,Urban Unit Karachi,2025-10-07T01:00:00Z,23.89704166253408,µg/m³
Karachi,Karachi Zoo,2025-10-07T01:00:00Z,21.40170834064484,µg/m³
Karachi,G3 Engineering Consultants karachi,2025-10-07T01:00:00Z,28.604541452725726,µg/m³
Karachi,G3 Engineering Consultants karachi,2025-10-07T02:00:00Z,25.345083347956344,µg/m³
Karachi,"DHA, Karachi",2025-10-07T02:00:00Z,19.446916659673054,µg/m³
Karachi,Urban Unit Karachi,2025-10-07T02:00:00Z,36.34858306248982,µg/m³
Karachi,Karachi Zoo,2025-10-07T02:00:00Z,30.01216657956441,µg/m³
Karachi,G3 Engineering Consultants karachi,2025-10-07T03:00:00Z,32.753791499137876,µg/m³
Karachi,"DHA, Karachi",2025-10-07T03:00:00Z,26.79866669707828,µg/m³
Karachi,Urban Unit Karachi,2025-10-07T03:00:00Z,42.66437473297119,µg/m³
Karachi,Karachi Zoo,2025-10-07T03:00:00Z,47.00291697184244,µg/m³
Karachi,Urban Unit Karachi,2025-10-07T04:00:00Z,39.22481928931342,µg/m³
Karachi,Karachi Zoo,2025-10-07T04:00:00Z,39.51716639200847,µg/m³
Karachi,G3 Engineering Consultants karachi,2025-10-07T04:00:00Z,41.16920808156332,µg/m³
Karachi,"DHA, Karachi",2025-10-07T04:00:00Z,37.60141626993815,µg/m³
Karachi,"DHA, Karachi",2025-10-07T05:00:00Z,35.91687526702881,µg/m³
Karachi,G3 Engineering Consultants karachi,2025-10-07T05:00:00Z,39.7120002746582,µg/m³
Karachi,Urban Unit Karachi,2025-10-07T05:00:00Z,35.514500045776366,µg/m³
Karachi,Karachi Zoo,2025-10-07T05:00:00Z,58.614083226521814,µg/m³
Karachi,Karachi Zoo,2025-10-07T06:00:00Z,54.15095818837483,µg/m³
Karachi,"DHA, Karachi",2025-10-07T06:00:00Z,38.98286141024696,µg/m³
Karachi,Urban Unit Karachi,2025-10-07T06:00:00Z,33.67112488746643,µg/m³
Karachi,Karachi Metropolitan corporation ,2025-10-07T06:00:00Z,41.750857325962606,µg/m³
Karachi,G3 Engineering Consultants karachi,2025-10-07T06:00:00Z,37.07341674168905,µg/m³
Karachi,G3 Engineering Consultants karachi,2025-10-07T07:00:00Z,32.34637517664168,µg/m³
Karachi,Urban Unit Karachi,2025-10-07T07:00:00Z,36.08873616324531,µg/m³
Karachi,Karachi Zoo,2025-10-07T07:00:00Z,45.7409723493788,µg/m³
Karachi,Karachi Metropolitan corporation ,2025-10-07T07:00:00Z,44.4457360373603,µg/m³
Karachi,"DHA, Karachi",2025-10-07T07:00:00Z,36.082680532667375,µg/m³
Karachi,G3 Engineering Consultants karachi,2025-10-07T08:00:00Z,28.608791693051653,µg/m³
Karachi,Karachi Zoo,2025-10-07T08:00:00Z,37.9343331972758,µg/m³
Karachi,"DHA, Karachi",2025-10-07T08:00:00Z,30.506819298532267,µg/m³
Karachi,Karachi Metropolitan corporation ,2025-10-07T08:00:00Z,39.633666865030925,µg/m³
Karachi,Urban Unit Karachi,2025-10-07T08:00:00Z,41.96599998474121,µg/m³
Karachi,G3 Engineering Consultants karachi,2025-10-07T09:00:00Z,22.444597215122645,µg/m³
Karachi,Karachi Zoo,2025-10-07T09:00:00Z,37.66612521012623,µg/m³
Karachi,Urban Unit Karachi,2025-10-07T09:00:00Z,42.507708295186355,µg/m³
Karachi,"DHA, Karachi",2025-10-07T09:00:00Z,18.37229166825612,µg/m³
Karachi,Karachi Metropolitan corporation ,2025-10-07T09:00:00Z,34.856833140055336,µg/m³
Karachi,G3 Engineering Consultants karachi,2025-10-07T10:00:00Z,21.755916674931843,µg/m³
Karachi,Karachi Metropolitan corporation ,2025-10-07T10:00:00Z,37.364472307099234,µg/m³
Karachi,"DHA, Karachi",2025-10-07T10:00:00Z,16.783555518256293,µg/m³
Karachi,Urban Unit Karachi,2025-10-07T10:00:00Z,37.88054205576579,µg/m³
Karachi,Karachi Zoo,2025-10-07T10:00:00Z,38.30733319918314,µg/m³
Karachi,Urban Unit Karachi,2025-10-07T11:00:00Z,32.26401374075149,µg/m³
Karachi,"DHA, Karachi",2025-10-07T11:00:00Z,14.619500001271568,µg/m³
Karachi,G3 Engineering Consultants karachi,2025-10-07T11:00:00Z,22.20483333269755,µg/m³
Karachi,Karachi Zoo,2025-10-07T11:00:00Z,29.942388916015627,µg/m³
Karachi,"DHA, Karachi",2025-10-07T12:00:00Z,12.961791666348773,µg/m³
Karachi,Karachi Zoo,2025-10-07T12:00:00Z,29.987972023751997,µg/m³
Karachi,G3 Engineering Consultants karachi,2025-10-07T12:00:00Z,23.974749994277953,µg/m³
Karachi,Urban Unit Karachi,2025-10-07T12:00:00Z,33.470611140463085,µg/m³
Karachi,Urban Unit Karachi,2025-10-07T13:00:00Z,35.03168725967407,µg/m³
Karachi,Karachi Zoo,2025-10-07T13:00:00Z,35.87591644128164,µg/m³
Karachi,G3 Engineering Consultants karachi,2025-10-07T13:00:00Z,55.18504180908203,µg/m³
Karachi,"DHA, Karachi",2025-10-07T13:00:00Z,16.235083325703936,µg/m³
Karachi,G3 Engineering Consultants karachi,2025-10-07T14:00:00Z,74.77304159800212,µg/m³
Karachi,Urban Unit Karachi,2025-10-07T14:00:00Z,32.81095817089081,µg/m³
Karachi,Karachi Zoo,2025-10-07T14:00:00Z,33.6990830262502,µg/m³
Karachi,"DHA, Karachi",2025-10-07T14:00:00Z,19.350597214698794,µg/m³
Karachi,Urban Unit Karachi,2025-10-07T15:00:00Z,32.24495817820231,µg/m³
Karachi,Karachi Zoo,2025-10-07T15:00:00Z,30.863375020027163,µg/m³
Karachi,G3 Engineering Consultants karachi,2025-10-07T15:00:00Z,44.118291664123525,µg/m³
Karachi,"DHA, Karachi",2025-10-07T15:00:00Z,21.885708276430766,µg/m³
Karachi,"DHA, Karachi",2025-10-07T16:00:00Z,16.66162503560384,µg/m³
Karachi,Karachi Zoo,2025-10-07T16:00:00Z,27.661750014623006,µg/m³
Karachi,G3 Engineering Consultants karachi,2025-10-07T16:00:00Z,50.41154181162517,µg/m³
Karachi,Urban Unit Karachi,2025-10-07T16:00:00Z,36.496541595458986,µg/m³
Karachi,"DHA, Karachi",2025-10-07T17:00:00Z,14.52279165320926,µg/m³
Karachi,G3 Engineering Consultants karachi,2025-10-07T17:00:00Z,36.96191663742065,µg/m³
Karachi,Urban Unit Karachi,2025-10-07T17:00:00Z,37.21175003051757,µg/m³
Karachi,Karachi Zoo,2025-10-07T17:00:00Z,25.726138877868653,µg/m³
Karachi,G3 Engineering Consultants karachi,2025-10-07T18:00:00Z,32.299416891733806,µg/m³
Karachi,Karachi Zoo,2025-10-07T18:00:00Z,22.976083358128864,µg/m³
Karachi,Urban Unit Karachi,2025-10-07T18:00:00Z,27.756499931547378,µg/m³
Karachi,"DHA, Karachi",2025-10-07T18:00:00Z,9.158166678746541,µg/m³
Karachi,"DHA, Karachi",2025-10-07T19:00:00Z,8.598833338419597,µg/m³
Karachi,G3 Engineering Consultants karachi,2025-10-07T19:00:00Z,25.885958313941956,µg/m³
Karachi,Karachi Zoo,2025-10-07T19:00:00Z,21.868458342552184,µg/m³
Karachi,Urban Unit Karachi,2025-10-07T19:00:00Z,25.511958336830133,µg/m³
Karachi,G3 Engineering Consultants karachi,2025-10-07T20:00:00Z,36.63137506643931,µg/m³
Karachi,Karachi Zoo,2025-10-07T20:00:00Z,22.143541677792864,µg/m³
Karachi,Urban Unit Karachi,2025-10-07T20:00:00Z,26.590041677157085,µg/m³
Karachi,"DHA, Karachi",2025-10-07T20:00:00Z,18.133013897471958,µg/m³
Karachi,"DHA, Karachi",2025-10-07T21:00:00Z,20.154958335558575,µg/m³
Karachi,G3 Engineering Consultants karachi,2025-10-07T21:00:00Z,31.510416618982948,µg/m³
Karachi,Urban Unit Karachi,2025-10-07T21:00:00Z,25.673874990145364,µg/m³
Karachi,Karachi Zoo,2025-10-07T21:00:00Z,25.74856943289439,µg/m³
Karachi,Karachi Zoo,2025-10-07T22:00:00Z,34.6292916615804,µg/m³
Karachi,G3 Engineering Consultants karachi,2025-10-07T22:00:00Z,34.25279159545898,µg/m³
Karachi,Urban Unit Karachi,2025-10-07T22:00:00Z,29.239666684468585,µg/m³
Karachi,"DHA, Karachi",2025-10-07T22:00:00Z,25.30294445355733,µg/m³
Karachi,Urban Unit Karachi,2025-10-07T23:00:00Z,46.46437511444092,µg/m³
Karachi,"DHA, Karachi",2025-10-07T23:00:00Z,24.514180546336704,µg/m³
Karachi,G3 Engineering Consultants karachi,2025-10-07T23:00:00Z,34.99716676076253,µg/m³
Karachi,Karachi Zoo,2025-10-07T23:00:00Z,48.06658337910971,µg/m³
Karachi,Karachi Zoo,2025-10-08T00:00:00Z,67.32970841725667,µg/m³
Karachi,"DHA, Karachi",2025-10-08T00:00:00Z,27.110402777459885,µg/m³
Karachi,Urban Unit Karachi,2025-10-08T00:00:00Z,52.46079184214275,µg/m³
Karachi,G3 Engineering Consultants karachi,2025-10-08T00:00:00Z,35.89925006230672,µg/m³
Karachi,Karachi Zoo,2025-10-08T01:00:00Z,51.60070870717366,µg/m³
Karachi,G3 Engineering Consultants karachi,2025-10-08T01:00:00Z,52.18179175059001,µg/m³
Karachi,Urban Unit Karachi,2025-10-08T01:00:00Z,51.89558308919271,µg/m³
Karachi,"DHA, Karachi",2025-10-08T01:00:00Z,31.92116651535034,µg/m³
Karachi,Karachi Zoo,2025-10-08T02:00:00Z,62.265333302815755,µg/m³
Karachi,"DHA, Karachi",2025-10-08T02:00:00Z,54.07516657511393,µg/m³
Karachi,G3 Engineering Consultants karachi,2025-10-08T02:00:00Z,52.866347016228566,µg/m³
Karachi,Urban Unit Karachi,2025-10-08T02:00:00Z,66.66824989318847,µg/m³
Karachi,Karachi Zoo,2025-10-08T03:00:00Z,42.07645813624064,µg/m³
Karachi,"DHA, Karachi",2025-10-08T03:00:00Z,62.89883308410645,µg/m³
Karachi,G3 Engineering Consultants karachi,2025-10-08T03:00:00Z,54.58595841725668,µg/m³
Karachi,Urban Unit Karachi,2025-10-08T03:00:00Z,44.46088862948947,µg/m³
Karachi,Urban Unit Karachi,2025-10-08T04:00:00Z,36.76345798969269,µg/m³
Karachi,G3 Engineering Consultants karachi,2025-10-08T04:00:00Z,54.8266668955485,µg/m³
Karachi,Karachi Metropolitan corporation ,2025-10-08T04:00:00Z,50.88995506980202,µg/m³
Karachi,Karachi Zoo,2025-10-08T04:00:00Z,41.02341677347819,µg/m³
Karachi,"DHA, Karachi",2025-10-08T04:00:00Z,39.67058347066243,µg/m³
Karachi,"DHA, Karachi",2025-10-08T05:00:00Z,47.307514084710014,µg/m³
Karachi,Karachi Zoo,2025-10-08T05:00:00Z,59.08454189300537,µg/m³
Karachi,Urban Unit Karachi,2025-10-08T05:00:00Z,36.638708432515465,µg/m³
Karachi,Karachi Metropolitan corporation ,2025-10-08T05:00:00Z,44.6582914352417,µg/m³
Karachi,G3 Engineering Consultants karachi,2025-10-08T05:00:00Z,44.67463870578342,µg/m³
Karachi,"DHA, Karachi",2025-10-08T06:00:00Z,34.821792189280195,µg/m³
Karachi,Karachi Metropolitan corporation ,2025-10-08T06:00:00Z,45.69129149119059,µg/m³
Karachi,Karachi Zoo,2025-10-08T06:00:00Z,42.0334310107761,µg/m³
Karachi,Urban Unit Karachi,2025-10-08T06:00:00Z,38.92675018310546,µg/m³
Karachi,G3 Engineering Consultants karachi,2025-10-08T06:00:00Z,43.17075004577637,µg/m³
Karachi,G3 Engineering Consultants karachi,2025-10-08T07:00:00Z,35.73470838069916,µg/m³
Karachi,Karachi Metropolitan corporation ,2025-10-08T07:00:00Z,41.089305549197725,µg/m³
Karachi,Karachi Zoo,2025-10-08T07:00:00Z,40.910736317104764,µg/m³
Karachi,"DHA, Karachi",2025-10-08T07:00:00Z,34.03041693369548,µg/m³
Karachi,Urban Unit Karachi,2025-10-08T07:00:00Z,41.24112491607666,µg/m³
Karachi,Urban Unit Karachi,2025-10-08T08:00:00Z,37.39898604022132,µg/m³
Karachi,G3 Engineering Consultants karachi,2025-10-08T08:00:00Z,24.02156947188907,µg/m³
Karachi,Karachi Metropolitan corporation ,2025-10-08T08:00:00Z,34.82895809809367,µg/m³
Karachi,Karachi Zoo,2025-10-08T08:00:00Z,38.074049930572514,µg/m³
Karachi,"DHA, Karachi",2025-10-08T08:00:00Z,32.54233321348826,µg/m³
Karachi,G3 Engineering Consultants karachi,2025-10-08T09:00:00Z,22.226750048001605,µg/m³
Karachi,"DHA, Karachi",2025-10-08T09:00:00Z,24.52138891220093,µg/m³
Karachi,Urban Unit Karachi,2025-10-08T09:00:00Z,41.954499785105384,µg/m³
Karachi,Karachi Metropolitan corporation ,2025-10-08T09:00:00Z,32.980000122388205,µg/m³
Karachi,Karachi Zoo,2025-10-08T09:00:00Z,29.53600001335144,µg/m³
Karachi,G3 Engineering Consultants karachi,2025-10-08T10:00:00Z,22.95687490304311,µg/m³
Karachi,"DHA, Karachi",2025-10-08T10:00:00Z,15.530916664335464,µg/m³
Karachi,Urban Unit Karachi,2025-10-08T10:00:00Z,34.118652809990785,µg/m³
Karachi,Karachi Metropolitan corporation ,2025-10-08T10:00:00Z,35.24565240012276,µg/m³
Karachi,Karachi Zoo,2025-10-08T10:00:00Z,25.537416696548465,µg/m³
Karachi,Karachi Zoo,2025-10-08T11:00:00Z,27.656986074977453,µg/m³
Karachi,Urban Unit Karachi,2025-10-08T11:00:00Z,33.03270846207936,µg/m³
Karachi,G3 Engineering Consultants karachi,2025-10-08T11:00:00Z,24.197444396548804,µg/m³
Karachi,"DHA, Karachi",2025-10-08T11:00:00Z,13.128583335876463,µg/m³
Karachi,Karachi Metropolitan corporation ,2025-10-08T11:00:00Z,33.554486158159044,µg/m³
Karachi,Karachi Zoo,2025-10-08T12:00:00Z,29.16229170958201,µg/m³
Karachi,"DHA, Karachi",2025-10-08T12:00:00Z,14.05329167313046,µg/m³
Karachi,G3 Engineering Consultants karachi,2025-10-08T12:00:00Z,27.783916529019674,µg/m³
Karachi,Karachi Metropolitan corporation ,2025-10-08T12:00:00Z,27.799166758855183,µg/m³
Karachi,Urban Unit Karachi,2025-10-08T12:00:00Z,33.30304148197174,µg/m³
Karachi,Karachi Zoo,2025-10-08T13:00:00Z,32.847666986783345,µg/m³
Karachi,"DHA, Karachi",2025-10-08T13:00:00Z,17.13829168478648,µg/m³
Karachi,Urban Unit Karachi,2025-10-08T13:00:00Z,30.722791695594783,µg/m³
Karachi,G3 Engineering Consultants karachi,2025-10-08T13:00:00Z,52.608791804313654,µg/m³
Karachi,Karachi Metropolitan corporation ,2025-10-08T13:00:00Z,24.975791668891905,µg/m³
Karachi,Karachi Metropolitan corporation ,2025-10-08T14:00:00Z,29.165083400408424,µg/m³
Karachi,G3 Engineering Consultants karachi,2025-10-08T14:00:00Z,140.07949981689453,µg/m³
Karachi,Urban Unit Karachi,2025-10-08T14:00:00Z,32.55808321634929,µg/m³
Karachi,Karachi Zoo,2025-10-08T14:00:00Z,37.86341695785523,µg/m³
Karachi,"DHA, Karachi",2025-10-08T14:00:00Z,23.522791663805645,µg/m³
Karachi,G3 Engineering Consultants karachi,2025-10-08T15:00:00Z,81.4685555352105,µg/m³
Karachi,Karachi Metropolitan corporation ,2025-10-08T15:00:00Z,27.383722188737654,µg/m³
Karachi,Urban Unit Karachi,2025-10-08T15:00:00Z,34.60358327229818,µg/m³
Karachi,"DHA, Karachi",2025-10-08T15:00:00Z,20.624416653315226,µg/m³
Karachi,Karachi Zoo,2025-10-08T15:00:00Z,34.58012523651123,µg/m³
Karachi,"DHA, Karachi",2025-10-08T16:00:00Z,22.427583289146426,µg/m³
Karachi,Karachi Zoo,2025-10-08T16:00:00Z,36.25604139963786,µg/m³
Karachi,Karachi Metropolitan corporation ,2025-10-08T16:00:00Z,31.71513618989424,µg/m³
Karachi,G3 Engineering Consultants karachi,2025-10-08T16:00:00Z,127.68208306630453,µg/m³
Karachi,Urban Unit Karachi,2025-10-08T16:00:00Z,38.17323580847846,µg/m³
Karachi,G3 Engineering Consultants karachi,2025-10-08T17:00:00Z,49.557458051045735,µg/m³
Karachi,Karachi Zoo,2025-10-08T17:00:00Z,31.199791820844013,µg/m³
Karachi,"DHA, Karachi",2025-10-08T17:00:00Z,20.19391667048136,µg/m³
Karachi,Urban Unit Karachi,2025-10-08T17:00:00Z,38.674875068664555,µg/m³
Karachi,Urban Unit Karachi,2025-10-08T18:00:00Z,31.02374986012777,µg/m³
Karachi,G3 Engineering Consultants karachi,2025-10-08T18:00:00Z,43.751833160718284,µg/m³
Karachi,"DHA, Karachi",2025-10-08T18:00:00Z,19.907041668891907,µg/m³
Karachi,Karachi Zoo,2025-10-08T18:00:00Z,30.525416596730555,µg/m³
Karachi,G3 Engineering Consultants karachi,2025-10-08T19:00:00Z,54.352874946594234,µg/m³
Karachi,Karachi Zoo,2025-10-08T19:00:00Z,36.68209700054592,µg/m³
Karachi,Urban Unit Karachi,2025-10-08T19:00:00Z,31.86041692097982,µg/m³
Karachi,"DHA, Karachi",2025-10-08T19:00:00Z,24.7552916765213,µg/m³
Karachi,Karachi Zoo,2025-10-08T20:00:00Z,57.71758321126302,µg/m³
Karachi,Urban Unit Karachi,2025-10-08T20:00:00Z,50.969458707173665,µg/m³
Karachi,G3 Engineering Consultants karachi,2025-10-08T20:00:00Z,42.21066652933756,µg/m³
Karachi,"DHA, Karachi",2025-10-08T20:00:00Z,30.562833285331724,µg/m³
Karachi,"DHA, Karachi",2025-10-08T21:00:00Z,27.004124999046326,µg/m³
Karachi,Urban Unit Karachi,2025-10-08T21:00:00Z,47.256083424886064,µg/m³
Karachi,G3 Engineering Consultants karachi,2025-10-08T21:00:00Z,46.70300025939941,µg/m³
Karachi,Karachi Zoo,2025-10-08T21:00:00Z,59.35654150644938,µg/m³
Karachi,Karachi Zoo,2025-10-08T22:00:00Z,52.62054182688396,µg/m³
Karachi,"DHA, Karachi",2025-10-08T22:00:00Z,27.799999960263573,µg/m³
Karachi,Urban Unit Karachi,2025-10-08T22:00:00Z,38.79847245746188,µg/m³
Karachi,G3 Engineering Consultants karachi,2025-10-08T22:00:00Z,38.55650010903677,µg/m³
Karachi,"DHA, Karachi",2025-10-08T23:00:00Z,34.39447248511844,µg/m³
Karachi,Karachi Zoo,2025-10-08T23:00:00Z,45.50487499237061,µg/m³
Karachi,G3 Engineering Consultants karachi,2025-10-08T23:00:00Z,61.074805535210515,µg/m³
Karachi,Urban Unit Karachi,2025-10-08T23:00:00Z,38.145291511217756,µg/m³
Karachi,G3 Engineering Consultants karachi,2025-10-09T00:00:00Z,102.76941668192546,µg/m³
Karachi,Urban Unit Karachi,2025-10-09T00:00:00Z,32.75962502161662,µg/m³
Karachi,"DHA, Karachi",2025-10-09T00:00:00Z,44.43858311971028,µg/m³
Karachi,Karachi Zoo,2025-10-09T00:00:00Z,28.965916522343957,µg/m³
Karachi,Urban Unit Karachi,2025-10-09T01:00:00Z,27.928125007947287,µg/m³
Karachi,Karachi Zoo,2025-10-09T01:00:00Z,36.60299994150798,µg/m³
Karachi,"DHA, Karachi",2025-10-09T01:00:00Z,39.2247501373291,µg/m³
Karachi,G3 Engineering Consultants karachi,2025-10-09T01:00:00Z,60.51175003051757,µg/m³
Karachi,"DHA, Karachi",2025-10-09T02:00:00Z,40.00720831553141,µg/m³
Karachi,Urban Unit Karachi,2025-10-09T02:00:00Z,28.915291666984558,µg/m³
Karachi,G3 Engineering Consultants karachi,2025-10-09T02:00:00Z,56.0544445461697,µg/m³
Karachi,Karachi Zoo,2025-10-09T02:00:00Z,47.037083180745434,µg/m³
Karachi,Urban Unit Karachi,2025-10-09T03:00:00Z,31.43133310476939,µg/m³
Karachi,Karachi Zoo,2025-10-09T03:00:00Z,51.335833104451496,µg/m³
Karachi,"DHA, Karachi",2025-10-09T03:00:00Z,39.68708279927571,µg/m³
Karachi,G3 Engineering Consultants karachi,2025-10-09T03:00:00Z,61.71308339436849,µg/m³
Karachi,Urban Unit Karachi,2025-10-09T04:00:00Z,32.48822235001458,µg/m³
Karachi,Karachi Zoo,2025-10-09T04:00:00Z,49.57999992370606,µg/m³
Karachi,Karachi Metropolitan corporation ,2025-10-09T04:00:00Z,59.70044470893012,µg/m³
Karachi,"DHA, Karachi",2025-10-09T04:00:00Z,42.75691668192545,µg/m³
Karachi,G3 Engineering Consultants karachi,2025-10-09T04:00:00Z,48.59920800526936,µg/m³
Karachi,G3 Engineering Consultants karachi,2025-10-09T05:00:00Z,46.64620812733968,µg/m³
Karachi,Karachi Zoo,2025-10-09T05:00:00Z,48.167041842142744,µg/m³
Karachi,Karachi Metropolitan corporation ,2025-10-09T05:00:00Z,53.982139036390514,µg/m³
Karachi,"DHA, Karachi",2025-10-09T05:00:00Z,41.9415694978502,µg/m³
Karachi,Urban Unit Karachi,2025-10-09T05:00:00Z,30.985249990887116,µg/m³
Karachi,G3 Engineering Consultants karachi,2025-10-09T06:00:00Z,33.48241672515869,µg/m³
Karachi,"DHA, Karachi",2025-10-09T06:00:00Z,43.18600041071574,µg/m³
Karachi,Karachi Metropolitan corporation ,2025-10-09T06:00:00Z,45.35916620890299,µg/m³
Karachi,Urban Unit Karachi,2025-10-09T06:00:00Z,34.10751394695706,µg/m³
Karachi,Karachi Zoo,2025-10-09T06:00:00Z,48.45319446987576,µg/m³
Karachi,Karachi Zoo,2025-10-09T07:00:00Z,41.192291704813634,µg/m³
Karachi,"DHA, Karachi",2025-10-09T07:00:00Z,38.966888848940535,µg/m³
Karachi,G3 Engineering Consultants karachi,2025-10-09T07:00:00Z,27.55441665649414,µg/m³
Karachi,Urban Unit Karachi,2025-10-09T07:00:00Z,33.65320823987325,µg/m³
Karachi,"DHA, Karachi",2025-10-09T08:00:00Z,20.083083327611288,µg/m³
Karachi,G3 Engineering Consultants karachi,2025-10-09T08:00:00Z,23.580291660626727,µg/m³
Karachi,Karachi Zoo,2025-10-09T08:00:00Z,30.4035831451416,µg/m³
Karachi,Urban Unit Karachi,2025-10-09T08:00:00Z,38.58695825735728,µg/m³
Karachi,Urban Unit Karachi,2025-10-09T09:00:00Z,33.82316638098822,µg/m³
Karachi,Karachi Zoo,2025-10-09T09:00:00Z,30.744375014305113,µg/m³
Karachi,G3 Engineering Consultants karachi,2025-10-09T09:00:00Z,20.583999999364217,µg/m³
Karachi,"DHA, Karachi",2025-10-09T09:00:00Z,21.50687498251597,µg/m³
Karachi,Karachi Zoo,2025-10-09T10:00:00Z,25.08324999809265,µg/m³
Karachi,"DHA, Karachi",2025-10-09T10:00:00Z,17.336138878928292,µg/m³
Karachi,G3 Engineering Consultants karachi,2025-10-09T10:00:00Z,20.030236103799606,µg/m³
Karachi,Urban Unit Karachi,2025-10-09T10:00:00Z,34.25791641076406,µg/m³
Karachi,Urban Unit Karachi,2025-10-09T11:00:00Z,29.85851390626696,µg/m³
Karachi,"DHA, Karachi",2025-10-09T11:00:00Z,17.73397223684523,µg/m³
Karachi,G3 Engineering Consultants karachi,2025-10-09T11:00:00Z,21.376583337783813,µg/m³
Karachi,Karachi Zoo,2025-10-09T11:00:00Z,26.219083301226295,µg/m³
Karachi,"DHA, Karachi",2025-10-09T12:00:00Z,18.202333323160808,µg/m³
Karachi,Urban Unit Karachi,2025-10-09T12:00:00Z,30.205999827384947,µg/m³
Karachi,Karachi Metropolitan corporation ,2025-10-09T12:00:00Z,28.842166678110758,µg/m³
Karachi,G3 Engineering Consultants karachi,2025-10-09T12:00:00Z,24.49512499968211,µg/m³
Karachi,Karachi Zoo,2025-10-09T12:00:00Z,32.380208296245996,µg/m³
Karachi,G3 Engineering Consultants karachi,2025-10-09T13:00:00Z,50.645041847229,µg/m³
Karachi,Karachi Metropolitan corporation ,2025-10-09T13:00:00Z,27.68855555322435,µg/m³
Karachi,Urban Unit Karachi,2025-10-09T13:00:00Z,32.52333345413208,µg/m³
Karachi,"DHA, Karachi",2025-10-09T13:00:00Z,19.071194447411433,µg/m³
Karachi,Karachi Zoo,2025-10-09T13:00:00Z,33.40508325894674,µg/m³
Karachi,"DHA, Karachi",2025-10-09T14:00:00Z,21.641166671117148,µg/m³
Karachi,Karachi Metropolitan corporation ,2025-10-09T14:00:00Z,31.567541503906252,µg/m³
Karachi,G3 Engineering Consultants karachi,2025-10-09T14:00:00Z,53.12175025939941,µg/m³
Karachi,Urban Unit Karachi,2025-10-09T14:00:00Z,30.64333349863688,µg/m³
Karachi,Karachi Zoo,2025-10-09T14:00:00Z,33.9985834201177,µg/m³
Karachi,"DHA, Karachi",2025-10-09T15:00:00Z,19.66504167715708,µg/m³
Karachi,Karachi Metropolitan corporation ,2025-10-09T15:00:00Z,32.00106950600942,µg/m³
Karachi,G3 Engineering Consultants karachi,2025-10-09T15:00:00Z,44.68854173024496,µg/m³
Karachi,Karachi Zoo,2025-10-09T15:00:00Z,27.147083314259845,µg/m³
Karachi,Urban Unit Karachi,2025-10-09T15:00:00Z,29.595208398501075,µg/m³
Karachi,Karachi Zoo,2025-10-09T16:00:00Z,26.687416648864744,µg/m³
Karachi,G3 Engineering Consultants karachi,2025-10-09T16:00:00Z,39.4200413386027,µg/m³
Karachi,Urban Unit Karachi,2025-10-09T16:00:00Z,33.15054166316986,µg/m³
Karachi,"DHA, Karachi",2025-10-09T16:00:00Z,18.44870833555857,µg/m³
Karachi,"DHA, Karachi",2025-10-09T17:00:00Z,17.440972232818606,µg/m³
Karachi,Urban Unit Karachi,2025-10-09T17:00:00Z,28.58941662311554,µg/m³
Karachi,G3 Engineering Consultants karachi,2025-10-09T17:00:00Z,50.251750111579895,µg/m³
Karachi,Karachi Zoo,2025-10-09T17:00:00Z,28.988208301862073,µg/m³
Karachi,G3 Engineering Consultants karachi,2025-10-09T18:00:00Z,51.03799997965495,µg/m³
Karachi,Karachi Zoo,2025-10-09T18:00:00Z,34.773041518529254,µg/m³
Karachi,Urban Unit Karachi,2025-10-09T18:00:00Z,28.778750014305118,µg/m³
Karachi,"DHA, Karachi",2025-10-09T18:00:00Z,21.19749999046326,µg/m³
Karachi,Karachi Zoo,2025-10-09T19:00:00Z,31.812000147501625,µg/m³
Karachi,"DHA, Karachi",2025-10-09T19:00:00Z,23.714583333333334,µg/m³
Karachi,G3 Engineering Consultants karachi,2025-10-09T19:00:00Z,44.76770826180776,µg/m³
Karachi,Urban Unit Karachi,2025-10-09T19:00:00Z,29.848708271980282,µg/m³
Karachi,G3 Engineering Consultants karachi,2025-10-09T20:00:00Z,56.426375007629396,µg/m³
Karachi,Urban Unit Karachi,2025-10-09T20:00:00Z,36.34216626485189,µg/m³
Karachi,Karachi Zoo,2025-10-09T20:00:00Z,34.68399998346964,µg/m³
Karachi,"DHA, Karachi",2025-10-09T20:00:00Z,23.19325001504686,µg/m³
Karachi,"DHA, Karachi",2025-10-09T21:00:00Z,27.257208339373268,µg/m³
Karachi,Urban Unit Karachi,2025-10-09T21:00:00Z,43.88445847829183,µg/m³
Karachi,Karachi Zoo,2025-10-09T21:00:00Z,42.6944995880127,µg/m³
Karachi,G3 Engineering Consultants karachi,2025-10-09T21:00:00Z,44.02145799001058,µg/m³
Karachi,"DHA, Karachi",2025-10-09T22:00:00Z,28.923208403587342,µg/m³
Karachi,Urban Unit Karachi,2025-10-09T22:00:00Z,50.22150001525878,µg/m³
Karachi,Karachi Zoo,2025-10-09T22:00:00Z,63.599083836873376,µg/m³
Karachi,G3 Engineering Consultants karachi,2025-10-09T22:00:00Z,38.769458325703944,µg/m³
Karachi,"DHA, Karachi",2025-10-09T23:00:00Z,27.58258333206177,µg/m³
Karachi,Karachi Zoo,2025-10-09T23:00:00Z,67.56691652933756,µg/m³
Karachi,G3 Engineering Consultants karachi,2025-10-09T23:00:00Z,42.87395814259847,µg/m³
Karachi,Urban Unit Karachi,2025-10-09T23:00:00Z,41.5576250076294,µg/m³
Karachi,Urban Unit Karachi,2025-10-10T00:00:00Z,43.05424995422363,µg/m³
Karachi,"DHA, Karachi",2025-10-10T00:00:00Z,26.08383332888285,µg/m³
Karachi,G3 Engineering Consultants karachi,2025-10-10T00:00:00Z,40.24504175186157,µg/m³
Karachi,Karachi Zoo,2025-10-10T00:00:00Z,71.97213880750868,µg/m³
Karachi,Karachi Zoo,2025-10-10T01:00:00Z,75.34650001525877,µg/m³
Karachi,"DHA, Karachi",2025-10-10T01:00:00Z,28.74029166698456,µg/m³
Karachi,Urban Unit Karachi,2025-10-10T01:00:00Z,50.80641695658366,µg/m³
Karachi,G3 Engineering Consultants karachi,2025-10-10T01:00:00Z,37.57604185740153,µg/m³
Karachi,Karachi Zoo,2025-10-10T02:00:00Z,85.64962482452393,µg/m³
Karachi,G3 Engineering Consultants karachi,2025-10-10T02:00:00Z,35.6513750076294,µg/m³
Karachi,Urban Unit Karachi,2025-10-10T02:00:00Z,53.09500007629395,µg/m³
Karachi,"DHA, Karachi",2025-10-10T02:00:00Z,29.6738749186198,µg/m³
Karachi,"DHA, Karachi",2025-10-10T03:00:00Z,26.30995836257935,µg/m³
Karachi,Urban Unit Karachi,2025-10-10T03:00:00Z,41.38116671244303,µg/m³
Karachi,Karachi Zoo,2025-10-10T03:00:00Z,55.39929205576579,µg/m³
Karachi,G3 Engineering Consultants karachi,2025-10-10T03:00:00Z,33.142833328247065,µg/m³
Karachi,G3 Engineering Consultants karachi,2025-10-10T04:00:00Z,28.236041760444646,µg/m³
Karachi,"DHA, Karachi",2025-10-10T04:00:00Z,21.289541681607563,µg/m³
Karachi,Karachi Metropolitan corporation ,2025-10-10T04:00:00Z,35.61275004386901,µg/m³
Karachi,Karachi Zoo,2025-10-10T04:00:00Z,37.96254160404205,µg/m³
Karachi,Urban Unit Karachi,2025-10-10T04:00:00Z,42.03529173533122,µg/m³
Karachi,"DHA, Karachi",2025-10-10T05:00:00Z,17.139708330896166,µg/m³
Karachi,Urban Unit Karachi,2025-10-10T05:00:00Z,33.71004180113474,µg/m³
Karachi,G3 Engineering Consultants karachi,2025-10-10T05:00:00Z,24.862249994277956,µg/m³
Karachi,Karachi Metropolitan corporation ,2025-10-10T05:00:00Z,34.62266674041748,µg/m³
Karachi,Karachi Zoo,2025-10-10T05:00:00Z,33.54154156049092,µg/m³
Karachi,Karachi Zoo,2025-10-10T06:00:00Z,29.218291536966962,µg/m³
Karachi,"DHA, Karachi",2025-10-10T06:00:00Z,12.39004166126251,µg/m³
Karachi,Karachi Metropolitan corporation ,2025-10-10T06:00:00Z,30.842055670420326,µg/m³
Karachi,Urban Unit Karachi,2025-10-10T06:00:00Z,29.333833424250283,µg/m³
Karachi,Karachi Zoo,2025-10-10T07:00:00Z,27.730625057220454,µg/m³
Karachi,Urban Unit Karachi,2025-10-10T07:00:00Z,31.072375043233237,µg/m³
Karachi,"DHA, Karachi",2025-10-10T07:00:00Z,11.442749993006387,µg/m³
Karachi,Karachi Metropolitan corporation ,2025-10-10T07:00:00Z,27.999541719754536,µg/m³
Karachi,"DHA, Karachi",2025-10-10T08:00:00Z,13.247916677263047,µg/m³
Karachi,Karachi Zoo,2025-10-10T08:00:00Z,26.82725003560384,µg/m³
Karachi,Karachi Metropolitan corporation ,2025-10-10T08:00:00Z,25.8382083495458,µg/m³
Karachi,Urban Unit Karachi,2025-10-10T08:00:00Z,28.780374964078266,µg/m³
Karachi,"DHA, Karachi",2025-10-10T09:00:00Z,12.277500009536745,µg/m³
Karachi,Karachi Metropolitan corporation ,2025-10-10T09:00:00Z,31.697708153724676,µg/m³
Karachi,Urban Unit Karachi,2025-10-10T09:00:00Z,30.24086093372769,µg/m³
Karachi,Karachi Zoo,2025-10-10T09:00:00Z,23.94545456279408,µg/m³
Karachi,"DHA, Karachi",2025-10-10T10:00:00Z,13.31308332549201,µg/m³
Karachi,Karachi Metropolitan corporation ,2025-10-10T10:00:00Z,28.75870832602183,µg/m³
Karachi,Karachi Zoo,2025-10-10T10:00:00Z,27.117583314577733,µg/m³
Karachi,Urban Unit Karachi,2025-10-10T10:00:00Z,28.41600003242493,µg/m³
Karachi,Karachi Metropolitan corporation ,2025-10-10T11:00:00Z,33.948249944051106,µg/m³
Karachi,Karachi Zoo,2025-10-10T11:00:00Z,31.052319431304934,µg/m³
Karachi,Urban Unit Karachi,2025-10-10T11:00:00Z,28.592638815773853,µg/m³
Karachi,"DHA, Karachi",2025-10-10T11:00:00Z,15.165166680018105,µg/m³
Karachi,Karachi Zoo,2025-10-10T12:00:00Z,34.38459077314897,µg/m³
Karachi,Urban Unit Karachi,2025-10-10T12:00:00Z,32.31883318424225,µg/m³
Karachi,"DHA, Karachi",2025-10-10T12:00:00Z,13.742819449636668,µg/m³
Karachi,Karachi Metropolitan corporation ,2025-10-10T12:00:00Z,27.29116667111715,µg/m³
Karachi,Karachi Metropolitan corporation ,2025-10-10T13:00:00Z,28.47477773030599,µg/m³
Karachi,Karachi Zoo,2025-10-10T13:00:00Z,34.89487531979878,µg/m³
Karachi,Urban Unit Karachi,2025-10-10T13:00:00Z,31.77170830567678,µg/m³
Karachi,"DHA, Karachi",2025-10-10T13:00:00Z,17.122749996185306,µg/m³
Karachi,Karachi Metropolitan corporation ,2025-10-10T14:00:00Z,38.09791628519694,µg/m³
Karachi,"DHA, Karachi",2025-10-10T14:00:00Z,18.59047222137451,µg/m³
Karachi,Karachi Zoo,2025-10-10T14:00:00Z,33.86158339977265,µg/m³
Karachi,Urban Unit Karachi,2025-10-10T14:00:00Z,35.28308343887329,µg/m³
Karachi,Urban Unit Karachi,2025-10-10T15:00:00Z,31.5421249628067,µg/m³
Karachi,"DHA, Karachi",2025-10-10T15:00:00Z,32.26233328183492,µg/m³
Karachi,Karachi Zoo,2025-10-10T15:00:00Z,30.52770862579345,µg/m³
Karachi,Karachi Metropolitan corporation ,2025-10-10T15:00:00Z,34.84945828119914,µg/m³
Karachi,Urban Unit Karachi,2025-10-10T16:00:00Z,32.402749747700156,µg/m³
Karachi,"DHA, Karachi",2025-10-10T16:00:00Z,36.63008361657461,µg/m³
Karachi,Karachi Zoo,2025-10-10T16:00:00Z,31.997458203633624,µg/m³
Karachi,"DHA, Karachi",2025-10-10T17:00:00Z,26.539736104011535,µg/m³
Karachi,Karachi Zoo,2025-10-10T17:00:00Z,30.540083424250284,µg/m³
Karachi,Urban Unit Karachi,2025-10-10T17:00:00Z,31.9215832789739,µg/m³
Karachi,Karachi Zoo,2025-10-10T18:00:00Z,32.66208352247874,µg/m³
Karachi,"DHA, Karachi",2025-10-10T18:00:00Z,24.34733333587647,µg/m³
Karachi,Urban Unit Karachi,2025-10-10T19:00:00Z,43.96966654459635,µg/m³
Karachi,"DHA, Karachi",2025-10-10T19:00:00Z,28.9102499961853,µg/m³
Karachi,Karachi Zoo,2025-10-10T19:00:00Z,39.72358296712239,µg/m³
Karachi,Urban Unit Karachi,2025-10-10T20:00:00Z,56.59840042114257,µg/m³
Karachi,"DHA, Karachi",2025-10-10T20:00:00Z,29.9879999505149,µg/m³
Karachi,Karachi Zoo,2025-10-10T20:00:00Z,56.14454161326089,µg/m³
Karachi,"DHA, Karachi",2025-10-10T21:00:00Z,31.353764059808523,µg/m³
Karachi,Urban Unit Karachi,2025-10-10T21:00:00Z,67.06008313496908,µg/m³
Karachi,Karachi Zoo,2025-10-10T21:00:00Z,48.92783330281575,µg/m³
Karachi,"DHA, Karachi",2025-10-10T22:00:00Z,26.808958315849306,µg/m³
Karachi,Urban Unit Karachi,2025-10-10T22:00:00Z,39.99408311843872,µg/m³
Karachi,Karachi Zoo,2025-10-10T22:00:00Z,26.91579166253408,µg/m³
Karachi,"DHA, Karachi",2025-10-10T23:00:00Z,35.27416671117147,µg/m³
Karachi,Urban Unit Karachi,2025-10-10T23:00:00Z,28.11975003878275,µg/m³
Karachi,Karachi Zoo,2025-10-10T23:00:00Z,28.495888884862264,µg/m³
Karachi,Karachi Zoo,2025-10-11T00:00:00Z,30.296500110626223,µg/m³
Karachi,Urban Unit Karachi,2025-10-11T00:00:00Z,29.41425000826518,µg/m³
Karachi,"DHA, Karachi",2025-10-11T00:00:00Z,33.363791728019706,µg/m³
Karachi,"DHA, Karachi",2025-10-11T01:00:00Z,38.39679148197174,µg/m³
Karachi,Urban Unit Karachi,2025-10-11T01:00:00Z,36.9541250705719,µg/m³
Karachi,Karachi Zoo,2025-10-11T01:00:00Z,31.904083331425984,µg/m³
Karachi,Karachi Zoo,2025-10-11T02:00:00Z,36.63599967956543,µg/m³
Karachi,"DHA, Karachi",2025-10-11T02:00:00Z,39.80329186121623,µg/m³
Karachi,Urban Unit Karachi,2025-10-11T02:00:00Z,36.815958340962716,µg/m³
Karachi,"DHA, Karachi",2025-10-11T03:00:00Z,22.980916674931844,µg/m³
Karachi,Karachi Zoo,2025-10-11T03:00:00Z,29.834013748168946,µg/m³
Karachi,Urban Unit Karachi,2025-10-11T03:00:00Z,28.53424999448988,µg/m³
Karachi,Karachi Zoo,2025-10-11T04:00:00Z,26.950416723887127,µg/m³
Karachi,Urban Unit Karachi,2025-10-11T04:00:00Z,30.007208267847698,µg/m³
Karachi,"DHA, Karachi",2025-10-11T04:00:00Z,16.885374999046327,µg/m³
Karachi,"DHA, Karachi",2025-10-11T05:00:00Z,11.328180554178026,µg/m³
Karachi,Karachi Zoo,2025-10-11T05:00:00Z,27.95749999682108,µg/m³
Karachi,Urban Unit Karachi,2025-10-11T05:00:00Z,32.34073600504133,µg/m³
Karachi,"DHA, Karachi",2025-10-11T06:00:00Z,21.194069366984895,µg/m³
Karachi,Urban Unit Karachi,2025-10-11T06:00:00Z,27.836666663487758,µg/m³
Karachi,Karachi Zoo,2025-10-11T06:00:00Z,31.652458413441977,µg/m³
Karachi,Karachi Zoo,2025-10-11T07:00:00Z,28.323458035786953,µg/m³
Karachi,"DHA, Karachi",2025-10-11T07:00:00Z,13.817694436179265,µg/m³
Karachi,Urban Unit Karachi,2025-10-11T07:00:00Z,29.81049993038177,µg/m³
Karachi,Urban Unit Karachi,2025-10-11T08:00:00Z,28.878499921162927,µg/m³
Karachi,Karachi Zoo,2025-10-11T08:00:00Z,41.34352783626981,µg/m³
Karachi,"DHA, Karachi",2025-10-11T08:00:00Z,15.48651389280955,µg/m³
Karachi,"DHA, Karachi",2025-10-11T09:00:00Z,12.811805544959173,µg/m³
Karachi,Karachi Zoo,2025-10-11T09:00:00Z,33.35958324273427,µg/m³
Karachi,Urban Unit Karachi,2025-10-11T09:00:00Z,31.01198609670003,µg/m³
Karachi,Urban Unit Karachi,2025-10-11T10:00:00Z,29.121666566530862,µg/m³
Karachi,Karachi Zoo,2025-10-11T10:00:00Z,31.209374984105427,µg/m³
Karachi,"DHA, Karachi",2025-10-11T10:00:00Z,12.245583343505858,µg/m³
Karachi,Urban Unit Karachi,2025-10-11T12:00:00Z,29.388013876809016,µg/m³
Karachi,Karachi Zoo,2025-10-11T12:00:00Z,34.04133355617523,µg/m³
Karachi,"DHA, Karachi",2025-10-11T12:00:00Z,14.070055553648208,µg/m³
Karachi,Urban Unit Karachi,2025-10-11T13:00:00Z,34.05283341407776,µg/m³
Karachi,Karachi Zoo,2025-10-11T13:00:00Z,36.40580576790703,µg/m³
Karachi,"DHA, Karachi",2025-10-11T13:00:00Z,16.017458319663998,µg/m³
Karachi,Karachi Zoo,2025-10-11T14:00:00Z,34.335874946912135,µg/m³
Karachi,Urban Unit Karachi,2025-10-11T14:00:00Z,33.65891672770183,µg/m³
Karachi,"DHA, Karachi",2025-10-11T14:00:00Z,20.750805441538493,µg/m³
Karachi,Urban Unit Karachi,2025-10-11T15:00:00Z,34.99304151535034,µg/m³
Karachi,"DHA, Karachi",2025-10-11T15:00:00Z,29.47683321634928,µg/m³
Karachi,Karachi Zoo,2025-10-11T15:00:00Z,32.83729174137116,µg/m³
Karachi,Karachi Zoo,2025-10-11T16:00:00Z,30.161486307779942,µg/m³
Karachi,"DHA, Karachi",2025-10-11T16:00:00Z,26.030666653315226,µg/m³
Karachi,Urban Unit Karachi,2025-10-11T16:00:00Z,35.48041636149088,µg/m³
Karachi,Karachi Zoo,2025-10-11T17:00:00Z,30.9136665503184,µg/m³
Karachi,Urban Unit Karachi,2025-10-11T17:00:00Z,37.46866668065389,µg/m³
Karachi,"DHA, Karachi",2025-10-11T17:00:00Z,23.87297223409017,µg/m³
Karachi,"DHA, Karachi",2025-10-11T18:00:00Z,31.634874773025512,µg/m³
Karachi,Urban Unit Karachi,2025-10-11T18:00:00Z,37.63104165395101,µg/m³
Karachi,Karachi Zoo,2025-10-11T18:00:00Z,34.80562496185303,µg/m³
Karachi,Urban Unit Karachi,2025-10-11T19:00:00Z,64.28516680399578,µg/m³
Karachi,Karachi Zoo,2025-10-11T19:00:00Z,32.605125053723654,µg/m³
Karachi,"DHA, Karachi",2025-10-11T19:00:00Z,29.97706950240665,µg/m³
Karachi,Urban Unit Karachi,2025-10-11T20:00:00Z,52.916375160217285,µg/m³
Karachi,"DHA, Karachi",2025-10-11T20:00:00Z,28.251083246866866,µg/m³
Karachi,Karachi Zoo,2025-10-11T20:00:00Z,59.11162506739297,µg/m³
Karachi,"DHA, Karachi",2025-10-11T21:00:00Z,27.258750009536744,µg/m³
Karachi,Karachi Zoo,2025-10-11T21:00:00Z,57.786374855041515,µg/m³
Karachi,Urban Unit Karachi,2025-10-11T21:00:00Z,28.74702774683634,µg/m³
Karachi,"DHA, Karachi",2025-10-11T22:00:00Z,25.39350002606709,µg/m³
Karachi,Urban Unit Karachi,2025-10-11T22:00:00Z,34.383500226338704,µg/m³
Karachi,Karachi Zoo,2025-10-11T22:00:00Z,32.689291803042096,µg/m³
Karachi,Urban Unit Karachi,2025-10-11T23:00:00Z,34.672583166758216,µg/m³
Karachi,"DHA, Karachi",2025-10-11T23:00:00Z,39.25325012207031,µg/m³
Karachi,Karachi Zoo,2025-10-11T23:00:00Z,47.260458278655996,µg/m³
Karachi,"DHA, Karachi",2025-10-12T00:00:00Z,39.61379175186157,µg/m³
Karachi,Karachi Zoo,2025-10-12T00:00:00Z,44.85341660181681,µg/m³
Karachi,Urban Unit Karachi,2025-10-12T00:00:00Z,27.16018054485321,µg/m³
Karachi,Karachi Zoo,2025-10-12T01:00:00Z,28.433750009536737,µg/m³
Karachi,"DHA, Karachi",2025-10-12T01:00:00Z,36.122360987133455,µg/m³
Karachi,Urban Unit Karachi,2025-10-12T01:00:00Z,25.244666671752928,µg/m³
Karachi,Karachi Zoo,2025-10-12T02:00:00Z,31.088041543960568,µg/m³
Karachi,Urban Unit Karachi,2025-10-12T02:00:00Z,31.672249881426495,µg/m³
Karachi,"DHA, Karachi",2025-10-12T02:00:00Z,41.11141688028972,µg/m³
Karachi,Urban Unit Karachi,2025-10-12T03:00:00Z,37.353541469573976,µg/m³
Karachi,"DHA, Karachi",2025-10-12T03:00:00Z,43.09616661071777,µg/m³
Karachi,Karachi Zoo,2025-10-12T03:00:00Z,37.12666680018108,µg/m³
Karachi,Urban Unit Karachi,2025-10-12T04:00:00Z,31.428374433517455,µg/m³
Karachi,"DHA, Karachi",2025-10-12T04:00:00Z,32.52520836194356,µg/m³
Karachi,Karachi Zoo,2025-10-12T04:00:00Z,46.095805443657774,µg/m³
Karachi,Urban Unit Karachi,2025-10-12T05:00:00Z,35.85754993438721,µg/m³
Karachi,Karachi Zoo,2025-10-12T05:00:00Z,37.65550003051758,µg/m³
Karachi,"DHA, Karachi",2025-10-12T05:00:00Z,41.46116695404052,µg/m³
Karachi,Karachi Zoo,2025-10-12T06:00:00Z,28.33300000031789,µg/m³
Karachi,"DHA, Karachi",2025-10-12T06:00:00Z,31.63787477016449,µg/m³
Karachi,Urban Unit Karachi,2025-10-12T06:00:00Z,36.85608345667521,µg/m³
Karachi,"DHA, Karachi",2025-10-12T07:00:00Z,42.18870832920075,µg/m³
Karachi,Urban Unit Karachi,2025-10-12T07:00:00Z,28.945999924341834,µg/m³
Karachi,Karachi Zoo,2025-10-12T07:00:00Z,23.536541660626728,µg/m³
Karachi,Karachi Zoo,2025-10-12T08:00:00Z,21.569416650136315,µg/m³
Karachi,"DHA, Karachi",2025-10-12T08:00:00Z,20.685833342870076,µg/m³
Karachi,Urban Unit Karachi,2025-10-12T08:00:00Z,26.47866663138072,µg/m³
Karachi,Karachi Zoo,2025-10-12T09:00:00Z,21.849374961853027,µg/m³
Karachi,"DHA, Karachi",2025-10-12T09:00:00Z,19.617902790175545,µg/m³
Karachi,Urban Unit Karachi,2025-10-12T09:00:00Z,25.081375002861023,µg/m³
Karachi,"DHA, Karachi",2025-10-12T10:00:00Z,15.3024583419164,µg/m³
Karachi,Urban Unit Karachi,2025-10-12T10:00:00Z,26.02054173946381,µg/m³
Karachi,Karachi Zoo,2025-10-12T10:00:00Z,23.090041661262518,µg/m³
Karachi,"DHA, Karachi",2025-10-12T11:00:00Z,15.938250001271564,µg/m³
Karachi,Karachi Zoo,2025-10-12T11:00:00Z,23.320416673024493,µg/m³
Karachi,Urban Unit Karachi,2025-10-12T11:00:00Z,27.101652810308668,µg/m³
Karachi,Urban Unit Karachi,2025-10-12T12:00:00Z,27.172291668256122,µg/m³
Karachi,Karachi Zoo,2025-10-12T12:00:00Z,24.658749993642175,µg/m³
Karachi,"DHA, Karachi",2025-10-12T12:00:00Z,21.01383333206177,µg/m³
Karachi,Urban Unit Karachi,2025-10-12T13:00:00Z,30.639083337783813,µg/m³
Karachi,"DHA, Karachi",2025-10-12T13:00:00Z,25.71687501271566,µg/m³
Karachi,Karachi Zoo,2025-10-12T13:00:00Z,33.776833224296574,µg/m³
Karachi,Karachi Zoo,2025-10-12T14:00:00Z,35.35029147466024,µg/m³
Karachi,"DHA, Karachi",2025-10-12T14:00:00Z,26.139375066757207,µg/m³
Karachi,Urban Unit Karachi,2025-10-12T14:00:00Z,36.92486106024848,µg/m³
Karachi,Urban Unit Karachi,2025-10-12T15:00:00Z,47.55175018310547,µg/m³
Karachi,Karachi Zoo,2025-10-12T15:00:00Z,37.36645806630453,µg/m³
Karachi,"DHA, Karachi",2025-10-12T15:00:00Z,27.453055519527854,µg/m³
Karachi,Urban Unit Karachi,2025-10-12T16:00:00Z,49.13454176584879,µg/m³
Karachi,Karachi Zoo,2025-10-12T16:00:00Z,42.01670869191488,µg/m³
Karachi,"DHA, Karachi",2025-10-12T16:00:00Z,27.613624970118206,µg/m³
Karachi,Urban Unit Karachi,2025-10-12T17:00:00Z,44.98904196421305,µg/m³
Karachi,Karachi Zoo,2025-10-12T17:00:00Z,38.79762516021729,µg/m³
Karachi,"DHA, Karachi",2025-10-12T17:00:00Z,30.19770834445953,µg/m³
Karachi,Urban Unit Karachi,2025-10-12T18:00:00Z,47.449708112080884,µg/m³
Karachi,Karachi Zoo,2025-10-12T18:00:00Z,55.363208325703944,µg/m³
Karachi,"DHA, Karachi",2025-10-12T18:00:00Z,34.304000027974446,µg/m³
Karachi,Karachi Zoo,2025-10-12T19:00:00Z,42.82345841725667,µg/m³
Karachi,Urban Unit Karachi,2025-10-12T19:00:00Z,36.67887519200642,µg/m³
Karachi,"DHA, Karachi",2025-10-12T19:00:00Z,32.37573630809784,µg/m³
Karachi,Urban Unit Karachi,2025-10-12T20:00:00Z,32.19972227944268,µg/m³
Karachi,Karachi Zoo,2025-10-12T20:00:00Z,48.329958279927574,µg/m³
Karachi,"DHA, Karachi",2025-10-12T20:00:00Z,30.994375061988833,µg/m³
Karachi,Karachi Zoo,2025-10-12T21:00:00Z,42.85237483978272,µg/m³
Karachi,Urban Unit Karachi,2025-10-12T21:00:00Z,29.456958285967506,µg/m³
Karachi,"DHA, Karachi",2025-10-12T21:00:00Z,29.025291657447813,µg/m³
Karachi,Karachi Zoo,2025-10-12T22:00:00Z,40.267708142598465,µg/m³
Karachi,Urban Unit Karachi,2025-10-12T22:00:00Z,28.946125006675725,µg/m³
Karachi,"DHA, Karachi",2025-10-12T22:00:00Z,26.396166674296065,µg/m³
Karachi,Karachi Zoo,2025-10-12T23:00:00Z,39.18033345540364,µg/m³
Karachi,Urban Unit Karachi,2025-10-12T23:00:00Z,31.562958367665605,µg/m³
Karachi,"DHA, Karachi",2025-10-12T23:00:00Z,30.835916717847187,µg/m³
Karachi,Urban Unit Karachi,2025-10-13T00:00:00Z,43.85562496185303,µg/m³
Karachi,Karachi Zoo,2025-10-13T00:00:00Z,45.6111249923706,µg/m³
Karachi,"DHA, Karachi",2025-10-13T00:00:00Z,32.639722209506566,µg/m³
Karachi,Urban Unit Karachi,2025-10-13T01:00:00Z,52.315791384379075,µg/m³
Karachi,Karachi Zoo,2025-10-13T01:00:00Z,41.50387477874756,µg/m³
Karachi,"DHA, Karachi",2025-10-13T01:00:00Z,33.56516673564911,µg/m³
Karachi,"DHA, Karachi",2025-10-13T02:00:00Z,35.84012508392333,µg/m³
Karachi,Urban Unit Karachi,2025-10-13T02:00:00Z,52.00912520090739,µg/m³
Karachi,Karachi Zoo,2025-10-13T02:00:00Z,45.23408368428548,µg/m³
Karachi,"DHA, Karachi",2025-10-13T03:00:00Z,29.42205539809333,µg/m³
Karachi,Karachi Zoo,2025-10-13T03:00:00Z,52.48738882276748,µg/m³
Karachi,Urban Unit Karachi,2025-10-13T03:00:00Z,44.90608342488607,µg/m³
Karachi,Urban Unit Karachi,2025-10-13T04:00:00Z,40.40658356348673,µg/m³
Karachi,Karachi Metropolitan corporation ,2025-10-13T04:00:00Z,32.975958424144316,µg/m³
Karachi,"DHA, Karachi",2025-10-13T04:00:00Z,27.243861140145196,µg/m³
Karachi,Karachi Zoo,2025-10-13T04:00:00Z,33.97350023587544,µg/m³
Karachi,Urban Unit Karachi,2025-10-13T05:00:00Z,32.22352770964305,µg/m³
Karachi,Karachi Metropolitan corporation ,2025-10-13T05:00:00Z,33.43220829433865,µg/m³
Karachi,Karachi Zoo,2025-10-13T05:00:00Z,26.440916673342386,µg/m³
Karachi,"DHA, Karachi",2025-10-13T05:00:00Z,25.058027776082355,µg/m³
Karachi,Urban Unit Karachi,2025-10-13T06:00:00Z,28.93429173628489,µg/m³
Karachi,Karachi Metropolitan corporation ,2025-10-13T06:00:00Z,31.158666737874345,µg/m³
Karachi,Karachi Zoo,2025-10-13T06:00:00Z,27.454986108673946,µg/m³
Karachi,"DHA, Karachi",2025-10-13T06:00:00Z,41.28691654205322,µg/m³
Karachi,Karachi Metropolitan corporation ,2025-10-13T07:00:00Z,35.62920837402344,µg/m³
Karachi,Urban Unit Karachi,2025-10-13T07:00:00Z,32.557624904314686,µg/m³
Karachi,Karachi Zoo,2025-10-13T07:00:00Z,24.778416620360478,µg/m³
Karachi,"DHA, Karachi",2025-10-13T07:00:00Z,24.803583335876464,µg/m³
Karachi,Urban Unit Karachi,2025-10-13T08:00:00Z,31.922861215803362,µg/m³
Karachi,"DHA, Karachi",2025-10-13T08:00:00Z,22.05263889100817,µg/m³
Karachi,Karachi Metropolitan corporation ,2025-10-13T08:00:00Z,34.14344446394178,µg/m³
Karachi,Karachi Zoo,2025-10-13T08:00:00Z,24.30570828119914,µg/m³
Karachi,"DHA, Karachi",2025-10-13T09:00:00Z,17.803722212049696,µg/m³
Karachi,Urban Unit Karachi,2025-10-13T09:00:00Z,31.732722152603994,µg/m³
Karachi,Karachi Metropolitan corporation ,2025-10-13T09:00:00Z,30.738791624704998,µg/m³
Karachi,Karachi Zoo,2025-10-13T09:00:00Z,24.028000076611836,µg/m³
Karachi,Karachi Zoo,2025-10-13T10:00:00Z,25.966500027974448,µg/m³
Karachi,Urban Unit Karachi,2025-10-13T10:00:00Z,30.074777672025885,µg/m³
Karachi,"DHA, Karachi",2025-10-13T10:00:00Z,16.21645831796858,µg/m³
Karachi,Karachi Metropolitan corporation ,2025-10-13T10:00:00Z,33.49358334541321,µg/m³
Karachi,Urban Unit Karachi,2025-10-13T11:00:00Z,28.211208375295005,µg/m³
Karachi,Karachi Zoo,2025-10-13T11:00:00Z,26.831249920527146,µg/m³
Karachi,Karachi Metropolitan corporation ,2025-10-13T11:00:00Z,33.44633305072784,µg/m³
Karachi,"DHA, Karachi",2025-10-13T11:00:00Z,17.22766668001811,µg/m³
Karachi,Karachi Zoo,2025-10-13T12:00:00Z,29.10633330345154,µg/m³
Karachi,Karachi Metropolitan corporation ,2025-10-13T12:00:00Z,29.878541707992554,µg/m³
Karachi,"DHA, Karachi",2025-10-13T12:00:00Z,17.643125017484028,µg/m³
Karachi,Urban Unit Karachi,2025-10-13T12:00:00Z,32.39666669368744,µg/m³
Karachi,Karachi Metropolitan corporation ,2025-10-13T13:00:00Z,29.675416692097983,µg/m³
Karachi,Karachi Zoo,2025-10-13T13:00:00Z,31.078374905056418,µg/m³
Karachi,Urban Unit Karachi,2025-10-13T13:00:00Z,37.19044460720486,µg/m³
Karachi,"DHA, Karachi",2025-10-13T13:00:00Z,19.11954168478648,µg/m³
Karachi,Karachi Zoo,2025-10-13T14:00:00Z,35.22058347066244,µg/m³
Karachi,Karachi Metropolitan corporation ,2025-10-13T14:00:00Z,38.679333241780604,µg/m³
Karachi,Urban Unit Karachi,2025-10-13T14:00:00Z,42.59100036621094,µg/m³
Karachi,"DHA, Karachi",2025-10-13T14:00:00Z,22.897374955813092,µg/m³
Karachi,"DHA, Karachi",2025-10-13T15:00:00Z,29.865166664123535,µg/m³
Karachi,Karachi Zoo,2025-10-13T15:00:00Z,34.45272215737237,µg/m³
Karachi,Urban Unit Karachi,2025-10-13T15:00:00Z,59.11379172007242,µg/m³
Karachi,Karachi Zoo,2025-10-13T16:00:00Z,41.11204153696696,µg/m³
Karachi,Urban Unit Karachi,2025-10-13T16:00:00Z,65.94833348592122,µg/m³
Karachi,"DHA, Karachi",2025-10-13T16:00:00Z,31.124833464622498,µg/m³
Karachi,"DHA, Karachi",2025-10-13T17:00:00Z,34.72229124704997,µg/m³
Karachi,Karachi Zoo,2025-10-13T17:00:00Z,59.67330585055881,µg/m³
Karachi,Urban Unit Karachi,2025-10-13T17:00:00Z,96.27062511444092,µg/m³
Karachi,Urban Unit Karachi,2025-10-13T18:00:00Z,78.62433369954427,µg/m³
Karachi,"DHA, Karachi",2025-10-13T18:00:00Z,36.995111253526474,µg/m³
Karachi,Karachi Zoo,2025-10-13T18:00:00Z,124.74787502288821,µg/m³
Karachi,"DHA, Karachi",2025-10-13T19:00:00Z,34.20424989064535,µg/m³
Karachi,Urban Unit Karachi,2025-10-13T19:00:00Z,54.2402083714803,µg/m³
Karachi,Karachi Zoo,2025-10-13T19:00:00Z,76.47474975585936,µg/m³
Karachi,Urban Unit Karachi,2025-10-13T20:00:00Z,45.56318069034153,µg/m³
Karachi,Karachi Zoo,2025-10-13T20:00:00Z,80.74373573727077,µg/m³
Karachi,"DHA, Karachi",2025-10-13T20:00:00Z,32.28549982971615,µg/m³
Karachi,Urban Unit Karachi,2025-10-13T21:00:00Z,46.174875068664555,µg/m³
Karachi,"DHA, Karachi",2025-10-13T21:00:00Z,33.23681939707862,µg/m³
Karachi,Karachi Zoo,2025-10-13T21:00:00Z,177.36100006103516,µg/m³
Karachi,"DHA, Karachi",2025-10-13T22:00:00Z,41.74591623942057,µg/m³
Karachi,Karachi Zoo,2025-10-13T22:00:00Z,120.2209999084473,µg/m³
Karachi,Urban Unit Karachi,2025-10-13T22:00:00Z,44.459374809265135,µg/m³
Karachi,"DHA, Karachi",2025-10-13T23:00:00Z,35.44995797475179,µg/m³
Karachi,Karachi Zoo,2025-10-13T23:00:00Z,48.49145844777425,µg/m³
Karachi,Urban Unit Karachi,2025-10-13T23:00:00Z,38.238235706753194,µg/m³
Karachi,Urban Unit Karachi,2025-10-14T00:00:00Z,45.95275001525878,µg/m³
Karachi,"DHA, Karachi",2025-10-14T00:00:00Z,33.56950023969015,µg/m³
Karachi,Karachi Zoo,2025-10-14T00:00:00Z,55.60576415591769,µg/m³
Karachi,"DHA, Karachi",2025-10-14T01:00:00Z,40.990097194247774,µg/m³
Karachi,Urban Unit Karachi,2025-10-14T01:00:00Z,43.35454146067301,µg/m³
Karachi,Karachi Zoo,2025-10-14T01:00:00Z,58.16191660563152,µg/m³
Karachi,Karachi Zoo,2025-10-14T02:00:00Z,67.47104193369547,µg/m³
Karachi,"DHA, Karachi",2025-10-14T02:00:00Z,48.968416468302415,µg/m³
Karachi,Urban Unit Karachi,2025-10-14T02:00:00Z,44.27195847829183,µg/m³
Karachi,Karachi Metropolitan corporation ,2025-10-14T03:00:00Z,37.66999816894531,µg/m³
Karachi,"DHA, Karachi",2025-10-14T03:00:00Z,47.76575012207031,µg/m³
Karachi,Karachi Zoo,2025-10-14T03:00:00Z,55.71995805104573,µg/m³
Karachi,Urban Unit Karachi,2025-10-14T03:00:00Z,48.3132916132609,µg/m³
Karachi,"DHA, Karachi",2025-10-14T04:00:00Z,35.80645832220713,µg/m³
Karachi,Karachi Zoo,2025-10-14T04:00:00Z,43.7291670481364,µg/m³
Karachi,Karachi Metropolitan corporation ,2025-10-14T04:00:00Z,33.36712484359741,µg/m³
Karachi,Urban Unit Karachi,2025-10-14T04:00:00Z,50.05345834096273,µg/m³
Karachi,"DHA, Karachi",2025-10-14T05:00:00Z,25.821125006675725,µg/m³
Karachi,G3 Engineering Consultants karachi,2025-10-14T05:00:00Z,27.352000045776368,µg/m³
Karachi,Karachi Zoo,2025-10-14T05:00:00Z,37.74616647561391,µg/m³
Karachi,Urban Unit Karachi,2025-10-14T05:00:00Z,41.172444417741566,µg/m³
Karachi,Karachi Metropolitan corporation ,2025-10-14T05:00:00Z,31.15391678015391,µg/m³
Karachi,"DHA, Karachi",2025-10-14T06:00:00Z,22.03641665776571,µg/m³
Karachi,Karachi Zoo,2025-10-14T06:00:00Z,28.56049995422363,µg/m³
Karachi,Karachi Metropolitan corporation ,2025-10-14T06:00:00Z,30.921638875537443,µg/m³
Karachi,G3 Engineering Consultants karachi,2025-10-14T06:00:00Z,25.907124988238014,µg/m³
Karachi,Urban Unit Karachi,2025-10-14T06:00:00Z,37.12751361264123,µg/m³
Karachi,Urban Unit Karachi,2025-10-14T07:00:00Z,34.78645819822947,µg/m³
Karachi,G3 Engineering Consultants karachi,2025-10-14T07:00:00Z,24.97837499777476,µg/m³
Karachi,Karachi Zoo,2025-10-14T07:00:00Z,31.50529159704844,µg/m³
Karachi,"DHA, Karachi",2025-10-14T07:00:00Z,20.16774999300639,µg/m³
Karachi,Karachi Metropolitan corporation ,2025-10-14T07:00:00Z,32.11737505594889,µg/m³
Karachi,"DHA, Karachi",2025-10-14T08:00:00Z,19.069597225719026,µg/m³
Karachi,Urban Unit Karachi,2025-10-14T08:00:00Z,33.31833321253459,µg/m³
Karachi,Karachi Metropolitan corporation ,2025-10-14T08:00:00Z,32.10893049769931,µg/m³
Karachi,G3 Engineering Consultants karachi,2025-10-14T08:00:00Z,22.909458343187964,µg/m³
Karachi,Karachi Zoo,2025-10-14T08:00:00Z,28.47862506707509,µg/m³
Karachi,G3 Engineering Consultants karachi,2025-10-14T09:00:00Z,20.27062499523163,µg/m³
Karachi,"DHA, Karachi",2025-10-14T09:00:00Z,18.535847232076858,µg/m³
Karachi,Karachi Zoo,2025-10-14T09:00:00Z,26.26038894388411,µg/m³
Karachi,Urban Unit Karachi,2025-10-14T09:00:00Z,34.73037525812784,µg/m³
Karachi,Karachi Metropolitan corporation ,2025-10-14T09:00:00Z,34.39220810731253,µg/m³
Karachi,Karachi Zoo,2025-10-14T10:00:00Z,24.563999970753986,µg/m³
Karachi,G3 Engineering Consultants karachi,2025-10-14T10:00:00Z,20.984208337465926,µg/m³
Karachi,Urban Unit Karachi,2025-10-14T10:00:00Z,27.655458331108093,µg/m³
Karachi,Karachi Metropolitan corporation ,2025-10-14T10:00:00Z,31.739833148320518,µg/m³
Karachi,"DHA, Karachi",2025-10-14T10:00:00Z,30.198375360171,µg/m³
Karachi,Karachi Zoo,2025-10-14T11:00:00Z,33.56477791733212,µg/m³
Karachi,"DHA, Karachi",2025-10-14T11:00:00Z,20.18116668065389,µg/m³
Karachi,Urban Unit Karachi,2025-10-14T11:00:00Z,28.51604166825612,µg/m³
Karachi,Karachi Metropolitan corporation ,2025-10-14T11:00:00Z,31.81481943130493,µg/m³
Karachi,G3 Engineering Consultants karachi,2025-10-14T11:00:00Z,24.523625040054316,µg/m³
Karachi,G3 Engineering Consultants karachi,2025-10-14T12:00:00Z,22.745041664441427,µg/m³
Karachi,"DHA, Karachi",2025-10-14T12:00:00Z,20.371458315849303,µg/m³
Karachi,Urban Unit Karachi,2025-10-14T12:00:00Z,35.44987506071727,µg/m³
Karachi,Karachi Zoo,2025-10-14T12:00:00Z,32.29858330885569,µg/m³
Karachi,Karachi Metropolitan corporation ,2025-10-14T12:00:00Z,33.87191662788392,µg/m³
Karachi,G3 Engineering Consultants karachi,2025-10-14T13:00:00Z,46.36433321634929,µg/m³
Karachi,"DHA, Karachi",2025-10-14T13:00:00Z,24.96416664123535,µg/m³
Karachi,Urban Unit Karachi,2025-10-14T13:00:00Z,34.41591672897339,µg/m³
Karachi,Karachi Zoo,2025-10-14T13:00:00Z,36.40900000466241,µg/m³
Karachi,Karachi Metropolitan corporation ,2025-10-14T13:00:00Z,38.02595822811127,µg/m³
Karachi,G3 Engineering Consultants karachi,2025-10-14T14:00:00Z,53.15370858510337,µg/m³
Karachi,"DHA, Karachi",2025-10-14T14:00:00Z,30.345333329836524,µg/m³
Karachi,Urban Unit Karachi,2025-10-14T14:00:00Z,42.42970841725667,µg/m³
Karachi,Karachi Zoo,2025-10-14T14:00:00Z,39.48250045776367,µg/m³
Karachi,Urban Unit Karachi,2025-10-14T15:00:00Z,39.16362476348877,µg/m³
Karachi,Karachi Zoo,2025-10-14T15:00:00Z,39.107208569844566,µg/m³
Karachi,G3 Engineering Consultants karachi,2025-10-14T15:00:00Z,37.541833241780594,µg/m³
Karachi,"DHA, Karachi",2025-10-14T15:00:00Z,41.87941656907399,µg/m³
Karachi,G3 Engineering Consultants karachi,2025-10-14T16:00:00Z,35.96824992497762,µg/m³
Karachi,"DHA, Karachi",2025-10-14T16:00:00Z,29.280263956387838,µg/m³
Karachi,Karachi Zoo,2025-10-14T16:00:00Z,39.97105543348525,µg/m³
Karachi,Urban Unit Karachi,2025-10-14T16:00:00Z,41.23812503814697,µg/m³
Karachi,G3 Engineering Consultants karachi,2025-10-14T17:00:00Z,40.09709729088677,µg/m³
Karachi,"DHA, Karachi",2025-10-14T17:00:00Z,30.772499998410538,µg/m³
Karachi,Karachi Zoo,2025-10-14T17:00:00Z,91.17508328755696,µg/m³
Karachi,Urban Unit Karachi,2025-10-14T17:00:00Z,52.50058339436848,µg/m³
Karachi,G3 Engineering Consultants karachi,2025-10-14T18:00:00Z,41.18462505340576,µg/m³
Karachi,Urban Unit Karachi,2025-10-14T18:00:00Z,45.53641649881999,µg/m³
Karachi,Karachi Zoo,2025-10-14T18:00:00Z,81.38929182688393,µg/m³
Karachi,"DHA, Karachi",2025-10-14T18:00:00Z,36.232986301845976,µg/m³
Karachi,"DHA, Karachi",2025-10-14T19:00:00Z,34.818458493550615,µg/m³
Karachi,G3 Engineering Consultants karachi,2025-10-14T19:00:00Z,41.56979185740153,µg/m³
Karachi,Karachi Zoo,2025-10-14T19:00:00Z,48.83620827992757,µg/m³
Karachi,Urban Unit Karachi,2025-10-14T19:00:00Z,41.907346873813204,µg/m³
Karachi,"DHA, Karachi",2025-10-14T20:00:00Z,33.40283336639404,µg/m³
Karachi,G3 Engineering Consultants karachi,2025-10-14T20:00:00Z,34.16824986139934,µg/m³
Karachi,Urban Unit Karachi,2025-10-14T20:00:00Z,38.43970864613852,µg/m³
Karachi,Karachi Zoo,2025-10-14T20:00:00Z,54.9051248550415,µg/m³
Karachi,Karachi Zoo,2025-10-14T21:00:00Z,48.13759716881646,µg/m³
Karachi,G3 Engineering Consultants karachi,2025-10-14T21:00:00Z,31.537666606903073,µg/m³
Karachi,Urban Unit Karachi,2025-10-14T21:00:00Z,35.658583577473955,µg/m³
Karachi,"DHA, Karachi",2025-10-14T21:00:00Z,29.6764166937934,µg/m³
Karachi,Karachi Zoo,2025-10-14T22:00:00Z,40.07629172007243,µg/m³
Karachi,G3 Engineering Consultants karachi,2025-10-14T22:00:00Z,33.00716648896535,µg/m³
Karachi,Urban Unit Karachi,2025-10-14T22:00:00Z,35.50366650422414,µg/m³
Karachi,"DHA, Karachi",2025-10-14T22:00:00Z,27.930750004450477,µg/m³
Karachi,G3 Engineering Consultants karachi,2025-10-14T23:00:00Z,35.17245858510335,µg/m³
Karachi,"DHA, Karachi",2025-10-14T23:00:00Z,37.09933328628541,µg/m³
Karachi,Karachi Zoo,2025-10-14T23:00:00Z,48.011541811625165,µg/m³
Karachi,Urban Unit Karachi,2025-10-14T23:00:00Z,38.595166683197014,µg/m³
Karachi,Karachi Zoo,2025-10-15T00:00:00Z,55.767124748229975,µg/m³
Karachi,Urban Unit Karachi,2025-10-15T00:00:00Z,31.862041703859962,µg/m³
Karachi,G3 Engineering Consultants karachi,2025-10-15T00:00:00Z,36.11052758958605,µg/m³
Karachi,"DHA, Karachi",2025-10-15T00:00:00Z,42.38679167429606,µg/m³
Karachi,Karachi Zoo,2025-10-15T01:00:00Z,58.49858334859212,µg/m³
Karachi,Urban Unit Karachi,2025-10-15T01:00:00Z,38.656708081563316,µg/m³
Karachi,"DHA, Karachi",2025-10-15T01:00:00Z,48.34266649881999,µg/m³
Karachi,G3 Engineering Consultants karachi,2025-10-15T01:00:00Z,69.2931666056315,µg/m³
Karachi,Urban Unit Karachi,2025-10-15T02:00:00Z,45.67687524159749,µg/m³
Karachi,"DHA, Karachi",2025-10-15T02:00:00Z,54.64015271928576,µg/m³
Karachi,Karachi Zoo,2025-10-15T02:00:00Z,58.07125015258788,µg/m³
Karachi,G3 Engineering Consultants karachi,2025-10-15T02:00:00Z,54.52675018310547,µg/m³
Karachi,"DHA, Karachi",2025-10-15T03:00:00Z,54.61470864613852,µg/m³
Karachi,Karachi Zoo,2025-10-15T03:00:00Z,59.454333241780596,µg/m³
Karachi,G3 Engineering Consultants karachi,2025-10-15T03:00:00Z,52.334541384379065,µg/m³
Karachi,Urban Unit Karachi,2025-10-15T03:00:00Z,49.48104178110759,µg/m³
Karachi,Karachi Zoo,2025-10-15T04:00:00Z,58.488291613260905,µg/m³
Karachi,"DHA, Karachi",2025-10-15T04:00:00Z,50.68722237481011,µg/m³
Karachi,G3 Engineering Consultants karachi,2025-10-15T04:00:00Z,42.759124946594234,µg/m³
Karachi,Urban Unit Karachi,2025-10-15T04:00:00Z,39.36579135258993,µg/m³
Karachi,Urban Unit Karachi,2025-10-15T05:00:00Z,33.23494449191623,µg/m³
Karachi,"DHA, Karachi",2025-10-15T05:00:00Z,44.05729185740154,µg/m³
Karachi,Karachi Zoo,2025-10-15T05:00:00Z,52.998333485921215,µg/m³
Karachi,G3 Engineering Consultants karachi,2025-10-15T05:00:00Z,39.36212520599365,µg/m³
Karachi,Urban Unit Karachi,2025-10-15T06:00:00Z,36.22029155095418,µg/m³
Karachi,"DHA, Karachi",2025-10-15T06:00:00Z,30.672972255282932,µg/m³
Karachi,G3 Engineering Consultants karachi,2025-10-15T06:00:00Z,26.235750039418537,µg/m³
Karachi,Karachi Zoo,2025-10-15T06:00:00Z,42.04454199473063,µg/m³
Karachi,Urban Unit Karachi,2025-10-15T07:00:00Z,33.329277390903904,µg/m³
Karachi,G3 Engineering Consultants karachi,2025-10-15T07:00:00Z,22.87600000699361,µg/m³
Karachi,"DHA, Karachi",2025-10-15T07:00:00Z,23.73170832792918,µg/m³
Karachi,Karachi Zoo,2025-10-15T07:00:00Z,32.64599997202556,µg/m³
Karachi,"DHA, Karachi",2025-10-15T08:00:00Z,22.538958334922796,µg/m³
Karachi,Karachi Zoo,2025-10-15T08:00:00Z,28.486541644732156,µg/m³
Karachi,G3 Engineering Consultants karachi,2025-10-15T08:00:00Z,22.92209721406301,µg/m³
Karachi,Urban Unit Karachi,2025-10-15T08:00:00Z,32.48723621633318,µg/m³
Karachi,"DHA, Karachi",2025-10-15T09:00:00Z,21.164666668574014,µg/m³
Karachi,Karachi Zoo,2025-10-15T09:00:00Z,29.62765272988214,µg/m³
Karachi,G3 Engineering Consultants karachi,2025-10-15T09:00:00Z,22.601694446139863,µg/m³
Karachi,Urban Unit Karachi,2025-10-15T09:00:00Z,38.15465291341146,µg/m³
Karachi,"DHA, Karachi",2025-10-15T10:00:00Z,19.367111105389068,µg/m³
Karachi,G3 Engineering Consultants karachi,2025-10-15T10:00:00Z,22.166208338737487,µg/m³
Karachi,Karachi Zoo,2025-10-15T10:00:00Z,27.763291568226283,µg/m³
Karachi,Urban Unit Karachi,2025-10-15T10:00:00Z,36.63204170068105,µg/m³
Karachi,Karachi Zoo,2025-10-15T11:00:00Z,30.85895822842916,µg/m³
Karachi,"DHA, Karachi",2025-10-15T11:00:00Z,18.938722229003908,µg/m³
Karachi,G3 Engineering Consultants karachi,2025-10-15T11:00:00Z,27.509347213639156,µg/m³
Karachi,Urban Unit Karachi,2025-10-15T11:00:00Z,37.385014181666904,µg/m³
Karachi,"DHA, Karachi",2025-10-15T12:00:00Z,22.43202778498332,µg/m³
Karachi,Karachi Zoo,2025-10-15T12:00:00Z,32.019041593869524,µg/m³
Karachi,G3 Engineering Consultants karachi,2025-10-15T12:00:00Z,28.62666664123535,µg/m³
Karachi,Urban Unit Karachi,2025-10-15T12:00:00Z,33.508541615804035,µg/m³
Karachi,Urban Unit Karachi,2025-10-15T13:00:00Z,52.147499847412114,µg/m³
Karachi,"DHA, Karachi",2025-10-15T13:00:00Z,30.14408325354258,µg/m³
Karachi,G3 Engineering Consultants karachi,2025-10-15T13:00:00Z,40.46625026861826,µg/m³
Karachi,Karachi Zoo,2025-10-15T13:00:00Z,45.86837520599365,µg/m³
Karachi,Karachi Zoo,2025-10-15T14:00:00Z,100.56658337910967,µg/m³
Karachi,G3 Engineering Consultants karachi,2025-10-15T14:00:00Z,64.88933347066244,µg/m³
Karachi,"DHA, Karachi",2025-10-15T14:00:00Z,34.035333474477135,µg/m³
Karachi,Urban Unit Karachi,2025-10-15T14:00:00Z,98.5881254196167,µg/m³
Karachi,"DHA, Karachi",2025-10-15T15:00:00Z,33.73349976539612,µg/m³
Karachi,G3 Engineering Consultants karachi,2025-10-15T15:00:00Z,46.0775001525879,µg/m³
Karachi,Karachi Zoo,2025-10-15T15:00:00Z,102.90737539927164,µg/m³
Karachi,Urban Unit Karachi,2025-10-15T15:00:00Z,120.3377498626709,µg/m³
Karachi,"DHA, Karachi",2025-10-15T16:00:00Z,38.6993745803833,µg/m³
Karachi,G3 Engineering Consultants karachi,2025-10-15T16:00:00Z,45.65279165903727,µg/m³
Karachi,Urban Unit Karachi,2025-10-15T16:00:00Z,77.4657497406006,µg/m³
Karachi,Karachi Zoo,2025-10-15T16:00:00Z,107.29075012207032,µg/m³
Karachi,Urban Unit Karachi,2025-10-15T17:00:00Z,40.93929144541423,µg/m³
Karachi,Karachi Zoo,2025-10-15T17:00:00Z,72.68268053266738,µg/m³
Karachi,G3 Engineering Consultants karachi,2025-10-15T17:00:00Z,36.37587490081787,µg/m³
Karachi,"DHA, Karachi",2025-10-15T17:00:00Z,35.68544455369314,µg/m³
Karachi,Urban Unit Karachi,2025-10-15T18:00:00Z,46.51016680399578,µg/m³
Karachi,"DHA, Karachi",2025-10-15T18:00:00Z,47.40052752759721,µg/m³
Karachi,Karachi Zoo,2025-10-15T18:00:00Z,52.51037502288819,µg/m³
Karachi,G3 Engineering Consultants karachi,2025-10-15T18:00:00Z,38.38494419521756,µg/m³
Karachi,Urban Unit Karachi,2025-10-15T19:00:00Z,36.75272221300337,µg/m³
Karachi,Karachi Zoo,2025-10-15T19:00:00Z,44.871166483561204,µg/m³
Karachi,G3 Engineering Consultants karachi,2025-10-15T19:00:00Z,33.91195824940999,µg/m³
Karachi,"DHA, Karachi",2025-10-15T19:00:00Z,33.42591671943664,µg/m³
Karachi,Karachi Zoo,2025-10-15T20:00:00Z,48.35045846303304,µg/m³
Karachi,G3 Engineering Consultants karachi,2025-10-15T20:00:00Z,32.71654154459635,µg/m³
Karachi,"DHA, Karachi",2025-10-15T20:00:00Z,49.314208539326984,µg/m³
Karachi,Urban Unit Karachi,2025-10-15T20:00:00Z,40.093332799275714,µg/m³
Karachi,Urban Unit Karachi,2025-10-15T21:00:00Z,48.38816668192546,µg/m³
Karachi,"DHA, Karachi",2025-10-15T21:00:00Z,52.504917017618816,µg/m³
Karachi,Karachi Zoo,2025-10-15T21:00:00Z,51.70604178110759,µg/m³
Karachi,G3 Engineering Consultants karachi,2025-10-15T21:00:00Z,37.237749862670896,µg/m³
Karachi,Urban Unit Karachi,2025-10-15T22:00:00Z,57.90572238498263,µg/m³
Karachi,Karachi Zoo,2025-10-15T22:00:00Z,51.32758344014485,µg/m³
Karachi,"DHA, Karachi",2025-10-15T22:00:00Z,48.09377738104926,µg/m³
Karachi,G3 Engineering Consultants karachi,2025-10-15T22:00:00Z,34.602208137512214,µg/m³
Karachi,G3 Engineering Consultants karachi,2025-10-15T23:00:00Z,30.54029152393341,µg/m³
Karachi,Karachi Zoo,2025-10-15T23:00:00Z,40.05129172007243,µg/m³
Karachi,"DHA, Karachi",2025-10-15T23:00:00Z,45.129027726915155,µg/m³
Karachi,Urban Unit Karachi,2025-10-15T23:00:00Z,44.03008321126302,µg/m³
Karachi,Urban Unit Karachi,2025-10-16T00:00:00Z,47.71804167429607,µg/m³
Karachi,Karachi Zoo,2025-10-16T00:00:00Z,42.51175003051758,µg/m³
Karachi,G3 Engineering Consultants karachi,2025-10-16T00:00:00Z,43.3117222679986,µg/m³
Karachi,"DHA, Karachi",2025-10-16T00:00:00Z,43.7504997253418,µg/m³
Karachi,Urban Unit Karachi,2025-10-16T01:00:00Z,48.29516665140789,µg/m³
Karachi,G3 Engineering Consultants karachi,2025-10-16T01:00:00Z,49.861000061035156,µg/m³
Karachi,Karachi Zoo,2025-10-16T01:00:00Z,46.25836084153917,µg/m³
Karachi,"DHA, Karachi",2025-10-16T01:00:00Z,48.92191645304362,µg/m³
Karachi,"DHA, Karachi",2025-10-16T02:00:00Z,61.355333455403645,µg/m³
Karachi,Urban Unit Karachi,2025-10-16T02:00:00Z,50.19837474822998,µg/m³
Karachi,G3 Engineering Consultants karachi,2025-10-16T02:00:00Z,50.45062503814699,µg/m³
Karachi,Karachi Zoo,2025-10-16T02:00:00Z,58.33350041707356,µg/m³
Karachi,Urban Unit Karachi,2025-10-16T03:00:00Z,52.43861126369901,µg/m³
Karachi,Karachi Zoo,2025-10-16T03:00:00Z,58.413916651407874,µg/m³
Karachi,"DHA, Karachi",2025-10-16T03:00:00Z,96.19187463124594,µg/m³
Karachi,G3 Engineering Consultants karachi,2025-10-16T03:00:00Z,92.86645844777424,µg/m³
Karachi,"DHA, Karachi",2025-10-16T04:00:00Z,69.46548650529648,µg/m³
Karachi,G3 Engineering Consultants karachi,2025-10-16T04:00:00Z,54.82349967956543,µg/m³
Karachi,Urban Unit Karachi,2025-10-16T04:00:00Z,50.20508321126302,µg/m³
Karachi,Karachi Zoo,2025-10-16T04:00:00Z,93.3441665649414,µg/m³
Karachi,G3 Engineering Consultants karachi,2025-10-16T05:00:00Z,72.20337505340576,µg/m³
Karachi,"DHA, Karachi",2025-10-16T05:00:00Z,44.859708340962726,µg/m³
Karachi,Karachi Zoo,2025-10-16T05:00:00Z,56.7943749109904,µg/m³
Karachi,Urban Unit Karachi,2025-10-16T05:00:00Z,53.8844580968221,µg/m³
Karachi,G3 Engineering Consultants karachi,2025-10-16T06:00:00Z,73.87269482082792,µg/m³
Karachi,Urban Unit Karachi,2025-10-16T06:00:00Z,41.62312537034353,µg/m³
Karachi,"DHA, Karachi",2025-10-16T06:00:00Z,44.79729191462198,µg/m³
Karachi,G3 Engineering Consultants karachi,2025-10-16T07:00:00Z,87.2147086461385,µg/m³
Karachi,Urban Unit Karachi,2025-10-16T07:00:00Z,37.158778264787465,µg/m³
Karachi,"DHA, Karachi",2025-10-16T07:00:00Z,74.21537532806396,µg/m³
Karachi,"DHA, Karachi",2025-10-16T08:00:00Z,61.65141665140788,µg/m³
Karachi,G3 Engineering Consultants karachi,2025-10-16T08:00:00Z,59.89966684977213,µg/m³
Karachi,Urban Unit Karachi,2025-10-16T08:00:00Z,43.608750152587895,µg/m³
Karachi,G3 Engineering Consultants karachi,2025-10-16T09:00:00Z,26.74779165585836,µg/m³
Karachi,"DHA, Karachi",2025-10-16T09:00:00Z,31.932874878247578,µg/m³
Karachi,Urban Unit Karachi,2025-10-16T09:00:00Z,52.53525009155273,µg/m³
Karachi,G3 Engineering Consultants karachi,2025-10-16T10:00:00Z,26.214458386103313,µg/m³
Karachi,"DHA, Karachi",2025-10-16T10:00:00Z,22.578625003496807,µg/m³
Karachi,Urban Unit Karachi,2025-10-16T10:00:00Z,42.6394167582194,µg/m³
Karachi,Urban Unit Karachi,2025-10-16T11:00:00Z,39.912045426802194,µg/m³
Karachi,G3 Engineering Consultants karachi,2025-10-16T11:00:00Z,30.430583532651266,µg/m³
Karachi,"DHA, Karachi",2025-10-16T11:00:00Z,22.69573610358768,µg/m³
Karachi,G3 Engineering Consultants karachi,2025-10-16T12:00:00Z,31.88083341916402,µg/m³
Karachi,"DHA, Karachi",2025-10-16T12:00:00Z,26.732430545488995,µg/m³
Karachi,Urban Unit Karachi,2025-10-16T12:00:00Z,40.16308275858561,µg/m³
Karachi,G3 Engineering Consultants karachi,2025-10-16T13:00:00Z,41.95654188791911,µg/m³
Karachi,Urban Unit Karachi,2025-10-16T13:00:00Z,50.8747917811076,µg/m³
Karachi,"DHA, Karachi",2025-10-16T13:00:00Z,32.12683333555857,µg/m³
Karachi,G3 Engineering Consultants karachi,2025-10-16T14:00:00Z,44.815500259399414,µg/m³
Karachi,"DHA, Karachi",2025-10-16T14:00:00Z,49.36379172007242,µg/m³
Karachi,Urban Unit Karachi,2025-10-16T14:00:00Z,74.02694452073838,µg/m³
Karachi,G3 Engineering Consultants karachi,2025-10-16T15:00:00Z,48.5804583867391,µg/m³
Karachi,Urban Unit Karachi,2025-10-16T15:00:00Z,80.26941706339518,µg/m³
Karachi,"DHA, Karachi",2025-10-16T15:00:00Z,65.04984730614557,µg/m³
Karachi,"DHA, Karachi",2025-10-16T16:00:00Z,57.581763988071025,µg/m³
Karachi,G3 Engineering Consultants karachi,2025-10-16T16:00:00Z,52.009458478291826,µg/m³
Karachi,Urban Unit Karachi,2025-10-16T16:00:00Z,81.34954191843669,µg/m³
Karachi,"DHA, Karachi",2025-10-16T17:00:00Z,69.82016665140787,µg/m³
Karachi,G3 Engineering Consultants karachi,2025-10-16T17:00:00Z,77.18045838673909,µg/m³
Karachi,Urban Unit Karachi,2025-10-16T17:00:00Z,60.077791659037274,µg/m³
Karachi,"DHA, Karachi",2025-10-16T18:00:00Z,86.70108350118001,µg/m³
Karachi,G3 Engineering Consultants karachi,2025-10-16T18:00:00Z,93.9738748550415,µg/m³
Karachi,Urban Unit Karachi,2025-10-16T18:00:00Z,63.65754172007243,µg/m³
Karachi,G3 Engineering Consultants karachi,2025-10-16T19:00:00Z,49.54791666666667,µg/m³
Karachi,"DHA, Karachi",2025-10-16T19:00:00Z,93.61741663614907,µg/m³
Karachi,Urban Unit Karachi,2025-10-16T19:00:00Z,75.84258359273274,µg/m³
Karachi,G3 Engineering Consultants karachi,2025-10-16T20:00:00Z,48.90095818837484,µg/m³
Karachi,Urban Unit Karachi,2025-10-16T20:00:00Z,81.66875,µg/m³
Karachi,"DHA, Karachi",2025-10-16T20:00:00Z,109.44437503814696,µg/m³
Karachi,G3 Engineering Consultants karachi,2025-10-16T21:00:00Z,65.33516680399576,µg/m³
Karachi,Urban Unit Karachi,2025-10-16T21:00:00Z,84.5529582341512,µg/m³
Karachi,"DHA, Karachi",2025-10-16T21:00:00Z,142.5087085088094,µg/m³
Karachi,"DHA, Karachi",2025-10-16T22:00:00Z,143.56694429185657,µg/m³
Karachi,Urban Unit Karachi,2025-10-16T22:00:00Z,70.55149993896482,µg/m³
Karachi,G3 Engineering Consultants karachi,2025-10-16T22:00:00Z,65.31636115180122,µg/m³
Karachi,"DHA, Karachi",2025-10-16T23:00:00Z,116.81351409488254,µg/m³
Karachi,Urban Unit Karachi,2025-10-16T23:00:00Z,77.22666651407877,µg/m³
Karachi,G3 Engineering Consultants karachi,2025-10-16T23:00:00Z,72.67616640726725,µg/m³
Karachi,G3 Engineering Consultants karachi,2025-10-17T00:00:00Z,93.61312503814698,µg/m³
Karachi,"DHA, Karachi",2025-10-17T00:00:00Z,88.15625,µg/m³
Karachi,Urban Unit Karachi,2025-10-17T00:00:00Z,87.4203332265218,µg/m³
Karachi,G3 Engineering Consultants karachi,2025-10-17T01:00:00Z,244.1922496795654,µg/m³
Karachi,"DHA, Karachi",2025-10-17T01:00:00Z,126.70222189161514,µg/m³
Karachi,Urban Unit Karachi,2025-10-17T01:00:00Z,50.96495850880942,µg/m³
Karachi,G3 Engineering Consultants karachi,2025-10-17T02:00:00Z,129.20104242960613,µg/m³
Karachi,Urban Unit Karachi,2025-10-17T02:00:00Z,48.56933377583821,µg/m³
Karachi,"DHA, Karachi",2025-10-17T02:00:00Z,96.8459581375122,µg/m³
Karachi,G3 Engineering Consultants karachi,2025-10-17T03:00:00Z,45.94191691080729,µg/m³
Karachi,"DHA, Karachi",2025-10-17T03:00:00Z,49.75198616451687,µg/m³
Karachi,Urban Unit Karachi,2025-10-17T03:00:00Z,44.34445832570393,µg/m³
Karachi,G3 Engineering Consultants karachi,2025-10-17T04:00:00Z,54.94449996948242,µg/m³
Karachi,"DHA, Karachi",2025-10-17T04:00:00Z,49.473208173116056,µg/m³
Karachi,Urban Unit Karachi,2025-10-17T04:00:00Z,50.75604178110758,µg/m³
Karachi,Urban Unit Karachi,2025-10-17T05:00:00Z,48.848861100938585,µg/m³
Karachi,G3 Engineering Consultants karachi,2025-10-17T05:00:00Z,96.41758359273274,µg/m³
Karachi,"DHA, Karachi",2025-10-17T05:00:00Z,72.51841684977212,µg/m³
Karachi,Urban Unit Karachi,2025-10-17T06:00:00Z,44.472791735331214,µg/m³
Karachi,G3 Engineering Consultants karachi,2025-10-17T06:00:00Z,77.18987483978272,µg/m³
Karachi,"DHA, Karachi",2025-10-17T06:00:00Z,74.64862499237061,µg/m³
Karachi,"DHA, Karachi",2025-10-17T07:00:00Z,66.39622213575575,µg/m³
Karachi,G3 Engineering Consultants karachi,2025-10-17T07:00:00Z,53.87658322652181,µg/m³
Karachi,Urban Unit Karachi,2025-10-17T07:00:00Z,63.833166790008555,µg/m³
Karachi,"DHA, Karachi",2025-10-17T08:00:00Z,53.595999908447254,µg/m³
Karachi,G3 Engineering Consultants karachi,2025-10-17T08:00:00Z,49.436166636149096,µg/m³
Karachi,Urban Unit Karachi,2025-10-17T08:00:00Z,71.271514055464,µg/m³
Karachi,G3 Engineering Consultants karachi,2025-10-17T09:00:00Z,30.315374988979766,µg/m³
Karachi,Urban Unit Karachi,2025-10-17T09:00:00Z,50.924708112080886,µg/m³
Karachi,"DHA, Karachi",2025-10-17T09:00:00Z,36.90766668319702,µg/m³
Karachi,G3 Engineering Consultants karachi,2025-10-17T10:00:00Z,25.570500008265174,µg/m³
Karachi,Urban Unit Karachi,2025-10-17T10:00:00Z,38.59330579969618,µg/m³
Karachi,Urban Unit Karachi,2025-10-17T11:00:00Z,36.915083440144855,µg/m³
Karachi,G3 Engineering Consultants karachi,2025-10-17T11:00:00Z,31.224000088373824,µg/m³
Karachi,Urban Unit Karachi,2025-10-17T12:00:00Z,40.337875048319496,µg/m³
Karachi,G3 Engineering Consultants karachi,2025-10-17T12:00:00Z,29.808125178019207,µg/m³
Karachi,G3 Engineering Consultants karachi,2025-10-17T13:00:00Z,49.71929175059001,µg/m³
Karachi,Urban Unit Karachi,2025-10-17T13:00:00Z,43.26324958801269,µg/m³
Karachi,G3 Engineering Consultants karachi,2025-10-17T14:00:00Z,50.90395806630452,µg/m³
Karachi,Urban Unit Karachi,2025-10-17T14:00:00Z,51.63216654459635,µg/m³
Karachi,Urban Unit Karachi,2025-10-17T15:00:00Z,72.45002788967555,µg/m³
Karachi,G3 Engineering Consultants karachi,2025-10-17T15:00:00Z,55.6537776099311,µg/m³
Karachi,Urban Unit Karachi,2025-10-17T16:00:00Z,86.06041666666668,µg/m³
Karachi,G3 Engineering Consultants karachi,2025-10-17T16:00:00Z,43.302499771118164,µg/m³
Karachi,Urban Unit Karachi,2025-10-17T17:00:00Z,81.64445832570394,µg/m³
Karachi,G3 Engineering Consultants karachi,2025-10-17T17:00:00Z,50.87495797475179,µg/m³
Karachi,G3 Engineering Consultants karachi,2025-10-17T18:00:00Z,52.4453748703003,µg/m³
Karachi,Urban Unit Karachi,2025-10-17T18:00:00Z,61.38362483978272,µg/m³
Karachi,G3 Engineering Consultants karachi,2025-10-17T19:00:00Z,53.46370805104573,µg/m³
Karachi,Urban Unit Karachi,2025-10-17T19:00:00Z,80.63120797475179,µg/m³
Karachi,G3 Engineering Consultants karachi,2025-10-17T20:00:00Z,46.91837520599364,µg/m³
Karachi,Urban Unit Karachi,2025-10-17T20:00:00Z,68.91562519073487,µg/m³
Karachi,G3 Engineering Consultants karachi,2025-10-17T21:00:00Z,51.973374748229986,µg/m³
Karachi,Urban Unit Karachi,2025-10-17T21:00:00Z,52.24874954223632,µg/m³
Karachi,G3 Engineering Consultants karachi,2025-10-17T22:00:00Z,49.20280541314019,µg/m³
Karachi,Urban Unit Karachi,2025-10-17T22:00:00Z,33.61887485980988,µg/m³
Karachi,Urban Unit Karachi,2025-10-17T23:00:00Z,35.41708310445149,µg/m³
Karachi,G3 Engineering Consultants karachi,2025-10-17T23:00:00Z,44.338916651407885,µg/m³
Karachi,Urban Unit Karachi,2025-10-18T00:00:00Z,41.88612499237061,µg/m³
Karachi,G3 Engineering Consultants karachi,2025-10-18T00:00:00Z,74.98591639200846,µg/m³
Karachi,Urban Unit Karachi,2025-10-18T01:00:00Z,38.568333562215166,µg/m³
Karachi,G3 Engineering Consultants karachi,2025-10-18T01:00:00Z,71.64601391686334,µg/m³
Karachi,G3 Engineering Consultants karachi,2025-10-18T02:00:00Z,91.11845849355062,µg/m³
Karachi,Urban Unit Karachi,2025-10-18T02:00:00Z,44.54849929809571,µg/m³
Karachi,G3 Engineering Consultants karachi,2025-10-18T03:00:00Z,61.299375343322744,µg/m³
Karachi,Urban Unit Karachi,2025-10-18T03:00:00Z,95.2143751144409,µg/m³
Karachi,G3 Engineering Consultants karachi,2025-10-18T04:00:00Z,59.13743046654596,µg/m³
Karachi,Urban Unit Karachi,2025-10-18T04:00:00Z,76.30391680399578,µg/m³
Karachi,G3 Engineering Consultants karachi,2025-10-18T05:00:00Z,70.00104185740152,µg/m³
Karachi,G3 Engineering Consultants karachi,2025-10-18T06:00:00Z,66.90712490081788,µg/m³
Karachi,G3 Engineering Consultants karachi,2025-10-18T07:00:00Z,62.87187480926514,µg/m³
Karachi,G3 Engineering Consultants karachi,2025-10-18T08:00:00Z,49.4757916132609,µg/m³
Karachi,G3 Engineering Consultants karachi,2025-10-18T09:00:00Z,36.09783341089884,µg/m³
Karachi,G3 Engineering Consultants karachi,2025-10-18T10:00:00Z,31.369055416848926,µg/m³
Karachi,G3 Engineering Consultants karachi,2025-10-18T11:00:00Z,31.608416398366288,µg/m³
Karachi,G3 Engineering Consultants karachi,2025-10-18T12:00:00Z,30.668777841991844,µg/m³
Karachi,G3 Engineering Consultants karachi,2025-10-18T13:00:00Z,39.36274983088176,µg/m³
Karachi,G3 Engineering Consultants karachi,2025-10-18T14:00:00Z,53.69754187266032,µg/m³
Karachi,G3 Engineering Consultants karachi,2025-10-18T15:00:00Z,43.55456973181831,µg/m³
Karachi,Urban Unit Karachi,2025-10-18T15:00:00Z,61.92662525177001,µg/m³
Karachi,G3 Engineering Consultants karachi,2025-10-18T16:00:00Z,56.9046251296997,µg/m³
Karachi,Urban Unit Karachi,2025-10-18T16:00:00Z,51.767666498819985,µg/m³
Karachi,G3 Engineering Consultants karachi,2025-10-18T17:00:00Z,63.21611116197375,µg/m³
Karachi,Urban Unit Karachi,2025-10-18T17:00:00Z,44.86512508392334,µg/m³
Karachi,Urban Unit Karachi,2025-10-18T18:00:00Z,52.852875328063966,µg/m³
Karachi,G3 Engineering Consultants karachi,2025-10-18T18:00:00Z,44.7804583867391,µg/m³
Karachi,G3 Engineering Consultants karachi,2025-10-18T19:00:00Z,43.50900039672852,µg/m³
Karachi,Urban Unit Karachi,2025-10-18T19:00:00Z,48.394666544596355,µg/m³
Karachi,G3 Engineering Consultants karachi,2025-10-18T20:00:00Z,49.14579168955486,µg/m³
Karachi,Urban Unit Karachi,2025-10-18T20:00:00Z,44.04666659037272,µg/m³
Karachi,G3 Engineering Consultants karachi,2025-10-18T21:00:00Z,41.55550003051758,µg/m³
Karachi,Urban Unit Karachi,2025-10-18T21:00:00Z,41.4361249923706,µg/m³
Karachi,Urban Unit Karachi,2025-10-18T22:00:00Z,38.34120816389719,µg/m³
Karachi,G3 Engineering Consultants karachi,2025-10-18T22:00:00Z,45.877875328063965,µg/m³
Karachi,G3 Engineering Consultants karachi,2025-10-18T23:00:00Z,63.27887452443441,µg/m³
Karachi,Urban Unit Karachi,2025-10-18T23:00:00Z,35.732625007629395,µg/m³
Karachi,Urban Unit Karachi,2025-10-19T00:00:00Z,43.88195870717366,µg/m³
Karachi,G3 Engineering Consultants karachi,2025-10-19T00:00:00Z,51.039666239420576,µg/m³
Karachi,Urban Unit Karachi,2025-10-19T01:00:00Z,41.671708615620936,µg/m³
Karachi,G3 Engineering Consultants karachi,2025-10-19T01:00:00Z,83.6893330891927,µg/m³
Karachi,Urban Unit Karachi,2025-10-19T02:00:00Z,44.76891657511393,µg/m³
Karachi,G3 Engineering Consultants karachi,2025-10-19T02:00:00Z,68.41320832570395,µg/m³
Karachi,G3 Engineering Consultants karachi,2025-10-19T03:00:00Z,58.03699989318847,µg/m³
Karachi,Urban Unit Karachi,2025-10-19T03:00:00Z,44.28554159800212,µg/m³
Karachi,G3 Engineering Consultants karachi,2025-10-19T04:00:00Z,70.32649993896484,µg/m³
Karachi,Urban Unit Karachi,2025-10-19T04:00:00Z,41.806458218892416,µg/m³
Karachi,G3 Engineering Consultants karachi,2025-10-19T05:00:00Z,50.564999930063884,µg/m³
Karachi,G3 Engineering Consultants karachi,2025-10-19T06:00:00Z,27.39566674232483,µg/m³
Karachi,Urban Unit Karachi,2025-10-19T06:00:00Z,39.762055545383035,µg/m³
Karachi,G3 Engineering Consultants karachi,2025-10-19T07:00:00Z,25.237555546230737,µg/m³
Karachi,Urban Unit Karachi,2025-10-19T08:00:00Z,29.93400001525879,µg/m³
Karachi,G3 Engineering Consultants karachi,2025-10-19T08:00:00Z,23.686833333969116,µg/m³
Karachi,G3 Engineering Consultants karachi,2025-10-19T09:00:00Z,22.45549999872844,µg/m³
Karachi,Urban Unit Karachi,2025-10-19T09:00:00Z,29.443999973932904,µg/m³
Karachi,G3 Engineering Consultants karachi,2025-10-19T10:00:00Z,20.967958331108093,µg/m³
Karachi,Urban Unit Karachi,2025-10-19T10:00:00Z,29.289541729291283,µg/m³
Karachi,Urban Unit Karachi,2025-10-19T11:00:00Z,27.441791584756643,µg/m³
Karachi,G3 Engineering Consultants karachi,2025-10-19T11:00:00Z,22.94837499459585,µg/m³
Karachi,Urban Unit Karachi,2025-10-19T12:00:00Z,27.166125035285948,µg/m³
Karachi,G3 Engineering Consultants karachi,2025-10-19T12:00:00Z,24.123166624705004,µg/m³
Karachi,G3 Engineering Consultants karachi,2025-10-19T13:00:00Z,51.66927779780494,µg/m³
Karachi,Urban Unit Karachi,2025-10-19T13:00:00Z,33.00387511253357,µg/m³
Karachi,Urban Unit Karachi,2025-10-19T14:00:00Z,32.31291647752126,µg/m³
Karachi,G3 Engineering Consultants karachi,2025-10-19T14:00:00Z,53.540500259399415,µg/m³
Karachi,Urban Unit Karachi,2025-10-19T15:00:00Z,38.9484580039978,µg/m³
Karachi,G3 Engineering Consultants karachi,2025-10-19T15:00:00Z,56.106750106811525,µg/m³
Karachi,G3 Engineering Consultants karachi,2025-10-19T16:00:00Z,47.996819284227165,µg/m³
Karachi,Urban Unit Karachi,2025-10-19T16:00:00Z,49.270583089192705,µg/m³
Karachi,G3 Engineering Consultants karachi,2025-10-19T17:00:00Z,39.42049980163575,µg/m³
Karachi,Urban Unit Karachi,2025-10-19T17:00:00Z,45.43870805104573,µg/m³
Karachi,G3 Engineering Consultants karachi,2025-10-19T18:00:00Z,40.37686097886827,µg/m³
Karachi,Urban Unit Karachi,2025-10-19T18:00:00Z,43.634000015258785,µg/m³
Karachi,Urban Unit Karachi,2025-10-19T19:00:00Z,47.42183354695638,µg/m³
Karachi,G3 Engineering Consultants karachi,2025-10-19T19:00:00Z,39.76133359273275,µg/m³
Karachi,Urban Unit Karachi,2025-10-19T20:00:00Z,50.72508328755697,µg/m³
Karachi,G3 Engineering Consultants karachi,2025-10-19T20:00:00Z,39.2912914911906,µg/m³
Karachi,Urban Unit Karachi,2025-10-19T21:00:00Z,41.64912509918212,µg/m³
Karachi,G3 Engineering Consultants karachi,2025-10-19T21:00:00Z,30.50991682211558,µg/m³
Karachi,Urban Unit Karachi,2025-10-19T22:00:00Z,31.404541722933445,µg/m³
Karachi,G3 Engineering Consultants karachi,2025-10-19T22:00:00Z,31.858791700998946,µg/m³
Karachi,Urban Unit Karachi,2025-10-19T23:00:00Z,32.325708373387656,µg/m³
Karachi,G3 Engineering Consultants karachi,2025-10-19T23:00:00Z,39.02931910620796,µg/m³
Karachi,Urban Unit Karachi,2025-10-20T00:00:00Z,44.16116663614909,µg/m³
Karachi,G3 Engineering Consultants karachi,2025-10-20T00:00:00Z,36.86529162724813,µg/m³
Karachi,Urban Unit Karachi,2025-10-20T01:00:00Z,53.97668052249485,µg/m³
Karachi,G3 Engineering Consultants karachi,2025-10-20T01:00:00Z,64.19829146067302,µg/m³
Karachi,G3 Engineering Consultants karachi,2025-10-20T02:00:00Z,87.47758344014484,µg/m³
Karachi,Urban Unit Karachi,2025-10-20T02:00:00Z,63.4883752822876,µg/m³
Karachi,Urban Unit Karachi,2025-10-20T03:00:00Z,110.15874977111817,µg/m³
Karachi,G3 Engineering Consultants karachi,2025-10-20T03:00:00Z,100.37945855458577,µg/m³
Karachi,Urban Unit Karachi,2025-10-20T04:00:00Z,99.37683347066245,µg/m³
Karachi,G3 Engineering Consultants karachi,2025-10-20T04:00:00Z,100.96358350118,µg/m³
Karachi,G3 Engineering Consultants karachi,2025-10-20T08:00:00Z,43.83772213194106,µg/m³
Karachi,Urban Unit Karachi,2025-10-20T08:00:00Z,46.811249796549475,µg/m³
Karachi,G3 Engineering Consultants karachi,2025-10-20T09:00:00Z,32.16941638787587,µg/m³
Karachi,Urban Unit Karachi,2025-10-20T09:00:00Z,57.2733751296997,µg/m³
Karachi,G3 Engineering Consultants karachi,2025-10-20T10:00:00Z,32.37359724574619,µg/m³
Karachi,Urban Unit Karachi,2025-10-20T10:00:00Z,49.494027879503044,µg/m³
Karachi,G3 Engineering Consultants karachi,2025-10-20T11:00:00Z,33.326124811172484,µg/m³
Karachi,Urban Unit Karachi,2025-10-20T11:00:00Z,45.263208325703935,µg/m³
Karachi,G3 Engineering Consultants karachi,2025-10-20T12:00:00Z,35.09681792692704,µg/m³
Karachi,G3 Engineering Consultants karachi,2025-10-20T13:00:00Z,37.88233336607615,µg/m³
Karachi,G3 Engineering Consultants karachi,2025-10-20T14:00:00Z,35.198624992370604,µg/m³
Karachi,G3 Engineering Consultants karachi,2025-10-20T15:00:00Z,44.40052774217393,µg/m³
Karachi,G3 Engineering Consultants karachi,2025-10-20T16:00:00Z,59.96094428168402,µg/m³
Karachi,G3 Engineering Consultants karachi,2025-10-20T17:00:00Z,80.17573596106637,µg/m³
Karachi,G3 Engineering Consultants karachi,2025-10-20T18:00:00Z,51.47793072594536,µg/m³
Karachi,G3 Engineering Consultants karachi,2025-10-20T19:00:00Z,37.66047206454807,µg/m³
Karachi,G3 Engineering Consultants karachi,2025-10-20T20:00:00Z,37.37975006103516,µg/m³
Karachi,Urban Unit Karachi,2025-10-20T20:00:00Z,71.25083287556967,µg/m³
Karachi,Urban Unit Karachi,2025-10-20T21:00:00Z,65.40623548295763,µg/m³
Karachi,G3 Engineering Consultants karachi,2025-10-20T21:00:00Z,37.36879168351491,µg/m³
Karachi,Urban Unit Karachi,2025-10-20T22:00:00Z,47.52901409996881,µg/m³
Karachi,G3 Engineering Consultants karachi,2025-10-20T22:00:00Z,35.684458605448405,µg/m³
Karachi,G3 Engineering Consultants karachi,2025-10-20T23:00:00Z,61.07426403893364,µg/m³
Karachi,Urban Unit Karachi,2025-10-20T23:00:00Z,49.112666575113934,µg/m³
Karachi,Urban Unit Karachi,2025-10-21T00:00:00Z,59.89720834096273,µg/m³
Karachi,G3 Engineering Consultants karachi,2025-10-21T00:00:00Z,110.99379164377848,µg/m³
Karachi,G3 Engineering Consultants karachi,2025-10-21T01:00:00Z,172.17187455495196,µg/m³
Karachi,Urban Unit Karachi,2025-10-21T01:00:00Z,69.72802764044869,µg/m³
Karachi,Urban Unit Karachi,2025-10-21T02:00:00Z,62.84162502288819,µg/m³
Karachi,G3 Engineering Consultants karachi,2025-10-21T02:00:00Z,97.8125420252482,µg/m³
Karachi,G3 Engineering Consultants karachi,2025-10-21T03:00:00Z,108.30275001525878,µg/m³
Karachi,Urban Unit Karachi,2025-10-21T03:00:00Z,79.53051391177708,µg/m³
Karachi,G3 Engineering Consultants karachi,2025-10-21T04:00:00Z,96.7282917658488,µg/m³
Karachi,Urban Unit Karachi,2025-10-21T04:00:00Z,84.16423604753282,µg/m³
Karachi,Urban Unit Karachi,2025-10-21T05:00:00Z,59.10855581495497,µg/m³
Karachi,G3 Engineering Consultants karachi,2025-10-21T05:00:00Z,82.24438866509331,µg/m³
Karachi,G3 Engineering Consultants karachi,2025-10-21T06:00:00Z,56.39365295834012,µg/m³
Karachi,Urban Unit Karachi,2025-10-21T06:00:00Z,51.81158358256022,µg/m³
Karachi,G3 Engineering Consultants karachi,2025-10-21T07:00:00Z,101.00566647847494,µg/m³
Karachi,Urban Unit Karachi,2025-10-21T07:00:00Z,43.82216657002767,µg/m³
Karachi,G3 Engineering Consultants karachi,2025-10-21T08:00:00Z,122.09772194756403,µg/m³
Karachi,Urban Unit Karachi,2025-10-21T08:00:00Z,46.71819474962022,µg/m³
Karachi,Urban Unit Karachi,2025-10-21T09:00:00Z,80.1282640033298,µg/m³
Karachi,G3 Engineering Consultants karachi,2025-10-21T09:00:00Z,103.38423574235703,µg/m³
Karachi,Urban Unit Karachi,2025-10-21T10:00:00Z,78.09944449530708,µg/m³
Karachi,G3 Engineering Consultants karachi,2025-10-21T10:00:00Z,55.951500320434555,µg/m³
Karachi,Urban Unit Karachi,2025-10-21T11:00:00Z,65.62020778656006,µg/m³
Karachi,G3 Engineering Consultants karachi,2025-10-21T11:00:00Z,57.980499903361,µg/m³
Karachi,G3 Engineering Consultants karachi,2025-10-21T12:00:00Z,63.68091646830241,µg/m³
Karachi,Urban Unit Karachi,2025-10-21T12:00:00Z,70.52011087205675,µg/m³
Karachi,G3 Engineering Consultants karachi,2025-10-21T13:00:00Z,92.60258305867512,µg/m³
Karachi,Urban Unit Karachi,2025-10-21T13:00:00Z,79.72944429185655,µg/m³
Karachi,G3 Engineering Consultants karachi,2025-10-21T14:00:00Z,116.18459703657363,µg/m³
Karachi,Urban Unit Karachi,2025-10-21T14:00:00Z,101.24361080593535,µg/m³
Karachi,Urban Unit Karachi,2025-10-21T15:00:00Z,107.77272727272727,µg/m³
Karachi,G3 Engineering Consultants karachi,2025-10-21T15:00:00Z,136.42754141489664,µg/m³
Karachi,Urban Unit Karachi,2025-10-21T16:00:00Z,89.88222206963432,µg/m³
Karachi,G3 Engineering Consultants karachi,2025-10-21T16:00:00Z,118.84751385582818,µg/m³
Karachi,Urban Unit Karachi,2025-10-21T17:00:00Z,66.06729157765706,µg/m³
Karachi,G3 Engineering Consultants karachi,2025-10-21T17:00:00Z,105.83848582373724,µg/m³
Karachi,Urban Unit Karachi,2025-10-21T18:00:00Z,67.1273610856798,µg/m³
Karachi,G3 Engineering Consultants karachi,2025-10-21T18:00:00Z,111.3703332265218,µg/m³
Karachi,G3 Engineering Consultants karachi,2025-10-21T19:00:00Z,106.02519446478948,µg/m³
Karachi,Urban Unit Karachi,2025-10-21T19:00:00Z,95.705764664544,µg/m³
Karachi,G3 Engineering Consultants karachi,2025-10-21T20:00:00Z,96.7513750076294,µg/m³
Karachi,Urban Unit Karachi,2025-10-21T20:00:00Z,101.99973612891303,µg/m³
Karachi,G3 Engineering Consultants karachi,2025-10-21T21:00:00Z,98.15570786794025,µg/m³
Karachi,Urban Unit Karachi,2025-10-21T21:00:00Z,85.03422198825412,µg/m³
Karachi,G3 Engineering Consultants karachi,2025-10-21T22:00:00Z,76.75062478383383,µg/m³
Karachi,Urban Unit Karachi,2025-10-21T22:00:00Z,67.87895832061768,µg/m³
Karachi,G3 Engineering Consultants karachi,2025-10-21T23:00:00Z,67.2316255569458,µg/m³
Karachi,Urban Unit Karachi,2025-10-21T23:00:00Z,68.57900009155274,µg/m³
Karachi,Urban Unit Karachi,2025-10-22T00:00:00Z,62.121166483561204,µg/m³
Karachi,G3 Engineering Consultants karachi,2025-10-22T00:00:00Z,68.00966669718424,µg/m³
Karachi,G3 Engineering Consultants karachi,2025-10-22T01:00:00Z,75.04254156748455,µg/m³
Karachi,Urban Unit Karachi,2025-10-22T01:00:00Z,60.484416453043615,µg/m³
Karachi,Urban Unit Karachi,2025-10-22T02:00:00Z,58.51604150136313,µg/m³
Karachi,G3 Engineering Consultants karachi,2025-10-22T02:00:00Z,68.01341654459635,µg/m³
Karachi,Urban Unit Karachi,2025-10-22T03:00:00Z,70.03261099921333,µg/m³
Karachi,G3 Engineering Consultants karachi,2025-10-22T03:00:00Z,66.11541659037273,µg/m³
Karachi,G3 Engineering Consultants karachi,2025-10-22T04:00:00Z,69.70508321126303,µg/m³
Karachi,Urban Unit Karachi,2025-10-22T04:00:00Z,63.67052807278103,µg/m³
Karachi,Urban Unit Karachi,2025-10-22T05:00:00Z,57.69505585564507,µg/m³
Karachi,G3 Engineering Consultants karachi,2025-10-22T05:00:00Z,62.446097204420305,µg/m³
Karachi,Urban Unit Karachi,2025-10-22T06:00:00Z,59.54090249803331,µg/m³
Karachi,G3 Engineering Consultants karachi,2025-10-22T06:00:00Z,58.189680629306366,µg/m³
Karachi,Urban Unit Karachi,2025-10-22T07:00:00Z,50.283166147867846,µg/m³
Karachi,G3 Engineering Consultants karachi,2025-10-22T07:00:00Z,51.54439987182617,µg/m³
Karachi,Urban Unit Karachi,2025-10-22T08:00:00Z,47.733250045776366,µg/m³
Karachi,G3 Engineering Consultants karachi,2025-10-22T08:00:00Z,46.59315259721544,µg/m³
Karachi,Urban Unit Karachi,2025-10-22T09:00:00Z,45.50480545891656,µg/m³
Karachi,G3 Engineering Consultants karachi,2025-10-22T09:00:00Z,42.00773618486192,µg/m³
Karachi,G3 Engineering Consultants karachi,2025-10-22T10:00:00Z,43.63981836492365,µg/m³
Karachi,Urban Unit Karachi,2025-10-22T10:00:00Z,45.30177258578214,µg/m³
Karachi,G3 Engineering Consultants karachi,2025-10-22T11:00:00Z,48.75596988562381,µg/m³
Karachi,Urban Unit Karachi,2025-10-22T11:00:00Z,55.47412086255623,µg/m³
Karachi,G3 Engineering Consultants karachi,2025-10-22T12:00:00Z,50.25479170481364,µg/m³
Karachi,Urban Unit Karachi,2025-10-22T12:00:00Z,60.14681992001004,µg/m³
Karachi,G3 Engineering Consultants karachi,2025-10-22T13:00:00Z,76.67470823923748,µg/m³
Karachi,Urban Unit Karachi,2025-10-22T13:00:00Z,60.81436110602485,µg/m³
Karachi,G3 Engineering Consultants karachi,2025-10-22T14:00:00Z,88.83627781338161,µg/m³
Karachi,Urban Unit Karachi,2025-10-22T14:00:00Z,72.09840263790555,µg/m³
Karachi,G3 Engineering Consultants karachi,2025-10-22T15:00:00Z,98.6039166768392,µg/m³
Karachi,Urban Unit Karachi,2025-10-22T15:00:00Z,77.26566645304362,µg/m³
Karachi,Urban Unit Karachi,2025-10-22T16:00:00Z,86.50343057844373,µg/m³
Karachi,G3 Engineering Consultants karachi,2025-10-22T16:00:00Z,102.68479162851969,µg/m³
Karachi,G3 Engineering Consultants karachi,2025-10-22T17:00:00Z,102.71445840199789,µg/m³
Karachi,Urban Unit Karachi,2025-10-22T17:00:00Z,99.90975023905436,µg/m³
Karachi,G3 Engineering Consultants karachi,2025-10-22T18:00:00Z,106.50574989318848,µg/m³
Karachi,Urban Unit Karachi,2025-10-22T18:00:00Z,112.67240306006538,µg/m³
Karachi,Urban Unit Karachi,2025-10-22T19:00:00Z,109.56119452582465,µg/m³
Karachi,G3 Engineering Consultants karachi,2025-10-22T19:00:00Z,154.4752498626709,µg/m³
Karachi,G3 Engineering Consultants karachi,2025-10-22T20:00:00Z,162.59854170481364,µg/m³
Karachi,Urban Unit Karachi,2025-10-22T20:00:00Z,109.72383295694986,µg/m³
Karachi,Urban Unit Karachi,2025-10-22T21:00:00Z,102.2351389143202,µg/m³
Karachi,G3 Engineering Consultants karachi,2025-10-22T21:00:00Z,146.12795861562094,µg/m³
Karachi,Urban Unit Karachi,2025-10-22T22:00:00Z,70.5842498779297,µg/m³
Karachi,G3 Engineering Consultants karachi,2025-10-22T22:00:00Z,161.4658334096273,µg/m³
Karachi,G3 Engineering Consultants karachi,2025-10-22T23:00:00Z,120.95516649881999,µg/m³
Karachi,Urban Unit Karachi,2025-10-22T23:00:00Z,65.97979170481365,µg/m³
Karachi,G3 Engineering Consultants karachi,2025-10-23T00:00:00Z,93.51391665140788,µg/m³
Karachi,Urban Unit Karachi,2025-10-23T00:00:00Z,60.30838873121474,µg/m³
Karachi,G3 Engineering Consultants karachi,2025-10-23T01:00:00Z,76.71983311971029,µg/m³
Karachi,Urban Unit Karachi,2025-10-23T01:00:00Z,60.078083165486646,µg/m³
Karachi,Urban Unit Karachi,2025-10-23T02:00:00Z,88.60358327229818,µg/m³
Karachi,G3 Engineering Consultants karachi,2025-10-23T02:00:00Z,64.47912502288817,µg/m³
Karachi,Urban Unit Karachi,2025-10-23T03:00:00Z,117.73245843251544,µg/m³
Karachi,G3 Engineering Consultants karachi,2025-10-23T03:00:00Z,71.59700012207033,µg/m³
Karachi,Urban Unit Karachi,2025-10-23T04:00:00Z,93.58054129282634,µg/m³
Karachi,G3 Engineering Consultants karachi,2025-10-23T04:00:00Z,75.36533342997232,µg/m³
Karachi,G3 Engineering Consultants karachi,2025-10-23T05:00:00Z,74.11308301289877,µg/m³
Karachi,Urban Unit Karachi,2025-10-23T05:00:00Z,66.00222189161512,µg/m³
Karachi,Urban Unit Karachi,2025-10-23T06:00:00Z,51.408958244323735,µg/m³
Karachi,G3 Engineering Consultants karachi,2025-10-23T06:00:00Z,54.406333160400386,µg/m³
Karachi,Urban Unit Karachi,2025-10-23T07:00:00Z,52.5659169514974,µg/m³
Karachi,G3 Engineering Consultants karachi,2025-10-23T07:00:00Z,50.49199981689453,µg/m³
Karachi,G3 Engineering Consultants karachi,2025-10-23T08:00:00Z,66.25436373623933,µg/m³
Karachi,Urban Unit Karachi,2025-10-23T08:00:00Z,47.475378857236926,µg/m³
Karachi,Urban Unit Karachi,2025-10-23T09:00:00Z,54.42926358116998,µg/m³
Karachi,G3 Engineering Consultants karachi,2025-10-23T09:00:00Z,67.95391654968262,µg/m³
Karachi,Urban Unit Karachi,2025-10-23T10:00:00Z,51.264861339992954,µg/m³
Karachi,G3 Engineering Consultants karachi,2025-10-23T10:00:00Z,68.46470826466879,µg/m³
Karachi,Urban Unit Karachi,2025-10-23T11:00:00Z,53.86870810190837,µg/m³
Karachi,G3 Engineering Consultants karachi,2025-10-23T11:00:00Z,54.06070817311605,µg/m³
Karachi,G3 Engineering Consultants karachi,2025-10-23T12:00:00Z,50.87429167429607,µg/m³
Karachi,Urban Unit Karachi,2025-10-23T12:00:00Z,53.09412517547608,µg/m³
Karachi,G3 Engineering Consultants karachi,2025-10-23T13:00:00Z,84.06002760993108,µg/m³
Karachi,Urban Unit Karachi,2025-10-23T13:00:00Z,58.64975026448567,µg/m³
Karachi,Urban Unit Karachi,2025-10-23T14:00:00Z,82.20918047163221,µg/m³
Karachi,G3 Engineering Consultants karachi,2025-10-23T14:00:00Z,161.01015266842313,µg/m³
Karachi,Urban Unit Karachi,2025-10-23T15:00:00Z,110.18095862070719,µg/m³
Karachi,G3 Engineering Consultants karachi,2025-10-23T15:00:00Z,106.43733304341634,µg/m³
Karachi,Urban Unit Karachi,2025-10-23T16:00:00Z,142.36833368937175,µg/m³
Karachi,G3 Engineering Consultants karachi,2025-10-23T16:00:00Z,125.8260414759318,µg/m³
Karachi,G3 Engineering Consultants karachi,2025-10-23T17:00:00Z,206.12279173533122,µg/m³
Karachi,Urban Unit Karachi,2025-10-23T17:00:00Z,193.52445850372314,µg/m³
Karachi,G3 Engineering Consultants karachi,2025-10-23T18:00:00Z,215.11375007629394,µg/m³
Karachi,Urban Unit Karachi,2025-10-23T18:00:00Z,222.55294473436143,µg/m³
Karachi,G3 Engineering Consultants karachi,2025-10-23T19:00:00Z,237.22929159800216,µg/m³
Karachi,Urban Unit Karachi,2025-10-23T19:00:00Z,224.86858342488605,µg/m³
Karachi,Urban Unit Karachi,2025-10-23T20:00:00Z,222.80275001525877,µg/m³
Karachi,G3 Engineering Consultants karachi,2025-10-23T20:00:00Z,272.43437614440916,µg/m³
Karachi,G3 Engineering Consultants karachi,2025-10-23T21:00:00Z,264.79129168192543,µg/m³
Karachi,Urban Unit Karachi,2025-10-23T21:00:00Z,215.1422084172567,µg/m³
Karachi,G3 Engineering Consultants karachi,2025-10-23T22:00:00Z,167.03320802052818,µg/m³
Karachi,Urban Unit Karachi,2025-10-23T22:00:00Z,192.83291651407876,µg/m³
Karachi,Urban Unit Karachi,2025-10-23T23:00:00Z,148.0954722934299,µg/m³
Karachi,G3 Engineering Consultants karachi,2025-10-23T23:00:00Z,99.60250015258788,µg/m³
Karachi,Urban Unit Karachi,2025-10-24T00:00:00Z,121.61812534332275,µg/m³
Karachi,G3 Engineering Consultants karachi,2025-10-24T00:00:00Z,74.94779173533122,µg/m³
Karachi,G3 Engineering Consultants karachi,2025-10-24T01:00:00Z,83.51695817311605,µg/m³
Karachi,Urban Unit Karachi,2025-10-24T01:00:00Z,76.42841707865396,µg/m³
Karachi,G3 Engineering Consultants karachi,2025-10-24T02:00:00Z,70.38199996948244,µg/m³
Karachi,Urban Unit Karachi,2025-10-24T02:00:00Z,82.28379179636637,µg/m³
Karachi,G3 Engineering Consultants karachi,2025-10-24T03:00:00Z,70.17520821889242,µg/m³
Karachi,Urban Unit Karachi,2025-10-24T03:00:00Z,75.44527782864041,µg/m³
Karachi,Urban Unit Karachi,2025-10-24T04:00:00Z,71.92741686503092,µg/m³
Karachi,G3 Engineering Consultants karachi,2025-10-24T04:00:00Z,63.092375373840326,µg/m³
Karachi,Urban Unit Karachi,2025-10-24T05:00:00Z,62.48474998474121,µg/m³
Karachi,G3 Engineering Consultants karachi,2025-10-24T05:00:00Z,65.29520867665609,µg/m³
Karachi,G3 Engineering Consultants karachi,2025-10-24T06:00:00Z,92.44661119249132,µg/m³
Karachi,Urban Unit Karachi,2025-10-24T06:00:00Z,66.12694439358181,µg/m³
Karachi,G3 Engineering Consultants karachi,2025-10-24T07:00:00Z,74.98633321126302,µg/m³
Karachi,Urban Unit Karachi,2025-10-24T07:00:00Z,62.455319192674416,µg/m³
Karachi,Urban Unit Karachi,2025-10-24T08:00:00Z,58.47359710269504,µg/m³
Karachi,G3 Engineering Consultants karachi,2025-10-24T08:00:00Z,65.55820802052816,µg/m³
Karachi,Urban Unit Karachi,2025-10-24T09:00:00Z,51.70069457160102,µg/m³
Karachi,G3 Engineering Consultants karachi,2025-10-24T09:00:00Z,57.568708356221514,µg/m³
Karachi,Urban Unit Karachi,2025-10-24T10:00:00Z,50.37116673787435,µg/m³
Karachi,G3 Engineering Consultants karachi,2025-10-24T10:00:00Z,48.67831940121121,µg/m³
Karachi,Urban Unit Karachi,2025-10-24T11:00:00Z,50.91562468210856,µg/m³
Karachi,G3 Engineering Consultants karachi,2025-10-24T11:00:00Z,48.197472212049696,µg/m³
Karachi,Urban Unit Karachi,2025-10-24T12:00:00Z,51.5157080968221,µg/m³
Karachi,G3 Engineering Consultants karachi,2025-10-24T12:00:00Z,65.99583333333334,µg/m³
Karachi,G3 Engineering Consultants karachi,2025-10-24T13:00:00Z,155.40158271789554,µg/m³
Karachi,Urban Unit Karachi,2025-10-24T13:00:00Z,71.24420846303305,µg/m³
Karachi,Urban Unit Karachi,2025-10-24T14:00:00Z,91.47529150644937,µg/m³
Karachi,G3 Engineering Consultants karachi,2025-10-24T14:00:00Z,156.45890271928576,µg/m³
Karachi,G3 Engineering Consultants karachi,2025-10-24T15:00:00Z,147.02941652933757,µg/m³
Karachi,Urban Unit Karachi,2025-10-24T15:00:00Z,152.53006920284696,µg/m³
Karachi,G3 Engineering Consultants karachi,2025-10-24T16:00:00Z,135.48580559624565,µg/m³
Karachi,Urban Unit Karachi,2025-10-24T16:00:00Z,188.8376664479574,µg/m³
Karachi,Urban Unit Karachi,2025-10-24T17:00:00Z,165.7319309446547,µg/m³
Karachi,G3 Engineering Consultants karachi,2025-10-24T17:00:00Z,121.25659741295709,µg/m³
Karachi,Urban Unit Karachi,2025-10-24T18:00:00Z,176.64637508392335,µg/m³
Karachi,G3 Engineering Consultants karachi,2025-10-24T18:00:00Z,123.53337497711182,µg/m³
Karachi,Urban Unit Karachi,2025-10-24T19:00:00Z,177.93645852406817,µg/m³
Karachi,G3 Engineering Consultants karachi,2025-10-24T19:00:00Z,165.2445832570394,µg/m³
Karachi,Urban Unit Karachi,2025-10-24T20:00:00Z,196.5376940833198,µg/m³
Karachi,G3 Engineering Consultants karachi,2025-10-24T20:00:00Z,230.3729166666667,µg/m³
Karachi,G3 Engineering Consultants karachi,2025-10-24T21:00:00Z,182.58233362833656,µg/m³
Karachi,Urban Unit Karachi,2025-10-24T21:00:00Z,143.42841707865398,µg/m³
Karachi,Urban Unit Karachi,2025-10-24T22:00:00Z,62.33293026818169,µg/m³
Karachi,G3 Engineering Consultants karachi,2025-10-24T22:00:00Z,87.30841700236003,µg/m³
Karachi,Urban Unit Karachi,2025-10-24T23:00:00Z,61.76337490081787,µg/m³
Karachi,G3 Engineering Consultants karachi,2025-10-24T23:00:00Z,69.73074989318847,µg/m³
Karachi,G3 Engineering Consultants karachi,2025-10-25T00:00:00Z,56.15662479400635,µg/m³
Karachi,Urban Unit Karachi,2025-10-25T00:00:00Z,72.33962497711182,µg/m³
Karachi,Urban Unit Karachi,2025-10-25T01:00:00Z,55.898833211263025,µg/m³
Karachi,G3 Engineering Consultants karachi,2025-10-25T01:00:00Z,60.94295838673909,µg/m³
Karachi,G3 Engineering Consultants karachi,2025-10-25T02:00:00Z,50.5620002746582,µg/m³
Karachi,Urban Unit Karachi,2025-10-25T02:00:00Z,47.129333623250325,µg/m³
Karachi,Urban Unit Karachi,2025-10-25T03:00:00Z,52.86749992370605,µg/m³
Karachi,G3 Engineering Consultants karachi,2025-10-25T03:00:00Z,52.510375022888184,µg/m³
Karachi,Urban Unit Karachi,2025-10-25T04:00:00Z,53.124638832939986,µg/m³
Karachi,G3 Engineering Consultants karachi,2025-10-25T04:00:00Z,58.97195847829183,µg/m³
Karachi,Urban Unit Karachi,2025-10-25T05:00:00Z,59.79991671244303,µg/m³
Karachi,G3 Engineering Consultants karachi,2025-10-25T05:00:00Z,67.66841684977213,µg/m³
Karachi,G3 Engineering Consultants karachi,2025-10-25T06:00:00Z,63.42541681925457,µg/m³
Karachi,Urban Unit Karachi,2025-10-25T06:00:00Z,49.316458447774245,µg/m³
Karachi,Urban Unit Karachi,2025-10-25T07:00:00Z,44.99391657511393,µg/m³
Karachi,G3 Engineering Consultants karachi,2025-10-25T07:00:00Z,60.3494997660319,µg/m³
Karachi,Urban Unit Karachi,2025-10-25T08:00:00Z,41.84861149258083,µg/m³
Karachi,G3 Engineering Consultants karachi,2025-10-25T08:00:00Z,45.13712482452393,µg/m³
Karachi,Urban Unit Karachi,2025-10-25T09:00:00Z,44.34216677347819,µg/m³
Karachi,G3 Engineering Consultants karachi,2025-10-25T09:00:00Z,45.27154165903727,µg/m³
Karachi,G3 Engineering Consultants karachi,2025-10-25T10:00:00Z,45.38754164377849,µg/m³
Karachi,Urban Unit Karachi,2025-10-25T10:00:00Z,47.87541681925455,µg/m³
Karachi,G3 Engineering Consultants karachi,2025-10-25T11:00:00Z,51.08197207980685,µg/m³
Karachi,Urban Unit Karachi,2025-10-25T11:00:00Z,42.56702783372667,µg/m³
Karachi,G3 Engineering Consultants karachi,2025-10-25T12:00:00Z,54.65125007629394,µg/m³
Karachi,Urban Unit Karachi,2025-10-25T12:00:00Z,53.85149993896484,µg/m³
Karachi,Urban Unit Karachi,2025-10-25T13:00:00Z,69.01105545891656,µg/m³
Karachi,G3 Engineering Consultants karachi,2025-10-25T13:00:00Z,123.45033315022785,µg/m³
Karachi,Urban Unit Karachi,2025-10-25T14:00:00Z,77.78319439358182,µg/m³
Karachi,G3 Engineering Consultants karachi,2025-10-25T14:00:00Z,152.3842498779297,µg/m³
Karachi,Urban Unit Karachi,2025-10-25T15:00:00Z,69.28599993387859,µg/m³
Karachi,G3 Engineering Consultants karachi,2025-10-25T15:00:00Z,133.2117500305176,µg/m³
Karachi,Urban Unit Karachi,2025-10-25T16:00:00Z,65.36704171498616,µg/m³
Karachi,G3 Engineering Consultants karachi,2025-10-25T16:00:00Z,134.9699864493476,µg/m³
Karachi,Urban Unit Karachi,2025-10-25T17:00:00Z,62.3838055504693,µg/m³
Karachi,G3 Engineering Consultants karachi,2025-10-25T17:00:00Z,96.07404181162518,µg/m³
Karachi,G3 Engineering Consultants karachi,2025-10-25T18:00:00Z,96.74658330281578,µg/m³
Karachi,Urban Unit Karachi,2025-10-25T18:00:00Z,77.36352797614204,µg/m³
Karachi,Urban Unit Karachi,2025-10-25T19:00:00Z,74.78081942664252,µg/m³
Karachi,G3 Engineering Consultants karachi,2025-10-25T19:00:00Z,88.01108334859212,µg/m³
Karachi,G3 Engineering Consultants karachi,2025-10-25T20:00:00Z,64.16612491607667,µg/m³
Karachi,Urban Unit Karachi,2025-10-25T20:00:00Z,55.97391649881998,µg/m³
Karachi,G3 Engineering Consultants karachi,2025-10-25T21:00:00Z,61.46112537384034,µg/m³
Karachi,Urban Unit Karachi,2025-10-25T21:00:00Z,58.04187488555908,µg/m³
Karachi,G3 Engineering Consultants karachi,2025-10-25T23:00:00Z,66.11900011698405,µg/m³
Karachi,Urban Unit Karachi,2025-10-25T23:00:00Z,55.61049995422363,µg/m³
Karachi,G3 Engineering Consultants karachi,2025-10-26T00:00:00Z,67.94466654459636,µg/m³
Karachi,Urban Unit Karachi,2025-10-26T00:00:00Z,57.893235757615834,µg/m³
Karachi,G3 Engineering Consultants karachi,2025-10-26T01:00:00Z,74.22954184214274,µg/m³
Karachi,Urban Unit Karachi,2025-10-26T01:00:00Z,61.89524993896484,µg/m³
Karachi,Urban Unit Karachi,2025-10-26T02:00:00Z,70.8630556318495,µg/m³
Karachi,G3 Engineering Consultants karachi,2025-10-26T02:00:00Z,78.91616694132487,µg/m³
Karachi,Urban Unit Karachi,2025-10-26T03:00:00Z,72.32570832570393,µg/m³
Karachi,G3 Engineering Consultants karachi,2025-10-26T03:00:00Z,76.88466669718424,µg/m³
Karachi,Urban Unit Karachi,2025-10-26T04:00:00Z,63.46929175059001,µg/m³
Karachi,G3 Engineering Consultants karachi,2025-10-26T04:00:00Z,67.47274971008301,µg/m³
Karachi,Urban Unit Karachi,2025-10-26T05:00:00Z,49.13762531280517,µg/m³
Karachi,G3 Engineering Consultants karachi,2025-10-26T05:00:00Z,54.07266680399576,µg/m³
Karachi,Urban Unit Karachi,2025-10-26T06:00:00Z,45.17820847829182,µg/m³
Karachi,G3 Engineering Consultants karachi,2025-10-26T06:00:00Z,49.63812503814697,µg/m³
Karachi,G3 Engineering Consultants karachi,2025-10-26T07:00:00Z,47.71758321126301,µg/m³
Karachi,Urban Unit Karachi,2025-10-26T07:00:00Z,45.1350414911906,µg/m³
Karachi,G3 Engineering Consultants karachi,2025-10-26T08:00:00Z,43.926027976142045,µg/m³
Karachi,Urban Unit Karachi,2025-10-26T08:00:00Z,44.203958447774255,µg/m³
Karachi,G3 Engineering Consultants karachi,2025-10-26T09:00:00Z,39.79987506866455,µg/m³
Karachi,Urban Unit Karachi,2025-10-26T09:00:00Z,41.651624870300296,µg/m³
Karachi,Urban Unit Karachi,2025-10-26T10:00:00Z,41.64741694132487,µg/m³
Karachi,G3 Engineering Consultants karachi,2025-10-26T10:00:00Z,40.574166742960614,µg/m³
Karachi,G3 Engineering Consultants karachi,2025-10-26T11:00:00Z,42.542333348592116,µg/m³
Karachi,Urban Unit Karachi,2025-10-26T11:00:00Z,42.762499999999996,µg/m³
Karachi,Urban Unit Karachi,2025-10-26T12:00:00Z,42.90449981689452,µg/m³
Karachi,G3 Engineering Consultants karachi,2025-10-26T12:00:00Z,44.89566637674968,µg/m³
Karachi,G3 Engineering Consultants karachi,2025-10-26T13:00:00Z,51.49541651407878,µg/m³
Karachi,Urban Unit Karachi,2025-10-26T13:00:00Z,46.66965279049344,µg/m³
Karachi,G3 Engineering Consultants karachi,2025-10-26T14:00:00Z,57.597916920979806,µg/m³
Karachi,Urban Unit Karachi,2025-10-26T14:00:00Z,52.78108342488607,µg/m³
Karachi,Urban Unit Karachi,2025-10-26T15:00:00Z,53.00337467193603,µg/m³
Karachi,G3 Engineering Consultants karachi,2025-10-26T15:00:00Z,64.35675010681153,µg/m³
Karachi,G3 Engineering Consultants karachi,2025-10-26T16:00:00Z,69.92737534840903,µg/m³
Karachi,Urban Unit Karachi,2025-10-26T16:00:00Z,55.323875236511235,µg/m³
Karachi,Urban Unit Karachi,2025-10-26T17:00:00Z,53.08699989318848,µg/m³
Karachi,G3 Engineering Consultants karachi,2025-10-26T17:00:00Z,68.1917085647583,µg/m³
Karachi,Urban Unit Karachi,2025-10-26T18:00:00Z,50.864624977111816,µg/m³
Karachi,G3 Engineering Consultants karachi,2025-10-26T18:00:00Z,58.162875175476074,µg/m³
Karachi,G3 Engineering Consultants karachi,2025-10-26T19:00:00Z,56.22841669718425,µg/m³
Karachi,Urban Unit Karachi,2025-10-26T19:00:00Z,51.19562511444093,µg/m³
Karachi,Urban Unit Karachi,2025-10-26T20:00:00Z,49.56175003051757,µg/m³
Karachi,G3 Engineering Consultants karachi,2025-10-26T20:00:00Z,54.81558316548665,µg/m³
Karachi,Urban Unit Karachi,2025-10-26T21:00:00Z,56.9757916132609,µg/m³
Karachi,G3 Engineering Consultants karachi,2025-10-26T21:00:00Z,61.879749679565435,µg/m³
Karachi,Urban Unit Karachi,2025-10-26T22:00:00Z,57.69406939612495,µg/m³
Karachi,G3 Engineering Consultants karachi,2025-10-26T22:00:00Z,62.945541826883954,µg/m³
Karachi,Urban Unit Karachi,2025-10-26T23:00:00Z,60.688833745320636,µg/m³
Karachi,G3 Engineering Consultants karachi,2025-10-26T23:00:00Z,59.10912494659423,µg/m³
Karachi,Urban Unit Karachi,2025-10-27T00:00:00Z,58.23211152818468,µg/m³
Karachi,G3 Engineering Consultants karachi,2025-10-27T00:00:00Z,60.847972191704635,µg/m³
Karachi,G3 Engineering Consultants karachi,2025-10-27T01:00:00Z,59.549375343322765,µg/m³
Karachi,Urban Unit Karachi,2025-10-27T01:00:00Z,57.532958539326984,µg/m³
Karachi,Urban Unit Karachi,2025-10-27T02:00:00Z,62.066874504089355,µg/m³
Karachi,G3 Engineering Consultants karachi,2025-10-27T02:00:00Z,60.28849983215333,µg/m³
Karachi,Urban Unit Karachi,2025-10-27T03:00:00Z,63.209958203633626,µg/m³
Karachi,G3 Engineering Consultants karachi,2025-10-27T03:00:00Z,61.33208325703939,µg/m³
Karachi,G3 Engineering Consultants karachi,2025-10-27T04:00:00Z,52.55587520599365,µg/m³
Karachi,Urban Unit Karachi,2025-10-27T04:00:00Z,50.68054167429606,µg/m³
Karachi,Urban Unit Karachi,2025-10-27T05:00:00Z,44.6449166615804,µg/m³
Karachi,G3 Engineering Consultants karachi,2025-10-27T05:00:00Z,45.85691668192546,µg/m³
Karachi,Urban Unit Karachi,2025-10-27T06:00:00Z,45.09004192352295,µg/m³
Karachi,G3 Engineering Consultants karachi,2025-10-27T06:00:00Z,44.44058354695639,µg/m³
Karachi,G3 Engineering Consultants karachi,2025-10-27T07:00:00Z,43.97083333333333,µg/m³
Karachi,Urban Unit Karachi,2025-10-27T07:00:00Z,43.568014965635356,µg/m³
Karachi,Urban Unit Karachi,2025-10-27T08:00:00Z,43.56234849872011,µg/m³
Karachi,G3 Engineering Consultants karachi,2025-10-27T08:00:00Z,42.21387500762939,µg/m³
Karachi,Urban Unit Karachi,2025-10-27T09:00:00Z,44.85266672770182,µg/m³
Karachi,G3 Engineering Consultants karachi,2025-10-27T09:00:00Z,43.535083643595385,µg/m³
Karachi,G3 Engineering Consultants karachi,2025-10-27T10:00:00Z,44.28813853793674,µg/m³
Karachi,G3 Engineering Consultants karachi,2025-10-27T11:00:00Z,49.30929152170818,µg/m³
Karachi,G3 Engineering Consultants karachi,2025-10-27T12:00:00Z,52.86054159800211,µg/m³
Karachi,G3 Engineering Consultants karachi,2025-10-27T13:00:00Z,55.17016626993814,µg/m³
Karachi,G3 Engineering Consultants karachi,2025-10-27T14:00:00Z,63.838249969482426,µg/m³
Karachi,G3 Engineering Consultants karachi,2025-10-27T15:00:00Z,58.9627498626709,µg/m³
Karachi,G3 Engineering Consultants karachi,2025-10-27T16:00:00Z,52.44575004577637,µg/m³
Karachi,G3 Engineering Consultants karachi,2025-10-27T17:00:00Z,62.11625022888183,µg/m³
Karachi,G3 Engineering Consultants karachi,2025-10-27T18:00:00Z,60.11774978637695,µg/m³
Karachi,G3 Engineering Consultants karachi,2025-10-27T19:00:00Z,65.55204168955485,µg/m³
Karachi,G3 Engineering Consultants karachi,2025-10-27T20:00:00Z,72.20351412031386,µg/m³
Karachi,G3 Engineering Consultants karachi,2025-10-27T21:00:00Z,74.42075004577636,µg/m³
Karachi,G3 Engineering Consultants karachi,2025-10-27T22:00:00Z,73.21470788319905,µg/m³
Karachi,G3 Engineering Consultants karachi,2025-10-27T23:00:00Z,73.10775032043456,µg/m³
Karachi,G3 Engineering Consultants karachi,2025-10-28T00:00:00Z,80.67649993896485,µg/m³
Karachi,G3 Engineering Consultants karachi,2025-10-28T01:00:00Z,78.0758752822876,µg/m³
Karachi,G3 Engineering Consultants karachi,2025-10-28T02:00:00Z,82.42856951819525,µg/m³
Karachi,G3 Engineering Consultants karachi,2025-10-28T03:00:00Z,78.06258328755698,µg/m³
Karachi,G3 Engineering Consultants karachi,2025-10-28T04:00:00Z,66.80558331807454,µg/m³
Karachi,G3 Engineering Consultants karachi,2025-10-28T05:00:00Z,65.4179583867391,µg/m³
Karachi,Urban Unit Karachi,2025-10-28T05:00:00Z,63.73122936884562,µg/m³
Karachi,Karachi Zoo,2025-10-28T05:00:00Z,74.6379997253418,µg/m³
Karachi,Karachi Zoo,2025-10-28T06:00:00Z,66.72495873769124,µg/m³
Karachi,Urban Unit Karachi,2025-10-28T06:00:00Z,60.246055560641814,µg/m³
Karachi,G3 Engineering Consultants karachi,2025-10-28T06:00:00Z,60.245222557915575,µg/m³
Karachi,Urban Unit Karachi,2025-10-28T07:00:00Z,53.36429144541423,µg/m³
Karachi,G3 Engineering Consultants karachi,2025-10-28T07:00:00Z,53.19658292134603,µg/m³
Karachi,Karachi Zoo,2025-10-28T07:00:00Z,58.33219456142849,µg/m³
Karachi,G3 Engineering Consultants karachi,2025-10-28T08:00:00Z,51.99826369815403,µg/m³
Karachi,Urban Unit Karachi,2025-10-28T08:00:00Z,52.847138807508685,µg/m³
Karachi,Karachi Zoo,2025-10-28T08:00:00Z,54.097791735331214,µg/m³
Karachi,Urban Unit Karachi,2025-10-28T09:00:00Z,53.28513904147678,µg/m³
Karachi,G3 Engineering Consultants karachi,2025-10-28T09:00:00Z,51.45529181162516,µg/m³
Karachi,Karachi Zoo,2025-10-28T09:00:00Z,57.97154165903728,µg/m³
Karachi,G3 Engineering Consultants karachi,2025-10-28T10:00:00Z,52.10416704813639,µg/m³
Karachi,Urban Unit Karachi,2025-10-28T10:00:00Z,52.356666692097974,µg/m³
Karachi,Karachi Zoo,2025-10-28T10:00:00Z,56.28945802052815,µg/m³
Karachi,Urban Unit Karachi,2025-10-28T11:00:00Z,51.93116671244304,µg/m³
Karachi,Karachi Zoo,2025-10-28T11:00:00Z,53.00691668192547,µg/m³
Karachi,G3 Engineering Consultants karachi,2025-10-28T11:00:00Z,52.13925018310547,µg/m³
Karachi,G3 Engineering Consultants karachi,2025-10-28T12:00:00Z,52.01816660563151,µg/m³
Karachi,Urban Unit Karachi,2025-10-28T12:00:00Z,52.13590276506213,µg/m³
Karachi,Karachi Zoo,2025-10-28T12:00:00Z,56.5841528362698,µg/m³
Karachi,Urban Unit Karachi,2025-10-28T13:00:00Z,61.77754141489664,µg/m³
Karachi,G3 Engineering Consultants karachi,2025-10-28T13:00:00Z,64.58025016784667,µg/m³
Karachi,Karachi Zoo,2025-10-28T13:00:00Z,60.70170853932698,µg/m³
Karachi,G3 Engineering Consultants karachi,2025-10-28T14:00:00Z,72.9782917658488,µg/m³
Karachi,Urban Unit Karachi,2025-10-28T14:00:00Z,66.1797913233439,µg/m³
Karachi,Karachi Zoo,2025-10-28T14:00:00Z,63.44805535210504,µg/m³
Karachi,Karachi Zoo,2025-10-28T15:00:00Z,69.61300010681153,µg/m³
Karachi,G3 Engineering Consultants karachi,2025-10-28T15:00:00Z,78.38095811208089,µg/m³
Karachi,Urban Unit Karachi,2025-10-28T15:00:00Z,71.07120774586996,µg/m³
Karachi,Karachi Zoo,2025-10-28T16:00:00Z,75.25320847829182,µg/m³
Karachi,Urban Unit Karachi,2025-10-28T16:00:00Z,79.6285416285197,µg/m³
Karachi,G3 Engineering Consultants karachi,2025-10-28T16:00:00Z,84.29600003560384,µg/m³
Karachi,Karachi Zoo,2025-10-28T17:00:00Z,75.29002753363714,µg/m³
Karachi,G3 Engineering Consultants karachi,2025-10-28T17:00:00Z,84.38004156748454,µg/m³
Karachi,Urban Unit Karachi,2025-10-28T17:00:00Z,83.36758371988931,µg/m³
Karachi,Karachi Zoo,2025-10-28T18:00:00Z,76.22054195404053,µg/m³
Karachi,G3 Engineering Consultants karachi,2025-10-28T18:00:00Z,85.96001360151503,µg/m³
Karachi,Urban Unit Karachi,2025-10-28T18:00:00Z,83.23737545013428,µg/m³
Karachi,G3 Engineering Consultants karachi,2025-10-28T19:00:00Z,84.72883313496908,µg/m³
Karachi,Urban Unit Karachi,2025-10-28T19:00:00Z,81.62525024414063,µg/m³
Karachi,Karachi Zoo,2025-10-28T19:00:00Z,69.85720856984454,µg/m³
Karachi,Karachi Zoo,2025-10-28T20:00:00Z,68.09605556064182,µg/m³
Karachi,Urban Unit Karachi,2025-10-28T20:00:00Z,79.79779211680095,µg/m³
Karachi,G3 Engineering Consultants karachi,2025-10-28T20:00:00Z,83.33216654459635,µg/m³
Karachi,Karachi Zoo,2025-10-28T21:00:00Z,69.12587490081786,µg/m³
Karachi,G3 Engineering Consultants karachi,2025-10-28T21:00:00Z,80.0413335164388,µg/m³
Karachi,G3 Engineering Consultants karachi,2025-10-28T22:00:00Z,81.50641657511395,µg/m³
Karachi,Karachi Zoo,2025-10-28T22:00:00Z,69.1331389957004,µg/m³
Karachi,Karachi Zoo,2025-10-28T23:00:00Z,66.01991640726725,µg/m³
Karachi,G3 Engineering Consultants karachi,2025-10-28T23:00:00Z,76.37949981689454,µg/m³
Karachi,Karachi Zoo,2025-10-29T00:00:00Z,63.08779188791911,µg/m³
Karachi,G3 Engineering Consultants karachi,2025-10-29T00:00:00Z,74.10425033569335,µg/m³
Karachi,G3 Engineering Consultants karachi,2025-10-29T01:00:00Z,73.10374946594237,µg/m³
Karachi,Karachi Zoo,2025-10-29T01:00:00Z,67.0258332570394,µg/m³
Karachi,G3 Engineering Consultants karachi,2025-10-29T02:00:00Z,72.0545831044515,µg/m³
Karachi,Karachi Zoo,2025-10-29T02:00:00Z,71.65006953345404,µg/m³
Karachi,Karachi Zoo,2025-10-29T03:00:00Z,64.04520867665609,µg/m³
Karachi,G3 Engineering Consultants karachi,2025-10-29T03:00:00Z,65.07716662089031,µg/m³
Karachi,G3 Engineering Consultants karachi,2025-10-29T04:00:00Z,54.00995858510336,µg/m³
Karachi,Karachi Zoo,2025-10-29T04:00:00Z,56.83437442779541,µg/m³
Karachi,G3 Engineering Consultants karachi,2025-10-29T05:00:00Z,49.79412517547607,µg/m³
Karachi,Karachi Zoo,2025-10-29T05:00:00Z,53.697207959493,µg/m³
Karachi,G3 Engineering Consultants karachi,2025-10-29T06:00:00Z,50.377041308085126,µg/m³
Karachi,Karachi Zoo,2025-10-29T06:00:00Z,54.16137523651124,µg/m³
Karachi,G3 Engineering Consultants karachi,2025-10-29T07:00:00Z,49.155125236511225,µg/m³
Karachi,Karachi Zoo,2025-10-29T07:00:00Z,51.81298609839545,µg/m³
Karachi,Karachi Zoo,2025-10-29T08:00:00Z,51.292375373840336,µg/m³
Karachi,G3 Engineering Consultants karachi,2025-10-29T08:00:00Z,48.02783330281576,µg/m³
Karachi,Karachi Zoo,2025-10-29T09:00:00Z,52.170166651407875,µg/m³
Karachi,G3 Engineering Consultants karachi,2025-10-29T09:00:00Z,47.886083348592116,µg/m³
Karachi,Karachi Zoo,2025-10-29T10:00:00Z,52.74204184214275,µg/m³
Karachi,G3 Engineering Consultants karachi,2025-10-29T10:00:00Z,47.619138675265845,µg/m³
Karachi,G3 Engineering Consultants karachi,2025-10-29T11:00:00Z,49.201750183105474,µg/m³
Karachi,G3 Engineering Consultants karachi,2025-10-29T12:00:00Z,45.947666803995766,µg/m³
Karachi,Urban Unit Karachi,2025-10-29T13:00:00Z,46.836333211263025,µg/m³
Karachi,G3 Engineering Consultants karachi,2025-10-29T13:00:00Z,48.301583099365224,µg/m³
Karachi,Urban Unit Karachi,2025-10-29T14:00:00Z,66.18575096130371,µg/m³
Karachi,G3 Engineering Consultants karachi,2025-10-29T14:00:00Z,56.569625155131014,µg/m³
Karachi,G3 Engineering Consultants karachi,2025-10-29T15:00:00Z,71.295791943868,µg/m³
Karachi,G3 Engineering Consultants karachi,2025-10-29T16:00:00Z,82.9961668650309,µg/m³
Karachi,G3 Engineering Consultants karachi,2025-10-29T17:00:00Z,89.47908337910968,µg/m³
Karachi,Karachi Zoo,2025-10-29T17:00:00Z,77.4301668802897,µg/m³
Karachi,G3 Engineering Consultants karachi,2025-10-29T18:00:00Z,87.49112491607666,µg/m³
Karachi,Karachi Zoo,2025-10-29T18:00:00Z,73.63954168955485,µg/m³
Karachi,G3 Engineering Consultants karachi,2025-10-29T19:00:00Z,83.19199981689452,µg/m³
Karachi,Karachi Zoo,2025-10-29T19:00:00Z,73.32251398298476,µg/m³
Karachi,G3 Engineering Consultants karachi,2025-10-29T20:00:00Z,86.17374992370605,µg/m³
Karachi,Karachi Zoo,2025-10-29T20:00:00Z,70.7605832417806,µg/m³
Karachi,G3 Engineering Consultants karachi,2025-10-29T21:00:00Z,88.99958356221516,µg/m³
Karachi,Karachi Zoo,2025-10-29T21:00:00Z,64.57433331807454,µg/m³
Karachi,Karachi Zoo,2025-10-29T22:00:00Z,67.24633305867513,µg/m³
Karachi,G3 Engineering Consultants karachi,2025-10-29T22:00:00Z,82.60583356221517,µg/m³
Karachi,G3 Engineering Consultants karachi,2025-10-29T23:00:00Z,80.66422242058648,µg/m³
Karachi,Karachi Zoo,2025-10-29T23:00:00Z,70.4581251144409,µg/m³
Karachi,G3 Engineering Consultants karachi,2025-10-30T00:00:00Z,82.35470803578696,µg/m³
Karachi,Karachi Zoo,2025-10-30T00:00:00Z,70.78669412400987,µg/m³
Karachi,G3 Engineering Consultants karachi,2025-10-30T01:00:00Z,82.14850006103516,µg/m³
Karachi,Karachi Zoo,2025-10-30T01:00:00Z,72.09758313496907,µg/m³
Karachi,G3 Engineering Consultants karachi,2025-10-30T02:00:00Z,87.44995861053468,µg/m³
Karachi,Karachi Zoo,2025-10-30T02:00:00Z,78.73762531280518,µg/m³
Karachi,G3 Engineering Consultants karachi,2025-10-30T03:00:00Z,82.70937519073486,µg/m³
Karachi,Karachi Zoo,2025-10-30T03:00:00Z,81.37915278540716,µg/m³
Karachi,G3 Engineering Consultants karachi,2025-10-30T04:00:00Z,73.00320847829182,µg/m³
Karachi,Karachi Zoo,2025-10-30T04:00:00Z,74.26908315022787,µg/m³
Karachi,G3 Engineering Consultants karachi,2025-10-30T05:00:00Z,60.58870805104573,µg/m³
Karachi,Karachi Zoo,2025-10-30T05:00:00Z,69.77872195773655,µg/m³
Karachi,Urban Unit Karachi,2025-10-30T06:00:00Z,56.62777676052517,µg/m³
Karachi,G3 Engineering Consultants karachi,2025-10-30T06:00:00Z,55.92577785915798,µg/m³
Karachi,Karachi Zoo,2025-10-30T06:00:00Z,59.5948751449585,µg/m³
Karachi,Urban Unit Karachi,2025-10-30T07:00:00Z,50.57290899103338,µg/m³
Karachi,G3 Engineering Consultants karachi,2025-10-30T07:00:00Z,50.315863661332564,µg/m³
Karachi,Karachi Zoo,2025-10-30T07:00:00Z,67.25248487067945,µg/m³
Karachi,Karachi Zoo,2025-10-30T08:00:00Z,56.104777823554144,µg/m³
Karachi,G3 Engineering Consultants karachi,2025-10-30T08:00:00Z,48.82166659037273,µg/m³
Karachi,Urban Unit Karachi,2025-10-30T08:00:00Z,49.32129179636638,µg/m³
Karachi,Karachi Zoo,2025-10-30T09:00:00Z,55.86287492116293,µg/m³
Karachi,G3 Engineering Consultants karachi,2025-10-30T09:00:00Z,51.11290268368191,µg/m³
Karachi,Urban Unit Karachi,2025-10-30T09:00:00Z,53.793847168816455,µg/m³
Karachi,Karachi Zoo,2025-10-30T10:00:00Z,58.56462459564208,µg/m³
Karachi,Urban Unit Karachi,2025-10-30T10:00:00Z,56.73762454986572,µg/m³
Karachi,G3 Engineering Consultants karachi,2025-10-30T10:00:00Z,52.16683336893717,µg/m³
Karachi,Karachi Zoo,2025-10-30T11:00:00Z,68.01826402876112,µg/m³
Karachi,Urban Unit Karachi,2025-10-30T11:00:00Z,51.388083394368486,µg/m³
Karachi,G3 Engineering Consultants karachi,2025-10-30T11:00:00Z,52.510763570997455,µg/m³
Karachi,Urban Unit Karachi,2025-10-30T12:00:00Z,49.11738900078668,µg/m³
Karachi,G3 Engineering Consultants karachi,2025-10-30T12:00:00Z,49.89900016784668,µg/m³
Karachi,Karachi Zoo,2025-10-30T12:00:00Z,62.190500259399414,µg/m³
Karachi,G3 Engineering Consultants karachi,2025-10-30T13:00:00Z,60.97212505340576,µg/m³
Karachi,Urban Unit Karachi,2025-10-30T13:00:00Z,55.75745805104574,µg/m³
Karachi,Karachi Zoo,2025-10-30T13:00:00Z,75.23654143015544,µg/m³
Karachi,G3 Engineering Consultants karachi,2025-10-30T14:00:00Z,63.01770852406819,µg/m³
Karachi,Urban Unit Karachi,2025-10-30T14:00:00Z,57.552500152587875,µg/m³
Karachi,Karachi Zoo,2025-10-30T14:00:00Z,92.32770799001058,µg/m³
Karachi,Urban Unit Karachi,2025-10-30T15:00:00Z,78.49809699588351,µg/m³
Karachi,Karachi Zoo,2025-10-30T15:00:00Z,89.30991681416829,µg/m³
Karachi,G3 Engineering Consultants karachi,2025-10-30T15:00:00Z,75.25187511444092,µg/m³
Karachi,Karachi Zoo,2025-10-30T16:00:00Z,63.044333394368486,µg/m³
Karachi,G3 Engineering Consultants karachi,2025-10-30T16:00:00Z,79.37916666666666,µg/m³
Karachi,Urban Unit Karachi,2025-10-30T16:00:00Z,79.91074981689452,µg/m³
Karachi,G3 Engineering Consultants karachi,2025-10-30T17:00:00Z,75.66670831044515,µg/m³
Karachi,Urban Unit Karachi,2025-10-30T17:00:00Z,70.80762462615968,µg/m³
Karachi,Karachi Zoo,2025-10-30T17:00:00Z,59.99912509918212,µg/m³
Karachi,G3 Engineering Consultants karachi,2025-10-30T18:00:00Z,63.21708348592122,µg/m³
Karachi,Karachi Zoo,2025-10-30T18:00:00Z,60.226583226521804,µg/m³
Karachi,Urban Unit Karachi,2025-10-30T18:00:00Z,61.28649978637696,µg/m³
Karachi,G3 Engineering Consultants karachi,2025-10-30T19:00:00Z,55.74945824941,µg/m³
Karachi,Karachi Zoo,2025-10-30T19:00:00Z,55.47341677347819,µg/m³
Karachi,Urban Unit Karachi,2025-10-30T19:00:00Z,52.12787494659424,µg/m³
Karachi,Urban Unit Karachi,2025-10-30T20:00:00Z,52.06575012207031,µg/m³
Karachi,Karachi Zoo,2025-10-30T20:00:00Z,57.71629149119058,µg/m³
Karachi,G3 Engineering Consultants karachi,2025-10-30T20:00:00Z,63.24658330281576,µg/m³
Karachi,Urban Unit Karachi,2025-10-30T21:00:00Z,52.609541765848796,µg/m³
Karachi,G3 Engineering Consultants karachi,2025-10-30T21:00:00Z,56.25358327229818,µg/m³
Karachi,Karachi Zoo,2025-10-30T21:00:00Z,59.02025006612141,µg/m³
Karachi,G3 Engineering Consultants karachi,2025-10-30T22:00:00Z,57.25245850880941,µg/m³
Karachi,Karachi Zoo,2025-10-30T22:00:00Z,54.28654143015543,µg/m³
Karachi,Urban Unit Karachi,2025-10-30T22:00:00Z,54.1485690858629,µg/m³
Karachi,Karachi Zoo,2025-10-30T23:00:00Z,59.49463890923394,µg/m³
Karachi,Urban Unit Karachi,2025-10-30T23:00:00Z,58.672499847412105,µg/m³
Karachi,G3 Engineering Consultants karachi,2025-10-30T23:00:00Z,60.42745812733968,µg/m³
Karachi,G3 Engineering Consultants karachi,2025-10-31T00:00:00Z,67.5553747177124,µg/m³
Karachi,Urban Unit Karachi,2025-10-31T00:00:00Z,62.89933331807455,µg/m³
Karachi,Karachi Zoo,2025-10-31T00:00:00Z,61.5462085088094,µg/m³
Karachi,Karachi Zoo,2025-10-31T01:00:00Z,65.19204184214273,µg/m³
Karachi,G3 Engineering Consultants karachi,2025-10-31T01:00:00Z,70.02258351643881,µg/m³
Karachi,Urban Unit Karachi,2025-10-31T01:00:00Z,65.88299980163573,µg/m³
Karachi,G3 Engineering Consultants karachi,2025-10-31T02:00:00Z,73.62724990844727,µg/m³
Karachi,Urban Unit Karachi,2025-10-31T02:00:00Z,71.63149986267089,µg/m³
Karachi,Karachi Zoo,2025-10-31T02:00:00Z,77.90604178110759,µg/m³
Karachi,G3 Engineering Consultants karachi,2025-10-31T03:00:00Z,84.79008382161457,µg/m³
Karachi,Urban Unit Karachi,2025-10-31T03:00:00Z,81.07962474822999,µg/m³
Karachi,Karachi Zoo,2025-10-31T03:00:00Z,91.53154150644939,µg/m³
Karachi,Urban Unit Karachi,2025-10-31T04:00:00Z,94.3622497558594,µg/m³
Karachi,Karachi Zoo,2025-10-31T04:00:00Z,95.44395860036214,µg/m³
Karachi,G3 Engineering Consultants karachi,2025-10-31T04:00:00Z,98.84798607296415,µg/m³
Karachi,G3 Engineering Consultants karachi,2025-10-31T05:00:00Z,117.90451357099748,µg/m³
Karachi,Karachi Zoo,2025-10-31T05:00:00Z,105.28662509918212,µg/m³
Karachi,Urban Unit Karachi,2025-10-31T05:00:00Z,112.61026409996879,µg/m³
Karachi,G3 Engineering Consultants karachi,2025-10-31T06:00:00Z,134.21458320617674,µg/m³
Karachi,Karachi Zoo,2025-10-31T06:00:00Z,123.14799995422364,µg/m³
Karachi,Urban Unit Karachi,2025-10-31T06:00:00Z,131.5710418065389,µg/m³
Karachi,G3 Engineering Consultants karachi,2025-10-31T07:00:00Z,134.1541250228882,µg/m³
Karachi,Karachi Zoo,2025-10-31T07:00:00Z,119.3556666056315,µg/m³
Karachi,Urban Unit Karachi,2025-10-31T07:00:00Z,124.33381968604193,µg/m³
Karachi,G3 Engineering Consultants karachi,2025-10-31T08:00:00Z,121.83454176584878,µg/m³
Karachi,Urban Unit Karachi,2025-10-31T08:00:00Z,107.29801370832655,µg/m³
Karachi,Karachi Zoo,2025-10-31T08:00:00Z,93.207416788737,µg/m³
Karachi,Urban Unit Karachi,2025-10-31T09:00:00Z,97.93216692606607,µg/m³
Karachi,Karachi Zoo,2025-10-31T09:00:00Z,101.87179152170818,µg/m³
Karachi,G3 Engineering Consultants karachi,2025-10-31T09:00:00Z,116.88800010681153,µg/m³
Karachi,G3 Engineering Consultants karachi,2025-10-31T10:00:00Z,120.44158337910972,µg/m³
Karachi,Karachi Zoo,2025-10-31T10:00:00Z,121.04262523651124,µg/m³
Karachi,Urban Unit Karachi,2025-10-31T10:00:00Z,131.9111666361491,µg/m³
Karachi,G3 Engineering Consultants karachi,2025-10-31T11:00:00Z,124.24859710269504,µg/m³
Karachi,Karachi Zoo,2025-10-31T11:00:00Z,120.30744429694279,µg/m³
Karachi,Urban Unit Karachi,2025-10-31T11:00:00Z,137.79827783372664,µg/m³
Karachi,Karachi Zoo,2025-10-31T12:00:00Z,113.34870827992758,µg/m³
Karachi,G3 Engineering Consultants karachi,2025-10-31T12:00:00Z,150.7901247024536,µg/m³
Karachi,Urban Unit Karachi,2025-10-31T12:00:00Z,142.5504582087199,µg/m³
Karachi,Urban Unit Karachi,2025-10-31T13:00:00Z,131.8323747634888,µg/m³
Karachi,Karachi Zoo,2025-10-31T13:00:00Z,128.73029181162516,µg/m³
Karachi,G3 Engineering Consultants karachi,2025-10-31T13:00:00Z,120.25424995422361,µg/m³
Karachi,Karachi Zoo,2025-10-31T14:00:00Z,132.53105566236707,µg/m³
Karachi,G3 Engineering Consultants karachi,2025-10-31T14:00:00Z,89.14384691450333,µg/m³
Karachi,Urban Unit Karachi,2025-10-31T14:00:00Z,164.81104170481365,µg/m³
Karachi,Urban Unit Karachi,2025-10-31T15:00:00Z,169.70745843251544,µg/m³
Karachi,G3 Engineering Consultants karachi,2025-10-31T15:00:00Z,87.21218060387504,µg/m³
Karachi,Karachi Zoo,2025-10-31T15:00:00Z,123.82787494659425,µg/m³
Karachi,Urban Unit Karachi,2025-10-31T16:00:00Z,151.1632495880127,µg/m³
Karachi,G3 Engineering Consultants karachi,2025-10-31T16:00:00Z,104.90377786424425,µg/m³
Karachi,Karachi Zoo,2025-10-31T16:00:00Z,141.3983613755968,µg/m³
Karachi,Urban Unit Karachi,2025-10-31T17:00:00Z,202.74625002543132,µg/m³
Karachi,Karachi Zoo,2025-10-31T17:00:00Z,211.98245894114177,µg/m³
Karachi,G3 Engineering Consultants karachi,2025-10-31T17:00:00Z,135.6670554690891,µg/m³
Karachi,G3 Engineering Consultants karachi,2025-10-31T18:00:00Z,127.64552743699814,µg/m³
Karachi,Urban Unit Karachi,2025-10-31T18:00:00Z,222.39666601816813,µg/m³
Karachi,Karachi Zoo,2025-10-31T18:00:00Z,180.75812486012774,µg/m³
Karachi,Urban Unit Karachi,2025-10-31T19:00:00Z,121.98912525177002,µg/m³
Karachi,Karachi Zoo,2025-10-31T19:00:00Z,190.78479162851966,µg/m³
Karachi,G3 Engineering Consultants karachi,2025-10-31T19:00:00Z,119.87474975585936,µg/m³
Karachi,Urban Unit Karachi,2025-10-31T20:00:00Z,131.09666659037273,µg/m³
Karachi,G3 Engineering Consultants karachi,2025-10-31T20:00:00Z,58.0314998626709,µg/m³
Karachi,Karachi Zoo,2025-10-31T20:00:00Z,137.53087482452392,µg/m³
Karachi,Karachi Zoo,2025-10-31T21:00:00Z,85.51445840199789,µg/m³
Karachi,Urban Unit Karachi,2025-10-31T21:00:00Z,118.4721663157145,µg/m³
Karachi,G3 Engineering Consultants karachi,2025-10-31T21:00:00Z,56.56254164377848,µg/m³
Karachi,Karachi Zoo,2025-10-31T22:00:00Z,144.63929182688398,µg/m³
Karachi,Urban Unit Karachi,2025-10-31T22:00:00Z,88.68179175059,µg/m³
Karachi,G3 Engineering Consultants karachi,2025-10-31T22:00:00Z,96.54462490081788,µg/m³
Karachi,Karachi Zoo,2025-10-31T23:00:00Z,63.64966646830241,µg/m³
Karachi,Urban Unit Karachi,2025-10-31T23:00:00Z,60.40224990844727,µg/m³
Karachi,G3 Engineering Consultants karachi,2025-10-31T23:00:00Z,116.41225013732911,µg/m³
Karachi,Karachi Zoo,2025-11-01T00:00:00Z,63.85,µg/m³
Karachi,Urban Unit Karachi,2025-11-01T00:00:00Z,63.688833745320636,µg/m³
Karachi,G3 Engineering Consultants karachi,2025-11-01T00:00:00Z,75.0473336537679,µg/m³
Karachi,Karachi Zoo,2025-11-01T01:00:00Z,61.89141642252604,µg/m³
Karachi,G3 Engineering Consultants karachi,2025-11-01T01:00:00Z,72.18879172007244,µg/m³
Karachi,Urban Unit Karachi,2025-11-01T01:00:00Z,88.83358319600423,µg/m³
Karachi,Urban Unit Karachi,2025-11-01T02:00:00Z,96.72920831044515,µg/m³
Karachi,G3 Engineering Consultants karachi,2025-11-01T02:00:00Z,97.44969435797795,µg/m³
Karachi,Karachi Zoo,2025-11-01T02:00:00Z,68.76658299763999,µg/m³
Karachi,Urban Unit Karachi,2025-11-01T03:00:00Z,100.30462512969969,µg/m³
Karachi,G3 Engineering Consultants karachi,2025-11-01T03:00:00Z,98.16758321126304,µg/m³
Karachi,Karachi Zoo,2025-11-01T03:00:00Z,108.29654165903726,µg/m³
Karachi,G3 Engineering Consultants karachi,2025-11-01T04:00:00Z,166.48212490081787,µg/m³
Karachi,Karachi Zoo,2025-11-01T04:00:00Z,89.43041636149088,µg/m³
Karachi,Urban Unit Karachi,2025-11-01T04:00:00Z,143.339208539327,µg/m³
Karachi,G3 Engineering Consultants karachi,2025-11-01T05:00:00Z,122.72538918389212,µg/m³
Karachi,Urban Unit Karachi,2025-11-01T05:00:00Z,152.8224448310004,µg/m³
Karachi,Karachi Zoo,2025-11-01T05:00:00Z,93.47620843251548,µg/m³
Karachi,Urban Unit Karachi,2025-11-01T06:00:00Z,139.6826250076294,µg/m³
Karachi,Karachi Zoo,2025-11-01T06:00:00Z,116.45945822397869,µg/m³
Karachi,G3 Engineering Consultants karachi,2025-11-01T06:00:00Z,120.25333302815756,µg/m³
Karachi,G3 Engineering Consultants karachi,2025-11-01T07:00:00Z,111.72574996948244,µg/m³
Karachi,Urban Unit Karachi,2025-11-01T07:00:00Z,115.98937473297117,µg/m³
Karachi,Karachi Zoo,2025-11-01T07:00:00Z,95.15973648495144,µg/m³
Karachi,G3 Engineering Consultants karachi,2025-11-01T08:00:00Z,115.01298635270861,µg/m³
Karachi,Karachi Zoo,2025-11-01T08:00:00Z,87.9417778438992,µg/m³
Karachi,Urban Unit Karachi,2025-11-01T08:00:00Z,109.32290291256375,µg/m³
Karachi,Karachi Zoo,2025-11-01T09:00:00Z,99.41761135525172,µg/m³
Karachi,Urban Unit Karachi,2025-11-01T09:00:00Z,106.9054167429606,µg/m³
Karachi,G3 Engineering Consultants karachi,2025-11-01T09:00:00Z,109.03458340962727,µg/m³
Karachi,G3 Engineering Consultants karachi,2025-11-01T10:00:00Z,111.30508321126302,µg/m³
Karachi,Urban Unit Karachi,2025-11-01T10:00:00Z,111.9046251296997,µg/m³
Karachi,Karachi Zoo,2025-11-01T10:00:00Z,96.85529181162515,µg/m³
Karachi,Urban Unit Karachi,2025-11-01T11:00:00Z,117.38729139963787,µg/m³
Karachi,Karachi Zoo,2025-11-01T11:00:00Z,102.12779204050702,µg/m³
Karachi,G3 Engineering Consultants karachi,2025-11-01T11:00:00Z,116.58741709391278,µg/m³
Karachi,Urban Unit Karachi,2025-11-01T12:00:00Z,131.74556946224638,µg/m³
Karachi,G3 Engineering Consultants karachi,2025-11-01T12:00:00Z,134.2467082341512,µg/m³
Karachi,Karachi Zoo,2025-11-01T12:00:00Z,122.55116678873698,µg/m³
Karachi,Karachi Zoo,2025-11-01T13:00:00Z,122.13041712443032,µg/m³
Karachi,G3 Engineering Consultants karachi,2025-11-01T13:00:00Z,135.08949966430663,µg/m³
Karachi,Urban Unit Karachi,2025-11-01T13:00:00Z,164.5125420252482,µg/m³
Karachi,Karachi Zoo,2025-11-01T14:00:00Z,128.30181971655952,µg/m³
Karachi,G3 Engineering Consultants karachi,2025-11-01T14:00:00Z,140.58487491607664,µg/m³
Karachi,Urban Unit Karachi,2025-11-01T14:00:00Z,156.96945794423422,µg/m³
Karachi,Urban Unit Karachi,2025-11-01T15:00:00Z,164.78691622416179,µg/m³
Karachi,G3 Engineering Consultants karachi,2025-11-01T15:00:00Z,166.194916788737,µg/m³
Karachi,Karachi Zoo,2025-11-01T15:00:00Z,169.64745858510335,µg/m³
Karachi,G3 Engineering Consultants karachi,2025-11-01T16:00:00Z,186.5778059217665,µg/m³
Karachi,Urban Unit Karachi,2025-11-01T16:00:00Z,175.68183314005535,µg/m³
Karachi,Karachi Zoo,2025-11-01T16:00:00Z,164.21745853424076,µg/m³
Karachi,G3 Engineering Consultants karachi,2025-11-01T17:00:00Z,191.3405277676053,µg/m³
Karachi,Urban Unit Karachi,2025-11-01T17:00:00Z,210.10604114532467,µg/m³
Karachi,Karachi Zoo,2025-11-01T17:00:00Z,181.2103750228882,µg/m³
Karachi,Urban Unit Karachi,2025-11-01T18:00:00Z,228.00929164886475,µg/m³
Karachi,Karachi Zoo,2025-11-01T18:00:00Z,210.84166666666667,µg/m³
Karachi,G3 Engineering Consultants karachi,2025-11-01T18:00:00Z,197.68387508392334,µg/m³
Karachi,Urban Unit Karachi,2025-11-01T19:00:00Z,234.65937519073486,µg/m³
Karachi,G3 Engineering Consultants karachi,2025-11-01T19:00:00Z,158.94493054283987,µg/m³
Karachi,Karachi Zoo,2025-11-01T19:00:00Z,244.44529170989992,µg/m³
Karachi,G3 Engineering Consultants karachi,2025-11-01T20:00:00Z,216.9601256688436,µg/m³
Karachi,Karachi Zoo,2025-11-01T20:00:00Z,250.2951250712077,µg/m³
Karachi,Urban Unit Karachi,2025-11-01T20:00:00Z,262.6932503594292,µg/m³
Karachi,Urban Unit Karachi,2025-11-01T21:00:00Z,272.08400268554686,µg/m³
Karachi,Karachi Zoo,2025-11-01T21:00:00Z,135.93670838673907,µg/m³
Karachi,G3 Engineering Consultants karachi,2025-11-01T21:00:00Z,162.87725079854332,µg/m³
Karachi,Urban Unit Karachi,2025-11-01T22:00:00Z,170.32862529754638,µg/m³
Karachi,Karachi Zoo,2025-11-01T22:00:00Z,124.79844428168404,µg/m³
Karachi,G3 Engineering Consultants karachi,2025-11-01T22:00:00Z,93.81320819854737,µg/m³
Karachi,Urban Unit Karachi,2025-11-01T23:00:00Z,153.99375,µg/m³
Karachi,G3 Engineering Consultants karachi,2025-11-01T23:00:00Z,126.49808324178059,µg/m³
Karachi,Karachi Zoo,2025-11-01T23:00:00Z,205.63441683451333,µg/m³
Karachi,Urban Unit Karachi,2025-11-02T00:00:00Z,156.33058369954426,µg/m³
Karachi,G3 Engineering Consultants karachi,2025-11-02T00:00:00Z,163.14404188791912,µg/m³
Karachi,Karachi Zoo,2025-11-02T00:00:00Z,134.83694449530708,µg/m³
Karachi,Urban Unit Karachi,2025-11-02T01:00:00Z,204.15045808156333,µg/m³
Karachi,G3 Engineering Consultants karachi,2025-11-02T01:00:00Z,170.61020844777426,µg/m³
Karachi,Karachi Zoo,2025-11-02T01:00:00Z,121.8913751602173,µg/m³
Karachi,G3 Engineering Consultants karachi,2025-11-02T02:00:00Z,177.07808316548665,µg/m³
Karachi,Urban Unit Karachi,2025-11-02T02:00:00Z,174.196055814955,µg/m³
Karachi,Karachi Zoo,2025-11-02T02:00:00Z,95.04220841725667,µg/m³
Karachi,Urban Unit Karachi,2025-11-02T03:00:00Z,141.09516665140788,µg/m³
Karachi,G3 Engineering Consultants karachi,2025-11-02T03:00:00Z,169.4290833791097,µg/m³
Karachi,Karachi Zoo,2025-11-02T03:00:00Z,112.87109707726371,µg/m³
Karachi,Urban Unit Karachi,2025-11-02T04:00:00Z,147.60737514495852,µg/m³
Karachi,G3 Engineering Consultants karachi,2025-11-02T04:00:00Z,153.56804167429604,µg/m³
Karachi,Karachi Zoo,2025-11-02T04:00:00Z,121.89173607296414,µg/m³
Karachi,Urban Unit Karachi,2025-11-02T05:00:00Z,90.37606949276393,µg/m³
Karachi,G3 Engineering Consultants karachi,2025-11-02T05:00:00Z,152.85458348592124,µg/m³
Karachi,Karachi Zoo,2025-11-02T05:00:00Z,89.23525009155271,µg/m³
Karachi,Karachi Zoo,2025-11-02T06:00:00Z,64.08576395246718,µg/m³
Karachi,Urban Unit Karachi,2025-11-02T06:00:00Z,63.08977767096624,µg/m³
Karachi,G3 Engineering Consultants karachi,2025-11-02T06:00:00Z,196.2880833943685,µg/m³
Karachi,Karachi Zoo,2025-11-02T07:00:00Z,72.41811133490668,µg/m³
Karachi,Urban Unit Karachi,2025-11-02T07:00:00Z,69.00633290608725,µg/m³
Karachi,G3 Engineering Consultants karachi,2025-11-02T07:00:00Z,231.36672032674153,µg/m³
Karachi,Urban Unit Karachi,2025-11-02T08:00:00Z,75.34561063978407,µg/m³
Karachi,Karachi Zoo,2025-11-02T08:00:00Z,49.1950557284885,µg/m³
Karachi,G3 Engineering Consultants karachi,2025-11-02T08:00:00Z,59.1138703805429,µg/m³
Karachi,G3 Engineering Consultants karachi,2025-11-02T09:00:00Z,45.142444652981226,µg/m³
Karachi,Urban Unit Karachi,2025-11-02T09:00:00Z,49.451416651407875,µg/m³
Karachi,Karachi Zoo,2025-11-02T09:00:00Z,46.41704146067301,µg/m³
Karachi,Karachi Zoo,2025-11-02T10:00:00Z,43.235208447774255,µg/m³
Karachi,Urban Unit Karachi,2025-11-02T10:00:00Z,48.323833211263015,µg/m³
Karachi,G3 Engineering Consultants karachi,2025-11-02T10:00:00Z,37.75658315022787,µg/m³
Karachi,G3 Engineering Consultants karachi,2025-11-02T11:00:00Z,36.69333356221517,µg/m³
Karachi,Urban Unit Karachi,2025-11-02T11:00:00Z,46.53495820363363,µg/m³
Karachi,Karachi Zoo,2025-11-02T11:00:00Z,42.20308316548665,µg/m³
Karachi,G3 Engineering Consultants karachi,2025-11-02T12:00:00Z,49.683083089192706,µg/m³
Karachi,Karachi Zoo,2025-11-02T12:00:00Z,43.991750335693354,µg/m³
Karachi,Urban Unit Karachi,2025-11-02T12:00:00Z,46.10695870717367,µg/m³
Karachi,Karachi Zoo,2025-11-02T13:00:00Z,76.87587490081786,µg/m³
Karachi,G3 Engineering Consultants karachi,2025-11-02T13:00:00Z,54.01450004577637,µg/m³
Karachi,Urban Unit Karachi,2025-11-02T13:00:00Z,66.25520852406821,µg/m³
Karachi,Karachi Zoo,2025-11-02T14:00:00Z,156.7789722018772,µg/m³
Karachi,G3 Engineering Consultants karachi,2025-11-02T14:00:00Z,51.33983357747396,µg/m³
Karachi,Urban Unit Karachi,2025-11-02T14:00:00Z,112.04287509918214,µg/m³
Karachi,G3 Engineering Consultants karachi,2025-11-02T15:00:00Z,48.76341692606608,µg/m³
Karachi,Urban Unit Karachi,2025-11-02T15:00:00Z,141.54583333333332,µg/m³
Karachi,Karachi Zoo,2025-11-02T15:00:00Z,155.75158360799153,µg/m³
Karachi,G3 Engineering Consultants karachi,2025-11-02T16:00:00Z,52.17337512969971,µg/m³
Karachi,Urban Unit Karachi,2025-11-02T16:00:00Z,108.85070832570393,µg/m³
Karachi,Karachi Zoo,2025-11-02T16:00:00Z,135.01941630045573,µg/m³
Karachi,Karachi Zoo,2025-11-02T17:00:00Z,114.47775001525878,µg/m³
Karachi,G3 Engineering Consultants karachi,2025-11-02T17:00:00Z,46.855791536966954,µg/m³
Karachi,Urban Unit Karachi,2025-11-02T17:00:00Z,82.29025001525879,µg/m³
Karachi,Urban Unit Karachi,2025-11-02T18:00:00Z,116.628457959493,µg/m³
Karachi,Karachi Zoo,2025-11-02T18:00:00Z,123.93279158274333,µg/m³
Karachi,G3 Engineering Consultants karachi,2025-11-02T18:00:00Z,67.16354147593181,µg/m³
Karachi,Urban Unit Karachi,2025-11-02T19:00:00Z,127.36187496185302,µg/m³
Karachi,Karachi Zoo,2025-11-02T19:00:00Z,99.59254156748455,µg/m³
Karachi,G3 Engineering Consultants karachi,2025-11-02T19:00:00Z,76.93933347066245,µg/m³
Karachi,Karachi Zoo,2025-11-02T20:00:00Z,44.302083333333336,µg/m³
Karachi,G3 Engineering Consultants karachi,2025-11-02T20:00:00Z,116.55774993896485,µg/m³
Karachi,Urban Unit Karachi,2025-11-02T20:00:00Z,55.58920777638753,µg/m³
Karachi,G3 Engineering Consultants karachi,2025-11-02T21:00:00Z,89.53225021362304,µg/m³
Karachi,Urban Unit Karachi,2025-11-02T21:00:00Z,45.78816668192545,µg/m³
Karachi,Karachi Zoo,2025-11-02T21:00:00Z,48.947916666666664,µg/m³
Karachi,G3 Engineering Consultants karachi,2025-11-02T22:00:00Z,50.72437496185304,µg/m³
Karachi,Urban Unit Karachi,2025-11-02T22:00:00Z,46.49691645304362,µg/m³
Karachi,Karachi Zoo,2025-11-02T22:00:00Z,53.160083134969064,µg/m³
Karachi,Urban Unit Karachi,2025-11-02T23:00:00Z,47.96166636149088,µg/m³
Karachi,Karachi Zoo,2025-11-02T23:00:00Z,53.87399978637695,µg/m³
Karachi,G3 Engineering Consultants karachi,2025-11-02T23:00:00Z,78.31166712443031,µg/m³
Karachi,Karachi Zoo,2025-11-03T00:00:00Z,47.56062488555907,µg/m³
Karachi,G3 Engineering Consultants karachi,2025-11-03T00:00:00Z,54.66724967956543,µg/m³
Karachi,Urban Unit Karachi,2025-11-03T00:00:00Z,48.16154181162516,µg/m³
Karachi,Karachi Zoo,2025-11-03T01:00:00Z,41.2853333791097,µg/m³
Karachi,G3 Engineering Consultants karachi,2025-11-03T01:00:00Z,57.495541445414226,µg/m³
Karachi,Urban Unit Karachi,2025-11-03T01:00:00Z,54.63945840199788,µg/m³
Karachi,Karachi Zoo,2025-11-03T02:00:00Z,88.41158307393391,µg/m³
Karachi,Urban Unit Karachi,2025-11-03T02:00:00Z,54.47075004577636,µg/m³
Karachi,G3 Engineering Consultants karachi,2025-11-03T02:00:00Z,49.695666758219396,µg/m³
Karachi,Urban Unit Karachi,2025-11-03T03:00:00Z,114.57704168955485,µg/m³
Karachi,Karachi Zoo,2025-11-03T03:00:00Z,108.48804175059,µg/m³
Karachi,G3 Engineering Consultants karachi,2025-11-03T03:00:00Z,55.14433339436849,µg/m³
Karachi,Urban Unit Karachi,2025-11-03T04:00:00Z,62.13791643778484,µg/m³
Karachi,Karachi Zoo,2025-11-03T04:00:00Z,55.75974960327148,µg/m³
Karachi,G3 Engineering Consultants karachi,2025-11-03T04:00:00Z,47.29220803578695,µg/m³
Karachi,Karachi Zoo,2025-11-03T05:00:00Z,42.23987522125244,µg/m³
Karachi,Urban Unit Karachi,2025-11-03T05:00:00Z,41.81941668192545,µg/m³
Karachi,G3 Engineering Consultants karachi,2025-11-03T05:00:00Z,36.38029150168101,µg/m³
Karachi,G3 Engineering Consultants karachi,2025-11-03T06:00:00Z,32.01004150708516,µg/m³
Karachi,Urban Unit Karachi,2025-11-03T06:00:00Z,41.607541720072426,µg/m³
Karachi,Karachi Zoo,2025-11-03T06:00:00Z,44.69483350118001,µg/m³
Karachi,Urban Unit Karachi,2025-11-03T07:00:00Z,40.50609089244496,µg/m³
Karachi,Karachi Zoo,2025-11-03T07:00:00Z,38.33386376120828,µg/m³
Karachi,G3 Engineering Consultants karachi,2025-11-03T07:00:00Z,32.81981793316928,µg/m³
Karachi,G3 Engineering Consultants karachi,2025-11-03T08:00:00Z,32.28141663869222,µg/m³
Karachi,Urban Unit Karachi,2025-11-03T08:00:00Z,39.100416819254555,µg/m³
Karachi,Karachi Zoo,2025-11-03T08:00:00Z,36.18554162979126,µg/m³
Karachi,G3 Engineering Consultants karachi,2025-11-03T09:00:00Z,31.865916657447816,µg/m³
Karachi,Urban Unit Karachi,2025-11-03T09:00:00Z,38.74852756924099,µg/m³
Karachi,Karachi Zoo,2025-11-03T09:00:00Z,35.857208188374834,µg/m³
Karachi,Karachi Zoo,2025-11-03T10:00:00Z,33.669291599591574,µg/m³
Karachi,Urban Unit Karachi,2025-11-03T10:00:00Z,38.3424166282018,µg/m³
Karachi,G3 Engineering Consultants karachi,2025-11-03T10:00:00Z,32.24224993387858,µg/m³
Karachi,Karachi Zoo,2025-11-03T11:00:00Z,33.14491685231527,µg/m³
Karachi,Urban Unit Karachi,2025-11-03T11:00:00Z,35.30787515640259,µg/m³
Karachi,G3 Engineering Consultants karachi,2025-11-03T11:00:00Z,29.732375121116636,µg/m³
Karachi,Karachi Zoo,2025-11-03T12:00:00Z,32.67375015417735,µg/m³
Karachi,Urban Unit Karachi,2025-11-03T12:00:00Z,35.55145819187165,µg/m³
Karachi,G3 Engineering Consultants karachi,2025-11-03T12:00:00Z,30.305541761716214,µg/m³
Karachi,Urban Unit Karachi,2025-11-03T13:00:00Z,30.964680454466077,µg/m³
Karachi,G3 Engineering Consultants karachi,2025-11-03T13:00:00Z,30.278458245595292,µg/m³
Karachi,Karachi Zoo,2025-11-03T13:00:00Z,39.80983330408731,µg/m³
Karachi,G3 Engineering Consultants karachi,2025-11-03T14:00:00Z,33.36512517929077,µg/m³
Karachi,Karachi Zoo,2025-11-03T14:00:00Z,37.110874780019124,µg/m³
Karachi,Urban Unit Karachi,2025-11-03T14:00:00Z,39.27533346811931,µg/m³
Karachi,G3 Engineering Consultants karachi,2025-11-03T15:00:00Z,39.987569406297474,µg/m³
Karachi,Urban Unit Karachi,2025-11-03T15:00:00Z,42.6144167582194,µg/m³
Karachi,Karachi Zoo,2025-11-03T15:00:00Z,46.49858334859212,µg/m³
Karachi,Karachi Zoo,2025-11-03T16:00:00Z,39.391749954223634,µg/m³
Karachi,G3 Engineering Consultants karachi,2025-11-03T16:00:00Z,37.966499710083006,µg/m³
Karachi,Urban Unit Karachi,2025-11-03T16:00:00Z,39.52745850880941,µg/m³
Karachi,Urban Unit Karachi,2025-11-03T17:00:00Z,38.744249725341795,µg/m³
Karachi,Karachi Zoo,2025-11-03T17:00:00Z,36.73016653855642,µg/m³
Karachi,G3 Engineering Consultants karachi,2025-11-03T17:00:00Z,33.388958390553796,µg/m³
Karachi,Urban Unit Karachi,2025-11-03T18:00:00Z,38.37675018310547,µg/m³
Karachi,G3 Engineering Consultants karachi,2025-11-03T18:00:00Z,30.28562492529552,µg/m³
Karachi,Karachi Zoo,2025-11-03T18:00:00Z,36.09337482452393,µg/m³
Karachi,Urban Unit Karachi,2025-11-03T19:00:00Z,34.43733339309692,µg/m³
Karachi,Karachi Zoo,2025-11-03T19:00:00Z,36.84245789845784,µg/m³
Karachi,G3 Engineering Consultants karachi,2025-11-03T19:00:00Z,32.01987506548563,µg/m³
Karachi,Karachi Zoo,2025-11-03T20:00:00Z,34.445249915122986,µg/m³
Karachi,Urban Unit Karachi,2025-11-03T20:00:00Z,35.91579138437907,µg/m³
Karachi,G3 Engineering Consultants karachi,2025-11-03T20:00:00Z,34.70191713968914,µg/m³
Karachi,G3 Engineering Consultants karachi,2025-11-03T21:00:00Z,37.687291399637864,µg/m³
Karachi,Urban Unit Karachi,2025-11-03T21:00:00Z,38.977916971842454,µg/m³
Karachi,Karachi Zoo,2025-11-03T21:00:00Z,37.05316645304362,µg/m³
Karachi,Urban Unit Karachi,2025-11-03T22:00:00Z,54.12191683451334,µg/m³
Karachi,G3 Engineering Consultants karachi,2025-11-03T22:00:00Z,42.59799995422363,µg/m³
Karachi,Karachi Zoo,2025-11-03T22:00:00Z,46.829083379109704,µg/m³
Karachi,Urban Unit Karachi,2025-11-03T23:00:00Z,69.9872501373291,µg/m³
Karachi,G3 Engineering Consultants karachi,2025-11-03T23:00:00Z,52.109708340962726,µg/m³
Karachi,Karachi Zoo,2025-11-03T23:00:00Z,57.736000061035156,µg/m³
Karachi,Urban Unit Karachi,2025-11-04T00:00:00Z,74.1483751296997,µg/m³
Karachi,Karachi Zoo,2025-11-04T00:00:00Z,83.78620789845785,µg/m³
Karachi,G3 Engineering Consultants karachi,2025-11-04T00:00:00Z,57.348291842142736,µg/m³
Karachi,G3 Engineering Consultants karachi,2025-11-04T01:00:00Z,119.89320824941,µg/m³
Karachi,Urban Unit Karachi,2025-11-04T01:00:00Z,63.91383336385092,µg/m³
Karachi,Karachi Zoo,2025-11-04T01:00:00Z,83.72650032043457,µg/m³
Karachi,Karachi Zoo,2025-11-04T02:00:00Z,119.47374992370605,µg/m³
Karachi,G3 Engineering Consultants karachi,2025-11-04T02:00:00Z,142.96495850880942,µg/m³
Karachi,Urban Unit Karachi,2025-11-04T02:00:00Z,68.99677089055379,µg/m³
Karachi,Karachi Zoo,2025-11-04T03:00:00Z,129.89112453460692,µg/m³
Karachi,Urban Unit Karachi,2025-11-04T03:00:00Z,42.97799987792968,µg/m³
Karachi,G3 Engineering Consultants karachi,2025-11-04T03:00:00Z,89.25725021362307,µg/m³
Karachi,Karachi Zoo,2025-11-04T04:00:00Z,79.32691713968913,µg/m³
Karachi,Urban Unit Karachi,2025-11-04T04:00:00Z,43.812166468302415,µg/m³
Karachi,G3 Engineering Consultants karachi,2025-11-04T04:00:00Z,103.41770814259847,µg/m³
Karachi,Urban Unit Karachi,2025-11-04T05:00:00Z,36.61320832570394,µg/m³
Karachi,Karachi Zoo,2025-11-04T05:00:00Z,54.43283360799153,µg/m³
Karachi,G3 Engineering Consultants karachi,2025-11-04T05:00:00Z,46.24854133923848,µg/m³
Karachi,G3 Engineering Consultants karachi,2025-11-04T06:00:00Z,29.749499940872195,µg/m³
Karachi,Urban Unit Karachi,2025-11-04T06:00:00Z,29.85262498060862,µg/m³
Karachi,Karachi Zoo,2025-11-04T06:00:00Z,40.887041536966954,µg/m³
Karachi,Urban Unit Karachi,2025-11-04T07:00:00Z,35.341958151923286,µg/m³
Karachi,G3 Engineering Consultants karachi,2025-11-04T07:00:00Z,27.946624970436094,µg/m³
Karachi,Karachi Zoo,2025-11-04T07:00:00Z,35.501999934514366,µg/m³
Karachi,G3 Engineering Consultants karachi,2025-11-04T08:00:00Z,28.205958326657612,µg/m³
Karachi,Urban Unit Karachi,2025-11-04T08:00:00Z,33.0177500963211,µg/m³
Karachi,Karachi Zoo,2025-11-04T08:00:00Z,30.382888841629025,µg/m³
Karachi,G3 Engineering Consultants karachi,2025-11-04T09:00:00Z,25.378833333651226,µg/m³
Karachi,Karachi Zoo,2025-11-04T09:00:00Z,27.8909166653951,µg/m³
Karachi,Urban Unit Karachi,2025-11-04T09:00:00Z,28.750166654586792,µg/m³
Karachi,Urban Unit Karachi,2025-11-04T10:00:00Z,28.78575003147125,µg/m³
Karachi,G3 Engineering Consultants karachi,2025-11-04T10:00:00Z,22.216375009218854,µg/m³
Karachi,Karachi Zoo,2025-11-04T10:00:00Z,33.94304165840149,µg/m³
Karachi,Urban Unit Karachi,2025-11-04T11:00:00Z,31.505874888102213,µg/m³
Karachi,Karachi Zoo,2025-11-04T11:00:00Z,34.949291960398355,µg/m³
Karachi,Urban Unit Karachi,2025-11-04T12:00:00Z,36.40291655858358,µg/m³
Karachi,G3 Engineering Consultants karachi,2025-11-04T12:00:00Z,32.50359996795654,µg/m³
Karachi,Karachi Zoo,2025-11-04T12:00:00Z,32.31858314673106,µg/m³
Karachi,Urban Unit Karachi,2025-11-04T13:00:00Z,44.858958371480306,µg/m³
Karachi,G3 Engineering Consultants karachi,2025-11-04T13:00:00Z,40.59308331807455,µg/m³
Karachi,Karachi Zoo,2025-11-04T13:00:00Z,55.46362514495849,µg/m³
Karachi,Karachi Zoo,2025-11-04T14:00:00Z,104.58212490081786,µg/m³
Karachi,G3 Engineering Consultants karachi,2025-11-04T14:00:00Z,42.17600021362305,µg/m³
Karachi,Urban Unit Karachi,2025-11-04T14:00:00Z,57.305083211263,µg/m³
Karachi,Urban Unit Karachi,2025-11-04T15:00:00Z,63.48916651407877,µg/m³
Karachi,Karachi Zoo,2025-11-04T15:00:00Z,94.27729155222575,µg/m³
Karachi,G3 Engineering Consultants karachi,2025-11-04T15:00:00Z,59.92366663614908,µg/m³
Karachi,Urban Unit Karachi,2025-11-04T16:00:00Z,55.72120812733968,µg/m³
Karachi,Karachi Zoo,2025-11-04T16:00:00Z,58.48504149119059,µg/m³
Karachi,G3 Engineering Consultants karachi,2025-11-04T16:00:00Z,57.133208401997884,µg/m³
Karachi,Urban Unit Karachi,2025-11-04T17:00:00Z,47.66599998474121,µg/m³
Karachi,Karachi Zoo,2025-11-04T17:00:00Z,46.94612483978272,µg/m³
Karachi,G3 Engineering Consultants karachi,2025-11-04T17:00:00Z,42.600250244140625,µg/m³
Karachi,G3 Engineering Consultants karachi,2025-11-04T18:00:00Z,43.84020837148031,µg/m³
Karachi,Karachi Zoo,2025-11-04T18:00:00Z,51.43800010681153,µg/m³
Karachi,Urban Unit Karachi,2025-11-04T18:00:00Z,41.927791659037275,µg/m³
Karachi,G3 Engineering Consultants karachi,2025-11-04T19:00:00Z,42.69987506866455,µg/m³
Karachi,Karachi Zoo,2025-11-04T19:00:00Z,54.39070847829183,µg/m³
Karachi,Urban Unit Karachi,2025-11-04T19:00:00Z,39.863291613260905,µg/m³
Karachi,Karachi Zoo,2025-11-04T20:00:00Z,48.28254172007243,µg/m³
Karachi,Urban Unit Karachi,2025-11-04T20:00:00Z,40.29191652933756,µg/m³
Karachi,G3 Engineering Consultants karachi,2025-11-04T20:00:00Z,51.49304167429606,µg/m³
Karachi,Urban Unit Karachi,2025-11-04T21:00:00Z,40.66295846303304,µg/m³
Karachi,Karachi Zoo,2025-11-04T21:00:00Z,41.552708371480314,µg/m³
Karachi,G3 Engineering Consultants karachi,2025-11-04T21:00:00Z,47.48862514495849,µg/m³
Karachi,G3 Engineering Consultants karachi,2025-11-04T22:00:00Z,38.724249649047856,µg/m³
Karachi,Urban Unit Karachi,2025-11-04T22:00:00Z,34.33849986394247,µg/m³
Karachi,Karachi Zoo,2025-11-04T22:00:00Z,32.93262487252554,µg/m³
Karachi,Urban Unit Karachi,2025-11-04T23:00:00Z,33.20920850435892,µg/m³
Karachi,G3 Engineering Consultants karachi,2025-11-04T23:00:00Z,34.28904158274333,µg/m³
Karachi,Karachi Zoo,2025-11-04T23:00:00Z,27.869875025749206,µg/m³
Karachi,Urban Unit Karachi,2025-11-05T00:00:00Z,33.7477087020874,µg/m³
Karachi,Karachi Zoo,2025-11-05T00:00:00Z,34.09825018246968,µg/m³
Karachi,G3 Engineering Consultants karachi,2025-11-05T00:00:00Z,34.08950005372366,µg/m³
Karachi,Karachi Zoo,2025-11-05T01:00:00Z,24.362541667620338,µg/m³
Karachi,Urban Unit Karachi,2025-11-05T01:00:00Z,40.48433354695637,µg/m³
Karachi,G3 Engineering Consultants karachi,2025-11-05T01:00:00Z,28.319041673342387,µg/m³
Karachi,Karachi Zoo,2025-11-05T02:00:00Z,33.95745844841004,µg/m³
Karachi,G3 Engineering Consultants karachi,2025-11-05T02:00:00Z,34.85587476094564,µg/m³
Karachi,Urban Unit Karachi,2025-11-05T02:00:00Z,36.758083470662434,µg/m³
Karachi,Karachi Zoo,2025-11-05T03:00:00Z,44.016041628519694,µg/m³
Karachi,G3 Engineering Consultants karachi,2025-11-05T03:00:00Z,41.485833104451494,µg/m³
Karachi,Urban Unit Karachi,2025-11-05T03:00:00Z,45.92162494659423,µg/m³
Karachi,Karachi Zoo,2025-11-05T04:00:00Z,46.79312496185303,µg/m³
Karachi,G3 Engineering Consultants karachi,2025-11-05T04:00:00Z,35.606499735514326,µg/m³
Karachi,Urban Unit Karachi,2025-11-05T04:00:00Z,37.15550003051758,µg/m³
Karachi,Karachi Zoo,2025-11-05T05:00:00Z,47.99066645304362,µg/m³
Karachi,G3 Engineering Consultants karachi,2025-11-05T05:00:00Z,36.35604143937429,µg/m³
Karachi,Urban Unit Karachi,2025-11-05T05:00:00Z,36.78958333333333,µg/m³
Karachi,Urban Unit Karachi,2025-11-05T07:00:00Z,18.731416670481362,µg/m³
Karachi,G3 Engineering Consultants karachi,2025-11-05T07:00:00Z,24.383874980608624,µg/m³
Karachi,Karachi Zoo,2025-11-05T07:00:00Z,32.5953335762024,µg/m³
Karachi,G3 Engineering Consultants karachi,2025-11-05T08:00:00Z,30.104458157221476,µg/m³
Karachi,Karachi Zoo,2025-11-05T08:00:00Z,29.352041657765707,µg/m³
Karachi,Urban Unit Karachi,2025-11-05T08:00:00Z,16.49595833619436,µg/m³
Karachi,Karachi Zoo,2025-11-05T09:00:00Z,28.787458364168803,µg/m³
Karachi,G3 Engineering Consultants karachi,2025-11-05T09:00:00Z,40.15825004577637,µg/m³
Karachi,Urban Unit Karachi,2025-11-05T09:00:00Z,14.464208324750267,µg/m³
Karachi,Karachi Zoo,2025-11-05T10:00:00Z,36.46337515513102,µg/m³
Karachi,G3 Engineering Consultants karachi,2025-11-05T10:00:00Z,41.289041964213055,µg/m³
Karachi,Urban Unit Karachi,2025-11-05T10:00:00Z,14.895708330472315,µg/m³
Karachi,Karachi Zoo,2025-11-05T11:00:00Z,52.5425828297933,µg/m³
Karachi,G3 Engineering Consultants karachi,2025-11-05T11:00:00Z,37.168000030517575,µg/m³
Karachi,Urban Unit Karachi,2025-11-05T11:00:00Z,39.6335419734319,µg/m³
Karachi,G3 Engineering Consultants karachi,2025-11-05T12:00:00Z,38.54058354695639,µg/m³
Karachi,Karachi Zoo,2025-11-05T12:00:00Z,47.29712543487549,µg/m³
Karachi,Urban Unit Karachi,2025-11-05T12:00:00Z,48.30633328755696,µg/m³
Karachi,Urban Unit Karachi,2025-11-05T13:00:00Z,48.07158330281575,µg/m³
Karachi,Karachi Zoo,2025-11-05T13:00:00Z,57.597541872660315,µg/m³
Karachi,G3 Engineering Consultants karachi,2025-11-05T13:00:00Z,49.882458432515456,µg/m³
Karachi,Urban Unit Karachi,2025-11-05T14:00:00Z,57.554333623250336,µg/m³
Karachi,Karachi Zoo,2025-11-05T14:00:00Z,71.88299980163573,µg/m³
Karachi,G3 Engineering Consultants karachi,2025-11-05T14:00:00Z,104.76399993896486,µg/m³
Karachi,Urban Unit Karachi,2025-11-05T15:00:00Z,64.45687503814698,µg/m³
Karachi,Karachi Zoo,2025-11-05T15:00:00Z,120.34633305867514,µg/m³
Karachi,G3 Engineering Consultants karachi,2025-11-05T15:00:00Z,120.47270806630455,µg/m³
Karachi,G3 Engineering Consultants karachi,2025-11-05T16:00:00Z,79.91495850880942,µg/m³
Karachi,Urban Unit Karachi,2025-11-05T16:00:00Z,83.50941683451335,µg/m³
Karachi,Karachi Zoo,2025-11-05T16:00:00Z,210.949541536967,µg/m³
Karachi,Urban Unit Karachi,2025-11-05T17:00:00Z,137.88950004577637,µg/m³
Karachi,G3 Engineering Consultants karachi,2025-11-05T17:00:00Z,48.798374780019124,µg/m³
Karachi,Karachi Zoo,2025-11-05T17:00:00Z,161.52608311971028,µg/m³
Karachi,G3 Engineering Consultants karachi,2025-11-05T18:00:00Z,47.536000061035146,µg/m³
Karachi,Urban Unit Karachi,2025-11-05T18:00:00Z,122.91654173533124,µg/m³
Karachi,Karachi Zoo,2025-11-05T18:00:00Z,47.74870827992757,µg/m³
Karachi,Urban Unit Karachi,2025-11-05T19:00:00Z,125.30387516021729,µg/m³
Karachi,G3 Engineering Consultants karachi,2025-11-05T19:00:00Z,66.17829113006592,µg/m³
Karachi,Karachi Zoo,2025-11-05T19:00:00Z,42.111958249409994,µg/m³
Karachi,G3 Engineering Consultants karachi,2025-11-05T20:00:00Z,43.79712505340577,µg/m³
Karachi,Karachi Zoo,2025-11-05T20:00:00Z,91.92620843251547,µg/m³
Karachi,Urban Unit Karachi,2025-11-05T20:00:00Z,106.71250000000002,µg/m³
Karachi,G3 Engineering Consultants karachi,2025-11-05T21:00:00Z,77.64204146067303,µg/m³
Karachi,Karachi Zoo,2025-11-05T21:00:00Z,120.58554159800212,µg/m³
Karachi,Urban Unit Karachi,2025-11-05T21:00:00Z,90.8290417353312,µg/m³
Karachi,G3 Engineering Consultants karachi,2025-11-05T22:00:00Z,160.29029127756755,µg/m³
Karachi,Urban Unit Karachi,2025-11-05T22:00:00Z,94.39291712443033,µg/m³
Karachi,Karachi Zoo,2025-11-05T22:00:00Z,94.3597916285197,µg/m³
Karachi,Karachi Zoo,2025-11-05T23:00:00Z,97.49883321126303,µg/m³
Karachi,Urban Unit Karachi,2025-11-05T23:00:00Z,89.76607110159738,µg/m³
Karachi,G3 Engineering Consultants karachi,2025-11-05T23:00:00Z,103.4985003153483,µg/m³
Karachi,Karachi Zoo,2025-11-06T00:00:00Z,81.05095818837484,µg/m³
Karachi,G3 Engineering Consultants karachi,2025-11-06T00:00:00Z,81.76733334859212,µg/m³
Karachi,Urban Unit Karachi,2025-11-06T00:00:00Z,80.66054159800213,µg/m³
Karachi,Urban Unit Karachi,2025-11-06T01:00:00Z,73.26933301289877,µg/m³
Karachi,Karachi Zoo,2025-11-06T01:00:00Z,75.28216692606608,µg/m³
Karachi,G3 Engineering Consultants karachi,2025-11-06T01:00:00Z,54.69704176584879,µg/m³
Karachi,Karachi Zoo,2025-11-06T02:00:00Z,70.04541651407878,µg/m³
Karachi,G3 Engineering Consultants karachi,2025-11-06T02:00:00Z,61.63833287556966,µg/m³
Karachi,Urban Unit Karachi,2025-11-06T02:00:00Z,43.949083455403645,µg/m³
Karachi,Karachi Zoo,2025-11-06T03:00:00Z,55.08633321126302,µg/m³
Karachi,Urban Unit Karachi,2025-11-06T03:00:00Z,48.09075012207031,µg/m³
Karachi,G3 Engineering Consultants karachi,2025-11-06T03:00:00Z,71.9815835316976,µg/m³
Karachi,Urban Unit Karachi,2025-11-06T04:00:00Z,52.05837497711182,µg/m³
Karachi,G3 Engineering Consultants karachi,2025-11-06T04:00:00Z,68.85812511444091,µg/m³
Karachi,Karachi Zoo,2025-11-06T04:00:00Z,53.20170815785726,µg/m³
Karachi,G3 Engineering Consultants karachi,2025-11-06T05:00:00Z,72.71460580536812,µg/m³
Karachi,Urban Unit Karachi,2025-11-06T05:00:00Z,52.22737522125245,µg/m³
Karachi,Karachi Zoo,2025-11-06T05:00:00Z,52.74533360799155,µg/m³
Karachi,Urban Unit Karachi,2025-11-06T06:00:00Z,82.76595834096273,µg/m³
Karachi,Karachi Zoo,2025-11-06T06:00:00Z,58.14808362325033,µg/m³
Karachi,Karachi Zoo,2025-11-06T07:00:00Z,69.17087497711182,µg/m³
Karachi,Urban Unit Karachi,2025-11-06T07:00:00Z,90.24179159800212,µg/m³
Karachi,Karachi Zoo,2025-11-06T08:00:00Z,58.66229178110759,µg/m³
Karachi,Urban Unit Karachi,2025-11-06T08:00:00Z,71.59983342488607,µg/m³
Karachi,Karachi Zoo,2025-11-06T09:00:00Z,53.6419169108073,µg/m³
Karachi,Urban Unit Karachi,2025-11-06T09:00:00Z,49.584958585103344,µg/m³
Karachi,Karachi Zoo,2025-11-06T10:00:00Z,53.53288887871636,µg/m³
Karachi,Urban Unit Karachi,2025-11-06T10:00:00Z,52.43341662089029,µg/m³
Karachi,Karachi Zoo,2025-11-06T11:00:00Z,58.58258374532065,µg/m³
Karachi,Urban Unit Karachi,2025-11-06T11:00:00Z,59.37101404401991,µg/m³
Karachi,Urban Unit Karachi,2025-11-06T12:00:00Z,82.28445835113524,µg/m³
Karachi,Karachi Zoo,2025-11-06T12:00:00Z,51.18054205576579,µg/m³
Karachi,Urban Unit Karachi,2025-11-06T13:00:00Z,52.22866655985515,µg/m³
Karachi,Karachi Zoo,2025-11-06T13:00:00Z,49.46320832570394,µg/m³
Karachi,Karachi Zoo,2025-11-06T14:00:00Z,50.75879141489665,µg/m³
Karachi,Urban Unit Karachi,2025-11-06T14:00:00Z,58.35070870717366,µg/m³
Karachi,Karachi Zoo,2025-11-06T15:00:00Z,55.39612522125244,µg/m³
Karachi,Urban Unit Karachi,2025-11-06T15:00:00Z,58.14866663614907,µg/m³
Karachi,Karachi Zoo,2025-11-06T16:00:00Z,47.07312488555908,µg/m³
Karachi,G3 Engineering Consultants karachi,2025-11-06T16:00:00Z,58.729591300270776,µg/m³
Karachi,Urban Unit Karachi,2025-11-06T16:00:00Z,61.72995827992758,µg/m³
Karachi,Karachi Zoo,2025-11-06T17:00:00Z,70.03208325703939,µg/m³
Karachi,G3 Engineering Consultants karachi,2025-11-06T17:00:00Z,59.59645837148031,µg/m³
Karachi,Urban Unit Karachi,2025-11-06T17:00:00Z,52.026708157857264,µg/m³
Karachi,Karachi Zoo,2025-11-06T18:00:00Z,104.94341646830242,µg/m³
Karachi,G3 Engineering Consultants karachi,2025-11-06T18:00:00Z,48.91204153696696,µg/m³
Karachi,Urban Unit Karachi,2025-11-06T18:00:00Z,97.25550003051758,µg/m³
Karachi,Urban Unit Karachi,2025-11-06T19:00:00Z,128.11091677347818,µg/m³
Karachi,G3 Engineering Consultants karachi,2025-11-06T19:00:00Z,47.112708218892415,µg/m³
Karachi,Karachi Zoo,2025-11-06T19:00:00Z,126.78150024414062,µg/m³
Karachi,G3 Engineering Consultants karachi,2025-11-06T20:00:00Z,68.02404181162517,µg/m³
Karachi,Karachi Zoo,2025-11-06T20:00:00Z,78.60229155222575,µg/m³
Karachi,Urban Unit Karachi,2025-11-06T20:00:00Z,120.22341677347818,µg/m³
Karachi,Karachi Zoo,2025-11-06T21:00:00Z,71.91812534332276,µg/m³
Karachi,G3 Engineering Consultants karachi,2025-11-06T21:00:00Z,54.70300025939941,µg/m³
Karachi,Urban Unit Karachi,2025-11-06T21:00:00Z,91.48708356221516,µg/m³
Karachi,G3 Engineering Consultants karachi,2025-11-06T22:00:00Z,44.201416651407875,µg/m³
Karachi,Urban Unit Karachi,2025-11-06T22:00:00Z,71.56779181162516,µg/m³
Karachi,Karachi Zoo,2025-11-06T22:00:00Z,108.85475006103518,µg/m³
Karachi,Karachi Zoo,2025-11-06T23:00:00Z,87.30233357747396,µg/m³
Karachi,Urban Unit Karachi,2025-11-06T23:00:00Z,80.8519167582194,µg/m³
Karachi,G3 Engineering Consultants karachi,2025-11-06T23:00:00Z,53.761666742960614,µg/m³
Karachi,G3 Engineering Consultants karachi,2025-11-07T00:00:00Z,60.92574996948243,µg/m³
Karachi,Karachi Zoo,2025-11-07T00:00:00Z,92.88808377583821,µg/m³
Karachi,Urban Unit Karachi,2025-11-07T00:00:00Z,81.50841662089029,µg/m³
Karachi,Karachi Zoo,2025-11-07T01:00:00Z,126.04929167429607,µg/m³
Karachi,G3 Engineering Consultants karachi,2025-11-07T01:00:00Z,72.25254179636637,µg/m³
Karachi,Urban Unit Karachi,2025-11-07T01:00:00Z,132.7959166208903,µg/m³
Karachi,Karachi Zoo,2025-11-07T02:00:00Z,156.2601251602173,µg/m³
Karachi,G3 Engineering Consultants karachi,2025-11-07T02:00:00Z,114.24208348592121,µg/m³
Karachi,Urban Unit Karachi,2025-11-07T02:00:00Z,159.1445832570394,µg/m³
Karachi,G3 Engineering Consultants karachi,2025-11-07T03:00:00Z,172.26524963378904,µg/m³
Karachi,Karachi Zoo,2025-11-07T03:00:00Z,159.01649971008302,µg/m³
Karachi,Urban Unit Karachi,2025-11-07T03:00:00Z,156.31337451934812,µg/m³
Karachi,G3 Engineering Consultants karachi,2025-11-07T04:00:00Z,144.5485004425049,µg/m³
Karachi,Karachi Zoo,2025-11-07T04:00:00Z,105.08433316548665,µg/m³
Karachi,Urban Unit Karachi,2025-11-07T04:00:00Z,66.47137508392335,µg/m³
Karachi,G3 Engineering Consultants karachi,2025-11-07T05:00:00Z,83.19324989318848,µg/m³
Karachi,Karachi Zoo,2025-11-07T05:00:00Z,87.5801248550415,µg/m³
Karachi,Urban Unit Karachi,2025-11-07T05:00:00Z,73.70825004577635,µg/m³
Karachi,Karachi Zoo,2025-11-07T06:00:00Z,72.60108311971028,µg/m³
Karachi,G3 Engineering Consultants karachi,2025-11-07T06:00:00Z,49.67441622416178,µg/m³
Karachi,Urban Unit Karachi,2025-11-07T06:00:00Z,61.398541704813645,µg/m³
Karachi,G3 Engineering Consultants karachi,2025-11-07T07:00:00Z,47.01887493133544,µg/m³
Karachi,Karachi Zoo,2025-11-07T07:00:00Z,37.30154158274333,µg/m³
Karachi,Urban Unit Karachi,2025-11-07T07:00:00Z,56.857249832153315,µg/m³
Karachi,G3 Engineering Consultants karachi,2025-11-07T08:00:00Z,33.68020803928375,µg/m³
Karachi,Urban Unit Karachi,2025-11-07T08:00:00Z,39.79170831044515,µg/m³
Karachi,Karachi Zoo,2025-11-07T08:00:00Z,34.14966674645741,µg/m³
Karachi,Urban Unit Karachi,2025-11-07T09:00:00Z,56.45754200617472,µg/m³
Karachi,G3 Engineering Consultants karachi,2025-11-07T09:00:00Z,23.375583346684767,µg/m³
Karachi,Karachi Zoo,2025-11-07T09:00:00Z,31.890083392461147,µg/m³
Karachi,Karachi Zoo,2025-11-07T10:00:00Z,37.286249629656474,µg/m³
Karachi,Urban Unit Karachi,2025-11-07T10:00:00Z,33.78456921577453,µg/m³
Karachi,G3 Engineering Consultants karachi,2025-11-07T10:00:00Z,22.584375039736432,µg/m³
Karachi,G3 Engineering Consultants karachi,2025-11-07T11:00:00Z,24.600333372751866,µg/m³
Karachi,Karachi Zoo,2025-11-07T11:00:00Z,29.94124999046326,µg/m³
Karachi,Urban Unit Karachi,2025-11-07T11:00:00Z,33.96870829264323,µg/m³
Karachi,Urban Unit Karachi,2025-11-07T12:00:00Z,35.63633277416229,µg/m³
Karachi,G3 Engineering Consultants karachi,2025-11-07T12:00:00Z,29.3487500667572,µg/m³
Karachi,Karachi Zoo,2025-11-07T12:00:00Z,42.26504170099894,µg/m³
Karachi,Karachi Zoo,2025-11-07T13:00:00Z,51.40699996948242,µg/m³
Karachi,G3 Engineering Consultants karachi,2025-11-07T13:00:00Z,45.402291552225755,µg/m³
Karachi,Urban Unit Karachi,2025-11-07T13:00:00Z,48.823958142598464,µg/m³
Karachi,Urban Unit Karachi,2025-11-07T14:00:00Z,84.50513645518909,µg/m³
Karachi,G3 Engineering Consultants karachi,2025-11-07T14:00:00Z,44.56072720614346,µg/m³
Karachi,Karachi Zoo,2025-11-07T14:00:00Z,101.93931822343306,µg/m³
Karachi,G3 Engineering Consultants karachi,2025-11-07T15:00:00Z,63.929541460673015,µg/m³
Karachi,Urban Unit Karachi,2025-11-07T15:00:00Z,107.68308347066244,µg/m³
Karachi,Karachi Zoo,2025-11-07T15:00:00Z,101.7681666056315,µg/m³
Karachi,Karachi Zoo,2025-11-07T16:00:00Z,69.85558331807454,µg/m³
Karachi,Urban Unit Karachi,2025-11-07T16:00:00Z,107.01049995422363,µg/m³
Karachi,G3 Engineering Consultants karachi,2025-11-07T16:00:00Z,46.761667124430346,µg/m³
Karachi,Karachi Zoo,2025-11-07T17:00:00Z,57.795166651407875,µg/m³
Karachi,Urban Unit Karachi,2025-11-07T17:00:00Z,60.82508328755697,µg/m³
Karachi,G3 Engineering Consultants karachi,2025-11-07T17:00:00Z,61.83150024414062,µg/m³
Karachi,Urban Unit Karachi,2025-11-07T18:00:00Z,72.60866686503094,µg/m³
Karachi,G3 Engineering Consultants karachi,2025-11-07T18:00:00Z,40.89400024414062,µg/m³
Karachi,Karachi Zoo,2025-11-07T18:00:00Z,71.05300025939941,µg/m³
Karachi,Urban Unit Karachi,2025-11-07T19:00:00Z,119.87863644686612,µg/m³
Karachi,Karachi Zoo,2025-11-07T19:00:00Z,157.7710905595259,µg/m³
Karachi,G3 Engineering Consultants karachi,2025-11-07T19:00:00Z,48.45790890780363,µg/m³
Karachi,G3 Engineering Consultants karachi,2025-11-07T20:00:00Z,45.111875343322744,µg/m³
Karachi,Urban Unit Karachi,2025-11-07T20:00:00Z,58.229666773478186,µg/m³
Karachi,Karachi Zoo,2025-11-07T20:00:00Z,79.00212497711182,µg/m³
Karachi,G3 Engineering Consultants karachi,2025-11-07T21:00:00Z,38.804416529337566,µg/m³
Karachi,Karachi Zoo,2025-11-07T21:00:00Z,53.75316683451336,µg/m³
Karachi,Urban Unit Karachi,2025-11-07T21:00:00Z,70.39229170481364,µg/m³
Karachi,Karachi Zoo,2025-11-07T22:00:00Z,63.02454153696695,µg/m³
Karachi,Urban Unit Karachi,2025-11-07T22:00:00Z,62.78899993896485,µg/m³
Karachi,G3 Engineering Consultants karachi,2025-11-07T22:00:00Z,45.46945832570393,µg/m³
Karachi,G3 Engineering Consultants karachi,2025-11-07T23:00:00Z,53.509333546956384,µg/m³
Karachi,Karachi Zoo,2025-11-07T23:00:00Z,67.17191721598307,µg/m³
Karachi,Urban Unit Karachi,2025-11-07T23:00:00Z,93.24937496185301,µg/m³
Karachi,Karachi Zoo,2025-11-08T00:00:00Z,74.0943754196167,µg/m³
Karachi,Urban Unit Karachi,2025-11-08T00:00:00Z,163.82508328755696,µg/m³
Karachi,G3 Engineering Consultants karachi,2025-11-08T00:00:00Z,70.6345417658488,µg/m³
Karachi,G3 Engineering Consultants karachi,2025-11-08T01:00:00Z,52.31399993896485,µg/m³
Karachi,Urban Unit Karachi,2025-11-08T01:00:00Z,123.24333318074544,µg/m³
Karachi,Karachi Zoo,2025-11-08T01:00:00Z,73.84345811208088,µg/m³
Karachi,Urban Unit Karachi,2025-11-08T02:00:00Z,103.05008328755696,µg/m³
Karachi,Karachi Zoo,2025-11-08T02:00:00Z,149.8375,µg/m³
Karachi,G3 Engineering Consultants karachi,2025-11-08T02:00:00Z,39.42408345540365,µg/m³
Karachi,Karachi Zoo,2025-11-08T03:00:00Z,88.41504179636638,µg/m³
Karachi,G3 Engineering Consultants karachi,2025-11-08T03:00:00Z,41.57041692733765,µg/m³
Karachi,Urban Unit Karachi,2025-11-08T03:00:00Z,79.4997086842855,µg/m³
Karachi,Karachi Zoo,2025-11-08T04:00:00Z,24.46529159545899,µg/m³
Karachi,G3 Engineering Consultants karachi,2025-11-08T04:00:00Z,27.351041706403098,µg/m³
Karachi,Urban Unit Karachi,2025-11-08T04:00:00Z,26.25762501557668,µg/m³
Karachi,Karachi Zoo,2025-11-08T05:00:00Z,21.01658336321513,µg/m³
Karachi,G3 Engineering Consultants karachi,2025-11-08T05:00:00Z,15.325291673342386,µg/m³
Karachi,Urban Unit Karachi,2025-11-08T05:00:00Z,24.90579154491425,µg/m³
Karachi,G3 Engineering Consultants karachi,2025-11-08T06:00:00Z,5.942291680971781,µg/m³
Karachi,Urban Unit Karachi,2025-11-08T06:00:00Z,17.50716667175293,µg/m³
Karachi,Karachi Zoo,2025-11-08T06:00:00Z,12.475374992688495,µg/m³
Karachi,Karachi Zoo,2025-11-08T07:00:00Z,14.405666669209799,µg/m³
Karachi,Urban Unit Karachi,2025-11-08T07:00:00Z,17.348333326975503,µg/m³
Karachi,G3 Engineering Consultants karachi,2025-11-08T07:00:00Z,6.754791665077209,µg/m³
Karachi,Urban Unit Karachi,2025-11-08T08:00:00Z,18.30100000699361,µg/m³
Karachi,Karachi Zoo,2025-11-08T08:00:00Z,12.90641665458679,µg/m³
Karachi,G3 Engineering Consultants karachi,2025-11-08T08:00:00Z,6.936916669209797,µg/m³
Karachi,G3 Engineering Consultants karachi,2025-11-08T09:00:00Z,7.62791666984558,µg/m³
Karachi,Karachi Zoo,2025-11-08T09:00:00Z,14.378250010808308,µg/m³
Karachi,Urban Unit Karachi,2025-11-08T09:00:00Z,17.269083335664536,µg/m³
Karachi,G3 Engineering Consultants karachi,2025-11-08T10:00:00Z,9.593625028928122,µg/m³
Karachi,Karachi Zoo,2025-11-08T10:00:00Z,16.380958326657616,µg/m³
Karachi,Urban Unit Karachi,2025-11-08T10:00:00Z,16.398041669527693,µg/m³
Karachi,G3 Engineering Consultants karachi,2025-11-08T11:00:00Z,8.678666687011718,µg/m³
Karachi,Karachi Zoo,2025-11-08T11:00:00Z,16.73472219573127,µg/m³
Karachi,Urban Unit Karachi,2025-11-08T11:00:00Z,12.65816666285197,µg/m³
Karachi,G3 Engineering Consultants karachi,2025-11-08T12:00:00Z,12.025750001271566,µg/m³
Karachi,Urban Unit Karachi,2025-11-08T12:00:00Z,16.716499996185306,µg/m³
Karachi,Karachi Zoo,2025-11-08T12:00:00Z,19.43649997711182,µg/m³
Karachi,Urban Unit Karachi,2025-11-08T13:00:00Z,22.598000049591064,µg/m³
Karachi,Karachi Zoo,2025-11-08T13:00:00Z,30.169666639963793,µg/m³
Karachi,G3 Engineering Consultants karachi,2025-11-08T13:00:00Z,21.747791679700217,µg/m³
Karachi,Karachi Zoo,2025-11-08T14:00:00Z,27.258166631062824,µg/m³
Karachi,G3 Engineering Consultants karachi,2025-11-08T14:00:00Z,18.694333330790204,µg/m³
Karachi,Urban Unit Karachi,2025-11-08T14:00:00Z,24.75749998092651,µg/m³
Karachi,G3 Engineering Consultants karachi,2025-11-08T15:00:00Z,31.899833234151203,µg/m³
Karachi,Urban Unit Karachi,2025-11-08T15:00:00Z,28.59127780066596,µg/m³
Karachi,Karachi Zoo,2025-11-08T15:00:00Z,26.936500040690103,µg/m³
Karachi,Urban Unit Karachi,2025-11-08T16:00:00Z,33.512888505723744,µg/m³
Karachi,G3 Engineering Consultants karachi,2025-11-08T16:00:00Z,41.42549988428751,µg/m³
Karachi,Karachi Zoo,2025-11-08T16:00:00Z,24.09416666030884,µg/m³
Karachi,Karachi Zoo,2025-11-08T17:00:00Z,28.633333396911624,µg/m³
Karachi,Urban Unit Karachi,2025-11-08T17:00:00Z,38.95833333333333,µg/m³
Karachi,G3 Engineering Consultants karachi,2025-11-08T17:00:00Z,39.433500035603835,µg/m³
Karachi,Urban Unit Karachi,2025-11-08T18:00:00Z,52.93899993896485,µg/m³
Karachi,G3 Engineering Consultants karachi,2025-11-08T18:00:00Z,45.30849990844726,µg/m³
Karachi,Karachi Zoo,2025-11-08T18:00:00Z,58.06374991734824,µg/m³
Karachi,G3 Engineering Consultants karachi,2025-11-08T19:00:00Z,45.34700012207031,µg/m³
Karachi,Urban Unit Karachi,2025-11-08T19:00:00Z,68.7913335164388,µg/m³
Karachi,Karachi Zoo,2025-11-08T19:00:00Z,39.22200015385945,µg/m³
Karachi,Urban Unit Karachi,2025-11-08T20:00:00Z,47.61916681925456,µg/m³
Karachi,Karachi Zoo,2025-11-08T20:00:00Z,27.360333283742264,µg/m³
Karachi,G3 Engineering Consultants karachi,2025-11-08T20:00:00Z,35.03083321253459,µg/m³
Karachi,G3 Engineering Consultants karachi,2025-11-08T21:00:00Z,47.91949996948244,µg/m³
Karachi,Karachi Zoo,2025-11-08T21:00:00Z,80.93383305867512,µg/m³
Karachi,Urban Unit Karachi,2025-11-08T21:00:00Z,62.199666849772136,µg/m³
Karachi,G3 Engineering Consultants karachi,2025-11-08T22:00:00Z,66.42216644287109,µg/m³
Karachi,Karachi Zoo,2025-11-08T22:00:00Z,66.44700012207032,µg/m³
Karachi,Urban Unit Karachi,2025-11-08T22:00:00Z,62.13899993896485,µg/m³
Karachi,Urban Unit Karachi,2025-11-08T23:00:00Z,83.42733357747396,µg/m³
Karachi,G3 Engineering Consultants karachi,2025-11-08T23:00:00Z,219.40066757202155,µg/m³
Karachi,Karachi Zoo,2025-11-08T23:00:00Z,44.60299987792968,µg/m³
Karachi,Urban Unit Karachi,2025-11-09T00:00:00Z,87.18050003051758,µg/m³
Karachi,Karachi Zoo,2025-11-09T00:00:00Z,56.18083318074545,µg/m³
Karachi,G3 Engineering Consultants karachi,2025-11-09T00:00:00Z,95.83333333333333,µg/m³
Karachi,Karachi Zoo,2025-11-09T01:00:00Z,72.01399993896483,µg/m³
Karachi,G3 Engineering Consultants karachi,2025-11-09T01:00:00Z,105.16949996948244,µg/m³
Karachi,Urban Unit Karachi,2025-11-09T01:00:00Z,65.99933369954427,µg/m³
Karachi,Karachi Zoo,2025-11-09T02:00:00Z,82.36083348592122,µg/m³
Karachi,G3 Engineering Consultants karachi,2025-11-09T02:00:00Z,164.27483342488605,µg/m³
Karachi,Urban Unit Karachi,2025-11-09T02:00:00Z,52.288500213623045,µg/m³
Karachi,Karachi Zoo,2025-11-09T03:00:00Z,83.18600006103516,µg/m³
Karachi,G3 Engineering Consultants karachi,2025-11-09T03:00:00Z,128.1406672159831,µg/m³
Karachi,Urban Unit Karachi,2025-11-09T03:00:00Z,69.54449996948242,µg/m³
Karachi,G3 Engineering Consultants karachi,2025-11-09T04:00:00Z,25.038666756947837,µg/m³
Karachi,Urban Unit Karachi,2025-11-09T04:00:00Z,62.87233327229819,µg/m³
Karachi,Karachi Zoo,2025-11-09T04:00:00Z,62.81449969609579,µg/m³
Karachi,G3 Engineering Consultants karachi,2025-11-09T05:00:00Z,24.35533332824707,µg/m³
Karachi,Karachi Zoo,2025-11-09T05:00:00Z,19.613333352406816,µg/m³
Karachi,Urban Unit Karachi,2025-11-09T05:00:00Z,37.449167060852055,µg/m³
Karachi,Karachi Zoo,2025-11-09T06:00:00Z,19.192000007629392,µg/m³
Karachi,G3 Engineering Consultants karachi,2025-11-09T06:00:00Z,37.32216663360596,µg/m³
Karachi,Urban Unit Karachi,2025-11-09T06:00:00Z,33.933333269755046,µg/m³
Karachi,Karachi Zoo,2025-11-09T07:00:00Z,30.027833334604903,µg/m³
Karachi,Urban Unit Karachi,2025-11-09T07:00:00Z,35.12533311843872,µg/m³
Karachi,G3 Engineering Consultants karachi,2025-11-09T07:00:00Z,44.805833180745445,µg/m³
Karachi,Urban Unit Karachi,2025-11-09T08:00:00Z,34.9721666653951,µg/m³
Karachi,G3 Engineering Consultants karachi,2025-11-09T08:00:00Z,20.19716657002767,µg/m³
Karachi,Karachi Zoo,2025-11-09T08:00:00Z,39.91399987538656,µg/m³
Karachi,Urban Unit Karachi,2025-11-09T09:00:00Z,15.263833332061767,µg/m³
Karachi,Karachi Zoo,2025-11-09T09:00:00Z,9.635333315531412,µg/m³
Karachi,G3 Engineering Consultants karachi,2025-11-09T09:00:00Z,11.635999965667724,µg/m³
Karachi,G3 Engineering Consultants karachi,2025-11-09T10:00:00Z,3.677499995132287,µg/m³
Karachi,Urban Unit Karachi,2025-11-09T10:00:00Z,10.074666659037273,µg/m³
Karachi,Karachi Zoo,2025-11-09T10:00:00Z,6.049833331505457,µg/m³
Karachi,G3 Engineering Consultants karachi,2025-11-09T11:00:00Z,4.005499994754792,µg/m³
Karachi,Urban Unit Karachi,2025-11-09T11:00:00Z,8.175500011444093,µg/m³
Karachi,Karachi Zoo,2025-11-09T11:00:00Z,5.352833334604899,µg/m³
Karachi,Karachi Zoo,2025-11-09T12:00:00Z,12.372833315531416,µg/m³
Karachi,G3 Engineering Consultants karachi,2025-11-09T12:00:00Z,5.7780000050862625,µg/m³
Karachi,Urban Unit Karachi,2025-11-09T12:00:00Z,8.523000001907347,µg/m³
Karachi,Urban Unit Karachi,2025-11-09T13:00:00Z,11.669166660308838,µg/m³
Karachi,Karachi Zoo,2025-11-09T13:00:00Z,11.680833339691162,µg/m³
Karachi,G3 Engineering Consultants karachi,2025-11-09T13:00:00Z,31.80533332824707,µg/m³
Karachi,Urban Unit Karachi,2025-11-09T14:00:00Z,21.041666666666668,µg/m³
Karachi,G3 Engineering Consultants karachi,2025-11-09T14:00:00Z,28.305666732788087,µg/m³
Karachi,Karachi Zoo,2025-11-09T14:00:00Z,17.749666659037274,µg/m³
Karachi,G3 Engineering Consultants karachi,2025-11-09T15:00:00Z,45.875166638692214,µg/m³
Karachi,Karachi Zoo,2025-11-09T15:00:00Z,23.043666648864747,µg/m³
Karachi,G3 Engineering Consultants karachi,2025-11-09T16:00:00Z,36.197333335876465,µg/m³
Karachi,Karachi Zoo,2025-11-09T16:00:00Z,27.34216658274333,µg/m³
Karachi,G3 Engineering Consultants karachi,2025-11-09T17:00:00Z,25.87183345158895,µg/m³
Karachi,Karachi Zoo,2025-11-09T17:00:00Z,29.135666624705,µg/m³
Karachi,G3 Engineering Consultants karachi,2025-11-09T18:00:00Z,26.399500052134197,µg/m³
Karachi,Karachi Zoo,2025-11-09T18:00:00Z,29.07183329264323,µg/m³
Karachi,G3 Engineering Consultants karachi,2025-11-09T19:00:00Z,41.28816709518433,µg/m³
Karachi,Karachi Zoo,2025-11-09T19:00:00Z,54.85233348210654,µg/m³
Karachi,G3 Engineering Consultants karachi,2025-11-09T20:00:00Z,43.00216700236002,µg/m³
Karachi,Karachi Zoo,2025-11-09T20:00:00Z,63.046833546956385,µg/m³
Karachi,Karachi Zoo,2025-11-09T21:00:00Z,55.955999755859374,µg/m³
Karachi,G3 Engineering Consultants karachi,2025-11-09T21:00:00Z,42.89416681925456,µg/m³
Karachi,G3 Engineering Consultants karachi,2025-11-09T22:00:00Z,84.08583323160808,µg/m³
Karachi,Karachi Zoo,2025-11-09T22:00:00Z,42.56949996948242,µg/m³
Karachi,G3 Engineering Consultants karachi,2025-11-09T23:00:00Z,114.00866673787436,µg/m³
Karachi,Karachi Zoo,2025-11-09T23:00:00Z,36.394499969482425,µg/m³
Karachi,Karachi Zoo,2025-11-10T00:00:00Z,30.175166702270513,µg/m³
Karachi,G3 Engineering Consultants karachi,2025-11-10T00:00:00Z,109.47466710408527,µg/m³
Karachi,G3 Engineering Consultants karachi,2025-11-10T01:00:00Z,146.99212462107337,µg/m³
Karachi,Karachi Zoo,2025-11-10T01:00:00Z,29.31433331171672,µg/m³
Karachi,G3 Engineering Consultants karachi,2025-11-10T02:00:00Z,86.94749984741209,µg/m³
Karachi,Karachi Zoo,2025-11-10T02:00:00Z,55.26933339436848,µg/m³
Karachi,G3 Engineering Consultants karachi,2025-11-10T03:00:00Z,93.69416681925456,µg/m³
Karachi,Karachi Zoo,2025-11-10T03:00:00Z,103.52516657511394,µg/m³
Karachi,G3 Engineering Consultants karachi,2025-11-10T04:00:00Z,30.227666632334387,µg/m³
Karachi,Karachi Zoo,2025-11-10T04:00:00Z,27.677666695912688,µg/m³
Karachi,G3 Engineering Consultants karachi,2025-11-10T05:00:00Z,26.039000034332275,µg/m³
Karachi,Karachi Zoo,2025-11-10T05:00:00Z,6.339000004529953,µg/m³
Karachi,G3 Engineering Consultants karachi,2025-11-10T06:00:00Z,22.046833260854086,µg/m³
Karachi,Karachi Zoo,2025-11-10T06:00:00Z,12.538833300272627,µg/m³
Karachi,G3 Engineering Consultants karachi,2025-11-10T07:00:00Z,13.727666699886322,µg/m³
Karachi,Karachi Zoo,2025-11-10T07:00:00Z,19.311500096321105,µg/m³
Karachi,Karachi Zoo,2025-11-10T08:00:00Z,6.814500013987224,µg/m³
Karachi,G3 Engineering Consultants karachi,2025-11-10T08:00:00Z,11.535500019788742,µg/m³
Karachi,Karachi Zoo,2025-11-10T09:00:00Z,8.077666664123536,µg/m³
Karachi,G3 Engineering Consultants karachi,2025-11-10T09:00:00Z,8.144333299001056,µg/m³
Karachi,G3 Engineering Consultants karachi,2025-11-10T10:00:00Z,7.791499996185302,µg/m³
Karachi,Karachi Zoo,2025-11-10T10:00:00Z,16.680500125885008,µg/m³
Karachi,G3 Engineering Consultants karachi,2025-11-10T11:00:00Z,12.349499924977621,µg/m³
Karachi,Karachi Zoo,2025-11-10T11:00:00Z,12.747166633605955,µg/m³
Karachi,G3 Engineering Consultants karachi,2025-11-10T12:00:00Z,85.08883333206177,µg/m³
Karachi,Karachi Zoo,2025-11-10T12:00:00Z,18.200500011444092,µg/m³
Karachi,Urban Unit Karachi,2025-11-10T13:00:00Z,22.75,µg/m³
Karachi,Karachi Zoo,2025-11-10T13:00:00Z,22.438999907175702,µg/m³
Karachi,G3 Engineering Consultants karachi,2025-11-10T13:00:00Z,36.50316664377848,µg/m³
Karachi,Karachi Zoo,2025-11-10T14:00:00Z,26.1331667582194,µg/m³
Karachi,G3 Engineering Consultants karachi,2025-11-10T14:00:00Z,19.444500033060713,µg/m³
Karachi,Karachi Zoo,2025-11-10T15:00:00Z,19.922500006357826,µg/m³
Karachi,G3 Engineering Consultants karachi,2025-11-10T15:00:00Z,25.27799990971883,µg/m³
Karachi,Karachi Zoo,2025-11-10T16:00:00Z,20.283333333333335,µg/m³
Karachi,G3 Engineering Consultants karachi,2025-11-10T16:00:00Z,35.144500096639,µg/m³
Karachi,Karachi Zoo,2025-11-10T17:00:00Z,24.999833329518633,µg/m³
Karachi,G3 Engineering Consultants karachi,2025-11-10T17:00:00Z,16.752833271026613,µg/m³
Karachi,Karachi Zoo,2025-11-10T18:00:00Z,20.66966667175293,µg/m³
Karachi,G3 Engineering Consultants karachi,2025-11-10T18:00:00Z,13.949999968210854,µg/m³
Karachi,Karachi Zoo,2025-11-10T19:00:00Z,21.44399998982747,µg/m³
Karachi,G3 Engineering Consultants karachi,2025-11-10T19:00:00Z,32.5996667544047,µg/m³
Karachi,Karachi Zoo,2025-11-10T20:00:00Z,55.25566660563151,µg/m³
Karachi,G3 Engineering Consultants karachi,2025-11-10T20:00:00Z,52.33616673151652,µg/m³
Karachi,Karachi Zoo,2025-11-10T21:00:00Z,99.98933308919271,µg/m³
Karachi,G3 Engineering Consultants karachi,2025-11-10T21:00:00Z,48.70299987792969,µg/m³
Karachi,Karachi Zoo,2025-11-10T22:00:00Z,100.96399993896483,µg/m³
Karachi,G3 Engineering Consultants karachi,2025-11-10T22:00:00Z,52.1086664835612,µg/m³
Karachi,G3 Engineering Consultants karachi,2025-11-10T23:00:00Z,132.92483317057292,µg/m³
Karachi,Karachi Zoo,2025-11-10T23:00:00Z,113.04483311971028,µg/m³
Karachi,Karachi Zoo,2025-11-11T00:00:00Z,80.39145806630454,µg/m³
Karachi,G3 Engineering Consultants karachi,2025-11-11T00:00:00Z,120.88883361816407,µg/m³
Karachi,Karachi Zoo,2025-11-11T01:00:00Z,86.60533345540364,µg/m³
Karachi,G3 Engineering Consultants karachi,2025-11-11T01:00:00Z,96.78850021362307,µg/m³
Karachi,G3 Engineering Consultants karachi,2025-11-11T02:00:00Z,106.74066721598307,µg/m³
Karachi,Karachi Zoo,2025-11-11T02:00:00Z,108.48866678873696,µg/m³
Karachi,Karachi Zoo,2025-11-11T03:00:00Z,118.9861666361491,µg/m³
Karachi,G3 Engineering Consultants karachi,2025-11-11T03:00:00Z,108.87233327229818,µg/m³
Karachi,G3 Engineering Consultants karachi,2025-11-11T04:00:00Z,83.26949996948242,µg/m³
Karachi,Karachi Zoo,2025-11-11T04:00:00Z,87.26666666666667,µg/m³
Karachi,Karachi Zoo,2025-11-11T05:00:00Z,48.775166575113936,µg/m³
Karachi,G3 Engineering Consultants karachi,2025-11-11T05:00:00Z,81.21633348464967,µg/m³
Karachi,G3 Engineering Consultants karachi,2025-11-11T06:00:00Z,33.89700012207031,µg/m³
Karachi,Karachi Zoo,2025-11-11T06:00:00Z,65.83099975585937,µg/m³
Karachi,G3 Engineering Consultants karachi,2025-11-11T07:00:00Z,43.616666698455816,µg/m³
Karachi,Karachi Zoo,2025-11-11T07:00:00Z,45.42249984741212,µg/m³
Karachi,G3 Engineering Consultants karachi,2025-11-11T08:00:00Z,39.863999938964845,µg/m³
Karachi,Karachi Zoo,2025-11-11T08:00:00Z,48.050166575113934,µg/m³
Karachi,G3 Engineering Consultants karachi,2025-11-11T09:00:00Z,36.63112506866455,µg/m³
Karachi,Karachi Zoo,2025-11-11T09:00:00Z,43.422499847412105,µg/m³
Karachi,G3 Engineering Consultants karachi,2025-11-11T10:00:00Z,29.316666603088382,µg/m³
Karachi,Karachi Zoo,2025-11-11T10:00:00Z,39.872000122070304,µg/m³
Karachi,Karachi Zoo,2025-11-11T11:00:00Z,34.21650005976359,µg/m³
Karachi,G3 Engineering Consultants karachi,2025-11-11T11:00:00Z,25.678000005086265,µg/m³
Karachi,Karachi Zoo,2025-11-11T12:00:00Z,30.69722199969822,µg/m³
Karachi,G3 Engineering Consultants karachi,2025-11-11T12:00:00Z,22.136500008900956,µg/m³
Karachi,G3 Engineering Consultants karachi,2025-11-11T13:00:00Z,29.533166631062826,µg/m³
Karachi,Karachi Zoo,2025-11-11T13:00:00Z,26.94399998982747,µg/m³
Karachi,Karachi Zoo,2025-11-11T14:00:00Z,28.691833305358884,µg/m³
Karachi,G3 Engineering Consultants karachi,2025-11-11T14:00:00Z,25.71083335876465,µg/m³
Karachi,Karachi Zoo,2025-11-11T15:00:00Z,25.072166665395102,µg/m³
Karachi,G3 Engineering Consultants karachi,2025-11-11T15:00:00Z,29.59133335749308,µg/m³
Karachi,G3 Engineering Consultants karachi,2025-11-11T16:00:00Z,26.626791644096375,µg/m³
Karachi,Karachi Zoo,2025-11-11T16:00:00Z,26.325166670481362,µg/m³
Karachi,G3 Engineering Consultants karachi,2025-11-11T17:00:00Z,30.413333415985107,µg/m³
Karachi,Karachi Zoo,2025-11-11T17:00:00Z,33.830999755859374,µg/m³
Karachi,G3 Engineering Consultants karachi,2025-11-11T18:00:00Z,52.047333272298175,µg/m³
Karachi,Karachi Zoo,2025-11-11T18:00:00Z,31.81650012334188,µg/m³
Karachi,Karachi Zoo,2025-11-11T19:00:00Z,35.886333306630455,µg/m³
Karachi,G3 Engineering Consultants karachi,2025-11-11T19:00:00Z,101.86983350118003,µg/m³
Karachi,Karachi Zoo,2025-11-11T20:00:00Z,65.12233327229818,µg/m³
Karachi,G3 Engineering Consultants karachi,2025-11-11T20:00:00Z,81.94166666666668,µg/m³
Karachi,Karachi Zoo,2025-11-11T21:00:00Z,113.3473332722982,µg/m³
Karachi,G3 Engineering Consultants karachi,2025-11-11T21:00:00Z,64.17249984741208,µg/m³
Karachi,Karachi Zoo,2025-11-11T22:00:00Z,141.33050003051758,µg/m³
Karachi,G3 Engineering Consultants karachi,2025-11-11T22:00:00Z,90.1559997558594,µg/m³
Karachi,G3 Engineering Consultants karachi,2025-11-11T23:00:00Z,101.38083318074546,µg/m³
Karachi,Karachi Zoo,2025-11-11T23:00:00Z,135.43016688028973,µg/m³
Karachi,Karachi Zoo,2025-11-12T00:00:00Z,63.76399993896485,µg/m³
Karachi,G3 Engineering Consultants karachi,2025-11-12T00:00:00Z,102.78800048828123,µg/m³
Karachi,G3 Engineering Consultants karachi,2025-11-12T01:00:00Z,82.94433339436848,µg/m³
Karachi,Karachi Zoo,2025-11-12T01:00:00Z,59.746833546956374,µg/m³
Karachi,G3 Engineering Consultants karachi,2025-11-12T02:00:00Z,96.04183324178062,µg/m³
Karachi,Karachi Zoo,2025-11-12T02:00:00Z,57.13800048828125,µg/m³
Karachi,Karachi Zoo,2025-11-12T03:00:00Z,56.55516688028971,µg/m³
Karachi,G3 Engineering Consultants karachi,2025-11-12T03:00:00Z,95.97233327229817,µg/m³
Karachi,Karachi Zoo,2025-11-12T04:00:00Z,63.76966654459636,µg/m³
Karachi,G3 Engineering Consultants karachi,2025-11-12T04:00:00Z,78.92233327229819,µg/m³
Karachi,Karachi Zoo,2025-11-12T05:00:00Z,50.242166392008464,µg/m³
Karachi,G3 Engineering Consultants karachi,2025-11-12T05:00:00Z,84.11066691080728,µg/m³
Karachi,Karachi Zoo,2025-11-12T12:00:00Z,32.83050006230672,µg/m³
Karachi,Urban Unit Karachi,2025-11-12T12:00:00Z,32.11600028673808,µg/m³
Karachi,Karachi Zoo,2025-11-12T13:00:00Z,33.502999782562256,µg/m³
Karachi,Urban Unit Karachi,2025-11-12T13:00:00Z,37.48316682179769,µg/m³
Karachi,Karachi Zoo,2025-11-12T14:00:00Z,35.44809279265227,µg/m³
Karachi,Urban Unit Karachi,2025-11-12T14:00:00Z,38.00733311971029,µg/m³
Karachi,Karachi Zoo,2025-11-12T15:00:00Z,42.1581667582194,µg/m³
Karachi,Urban Unit Karachi,2025-11-12T15:00:00Z,38.158000183105464,µg/m³
Karachi,Karachi Zoo,2025-11-12T16:00:00Z,62.17168059878879,µg/m³
Karachi,Urban Unit Karachi,2025-11-12T16:00:00Z,41.84499969482422,µg/m³
Karachi,Karachi Zoo,2025-11-12T17:00:00Z,74.59716669718425,µg/m³
Karachi,Urban Unit Karachi,2025-11-12T17:00:00Z,52.19199981689453,µg/m³
Karachi,Urban Unit Karachi,2025-11-12T18:00:00Z,82.11399993896485,µg/m³
Karachi,Karachi Zoo,2025-11-12T18:00:00Z,116.70283330281576,µg/m³
Karachi,Urban Unit Karachi,2025-11-12T19:00:00Z,67.21116663614909,µg/m³
Karachi,Karachi Zoo,2025-11-12T19:00:00Z,135.43850021362306,µg/m³
Karachi,Urban Unit Karachi,2025-11-12T20:00:00Z,66.16916681925456,µg/m³
Karachi,Karachi Zoo,2025-11-12T20:00:00Z,127.53708356221517,µg/m³
Karachi,Karachi Zoo,2025-11-12T21:00:00Z,96.00083287556966,µg/m³
Karachi,Urban Unit Karachi,2025-11-12T21:00:00Z,68.55833333333332,µg/m³
Karachi,Urban Unit Karachi,2025-11-12T22:00:00Z,70.0,µg/m³
Karachi,Karachi Zoo,2025-11-12T22:00:00Z,79.0418332417806,µg/m³
Karachi,Urban Unit Karachi,2025-11-12T23:00:00Z,105.74416681925454,µg/m³
Karachi,Karachi Zoo,2025-11-12T23:00:00Z,75.54983342488606,µg/m³
Karachi,Karachi Zoo,2025-11-13T00:00:00Z,59.95016657511394,µg/m³
Karachi,Urban Unit Karachi,2025-11-13T00:00:00Z,79.0356669108073,µg/m³
Karachi,Karachi Zoo,2025-11-13T01:00:00Z,64.06900024414062,µg/m³
Karachi,Urban Unit Karachi,2025-11-13T01:00:00Z,93.58899993896485,µg/m³
Karachi,Urban Unit Karachi,2025-11-13T02:00:00Z,90.53845856984456,µg/m³
Karachi,Karachi Zoo,2025-11-13T02:00:00Z,55.59416681925455,µg/m³
Karachi,Karachi Zoo,2025-11-13T03:00:00Z,91.2301668802897,µg/m³
Karachi,Urban Unit Karachi,2025-11-13T04:00:00Z,77.49019989013672,µg/m³
Karachi,Karachi Zoo,2025-11-13T04:00:00Z,103.1416666666667,µg/m³
Karachi,Urban Unit Karachi,2025-11-13T06:00:00Z,46.27183354695638,µg/m³
Karachi,Karachi Zoo,2025-11-13T06:00:00Z,54.78016688028972,µg/m³
Karachi,Urban Unit Karachi,2025-11-13T07:00:00Z,45.05849990844726,µg/m³
Karachi,Karachi Zoo,2025-11-13T07:00:00Z,45.110833454132084,µg/m³
Karachi,Karachi Zoo,2025-11-13T08:00:00Z,43.78333333333333,µg/m³
Karachi,Urban Unit Karachi,2025-11-13T08:00:00Z,44.602333577473956,µg/m³
Karachi,Karachi Zoo,2025-11-13T09:00:00Z,38.327958234151204,µg/m³
Karachi,Urban Unit Karachi,2025-11-13T09:00:00Z,46.93316675821939,µg/m³
Karachi,Karachi Zoo,2025-11-13T10:00:00Z,37.47166703542073,µg/m³
Karachi,Urban Unit Karachi,2025-11-13T10:00:00Z,44.07166697184244,µg/m³
Karachi,Karachi Zoo,2025-11-13T11:00:00Z,28.516666507720952,µg/m³
Karachi,Urban Unit Karachi,2025-11-13T11:00:00Z,33.2826668103536,µg/m³
Karachi,Karachi Zoo,2025-11-13T12:00:00Z,32.10766684214274,µg/m³
Karachi,Urban Unit Karachi,2025-11-13T12:00:00Z,34.95299984614054,µg/m³
Karachi,Karachi Zoo,2025-11-13T13:00:00Z,31.727500089009606,µg/m³
Karachi,Urban Unit Karachi,2025-11-13T13:00:00Z,33.68633308410645,µg/m³
Karachi,Urban Unit Karachi,2025-11-13T14:00:00Z,35.44766642252605,µg/m³
Karachi,Karachi Zoo,2025-11-13T14:00:00Z,35.38349994023641,µg/m³
Karachi,Urban Unit Karachi,2025-11-13T15:00:00Z,52.95566660563151,µg/m³
Karachi,Karachi Zoo,2025-11-13T15:00:00Z,63.40783360799154,µg/m³
Karachi,Urban Unit Karachi,2025-11-13T16:00:00Z,99.11100006103516,µg/m³
Karachi,Karachi Zoo,2025-11-13T16:00:00Z,125.2660003662109,µg/m³
Karachi,Urban Unit Karachi,2025-11-13T17:00:00Z,97.11683324178058,µg/m³
Karachi,Karachi Zoo,2025-11-13T17:00:00Z,128.7166666666667,µg/m³
Karachi,Karachi Zoo,2025-11-13T18:00:00Z,101.46650009155275,µg/m³
Karachi,Urban Unit Karachi,2025-11-13T18:00:00Z,72.58099975585938,µg/m³
Karachi,Karachi Zoo,2025-11-13T19:00:00Z,76.79733327229819,µg/m³
Karachi,Karachi Zoo,2025-11-13T20:00:00Z,74.69716669718426,µg/m³
Karachi,Karachi Zoo,2025-11-13T21:00:00Z,117.72450027465821,µg/m³
Karachi,Urban Unit Karachi,2025-11-13T21:00:00Z,110.27249984741212,µg/m³
Karachi,Urban Unit Karachi,2025-11-13T22:00:00Z,111.56672723943535,µg/m³
Karachi,Karachi Zoo,2025-11-13T22:00:00Z,128.76036376953127,µg/m³
Karachi,Karachi Zoo,2025-11-13T23:00:00Z,125.53099975585938,µg/m³
Karachi,Urban Unit Karachi,2025-11-13T23:00:00Z,112.68383305867512,µg/m³
Karachi,Karachi Zoo,2025-11-14T00:00:00Z,112.65533345540365,µg/m³
Karachi,Urban Unit Karachi,2025-11-14T00:00:00Z,76.66949996948242,µg/m³
Karachi,Karachi Zoo,2025-11-14T02:00:00Z,132.19433339436847,µg/m³
Karachi,Urban Unit Karachi,2025-11-14T02:00:00Z,59.65233357747396,µg/m³
Karachi,Urban Unit Karachi,2025-11-14T03:00:00Z,48.76949996948242,µg/m³
Karachi,Karachi Zoo,2025-11-14T03:00:00Z,106.1218335469564,µg/m³
Karachi,Karachi Zoo,2025-11-14T04:00:00Z,91.32009994506836,µg/m³
Karachi,Urban Unit Karachi,2025-11-14T04:00:00Z,51.022666422526044,µg/m³
Karachi,Urban Unit Karachi,2025-11-14T13:00:00Z,46.09433339436848,µg/m³
Karachi,Karachi Zoo,2025-11-14T13:00:00Z,39.66429182688396,µg/m³
Karachi,Urban Unit Karachi,2025-11-14T14:00:00Z,50.00233357747396,µg/m³
Karachi,Karachi Zoo,2025-11-14T14:00:00Z,49.51900024414062,µg/m³
Karachi,Urban Unit Karachi,2025-11-14T15:00:00Z,91.19983342488608,µg/m³
Karachi,Karachi Zoo,2025-11-14T15:00:00Z,60.78866678873698,µg/m³
Karachi,Urban Unit Karachi,2025-11-14T16:00:00Z,142.88083318074544,µg/m³
Karachi,Karachi Zoo,2025-11-14T16:00:00Z,85.8974998474121,µg/m³
Karachi,Urban Unit Karachi,2025-11-14T17:00:00Z,122.49766642252604,µg/m³
Karachi,Karachi Zoo,2025-11-14T17:00:00Z,158.3996668497721,µg/m³
Karachi,Karachi Zoo,2025-11-14T18:00:00Z,110.1448331197103,µg/m³
Karachi,Urban Unit Karachi,2025-11-14T18:00:00Z,93.80783360799155,µg/m³
Karachi,Karachi Zoo,2025-11-14T19:00:00Z,59.61650009155273,µg/m³
Karachi,Urban Unit Karachi,2025-11-14T19:00:00Z,83.99116694132486,µg/m³
Karachi,Urban Unit Karachi,2025-11-14T20:00:00Z,80.64166666666667,µg/m³
Karachi,Karachi Zoo,2025-11-14T20:00:00Z,95.77799987792967,µg/m³
Karachi,Karachi Zoo,2025-11-14T21:00:00Z,115.2861666361491,µg/m³
Karachi,Urban Unit Karachi,2025-11-14T21:00:00Z,75.03066660563151,µg/m³
Karachi,Urban Unit Karachi,2025-11-14T22:00:00Z,86.85550003051759,µg/m³
Karachi,Karachi Zoo,2025-11-14T22:00:00Z,96.0938336690267,µg/m³
Karachi,Karachi Zoo,2025-11-14T23:00:00Z,63.34683354695638,µg/m³
Karachi,Urban Unit Karachi,2025-11-14T23:00:00Z,98.8888333638509,µg/m³
Karachi,Karachi Zoo,2025-11-15T00:00:00Z,64.3525001525879,µg/m³
Karachi,Urban Unit Karachi,2025-11-15T00:00:00Z,81.78550033569336,µg/m³
Karachi,Karachi Zoo,2025-11-15T01:00:00Z,46.46366678873698,µg/m³
Karachi,Urban Unit Karachi,2025-11-15T01:00:00Z,57.78050003051757,µg/m³
Karachi,Karachi Zoo,2025-11-15T02:00:00Z,45.10566660563151,µg/m³
Karachi,Urban Unit Karachi,2025-11-15T02:00:00Z,49.281332906087236,µg/m³
Karachi,Urban Unit Karachi,2025-11-15T03:00:00Z,74.73687496185302,µg/m³
Karachi,Karachi Zoo,2025-11-15T03:00:00Z,51.87516657511392,µg/m³
Karachi,Urban Unit Karachi,2025-11-15T04:00:00Z,68.59983342488607,µg/m³
Karachi,Karachi Zoo,2025-11-15T04:00:00Z,69.1106669108073,µg/m³
Karachi,Urban Unit Karachi,2025-11-15T05:00:00Z,41.31716639200847,µg/m³
Karachi,Karachi Zoo,2025-11-15T05:00:00Z,66.20316645304362,µg/m³
Karachi,Urban Unit Karachi,2025-11-15T06:00:00Z,38.93666636149089,µg/m³
Karachi,Karachi Zoo,2025-11-15T06:00:00Z,49.59333318074545,µg/m³
Karachi,Urban Unit Karachi,2025-11-15T07:00:00Z,40.83883336385092,µg/m³
Karachi,Karachi Zoo,2025-11-15T07:00:00Z,34.947030026984926,µg/m³
Karachi,Urban Unit Karachi,2025-11-15T08:00:00Z,43.10016657511394,µg/m³
Karachi,Karachi Zoo,2025-11-15T08:00:00Z,39.07733357747396,µg/m³
Karachi,Urban Unit Karachi,2025-11-15T09:00:00Z,44.33583348592122,µg/m³
Karachi,Karachi Zoo,2025-11-15T09:00:00Z,40.646799926757815,µg/m³
Karachi,Urban Unit Karachi,2025-11-15T10:00:00Z,37.88616663614909,µg/m³
Karachi,Karachi Zoo,2025-11-15T10:00:00Z,38.397333208719886,µg/m³
Karachi,Urban Unit Karachi,2025-11-15T11:00:00Z,36.74733327229818,µg/m³
Karachi,Karachi Zoo,2025-11-15T11:00:00Z,32.886166667938234,µg/m³
Karachi,Karachi Zoo,2025-11-15T12:00:00Z,39.56949996948243,µg/m³
Karachi,Urban Unit Karachi,2025-11-15T12:00:00Z,37.908333333333324,µg/m³
Karachi,Urban Unit Karachi,2025-11-15T13:00:00Z,49.19733327229818,µg/m³
Karachi,Karachi Zoo,2025-11-15T13:00:00Z,47.569000244140625,µg/m³
Karachi,Urban Unit Karachi,2025-11-15T14:00:00Z,85.01083348592122,µg/m³
Karachi,Karachi Zoo,2025-11-15T14:00:00Z,75.26416651407877,µg/m³
Karachi,Karachi Zoo,2025-11-15T15:00:00Z,132.13008321126304,µg/m³
Karachi,Urban Unit Karachi,2025-11-15T15:00:00Z,108.99733327229818,µg/m³
Karachi,Karachi Zoo,2025-11-15T16:00:00Z,238.58499908447266,µg/m³
Karachi,Urban Unit Karachi,2025-11-15T16:00:00Z,124.74983342488606,µg/m³
Karachi,Urban Unit Karachi,2025-11-15T17:00:00Z,138.37200012207032,µg/m³
Karachi,Karachi Zoo,2025-11-15T17:00:00Z,203.21953698617438,µg/m³
Karachi,Urban Unit Karachi,2025-11-15T18:00:00Z,139.03899993896485,µg/m³
Karachi,Karachi Zoo,2025-11-15T18:00:00Z,153.82298470699428,µg/m³
Karachi,Urban Unit Karachi,2025-11-15T19:00:00Z,119.05783360799154,µg/m³
Karachi,Karachi Zoo,2025-11-15T19:00:00Z,95.41960083007812,µg/m³
Karachi,Urban Unit Karachi,2025-11-15T20:00:00Z,99.38616663614908,µg/m³
Karachi,Karachi Zoo,2025-11-15T20:00:00Z,87.17325902868201,µg/m³
Karachi,Karachi Zoo,2025-11-15T21:00:00Z,87.73883336385092,µg/m³
Karachi,Urban Unit Karachi,2025-11-15T21:00:00Z,97.02233327229816,µg/m³
Karachi,Karachi Zoo,2025-11-15T22:00:00Z,55.378499603271486,µg/m³
Karachi,Urban Unit Karachi,2025-11-15T22:00:00Z,98.64449996948242,µg/m³
Karachi,Urban Unit Karachi,2025-11-15T23:00:00Z,73.97516657511393,µg/m³
Karachi,Karachi Zoo,2025-11-15T23:00:00Z,48.80266672770182,µg/m³
Karachi,Urban Unit Karachi,2025-11-16T00:00:00Z,59.3413335164388,µg/m³
Karachi,Karachi Zoo,2025-11-16T00:00:00Z,61.84783299763996,µg/m³
Karachi,Urban Unit Karachi,2025-11-16T01:00:00Z,61.28916651407878,µg/m³
Karachi,Karachi Zoo,2025-11-16T01:00:00Z,52.02750015258789,µg/m³
Karachi,Karachi Zoo,2025-11-16T02:00:00Z,51.111166636149086,µg/m³
Karachi,Urban Unit Karachi,2025-11-16T02:00:00Z,50.525,µg/m³
Karachi,Urban Unit Karachi,2025-11-16T04:00:00Z,83.19483311971028,µg/m³
Karachi,Karachi Zoo,2025-11-16T04:00:00Z,91.58816706339519,µg/m³
Karachi,Karachi Zoo,2025-11-16T05:00:00Z,50.222333272298165,µg/m³
Karachi,Urban Unit Karachi,2025-11-16T05:00:00Z,60.65533345540365,µg/m³
Karachi,Urban Unit Karachi,2025-11-16T06:00:00Z,45.84416681925456,µg/m³
Karachi,Karachi Zoo,2025-11-16T06:00:00Z,49.72200012207032,µg/m³
Karachi,Karachi Zoo,2025-11-16T07:00:00Z,38.92233324050903,µg/m³
Karachi,Urban Unit Karachi,2025-11-16T07:00:00Z,40.4331667582194,µg/m³
Karachi,Karachi Zoo,2025-11-16T08:00:00Z,34.94999993642171,µg/m³
Karachi,Urban Unit Karachi,2025-11-16T08:00:00Z,37.25800018310547,µg/m³
Karachi,Urban Unit Karachi,2025-11-16T09:00:00Z,36.358166758219404,µg/m³
Karachi,Karachi Zoo,2025-11-16T09:00:00Z,33.664166386922204,µg/m³
Karachi,Karachi Zoo,2025-11-16T10:00:00Z,33.886166667938234,µg/m³
Karachi,Urban Unit Karachi,2025-11-16T10:00:00Z,34.80849990844727,µg/m³
Karachi,"DHA, Karachi",2025-11-16T10:00:00Z,48.71957610159209,µg/m³
Karachi,"DHA, Karachi",2025-11-16T11:00:00Z,46.205500030517584,µg/m³
Karachi,Karachi Zoo,2025-11-16T11:00:00Z,45.38083318074544,µg/m³
Karachi,Urban Unit Karachi,2025-11-16T11:00:00Z,35.541500091552734,µg/m³
Karachi,Urban Unit Karachi,2025-11-16T12:00:00Z,46.03083318074545,µg/m³
Karachi,Karachi Zoo,2025-11-16T12:00:00Z,45.852333577473956,µg/m³
Karachi,"DHA, Karachi",2025-11-16T12:00:00Z,40.73866678873697,µg/m³
Karachi,"DHA, Karachi",2025-11-16T13:00:00Z,42.88250045776366,µg/m³
Karachi,Urban Unit Karachi,2025-11-16T13:00:00Z,49.105333455403645,µg/m³
Karachi,Karachi Zoo,2025-11-16T13:00:00Z,46.64516626993815,µg/m³
Karachi,"DHA, Karachi",2025-11-16T14:00:00Z,47.57216669718424,µg/m³
Karachi,Urban Unit Karachi,2025-11-16T14:00:00Z,68.06666666666666,µg/m³
Karachi,Karachi Zoo,2025-11-16T14:00:00Z,89.91383336385091,µg/m³
Karachi,"DHA, Karachi",2025-11-16T15:00:00Z,55.33083318074544,µg/m³
Karachi,Urban Unit Karachi,2025-11-16T15:00:00Z,81.12766672770182,µg/m³
Karachi,Karachi Zoo,2025-11-16T15:00:00Z,108.3138333638509,µg/m³
Karachi,"DHA, Karachi",2025-11-16T16:00:00Z,69.02783330281576,µg/m³
Karachi,Urban Unit Karachi,2025-11-16T16:00:00Z,87.965833791097,µg/m³
Karachi,Karachi Zoo,2025-11-16T16:00:00Z,108.79400024414063,µg/m³
Karachi,"DHA, Karachi",2025-11-16T17:00:00Z,81.73366648356121,µg/m³
Karachi,Urban Unit Karachi,2025-11-16T17:00:00Z,98.9168332417806,µg/m³
Karachi,Karachi Zoo,2025-11-16T17:00:00Z,139.15566660563152,µg/m³
Karachi,"DHA, Karachi",2025-11-16T18:00:00Z,98.08600006103514,µg/m³
Karachi,Urban Unit Karachi,2025-11-16T18:00:00Z,82.83349990844728,µg/m³
Karachi,Karachi Zoo,2025-11-16T18:00:00Z,158.5190002441406,µg/m³
Karachi,Urban Unit Karachi,2025-11-16T19:00:00Z,66.11050033569336,µg/m³
Karachi,"DHA, Karachi",2025-11-16T19:00:00Z,87.42783330281576,µg/m³
Karachi,Karachi Zoo,2025-11-16T19:00:00Z,149.18866678873698,µg/m³
Karachi,"DHA, Karachi",2025-11-16T20:00:00Z,80.49166666666666,µg/m³
Karachi,Karachi Zoo,2025-11-16T20:00:00Z,178.31716639200843,µg/m³
Karachi,Urban Unit Karachi,2025-11-16T20:00:00Z,98.52183354695637,µg/m³
Karachi,"DHA, Karachi",2025-11-16T21:00:00Z,105.46650009155275,µg/m³
Karachi,Karachi Zoo,2025-11-16T21:00:00Z,180.5635002136231,µg/m³
Karachi,Urban Unit Karachi,2025-11-16T21:00:00Z,118.88583348592124,µg/m³
Karachi,"DHA, Karachi",2025-11-16T22:00:00Z,136.35583318074544,µg/m³
Karachi,Urban Unit Karachi,2025-11-16T22:00:00Z,127.4856669108073,µg/m³
Karachi,Karachi Zoo,2025-11-16T22:00:00Z,147.72516657511392,µg/m³
Karachi,"DHA, Karachi",2025-11-16T23:00:00Z,166.8720001220703,µg/m³
Karachi,Karachi Zoo,2025-11-16T23:00:00Z,61.19183324178061,µg/m³
Karachi,Urban Unit Karachi,2025-11-16T23:00:00Z,95.11083348592122,µg/m³
Karachi,Karachi Zoo,2025-11-17T00:00:00Z,61.9856669108073,µg/m³
Karachi,"DHA, Karachi",2025-11-17T00:00:00Z,152.2111666361491,µg/m³
Karachi,Urban Unit Karachi,2025-11-17T00:00:00Z,113.51966654459636,µg/m³
Karachi,Karachi Zoo,2025-11-17T01:00:00Z,60.96399993896484,µg/m³
Karachi,"DHA, Karachi",2025-11-17T01:00:00Z,156.75283330281576,µg/m³
Karachi,Urban Unit Karachi,2025-11-17T01:00:00Z,170.99466603597003,µg/m³
Karachi,Urban Unit Karachi,2025-11-17T02:00:00Z,91.7056666056315,µg/m³
Karachi,"DHA, Karachi",2025-11-17T02:00:00Z,142.35266672770183,µg/m³
Karachi,Karachi Zoo,2025-11-17T02:00:00Z,85.48633321126302,µg/m³
Karachi,Urban Unit Karachi,2025-11-17T03:00:00Z,60.71383336385092,µg/m³
Karachi,"DHA, Karachi",2025-11-17T03:00:00Z,143.19716669718423,µg/m³
Karachi,Karachi Zoo,2025-11-17T03:00:00Z,110.19700012207032,µg/m³
Karachi,Urban Unit Karachi,2025-11-17T04:00:00Z,76.31416651407878,µg/m³
Karachi,"DHA, Karachi",2025-11-17T04:00:00Z,236.94166666666663,µg/m³
Karachi,Karachi Zoo,2025-11-17T04:00:00Z,50.33916651407878,µg/m³
Karachi,Urban Unit Karachi,2025-11-17T05:00:00Z,62.638333638509124,µg/m³
Karachi,"DHA, Karachi",2025-11-17T05:00:00Z,114.73883361816407,µg/m³
Karachi,Karachi Zoo,2025-11-17T05:00:00Z,53.21100006103516,µg/m³
Karachi,"DHA, Karachi",2025-11-17T06:00:00Z,46.2193333943685,µg/m³
Karachi,Karachi Zoo,2025-11-17T06:00:00Z,53.89466654459636,µg/m³
Karachi,Urban Unit Karachi,2025-11-17T06:00:00Z,102.2838330586751,µg/m³
Karachi,Karachi Zoo,2025-11-17T09:00:00Z,39.47249984741211,µg/m³
Karachi,Urban Unit Karachi,2025-11-17T09:00:00Z,43.22200012207031,µg/m³
Karachi,"DHA, Karachi",2025-11-17T09:00:00Z,37.480166880289715,µg/m³
Karachi,Urban Unit Karachi,2025-11-17T10:00:00Z,43.20500030517578,µg/m³
Karachi,"DHA, Karachi",2025-11-17T10:00:00Z,36.92766672770181,µg/m³
Karachi,Karachi Zoo,2025-11-17T10:00:00Z,40.78000030517578,µg/m³
Karachi,Urban Unit Karachi,2025-11-17T11:00:00Z,49.54416681925455,µg/m³
Karachi,"DHA, Karachi",2025-11-17T11:00:00Z,38.43333333333333,µg/m³
Karachi,Karachi Zoo,2025-11-17T11:00:00Z,40.7570416132609,µg/m³
Karachi,Urban Unit Karachi,2025-11-17T12:00:00Z,47.93238928053114,µg/m³
Karachi,Karachi Zoo,2025-11-17T12:00:00Z,43.769666544596355,µg/m³
Karachi,"DHA, Karachi",2025-11-17T12:00:00Z,38.9504997253418,µg/m³
Karachi,"DHA, Karachi",2025-11-17T13:00:00Z,47.269333394368495,µg/m³
Karachi,Urban Unit Karachi,2025-11-17T13:00:00Z,53.51412487030029,µg/m³
Karachi,Karachi Zoo,2025-11-17T13:00:00Z,46.830500030517584,µg/m³
Karachi,"DHA, Karachi",2025-11-17T14:00:00Z,42.03050003051758,µg/m³
Karachi,Urban Unit Karachi,2025-11-17T14:00:00Z,58.141500091552736,µg/m³
Karachi,Karachi Zoo,2025-11-17T14:00:00Z,55.42516657511393,µg/m³
Karachi,Karachi Zoo,2025-11-17T15:00:00Z,67.44100036621094,µg/m³
Karachi,Urban Unit Karachi,2025-11-17T15:00:00Z,67.975,µg/m³
Karachi,"DHA, Karachi",2025-11-17T15:00:00Z,87.7724998474121,µg/m³
Karachi,Urban Unit Karachi,2025-11-17T16:00:00Z,83.813666788737,µg/m³
Karachi,"DHA, Karachi",2025-11-17T16:00:00Z,51.083499908447266,µg/m³
Karachi,Karachi Zoo,2025-11-17T16:00:00Z,94.01416651407878,µg/m³
Karachi,"DHA, Karachi",2025-11-17T17:00:00Z,55.23899993896484,µg/m³
Karachi,Karachi Zoo,2025-11-17T17:00:00Z,129.37533315022787,µg/m³
Karachi,Urban Unit Karachi,2025-11-17T17:00:00Z,112.01066691080729,µg/m³
Karachi,Urban Unit Karachi,2025-11-17T18:00:00Z,179.8938336690267,µg/m³
Karachi,Karachi Zoo,2025-11-17T18:00:00Z,147.91350021362305,µg/m³
Karachi,"DHA, Karachi",2025-11-17T18:00:00Z,66.4301668802897,µg/m³
Karachi,"DHA, Karachi",2025-11-17T19:00:00Z,116.07783330281573,µg/m³
Karachi,Urban Unit Karachi,2025-11-17T19:00:00Z,161.0665000915527,µg/m³
Karachi,Karachi Zoo,2025-11-17T19:00:00Z,173.72849960327144,µg/m³
Karachi,Urban Unit Karachi,2025-11-17T20:00:00Z,189.46933339436848,µg/m³
Karachi,Karachi Zoo,2025-11-17T20:00:00Z,165.03083318074545,µg/m³
Karachi,"DHA, Karachi",2025-11-17T20:00:00Z,195.63349990844725,µg/m³
Karachi,Urban Unit Karachi,2025-11-17T21:00:00Z,186.23566691080728,µg/m³
Karachi,Karachi Zoo,2025-11-17T21:00:00Z,162.88349990844725,µg/m³
Karachi,"DHA, Karachi",2025-11-17T21:00:00Z,230.97183303833012,µg/m³
Karachi,Karachi Zoo,2025-11-17T22:00:00Z,170.81933339436844,µg/m³
Karachi,Urban Unit Karachi,2025-11-17T22:00:00Z,198.9083333333333,µg/m³
Karachi,"DHA, Karachi",2025-11-17T22:00:00Z,215.86699981689455,µg/m³
Karachi,"DHA, Karachi",2025-11-17T23:00:00Z,215.09966684977212,µg/m³
Karachi,Urban Unit Karachi,2025-11-17T23:00:00Z,191.62533315022782,µg/m³
Karachi,Karachi Zoo,2025-11-17T23:00:00Z,207.64400024414059,µg/m³
Karachi,"DHA, Karachi",2025-11-18T00:00:00Z,120.15583318074545,µg/m³
Karachi,Karachi Zoo,2025-11-18T00:00:00Z,182.4330001831055,µg/m³
Karachi,Urban Unit Karachi,2025-11-18T00:00:00Z,178.1798337300618,µg/m³
Karachi,"DHA, Karachi",2025-11-18T01:00:00Z,100.76644456651475,µg/m³
Karachi,Karachi Zoo,2025-11-18T01:00:00Z,178.77533315022785,µg/m³
Karachi,Urban Unit Karachi,2025-11-18T01:00:00Z,109.86683324178058,µg/m³
Karachi,Urban Unit Karachi,2025-11-18T02:00:00Z,110.63050003051757,µg/m³
Karachi,"DHA, Karachi",2025-11-18T02:00:00Z,88.16416651407877,µg/m³
Karachi,Karachi Zoo,2025-11-18T02:00:00Z,171.52233327229814,µg/m³
Karachi,Urban Unit Karachi,2025-11-18T03:00:00Z,117.88949966430663,µg/m³
Karachi,"DHA, Karachi",2025-11-18T03:00:00Z,119.6306666056315,µg/m³
Karachi,Karachi Zoo,2025-11-18T03:00:00Z,137.3831667582194,µg/m³
Karachi,Karachi Zoo,2025-11-18T05:00:00Z,62.755500030517574,µg/m³
Karachi,"DHA, Karachi",2025-11-18T05:00:00Z,118.7698331197103,µg/m³
Karachi,Urban Unit Karachi,2025-11-18T05:00:00Z,62.47700042724609,µg/m³
Karachi,Karachi Zoo,2025-11-18T06:00:00Z,49.88816706339518,µg/m³
Karachi,Urban Unit Karachi,2025-11-18T06:00:00Z,49.17816645304362,µg/m³
Karachi,"DHA, Karachi",2025-11-18T06:00:00Z,73.6279998779297,µg/m³
Karachi,Karachi Zoo,2025-11-18T07:00:00Z,50.313999938964834,µg/m³
Karachi,Urban Unit Karachi,2025-11-18T07:00:00Z,45.95550003051758,µg/m³
Karachi,"DHA, Karachi",2025-11-18T07:00:00Z,62.958499908447266,µg/m³
Karachi,Karachi Zoo,2025-11-18T08:00:00Z,74.48266703287761,µg/m³
Karachi,"DHA, Karachi",2025-11-18T08:00:00Z,48.92433369954427,µg/m³
Karachi,Urban Unit Karachi,2025-11-18T08:00:00Z,56.05316645304362,µg/m³
Karachi,Karachi Zoo,2025-11-18T09:00:00Z,72.28866678873698,µg/m³
Karachi,Urban Unit Karachi,2025-11-18T09:00:00Z,66.53349990844724,µg/m³
Karachi,"DHA, Karachi",2025-11-18T09:00:00Z,43.563999938964834,µg/m³
Karachi,Karachi Zoo,2025-11-18T10:00:00Z,58.73649978637696,µg/m³
Karachi,Urban Unit Karachi,2025-11-18T10:00:00Z,53.17233327229817,µg/m³
Karachi,"DHA, Karachi",2025-11-18T10:00:00Z,42.96383336385091,µg/m³
Karachi,Urban Unit Karachi,2025-11-18T11:00:00Z,52.43316675821939,µg/m³
Karachi,Karachi Zoo,2025-11-18T11:00:00Z,50.98916651407878,µg/m³
Karachi,"DHA, Karachi",2025-11-18T11:00:00Z,40.53866678873698,µg/m³
Karachi,G3 Engineering Consultants karachi,2025-11-18T11:00:00Z,45.549400329589844,µg/m³
Karachi,Karachi Zoo,2025-11-18T12:00:00Z,61.27216669718425,µg/m³
Karachi,"DHA, Karachi",2025-11-18T12:00:00Z,40.71083348592122,µg/m³
Karachi,G3 Engineering Consultants karachi,2025-11-18T12:00:00Z,43.17466684977213,µg/m³
Karachi,Urban Unit Karachi,2025-11-18T12:00:00Z,54.56366678873698,µg/m³
Karachi,Urban Unit Karachi,2025-11-18T13:00:00Z,72.1106669108073,µg/m³
Karachi,"DHA, Karachi",2025-11-18T13:00:00Z,46.22766672770182,µg/m³
Karachi,Karachi Zoo,2025-11-18T13:00:00Z,50.09466654459636,µg/m³
Karachi,G3 Engineering Consultants karachi,2025-11-18T13:00:00Z,50.938666788736974,µg/m³
Karachi,"DHA, Karachi",2025-11-18T14:00:00Z,53.83016688028972,µg/m³
Karachi,WWF-Pakistan Karachi Office,2025-11-18T14:00:00Z,91.0,µg/m³
Karachi,Urban Unit Karachi,2025-11-18T14:00:00Z,78.13916651407878,µg/m³
Karachi,Karachi Zoo,2025-11-18T14:00:00Z,58.13333333333333,µg/m³
Karachi,G3 Engineering Consultants karachi,2025-11-18T14:00:00Z,62.93600006103515,µg/m³
Karachi,"DHA, Karachi",2025-11-18T15:00:00Z,64.02766672770183,µg/m³
Karachi,G3 Engineering Consultants karachi,2025-11-18T15:00:00Z,118.69700012207029,µg/m³
Karachi,Karachi Zoo,2025-11-18T15:00:00Z,64.67216669718425,µg/m³
Karachi,WWF-Pakistan Karachi Office,2025-11-18T15:00:00Z,127.0,µg/m³
Karachi,Urban Unit Karachi,2025-11-18T15:00:00Z,83.01133321126302,µg/m³
Karachi,"DHA, Karachi",2025-11-18T16:00:00Z,76.74216639200846,µg/m³
Karachi,WWF-Pakistan Karachi Office,2025-11-18T16:00:00Z,123.0,µg/m³
Karachi,Urban Unit Karachi,2025-11-18T16:00:00Z,96.46983311971029,µg/m³
Karachi,Karachi Zoo,2025-11-18T16:00:00Z,107.53283360799155,µg/m³
Karachi,G3 Engineering Consultants karachi,2025-11-18T16:00:00Z,101.79466654459638,µg/m³
Karachi,Karachi Zoo,2025-11-18T17:00:00Z,177.3025001525879,µg/m³
Karachi,WWF-Pakistan Karachi Office,2025-11-18T17:00:00Z,168.0,µg/m³
Karachi,G3 Engineering Consultants karachi,2025-11-18T17:00:00Z,89.32216669718424,µg/m³
Karachi,Urban Unit Karachi,2025-11-18T17:00:00Z,129.42499999999998,µg/m³
Karachi,"DHA, Karachi",2025-11-18T17:00:00Z,90.58883336385092,µg/m³
Karachi,G3 Engineering Consultants karachi,2025-11-18T18:00:00Z,114.90849990844727,µg/m³
Karachi,Karachi Zoo,2025-11-18T18:00:00Z,138.9080001831055,µg/m³
Karachi,"DHA, Karachi",2025-11-18T18:00:00Z,166.68349990844726,µg/m³
Karachi,Urban Unit Karachi,2025-11-18T18:00:00Z,156.425,µg/m³
Karachi,Urban Unit Karachi,2025-11-18T19:00:00Z,179.038666788737,µg/m³
Karachi,"DHA, Karachi",2025-11-18T19:00:00Z,231.95066630045574,µg/m³
Karachi,Karachi Zoo,2025-11-18T19:00:00Z,147.43300018310543,µg/m³
Karachi,WWF-Pakistan Karachi Office,2025-11-18T19:00:00Z,176.0,µg/m³
Karachi,G3 Engineering Consultants karachi,2025-11-18T19:00:00Z,165.36650009155272,µg/m³
Karachi,Urban Unit Karachi,2025-11-18T20:00:00Z,199.0221666971842,µg/m³
Karachi,G3 Engineering Consultants karachi,2025-11-18T20:00:00Z,184.38916651407877,µg/m³
Karachi,"DHA, Karachi",2025-11-18T20:00:00Z,201.07450027465822,µg/m³
Karachi,Karachi Zoo,2025-11-18T20:00:00Z,229.48049977620443,µg/m³
Karachi,Karachi Zoo,2025-11-18T21:00:00Z,175.6580001831055,µg/m³
Karachi,"DHA, Karachi",2025-11-18T21:00:00Z,188.71699981689457,µg/m³
Karachi,WWF-Pakistan Karachi Office,2025-11-18T21:00:00Z,217.0,µg/m³
Karachi,Urban Unit Karachi,2025-11-18T21:00:00Z,205.36083348592118,µg/m³
Karachi,G3 Engineering Consultants karachi,2025-11-18T21:00:00Z,178.3358334859212,µg/m³
Karachi,Karachi Zoo,2025-11-18T22:00:00Z,68.78583348592123,µg/m³
Karachi,Urban Unit Karachi,2025-11-18T22:00:00Z,178.60283330281572,µg/m³
Karachi,WWF-Pakistan Karachi Office,2025-11-18T22:00:00Z,165.0,µg/m³
Karachi,"DHA, Karachi",2025-11-18T22:00:00Z,196.55899963378906,µg/m³
Karachi,G3 Engineering Consultants karachi,2025-11-18T22:00:00Z,141.7998334248861,µg/m³
Karachi,G3 Engineering Consultants karachi,2025-11-18T23:00:00Z,91.1831667582194,µg/m³
Karachi,Urban Unit Karachi,2025-11-18T23:00:00Z,171.15,µg/m³
Karachi,WWF-Pakistan Karachi Office,2025-11-18T23:00:00Z,135.0,µg/m³
Karachi,"DHA, Karachi",2025-11-18T23:00:00Z,182.04700012207033,µg/m³
Karachi,Karachi Zoo,2025-11-18T23:00:00Z,72.86633351643879,µg/m³
Karachi,Urban Unit Karachi,2025-11-19T00:00:00Z,210.22516682942705,µg/m³
Karachi,G3 Engineering Consultants karachi,2025-11-19T00:00:00Z,114.1236666361491,µg/m³
Karachi,WWF-Pakistan Karachi Office,2025-11-19T00:00:00Z,140.0,µg/m³
Karachi,"DHA, Karachi",2025-11-19T00:00:00Z,183.738666788737,µg/m³
Karachi,Karachi Zoo,2025-11-19T00:00:00Z,75.48300018310546,µg/m³
Karachi,"DHA, Karachi",2025-11-19T01:00:00Z,186.23916651407876,µg/m³
Karachi,G3 Engineering Consultants karachi,2025-11-19T01:00:00Z,151.5611666361491,µg/m³
Karachi,Karachi Zoo,2025-11-19T01:00:00Z,81.00516688028972,µg/m³
Karachi,Urban Unit Karachi,2025-11-19T01:00:00Z,118.60849990844724,µg/m³
Karachi,WWF-Pakistan Karachi Office,2025-11-19T01:00:00Z,87.0,µg/m³
Karachi,Karachi Zoo,2025-11-19T02:00:00Z,102.17266642252604,µg/m³
Karachi,G3 Engineering Consultants karachi,2025-11-19T02:00:00Z,137.0086664835612,µg/m³
Karachi,Urban Unit Karachi,2025-11-19T02:00:00Z,101.88616663614908,µg/m³
Karachi,WWF-Pakistan Karachi Office,2025-11-19T02:00:00Z,89.0,µg/m³
Karachi,"DHA, Karachi",2025-11-19T02:00:00Z,163.0194999694824,µg/m³
Karachi,G3 Engineering Consultants karachi,2025-11-19T03:00:00Z,144.76650009155273,µg/m³
Karachi,WWF-Pakistan Karachi Office,2025-11-19T03:00:00Z,123.0,µg/m³
Karachi,"DHA, Karachi",2025-11-19T03:00:00Z,180.14166666666665,µg/m³
Karachi,Karachi Zoo,2025-11-19T03:00:00Z,157.9101671854655,µg/m³
Karachi,Urban Unit Karachi,2025-11-19T03:00:00Z,126.73300018310546,µg/m³
Karachi,Karachi Zoo,2025-11-19T04:00:00Z,197.16100006103514,µg/m³
Karachi,WWF-Pakistan Karachi Office,2025-11-19T04:00:00Z,100.0,µg/m³
Karachi,G3 Engineering Consultants karachi,2025-11-19T04:00:00Z,127.43149948120119,µg/m³
Karachi,"DHA, Karachi",2025-11-19T04:00:00Z,178.85816675821943,µg/m³
Karachi,Urban Unit Karachi,2025-11-19T04:00:00Z,118.25833333333333,µg/m³
Karachi,G3 Engineering Consultants karachi,2025-11-19T05:00:00Z,104.36383336385092,µg/m³
Karachi,Urban Unit Karachi,2025-11-19T05:00:00Z,126.85283330281574,µg/m³
Karachi,WWF-Pakistan Karachi Office,2025-11-19T05:00:00Z,107.0,µg/m³
Karachi,"DHA, Karachi",2025-11-19T05:00:00Z,77.2974998474121,µg/m³
Karachi,Karachi Zoo,2025-11-19T05:00:00Z,134.8498331705729,µg/m³
Karachi,"DHA, Karachi",2025-11-19T06:00:00Z,38.55833333333334,µg/m³
Karachi,WWF-Pakistan Karachi Office,2025-11-19T06:00:00Z,85.0,µg/m³
Karachi,Karachi Zoo,2025-11-19T06:00:00Z,87.54166666666669,µg/m³
Karachi,G3 Engineering Consultants karachi,2025-11-19T06:00:00Z,60.583666483561196,µg/m³
Karachi,Urban Unit Karachi,2025-11-19T06:00:00Z,95.9163335164388,µg/m³
Karachi,G3 Engineering Consultants karachi,2025-11-19T07:00:00Z,57.79683354695638,µg/m³
Karachi,WWF-Pakistan Karachi Office,2025-11-19T07:00:00Z,60.0,µg/m³
Karachi,Urban Unit Karachi,2025-11-19T07:00:00Z,68.06466623942057,µg/m³
Karachi,Karachi Zoo,2025-11-19T07:00:00Z,56.76404158274334,µg/m³
Karachi,"DHA, Karachi",2025-11-19T07:00:00Z,42.93633321126302,µg/m³
Karachi,WWF-Pakistan Karachi Office,2025-11-19T08:00:00Z,40.0,µg/m³
Karachi,G3 Engineering Consultants karachi,2025-11-19T08:00:00Z,53.70599975585938,µg/m³
Karachi,Urban Unit Karachi,2025-11-19T08:00:00Z,49.736000061035156,µg/m³
Karachi,"DHA, Karachi",2025-11-19T08:00:00Z,41.8504997253418,µg/m³
Karachi,Karachi Zoo,2025-11-19T08:00:00Z,50.26437524159749,µg/m³
Karachi,Karachi Zoo,2025-11-19T09:00:00Z,46.1879997253418,µg/m³
Karachi,Urban Unit Karachi,2025-11-19T09:00:00Z,49.061666361490886,µg/m³
Karachi,WWF-Pakistan Karachi Office,2025-11-19T09:00:00Z,39.0,µg/m³
Karachi,G3 Engineering Consultants karachi,2025-11-19T09:00:00Z,42.92283299763998,µg/m³
Karachi,"DHA, Karachi",2025-11-19T09:00:00Z,42.9668332417806,µg/m³
Karachi,G3 Engineering Consultants karachi,2025-11-19T10:00:00Z,41.24733327229818,µg/m³
Karachi,Karachi Zoo,2025-11-19T10:00:00Z,42.06933339436849,µg/m³
Karachi,WWF-Pakistan Karachi Office,2025-11-19T10:00:00Z,32.0,µg/m³
Karachi,Urban Unit Karachi,2025-11-19T10:00:00Z,49.09683354695638,µg/m³
Karachi,"DHA, Karachi",2025-11-19T10:00:00Z,42.46416651407878,µg/m³
Karachi,WWF-Pakistan Karachi Office,2025-11-19T11:00:00Z,36.0,µg/m³
Karachi,Urban Unit Karachi,2025-11-19T11:00:00Z,46.488666788736985,µg/m³
Karachi,G3 Engineering Consultants karachi,2025-11-19T11:00:00Z,47.89216639200847,µg/m³
Karachi,"DHA, Karachi",2025-11-19T11:00:00Z,42.16699981689453,µg/m³
Karachi,Karachi Zoo,2025-11-19T11:00:00Z,45.61333363850911,µg/m³
Karachi,WWF-Pakistan Karachi Office,2025-11-19T12:00:00Z,50.0,µg/m³
Karachi,G3 Engineering Consultants karachi,2025-11-19T12:00:00Z,47.85316645304362,µg/m³
Karachi,Karachi Zoo,2025-11-19T12:00:00Z,76.46416651407877,µg/m³
Karachi,Urban Unit Karachi,2025-11-19T12:00:00Z,53.030166880289705,µg/m³
Karachi,"DHA, Karachi",2025-11-19T12:00:00Z,44.238833363850915,µg/m³
Karachi,"DHA, Karachi",2025-11-19T13:00:00Z,50.958999633789055,µg/m³
Karachi,WWF-Pakistan Karachi Office,2025-11-19T13:00:00Z,80.0,µg/m³
Karachi,Karachi Zoo,2025-11-19T13:00:00Z,63.62766672770183,µg/m³
Karachi,Urban Unit Karachi,2025-11-19T13:00:00Z,51.3586664835612,µg/m³
Karachi,G3 Engineering Consultants karachi,2025-11-19T13:00:00Z,51.12183354695639,µg/m³
Karachi,Karachi Zoo,2025-11-19T14:00:00Z,57.010666910807295,µg/m³
Karachi,Urban Unit Karachi,2025-11-19T14:00:00Z,56.089166514078784,µg/m³
Karachi,G3 Engineering Consultants karachi,2025-11-19T14:00:00Z,59.03883336385092,µg/m³
Karachi,"DHA, Karachi",2025-11-19T14:00:00Z,50.17483342488607,µg/m³
Karachi,WWF-Pakistan Karachi Office,2025-11-19T14:00:00Z,75.0,µg/m³
Karachi,Urban Unit Karachi,2025-11-19T15:00:00Z,76.98883336385092,µg/m³
Karachi,G3 Engineering Consultants karachi,2025-11-19T15:00:00Z,63.949791781107585,µg/m³
Karachi,"DHA, Karachi",2025-11-19T15:00:00Z,50.93316675821941,µg/m³
Karachi,Karachi Zoo,2025-11-19T15:00:00Z,75.69466654459634,µg/m³
Karachi,WWF-Pakistan Karachi Office,2025-11-19T15:00:00Z,69.0,µg/m³
Karachi,Urban Unit Karachi,2025-11-19T16:00:00Z,108.78899993896484,µg/m³
Karachi,"DHA, Karachi",2025-11-19T16:00:00Z,53.03600006103516,µg/m³
Karachi,Karachi Zoo,2025-11-19T16:00:00Z,126.90849990844727,µg/m³
Karachi,G3 Engineering Consultants karachi,2025-11-19T16:00:00Z,58.96650009155274,µg/m³
Karachi,WWF-Pakistan Karachi Office,2025-11-19T16:00:00Z,107.0,µg/m³
Karachi,Karachi Zoo,2025-11-19T17:00:00Z,143.05899963378906,µg/m³
Karachi,G3 Engineering Consultants karachi,2025-11-19T17:00:00Z,62.82183354695638,µg/m³
Karachi,Urban Unit Karachi,2025-11-19T17:00:00Z,95.27499999999999,µg/m³
Karachi,"DHA, Karachi",2025-11-19T17:00:00Z,56.47783330281576,µg/m³
Karachi,WWF-Pakistan Karachi Office,2025-11-19T17:00:00Z,72.0,µg/m³
Karachi,G3 Engineering Consultants karachi,2025-11-19T18:00:00Z,54.60566660563151,µg/m³
Karachi,"DHA, Karachi",2025-11-19T18:00:00Z,59.76083348592122,µg/m³
Karachi,Karachi Zoo,2025-11-19T18:00:00Z,173.363666788737,µg/m³
Karachi,Urban Unit Karachi,2025-11-19T18:00:00Z,95.32783330281575,µg/m³
Karachi,WWF-Pakistan Karachi Office,2025-11-19T18:00:00Z,69.0,µg/m³
Karachi,G3 Engineering Consultants karachi,2025-11-19T19:00:00Z,49.29700012207031,µg/m³
Karachi,Urban Unit Karachi,2025-11-19T19:00:00Z,111.57766672770181,µg/m³
Karachi,"DHA, Karachi",2025-11-19T19:00:00Z,57.86083348592123,µg/m³
Karachi,Karachi Zoo,2025-11-19T19:00:00Z,147.53399963378908,µg/m³
Karachi,Karachi Zoo,2025-11-19T20:00:00Z,136.21999969482422,µg/m³
Karachi,"DHA, Karachi",2025-11-19T20:00:00Z,69.03066660563151,µg/m³
Karachi,G3 Engineering Consultants karachi,2025-11-19T20:00:00Z,48.166500091552734,µg/m³
Karachi,Urban Unit Karachi,2025-11-19T20:00:00Z,145.03666636149086,µg/m³
Karachi,WWF-Pakistan Karachi Office,2025-11-19T21:00:00Z,135.0,µg/m³
Karachi,Karachi Zoo,2025-11-19T21:00:00Z,109.90599975585938,µg/m³
Karachi,G3 Engineering Consultants karachi,2025-11-19T21:00:00Z,59.66366678873698,µg/m³
Karachi,Urban Unit Karachi,2025-11-19T21:00:00Z,186.76699981689455,µg/m³
Karachi,"DHA, Karachi",2025-11-19T21:00:00Z,124.41383336385093,µg/m³
Karachi,WWF-Pakistan Karachi Office,2025-11-19T22:00:00Z,130.0,µg/m³
Karachi,Urban Unit Karachi,2025-11-19T22:00:00Z,191.50500030517574,µg/m³
Karachi,Karachi Zoo,2025-11-19T22:00:00Z,147.1156248092651,µg/m³
Karachi,G3 Engineering Consultants karachi,2025-11-19T22:00:00Z,82.35849990844729,µg/m³
Karachi,"DHA, Karachi",2025-11-19T22:00:00Z,196.8331667582194,µg/m³
Karachi,G3 Engineering Consultants karachi,2025-11-19T23:00:00Z,164.89416681925456,µg/m³
Karachi,Urban Unit Karachi,2025-11-19T23:00:00Z,173.5300003051758,µg/m³
Karachi,Karachi Zoo,2025-11-19T23:00:00Z,120.3608334859212,µg/m³
Karachi,WWF-Pakistan Karachi Office,2025-11-19T23:00:00Z,123.0,µg/m³
Karachi,"DHA, Karachi",2025-11-19T23:00:00Z,221.16616694132486,µg/m³
Karachi,Urban Unit Karachi,2025-11-20T00:00:00Z,167.31433308919273,µg/m³
Karachi,Karachi Zoo,2025-11-20T00:00:00Z,148.77183354695637,µg/m³
Karachi,WWF-Pakistan Karachi Office,2025-11-20T00:00:00Z,110.0,µg/m³
Karachi,"DHA, Karachi",2025-11-20T00:00:00Z,205.25849990844725,µg/m³
Karachi,G3 Engineering Consultants karachi,2025-11-20T00:00:00Z,167.90516688028973,µg/m³
Karachi,WWF-Pakistan Karachi Office,2025-11-20T01:00:00Z,69.0,µg/m³
Karachi,"DHA, Karachi",2025-11-20T01:00:00Z,89.6256663004557,µg/m³
Karachi,G3 Engineering Consultants karachi,2025-11-20T01:00:00Z,149.2198331197103,µg/m³
Karachi,Urban Unit Karachi,2025-11-20T01:00:00Z,117.47500000000001,µg/m³
Karachi,Karachi Zoo,2025-11-20T01:00:00Z,189.5720001220703,µg/m³
Karachi,"DHA, Karachi",2025-11-20T02:00:00Z,103.63349990844726,µg/m³
Karachi,Urban Unit Karachi,2025-11-20T02:00:00Z,78.29733327229819,µg/m³
Karachi,WWF-Pakistan Karachi Office,2025-11-20T02:00:00Z,63.0,µg/m³
Karachi,Karachi Zoo,2025-11-20T02:00:00Z,151.24133351643883,µg/m³
Karachi,G3 Engineering Consultants karachi,2025-11-20T02:00:00Z,115.1693333943685,µg/m³
Karachi,Karachi Zoo,2025-11-20T03:00:00Z,178.30583318074545,µg/m³
Karachi,G3 Engineering Consultants karachi,2025-11-20T03:00:00Z,81.97766672770182,µg/m³
Karachi,"DHA, Karachi",2025-11-20T03:00:00Z,109.20233357747396,µg/m³
Karachi,WWF-Pakistan Karachi Office,2025-11-20T03:00:00Z,67.0,µg/m³
Karachi,Urban Unit Karachi,2025-11-20T03:00:00Z,67.78050003051759,µg/m³
Karachi,Karachi Zoo,2025-11-20T04:00:00Z,128.86100006103518,µg/m³
Karachi,"DHA, Karachi",2025-11-20T04:00:00Z,133.56383336385093,µg/m³
Karachi,G3 Engineering Consultants karachi,2025-11-20T04:00:00Z,90.38066660563152,µg/m³
Karachi,Urban Unit Karachi,2025-11-20T04:00:00Z,56.51366678873698,µg/m³
Karachi,WWF-Pakistan Karachi Office,2025-11-20T04:00:00Z,52.0,µg/m³
Karachi,Urban Unit Karachi,2025-11-20T05:00:00Z,57.39150009155273,µg/m³
Karachi,"DHA, Karachi",2025-11-20T05:00:00Z,125.46633351643881,µg/m³
Karachi,G3 Engineering Consultants karachi,2025-11-20T05:00:00Z,90.21399993896483,µg/m³
Karachi,WWF-Pakistan Karachi Office,2025-11-20T05:00:00Z,46.0,µg/m³
Karachi,Karachi Zoo,2025-11-20T05:00:00Z,115.21416651407878,µg/m³
Karachi,Karachi Zoo,2025-11-20T06:00:00Z,96.20766703287761,µg/m³
Karachi,"DHA, Karachi",2025-11-20T06:00:00Z,117.58933308919272,µg/m³
Karachi,WWF-Pakistan Karachi Office,2025-11-20T06:00:00Z,39.0,µg/m³
Karachi,Urban Unit Karachi,2025-11-20T06:00:00Z,59.00233357747396,µg/m³
Karachi,G3 Engineering Consultants karachi,2025-11-20T06:00:00Z,56.364666239420565,µg/m³
Karachi,Karachi Zoo,2025-11-20T07:00:00Z,54.08916651407878,µg/m³
Karachi,Urban Unit Karachi,2025-11-20T07:00:00Z,66.01966654459635,µg/m³
Karachi,G3 Engineering Consultants karachi,2025-11-20T07:00:00Z,116.43899993896486,µg/m³
Karachi,WWF-Pakistan Karachi Office,2025-11-20T07:00:00Z,57.0,µg/m³
Karachi,"DHA, Karachi",2025-11-20T07:00:00Z,69.02750015258789,µg/m³
Karachi,"DHA, Karachi",2025-11-20T08:00:00Z,47.74166666666667,µg/m³
Karachi,Urban Unit Karachi,2025-11-20T08:00:00Z,86.38033345540366,µg/m³
Karachi,WWF-Pakistan Karachi Office,2025-11-20T08:00:00Z,74.0,µg/m³
Karachi,Karachi Zoo,2025-11-20T08:00:00Z,72.50233357747395,µg/m³
Karachi,G3 Engineering Consultants karachi,2025-11-20T08:00:00Z,58.63099975585937,µg/m³
Karachi,Urban Unit Karachi,2025-11-20T09:00:00Z,63.82244432237412,µg/m³
Karachi,G3 Engineering Consultants karachi,2025-11-20T09:00:00Z,45.36900024414063,µg/m³
Karachi,"DHA, Karachi",2025-11-20T09:00:00Z,44.71666666666667,µg/m³
Karachi,Karachi Zoo,2025-11-20T09:00:00Z,51.455500030517584,µg/m³
Karachi,WWF-Pakistan Karachi Office,2025-11-20T09:00:00Z,59.0,µg/m³
Karachi,"DHA, Karachi",2025-11-20T10:00:00Z,44.29812526702881,µg/m³
Karachi,WWF-Pakistan Karachi Office,2025-11-20T10:00:00Z,42.0,µg/m³
Karachi,G3 Engineering Consultants karachi,2025-11-20T10:00:00Z,47.35266672770182,µg/m³
Karachi,Urban Unit Karachi,2025-11-20T10:00:00Z,50.38583348592123,µg/m³
Karachi,Karachi Zoo,2025-11-20T10:00:00Z,49.8806666056315,µg/m³
Karachi,"DHA, Karachi",2025-11-20T11:00:00Z,47.49733327229817,µg/m³
Karachi,Urban Unit Karachi,2025-11-20T11:00:00Z,50.9,µg/m³
Karachi,G3 Engineering Consultants karachi,2025-11-20T11:00:00Z,46.33833363850911,µg/m³
Karachi,Urban Unit Karachi,2025-11-20T11:00:00Z,60.41916681925456,µg/m³
Karachi,WWF-Pakistan Karachi Office,2025-11-20T11:00:00Z,37.0,µg/m³
Karachi,Karachi Zoo,2025-11-20T11:00:00Z,55.02200012207032,µg/m³
Karachi,G3 Engineering Consultants karachi,2025-11-20T12:00:00Z,52.54716669718425,µg/m³
Karachi,Urban Unit Karachi,2025-11-20T12:00:00Z,43.5,µg/m³
Karachi,"DHA, Karachi",2025-11-20T12:00:00Z,45.714499664306636,µg/m³
Karachi,WWF-Pakistan Karachi Office,2025-11-20T12:00:00Z,49.0,µg/m³
Karachi,Urban Unit Karachi,2025-11-20T12:00:00Z,51.361000061035156,µg/m³
Karachi,Karachi Zoo,2025-11-20T12:00:00Z,56.01983311971029,µg/m³
Karachi,G3 Engineering Consultants karachi,2025-11-20T13:00:00Z,52.96416651407878,µg/m³
Karachi,Karachi Zoo,2025-11-20T13:00:00Z,59.26699981689453,µg/m³
Karachi,WWF-Pakistan Karachi Office,2025-11-20T13:00:00Z,57.0,µg/m³
Karachi,Urban Unit Karachi,2025-11-20T13:00:00Z,54.27766672770182,µg/m³
Karachi,"DHA, Karachi",2025-11-20T13:00:00Z,44.69466654459635,µg/m³
Karachi,"DHA, Karachi",2025-11-20T14:00:00Z,47.9529998779297,µg/m³
Karachi,Karachi Zoo,2025-11-20T14:00:00Z,72.14983342488607,µg/m³
Karachi,WWF-Pakistan Karachi Office,2025-11-20T14:00:00Z,70.0,µg/m³
Karachi,Urban Unit Karachi,2025-11-20T14:00:00Z,62.76433308919271,µg/m³
Karachi,G3 Engineering Consultants karachi,2025-11-20T14:00:00Z,58.36966654459636,µg/m³
Karachi,Karachi Zoo,2025-11-20T15:00:00Z,149.28933308919272,µg/m³
Karachi,WWF-Pakistan Karachi Office,2025-11-20T15:00:00Z,80.0,µg/m³
Karachi,"DHA, Karachi",2025-11-20T15:00:00Z,67.33633321126302,µg/m³
Karachi,G3 Engineering Consultants karachi,2025-11-20T15:00:00Z,95.67766672770182,µg/m³
Karachi,Urban Unit Karachi,2025-11-20T15:00:00Z,97.0163335164388,µg/m³
Karachi,Karachi Zoo,2025-11-20T16:00:00Z,169.41100006103514,µg/m³
Karachi,"DHA, Karachi",2025-11-20T16:00:00Z,110.37233327229818,µg/m³
Karachi,Urban Unit Karachi,2025-11-20T16:00:00Z,137.3419998168945,µg/m³
Karachi,WWF-Pakistan Karachi Office,2025-11-20T16:00:00Z,93.0,µg/m³
Karachi,G3 Engineering Consultants karachi,2025-11-20T16:00:00Z,118.8754997253418,µg/m³
Karachi,G3 Engineering Consultants karachi,2025-11-20T17:00:00Z,86.77533315022787,µg/m³
Karachi,WWF-Pakistan Karachi Office,2025-11-20T17:00:00Z,83.0,µg/m³
Karachi,"DHA, Karachi",2025-11-20T17:00:00Z,102.33333333333333,µg/m³
Karachi,Karachi Zoo,2025-11-20T17:00:00Z,159.7815710885184,µg/m³
Karachi,Urban Unit Karachi,2025-11-20T17:00:00Z,124.60583318074544,µg/m³
Karachi,G3 Engineering Consultants karachi,2025-11-20T18:00:00Z,84.35800018310546,µg/m³
Karachi,Karachi Zoo,2025-11-20T18:00:00Z,133.7746668497721,µg/m³
Karachi,"DHA, Karachi",2025-11-20T18:00:00Z,126.11350021362303,µg/m³
Karachi,WWF-Pakistan Karachi Office,2025-11-20T18:00:00Z,72.0,µg/m³
Karachi,Urban Unit Karachi,2025-11-20T18:00:00Z,96.5836664835612,µg/m³
Karachi,"DHA, Karachi",2025-11-20T19:00:00Z,142.9663335164388,µg/m³
Karachi,G3 Engineering Consultants karachi,2025-11-20T19:00:00Z,121.65550003051759,µg/m³
Karachi,WWF-Pakistan Karachi Office,2025-11-20T19:00:00Z,79.0,µg/m³
Karachi,Karachi Zoo,2025-11-20T19:00:00Z,133.73083318074546,µg/m³
Karachi,Urban Unit Karachi,2025-11-20T19:00:00Z,96.55349960327148,µg/m³
Karachi,Karachi Zoo,2025-11-20T20:00:00Z,84.96666666666667,µg/m³
Karachi,G3 Engineering Consultants karachi,2025-11-20T20:00:00Z,130.43550033569338,µg/m³
Karachi,Urban Unit Karachi,2025-11-20T20:00:00Z,131.6775001525879,µg/m³
Karachi,"DHA, Karachi",2025-11-20T20:00:00Z,158.9550003051758,µg/m³
Karachi,"DHA, Karachi",2025-11-20T21:00:00Z,157.18066660563153,µg/m³
Karachi,Karachi Zoo,2025-11-20T21:00:00Z,78.75283330281574,µg/m³
Karachi,WWF-Pakistan Karachi Office,2025-11-20T21:00:00Z,89.0,µg/m³
Karachi,Urban Unit Karachi,2025-11-20T21:00:00Z,90.58000030517577,µg/m³
Karachi,G3 Engineering Consultants karachi,2025-11-20T21:00:00Z,92.79366709391276,µg/m³
Karachi,G3 Engineering Consultants karachi,2025-11-20T22:00:00Z,107.54483311971029,µg/m³
Karachi,WWF-Pakistan Karachi Office,2025-11-20T22:00:00Z,55.0,µg/m³
Karachi,Urban Unit Karachi,2025-11-20T22:00:00Z,60.08116633097331,µg/m³
Karachi,Karachi Zoo,2025-11-20T22:00:00Z,93.05800018310548,µg/m³
Karachi,"DHA, Karachi",2025-11-20T22:00:00Z,165.65,µg/m³
Karachi,Urban Unit Karachi,2025-11-20T23:00:00Z,65.72266642252605,µg/m³
Karachi,G3 Engineering Consultants karachi,2025-11-20T23:00:00Z,111.90049972534182,µg/m³
Karachi,Karachi Zoo,2025-11-20T23:00:00Z,88.80616633097331,µg/m³
Karachi,"DHA, Karachi",2025-11-20T23:00:00Z,158.73399963378907,µg/m³
Karachi,Urban Unit Karachi,2025-11-21T00:00:00Z,119.60283330281578,µg/m³
Karachi,"DHA, Karachi",2025-11-21T00:00:00Z,158.85599975585936,µg/m³
Karachi,G3 Engineering Consultants karachi,2025-11-21T00:00:00Z,88.15033315022787,µg/m³
Karachi,WWF-Pakistan Karachi Office,2025-11-21T00:00:00Z,82.0,µg/m³
Karachi,Karachi Zoo,2025-11-21T00:00:00Z,60.14483311971029,µg/m³
Karachi,Urban Unit Karachi,2025-11-21T01:00:00Z,94.10599975585937,µg/m³
Karachi,WWF-Pakistan Karachi Office,2025-11-21T01:00:00Z,79.0,µg/m³
Karachi,"DHA, Karachi",2025-11-21T01:00:00Z,156.73349990844724,µg/m³
Karachi,Karachi Zoo,2025-11-21T01:00:00Z,76.12516657511394,µg/m³
Karachi,G3 Engineering Consultants karachi,2025-11-21T01:00:00Z,109.81050033569335,µg/m³
Karachi,"DHA, Karachi",2025-11-21T02:00:00Z,133.65033315022785,µg/m³
Karachi,Urban Unit Karachi,2025-11-21T02:00:00Z,92.34166666666665,µg/m³
Karachi,Karachi Zoo,2025-11-21T02:00:00Z,124.99716669718424,µg/m³
Karachi,WWF-Pakistan Karachi Office,2025-11-21T02:00:00Z,79.0,µg/m³
Karachi,"DHA, Karachi",2025-11-21T03:00:00Z,172.89766642252604,µg/m³
Karachi,Urban Unit Karachi,2025-11-21T03:00:00Z,99.93116633097333,µg/m³
Karachi,Karachi Zoo,2025-11-21T03:00:00Z,92.35266672770183,µg/m³
Karachi,WWF-Pakistan Karachi Office,2025-11-21T03:00:00Z,95.0,µg/m³
Karachi,WWF-Pakistan Karachi Office,2025-11-21T04:00:00Z,104.0,µg/m³
Karachi,Urban Unit Karachi,2025-11-21T04:00:00Z,110.28600006103515,µg/m³
Karachi,Karachi Zoo,2025-11-21T04:00:00Z,103.99100036621094,µg/m³
Karachi,"DHA, Karachi",2025-11-21T04:00:00Z,230.18683497111007,µg/m³
Karachi,WWF-Pakistan Karachi Office,2025-11-21T05:00:00Z,97.0,µg/m³
Karachi,Urban Unit Karachi,2025-11-21T05:00:00Z,106.16650009155272,µg/m³
Karachi,Karachi Zoo,2025-11-21T05:00:00Z,126.14683354695639,µg/m³
Karachi,"DHA, Karachi",2025-11-21T05:00:00Z,217.96149978637695,µg/m³
Karachi,WWF-Pakistan Karachi Office,2025-11-21T06:00:00Z,89.0,µg/m³
Karachi,Urban Unit Karachi,2025-11-21T06:00:00Z,99.34199981689453,µg/m³
Karachi,Karachi Zoo,2025-11-21T06:00:00Z,109.64166666666667,µg/m³
Karachi,"DHA, Karachi",2025-11-21T06:00:00Z,199.26683324178057,µg/m³
Karachi,WWF-Pakistan Karachi Office,2025-11-21T07:00:00Z,80.0,µg/m³
Karachi,Karachi Zoo,2025-11-21T07:00:00Z,88.63033345540366,µg/m³
Karachi,Urban Unit Karachi,2025-11-21T07:00:00Z,84.46295833587645,µg/m³
Karachi,"DHA, Karachi",2025-11-21T07:00:00Z,160.988666788737,µg/m³
Karachi,WWF-Pakistan Karachi Office,2025-11-21T08:00:00Z,78.0,µg/m³
Karachi,Karachi Zoo,2025-11-21T08:00:00Z,73.26866709391275,µg/m³
Karachi,Urban Unit Karachi,2025-11-21T08:00:00Z,86.36062488555906,µg/m³
Karachi,"DHA, Karachi",2025-11-21T08:00:00Z,99.58666636149088,µg/m³
Karachi,Karachi Zoo,2025-11-21T09:00:00Z,106.70800018310548,µg/m³
Karachi,WWF-Pakistan Karachi Office,2025-11-21T09:00:00Z,101.0,µg/m³
Karachi,Urban Unit Karachi,2025-11-21T09:00:00Z,114.98050003051758,µg/m³
Karachi,"DHA, Karachi",2025-11-21T09:00:00Z,88.22733357747394,µg/m³
Karachi,WWF-Pakistan Karachi Office,2025-11-21T10:00:00Z,90.0,µg/m³
Karachi,Urban Unit Karachi,2025-11-21T10:00:00Z,97.4520004272461,µg/m³
Karachi,Karachi Zoo,2025-11-21T10:00:00Z,121.7691660563151,µg/m³
Karachi,"DHA, Karachi",2025-11-21T10:00:00Z,82.96966654459635,µg/m³
Karachi,Urban Unit Karachi,2025-11-21T11:00:00Z,90.1080000443892,µg/m³
Karachi,Karachi Zoo,2025-11-21T11:00:00Z,95.3388333638509,µg/m³
Karachi,"DHA, Karachi",2025-11-21T11:00:00Z,80.06916681925456,µg/m³
Karachi,WWF-Pakistan Karachi Office,2025-11-21T11:00:00Z,78.0,µg/m³
Karachi,Karachi Zoo,2025-11-21T12:00:00Z,113.55283330281576,µg/m³
Karachi,"DHA, Karachi",2025-11-21T12:00:00Z,86.27466684977213,µg/m³
Karachi,WWF-Pakistan Karachi Office,2025-11-21T12:00:00Z,93.0,µg/m³
Karachi,Urban Unit Karachi,2025-11-21T12:00:00Z,97.36640014648438,µg/m³
Karachi,Karachi Zoo,2025-11-21T13:00:00Z,125.12500000000001,µg/m³
Karachi,"DHA, Karachi",2025-11-21T13:00:00Z,108.77516657511393,µg/m³
Karachi,WWF-Pakistan Karachi Office,2025-11-21T13:00:00Z,114.0,µg/m³
Karachi,Urban Unit Karachi,2025-11-21T13:00:00Z,117.14150009155274,µg/m³
Karachi,Urban Unit Karachi,2025-11-21T13:00:00Z,94.6,µg/m³
Karachi,WWF-Pakistan Karachi Office,2025-11-21T14:00:00Z,111.0,µg/m³
Karachi,"DHA, Karachi",2025-11-21T14:00:00Z,106.375,µg/m³
Karachi,Karachi Zoo,2025-11-21T14:00:00Z,150.3956667582194,µg/m³
Karachi,Urban Unit Karachi,2025-11-21T14:00:00Z,124.5534996032715,µg/m³
Karachi,WWF-Pakistan Karachi Office,2025-11-21T15:00:00Z,132.0,µg/m³
Karachi,"DHA, Karachi",2025-11-21T15:00:00Z,129.2108334859212,µg/m³
Karachi,Karachi Zoo,2025-11-21T15:00:00Z,222.74433390299478,µg/m³
Karachi,Urban Unit Karachi,2025-11-21T15:00:00Z,151.17716700236002,µg/m³
Karachi,Urban Unit Karachi,2025-11-21T16:00:00Z,178.20550003051756,µg/m³
Karachi,WWF-Pakistan Karachi Office,2025-11-21T16:00:00Z,165.0,µg/m³
Karachi,Karachi Zoo,2025-11-21T16:00:00Z,205.0893330891927,µg/m³
Karachi,"DHA, Karachi",2025-11-21T16:00:00Z,155.16366678873698,µg/m³
Karachi,"DHA, Karachi",2025-11-21T17:00:00Z,188.98933308919268,µg/m³
Karachi,Urban Unit Karachi,2025-11-21T17:00:00Z,172.15283330281576,µg/m³
Karachi,WWF-Pakistan Karachi Office,2025-11-21T17:00:00Z,141.0,µg/m³
Karachi,Karachi Zoo,2025-11-21T17:00:00Z,213.49100036621098,µg/m³
Karachi,"DHA, Karachi",2025-11-21T18:00:00Z,200.2139999389648,µg/m³
Karachi,Karachi Zoo,2025-11-21T18:00:00Z,209.75333302815753,µg/m³
Karachi,Urban Unit Karachi,2025-11-21T18:00:00Z,157.51966654459636,µg/m³
Karachi,WWF-Pakistan Karachi Office,2025-11-21T18:00:00Z,151.0,µg/m³
Karachi,"DHA, Karachi",2025-11-21T19:00:00Z,219.17466684977214,µg/m³
Karachi,Urban Unit Karachi,2025-11-21T19:00:00Z,194.1861666361491,µg/m³
Karachi,WWF-Pakistan Karachi Office,2025-11-21T19:00:00Z,160.0,µg/m³
Karachi,Karachi Zoo,2025-11-21T19:00:00Z,193.39400024414064,µg/m³
Karachi,Urban Unit Karachi,2025-11-21T20:00:00Z,199.20833333333337,µg/m³
Karachi,"DHA, Karachi",2025-11-21T20:00:00Z,246.0416666666667,µg/m³
Karachi,WWF-Pakistan Karachi Office,2025-11-21T20:00:00Z,151.0,µg/m³
Karachi,Karachi Zoo,2025-11-21T20:00:00Z,173.84754149119058,µg/m³
Karachi,Karachi Zoo,2025-11-21T21:00:00Z,201.06133321126302,µg/m³
Karachi,WWF-Pakistan Karachi Office,2025-11-21T21:00:00Z,171.0,µg/m³
Karachi,Urban Unit Karachi,2025-11-21T21:00:00Z,229.89216639200845,µg/m³
Karachi,"DHA, Karachi",2025-11-21T21:00:00Z,238.2444999694824,µg/m³
Karachi,Karachi Zoo,2025-11-21T22:00:00Z,142.60849990844727,µg/m³
Karachi,WWF-Pakistan Karachi Office,2025-11-21T22:00:00Z,147.0,µg/m³
Karachi,Urban Unit Karachi,2025-11-21T22:00:00Z,194.1276667277018,µg/m³
Karachi,"DHA, Karachi",2025-11-21T22:00:00Z,207.02216669718425,µg/m³
Karachi,Karachi Zoo,2025-11-21T23:00:00Z,128.1806666056315,µg/m³
Karachi,Urban Unit Karachi,2025-11-21T23:00:00Z,201.2221666971842,µg/m³
Karachi,"DHA, Karachi",2025-11-21T23:00:00Z,227.51133321126304,µg/m³
Karachi,WWF-Pakistan Karachi Office,2025-11-21T23:00:00Z,139.0,µg/m³
Karachi,Karachi Zoo,2025-11-22T00:00:00Z,118.19483311971032,µg/m³
Karachi,Urban Unit Karachi,2025-11-22T00:00:00Z,156.5501665751139,µg/m³
Karachi,WWF-Pakistan Karachi Office,2025-11-22T00:00:00Z,110.0,µg/m³
Karachi,"DHA, Karachi",2025-11-22T00:00:00Z,205.77799987792966,µg/m³
Karachi,"DHA, Karachi",2025-11-22T01:00:00Z,172.31149978637697,µg/m³
Karachi,Karachi Zoo,2025-11-22T01:00:00Z,140.14449996948244,µg/m³
Karachi,Urban Unit Karachi,2025-11-22T01:00:00Z,133.92750015258787,µg/m³
Karachi,WWF-Pakistan Karachi Office,2025-11-22T01:00:00Z,116.0,µg/m³
Karachi,Karachi Zoo,2025-11-22T02:00:00Z,123.5943333943685,µg/m³
Karachi,Urban Unit Karachi,2025-11-22T02:00:00Z,138.34466654459635,µg/m³
Karachi,"DHA, Karachi",2025-11-22T02:00:00Z,282.4000005086263,µg/m³
Karachi,Karachi Zoo,2025-11-22T03:00:00Z,129.5198331197103,µg/m³
Karachi,WWF-Pakistan Karachi Office,2025-11-22T03:00:00Z,137.0,µg/m³
Karachi,"DHA, Karachi",2025-11-22T03:00:00Z,320.014168548584,µg/m³
Karachi,Urban Unit Karachi,2025-11-22T03:00:00Z,140.81449966430662,µg/m³
Karachi,WWF-Pakistan Karachi Office,2025-11-22T04:00:00Z,133.0,µg/m³
Karachi,Karachi Zoo,2025-11-22T04:00:00Z,123.73633321126302,µg/m³
Karachi,"DHA, Karachi",2025-11-22T04:00:00Z,199.92549972534178,µg/m³
Karachi,Urban Unit Karachi,2025-11-22T04:00:00Z,142.32233327229818,µg/m³
Karachi,Karachi Zoo,2025-11-22T05:00:00Z,123.01683324178062,µg/m³
Karachi,"DHA, Karachi",2025-11-22T05:00:00Z,174.59499969482422,µg/m³
Karachi,WWF-Pakistan Karachi Office,2025-11-22T05:00:00Z,137.0,µg/m³
Karachi,Urban Unit Karachi,2025-11-22T05:00:00Z,141.50849990844725,µg/m³
Karachi,Urban Unit Karachi,2025-11-22T06:00:00Z,119.2107498168945,µg/m³
Karachi,"DHA, Karachi",2025-11-22T06:00:00Z,163.5418332417806,µg/m³
Karachi,WWF-Pakistan Karachi Office,2025-11-22T06:00:00Z,112.0,µg/m³
Karachi,Karachi Zoo,2025-11-22T06:00:00Z,127.60583318074542,µg/m³
Karachi,WWF-Pakistan Karachi Office,2025-11-22T07:00:00Z,103.0,µg/m³
Karachi,Urban Unit Karachi,2025-11-22T07:00:00Z,114.6081667582194,µg/m³
Karachi,Karachi Zoo,2025-11-22T07:00:00Z,119.44716669718424,µg/m³
Karachi,"DHA, Karachi",2025-11-22T07:00:00Z,134.0108334859212,µg/m³
Karachi,Urban Unit Karachi,2025-11-22T08:00:00Z,120.05266672770182,µg/m³
Karachi,Karachi Zoo,2025-11-22T08:00:00Z,123.15516688028971,µg/m³
Karachi,WWF-Pakistan Karachi Office,2025-11-22T08:00:00Z,104.0,µg/m³
Karachi,"DHA, Karachi",2025-11-22T08:00:00Z,174.44683329264322,µg/m³
Karachi,Urban Unit Karachi,2025-11-22T09:00:00Z,134.99749984741212,µg/m³
Karachi,WWF-Pakistan Karachi Office,2025-11-22T09:00:00Z,122.0,µg/m³
Karachi,"DHA, Karachi",2025-11-22T09:00:00Z,146.2393330891927,µg/m³
Karachi,Karachi Zoo,2025-11-22T09:00:00Z,122.74383366902669,µg/m³
Karachi,"DHA, Karachi",2025-11-22T10:00:00Z,100.73816706339517,µg/m³
Karachi,WWF-Pakistan Karachi Office,2025-11-22T10:00:00Z,120.0,µg/m³
Karachi,Karachi Zoo,2025-11-22T10:00:00Z,110.34416681925455,µg/m³
Karachi,Urban Unit Karachi,2025-11-22T10:00:00Z,126.05783360799153,µg/m³
Karachi,"DHA, Karachi",2025-11-22T11:00:00Z,106.80016657511392,µg/m³
Karachi,Urban Unit Karachi,2025-11-22T11:00:00Z,107.93066660563152,µg/m³
Karachi,Karachi Zoo,2025-11-22T11:00:00Z,104.67200012207032,µg/m³
Karachi,WWF-Pakistan Karachi Office,2025-11-22T11:00:00Z,101.0,µg/m³
Karachi,Karachi Zoo,2025-11-22T12:00:00Z,121.97533315022787,µg/m³
Karachi,"DHA, Karachi",2025-11-22T12:00:00Z,108.40266672770183,µg/m³
Karachi,WWF-Pakistan Karachi Office,2025-11-22T12:00:00Z,108.0,µg/m³
Karachi,Urban Unit Karachi,2025-11-22T12:00:00Z,120.02500000000002,µg/m³
Karachi,Urban Unit Karachi,2025-11-22T13:00:00Z,119.55533345540364,µg/m³
Karachi,Karachi Zoo,2025-11-22T13:00:00Z,120.71083348592123,µg/m³
Karachi,"DHA, Karachi",2025-11-22T13:00:00Z,111.35516688028973,µg/m³
Karachi,WWF-Pakistan Karachi Office,2025-11-22T13:00:00Z,105.0,µg/m³
Karachi,Karachi Zoo,2025-11-22T14:00:00Z,140.14133351643878,µg/m³
Karachi,"DHA, Karachi",2025-11-22T14:00:00Z,126.13616663614907,µg/m³
Karachi,Urban Unit Karachi,2025-11-22T14:00:00Z,134.71683324178062,µg/m³
Karachi,WWF-Pakistan Karachi Office,2025-11-22T14:00:00Z,113.0,µg/m³
Karachi,Karachi Zoo,2025-11-22T15:00:00Z,159.225,µg/m³
Karachi,"DHA, Karachi",2025-11-22T15:00:00Z,131.14133377075197,µg/m³
Karachi,Urban Unit Karachi,2025-11-22T15:00:00Z,159.70549964904785,µg/m³
Karachi,WWF-Pakistan Karachi Office,2025-11-22T15:00:00Z,123.0,µg/m³
Karachi,Karachi Zoo,2025-11-22T16:00:00Z,152.70849990844727,µg/m³
Karachi,Urban Unit Karachi,2025-11-22T16:00:00Z,153.8940002441406,µg/m³
Karachi,WWF-Pakistan Karachi Office,2025-11-22T16:00:00Z,128.0,µg/m³
Karachi,"DHA, Karachi",2025-11-22T16:00:00Z,153.6386670430501,µg/m³
Karachi,Karachi Zoo,2025-11-22T17:00:00Z,168.95283330281578,µg/m³
Karachi,Urban Unit Karachi,2025-11-22T17:00:00Z,170.70566660563148,µg/m³
Karachi,"DHA, Karachi",2025-11-22T17:00:00Z,174.0276667277018,µg/m³
Karachi,WWF-Pakistan Karachi Office,2025-11-22T17:00:00Z,147.0,µg/m³
Karachi,"DHA, Karachi",2025-11-22T18:00:00Z,277.4836680094401,µg/m³
Karachi,Karachi Zoo,2025-11-22T18:00:00Z,178.52183354695634,µg/m³
Karachi,Urban Unit Karachi,2025-11-22T18:00:00Z,199.23933308919268,µg/m³
Karachi,WWF-Pakistan Karachi Office,2025-11-22T18:00:00Z,155.0,µg/m³
Karachi,"DHA, Karachi",2025-11-22T19:00:00Z,277.5771642049154,µg/m³
Karachi,Karachi Zoo,2025-11-22T19:00:00Z,178.3938336690267,µg/m³
Karachi,Urban Unit Karachi,2025-11-22T19:00:00Z,210.8534996032715,µg/m³
Karachi,WWF-Pakistan Karachi Office,2025-11-22T19:00:00Z,171.0,µg/m³
Karachi,Karachi Zoo,2025-11-22T20:00:00Z,194.40566660563152,µg/m³
Karachi,"DHA, Karachi",2025-11-22T20:00:00Z,285.5306671142578,µg/m³
Karachi,Urban Unit Karachi,2025-11-22T20:00:00Z,222.0638333638509,µg/m³
Karachi,WWF-Pakistan Karachi Office,2025-11-22T20:00:00Z,165.0,µg/m³
Karachi,Karachi Zoo,2025-11-22T21:00:00Z,233.10000000000002,µg/m³
Karachi,WWF-Pakistan Karachi Office,2025-11-22T21:00:00Z,173.0,µg/m³
Karachi,"DHA, Karachi",2025-11-22T21:00:00Z,275.4603302001953,µg/m³
Karachi,Urban Unit Karachi,2025-11-22T21:00:00Z,234.4060002644857,µg/m³
Karachi,Karachi Zoo,2025-11-22T22:00:00Z,243.46616694132487,µg/m³
Karachi,WWF-Pakistan Karachi Office,2025-11-22T22:00:00Z,229.0,µg/m³
Karachi,"DHA, Karachi",2025-11-22T22:00:00Z,344.663749440511,µg/m³
Karachi,Urban Unit Karachi,2025-11-22T22:00:00Z,276.5505022684733,µg/m³
Karachi,Karachi Zoo,2025-11-22T23:00:00Z,270.37233378092446,µg/m³
Karachi,WWF-Pakistan Karachi Office,2025-11-22T23:00:00Z,169.0,µg/m³
Karachi,"DHA, Karachi",2025-11-22T23:00:00Z,252.3020004272461,µg/m³
Karachi,Urban Unit Karachi,2025-11-22T23:00:00Z,199.35349960327153,µg/m³
Karachi,Karachi Zoo,2025-11-23T00:00:00Z,244.6891665140788,µg/m³
Karachi,Urban Unit Karachi,2025-11-23T00:00:00Z,190.07750015258785,µg/m³
Karachi,"DHA, Karachi",2025-11-23T00:00:00Z,225.2745002746582,µg/m³
Karachi,WWF-Pakistan Karachi Office,2025-11-23T00:00:00Z,153.0,µg/m³
Karachi,Karachi Zoo,2025-11-23T01:00:00Z,231.56399993896488,µg/m³
Karachi,WWF-Pakistan Karachi Office,2025-11-23T01:00:00Z,141.0,µg/m³
Karachi,Urban Unit Karachi,2025-11-23T01:00:00Z,176.77483342488608,µg/m³
Karachi,"DHA, Karachi",2025-11-23T01:00:00Z,207.2198331197103,µg/m³
Karachi,Urban Unit Karachi,2025-11-23T02:00:00Z,163.69950027465822,µg/m³
Karachi,WWF-Pakistan Karachi Office,2025-11-23T02:00:00Z,136.0,µg/m³
Karachi,"DHA, Karachi",2025-11-23T02:00:00Z,196.94683354695636,µg/m³
Karachi,Karachi Zoo,2025-11-23T02:00:00Z,216.26100006103516,µg/m³
Karachi,Urban Unit Karachi,2025-11-23T03:00:00Z,138.3474998474121,µg/m³
Karachi,Karachi Zoo,2025-11-23T03:00:00Z,174.05250015258787,µg/m³
Karachi,WWF-Pakistan Karachi Office,2025-11-23T03:00:00Z,133.0,µg/m³
Karachi,"DHA, Karachi",2025-11-23T03:00:00Z,196.91733296712235,µg/m³
Karachi,WWF-Pakistan Karachi Office,2025-11-23T04:00:00Z,119.0,µg/m³
Karachi,Karachi Zoo,2025-11-23T04:00:00Z,105.32216669718424,µg/m³
Karachi,Urban Unit Karachi,2025-11-23T04:00:00Z,127.53083318074546,µg/m³
Karachi,"DHA, Karachi",2025-11-23T04:00:00Z,176.0028333028158,µg/m³
Karachi,"DHA, Karachi",2025-11-23T05:00:00Z,123.39666697184244,µg/m³
Karachi,Karachi Zoo,2025-11-23T05:00:00Z,130.39183324178057,µg/m³
Karachi,WWF-Pakistan Karachi Office,2025-11-23T05:00:00Z,89.0,µg/m³
Karachi,Urban Unit Karachi,2025-11-23T05:00:00Z,93.68300018310545,µg/m³
Karachi,"DHA, Karachi",2025-11-23T06:00:00Z,112.76100006103515,µg/m³
Karachi,Urban Unit Karachi,2025-11-23T06:00:00Z,68.58899993896485,µg/m³
Karachi,Karachi Zoo,2025-11-23T06:00:00Z,85.60266672770183,µg/m³
Karachi,Urban Unit Karachi,2025-11-23T07:00:00Z,58.71650009155274,µg/m³
Karachi,WWF-Pakistan Karachi Office,2025-11-23T07:00:00Z,51.0,µg/m³
Karachi,"DHA, Karachi",2025-11-23T07:00:00Z,102.96416651407877,µg/m³
Karachi,Karachi Zoo,2025-11-23T07:00:00Z,61.21083348592122,µg/m³
Karachi,Karachi Zoo,2025-11-23T08:00:00Z,53.805833180745445,µg/m³
Karachi,Urban Unit Karachi,2025-11-23T08:00:00Z,76.99400024414061,µg/m³
Karachi,WWF-Pakistan Karachi Office,2025-11-23T08:00:00Z,71.0,µg/m³
Karachi,"DHA, Karachi",2025-11-23T08:00:00Z,71.00800018310548,µg/m³
Karachi,"DHA, Karachi",2025-11-23T09:00:00Z,57.14716669718425,µg/m³
Karachi,WWF-Pakistan Karachi Office,2025-11-23T09:00:00Z,75.0,µg/m³
Karachi,Urban Unit Karachi,2025-11-23T09:00:00Z,81.26116663614908,µg/m³
Karachi,Karachi Zoo,2025-11-23T09:00:00Z,72.82816645304364,µg/m³
Karachi,WWF-Pakistan Karachi Office,2025-11-23T10:00:00Z,56.0,µg/m³
Karachi,WWF-Pakistan Karachi Office,2025-11-23T11:00:00Z,45.0,µg/m³
Karachi,WWF-Pakistan Karachi Office,2025-11-23T12:00:00Z,48.0,µg/m³
Karachi,"DHA, Karachi",2025-11-23T13:00:00Z,50.364333089192705,µg/m³
Karachi,Urban Unit Karachi,2025-11-23T13:00:00Z,52.28333333333333,µg/m³
Karachi,Karachi Zoo,2025-11-23T13:00:00Z,46.78099975585937,µg/m³
Karachi,WWF-Pakistan Karachi Office,2025-11-23T13:00:00Z,47.0,µg/m³
Karachi,Karachi Zoo,2025-11-23T14:00:00Z,50.30550003051758,µg/m³
Karachi,Urban Unit Karachi,2025-11-23T14:00:00Z,54.46366678873698,µg/m³
Karachi,WWF-Pakistan Karachi Office,2025-11-23T14:00:00Z,48.0,µg/m³
Karachi,"DHA, Karachi",2025-11-23T14:00:00Z,50.616500091552744,µg/m³
Karachi,WWF-Pakistan Karachi Office,2025-11-23T15:00:00Z,54.0,µg/m³
Karachi,Karachi Zoo,2025-11-23T15:00:00Z,80.62766672770182,µg/m³
Karachi,Urban Unit Karachi,2025-11-23T15:00:00Z,65.00849990844726,µg/m³
Karachi,"DHA, Karachi",2025-11-23T15:00:00Z,66.10250015258788,µg/m³
Karachi,"DHA, Karachi",2025-11-23T16:00:00Z,70.43066660563152,µg/m³
Karachi,WWF-Pakistan Karachi Office,2025-11-23T16:00:00Z,79.0,µg/m³
Karachi,Urban Unit Karachi,2025-11-23T16:00:00Z,86.31883366902669,µg/m³
Karachi,Karachi Zoo,2025-11-23T16:00:00Z,111.97283299763997,µg/m³
Karachi,WWF-Pakistan Karachi Office,2025-11-23T17:00:00Z,111.0,µg/m³
Karachi,Urban Unit Karachi,2025-11-23T17:00:00Z,125.08349990844727,µg/m³
Karachi,"DHA, Karachi",2025-11-23T17:00:00Z,134.4198331197103,µg/m³
Karachi,Karachi Zoo,2025-11-23T17:00:00Z,105.98616663614906,µg/m³
Karachi,WWF-Pakistan Karachi Office,2025-11-23T18:00:00Z,109.0,µg/m³
Karachi,"DHA, Karachi",2025-11-23T18:00:00Z,142.76345856984457,µg/m³
Karachi,Karachi Zoo,2025-11-23T18:00:00Z,108.56933339436851,µg/m³
Karachi,Urban Unit Karachi,2025-11-23T18:00:00Z,117.88083318074546,µg/m³
Karachi,Karachi Zoo,2025-11-23T19:00:00Z,115.14166666666665,µg/m³
Karachi,Urban Unit Karachi,2025-11-23T19:00:00Z,122.60200042724608,µg/m³
Karachi,"DHA, Karachi",2025-11-23T19:00:00Z,146.07766672770182,µg/m³
Karachi,WWF-Pakistan Karachi Office,2025-11-23T20:00:00Z,122.0,µg/m³
Karachi,Karachi Zoo,2025-11-23T20:00:00Z,121.91149978637695,µg/m³
Karachi,"DHA, Karachi",2025-11-23T20:00:00Z,159.54733327229815,µg/m³
Karachi,Urban Unit Karachi,2025-11-23T20:00:00Z,135.51650009155273,µg/m³
Karachi,Karachi Zoo,2025-11-23T21:00:00Z,150.17533315022786,µg/m³
Karachi,"DHA, Karachi",2025-11-23T21:00:00Z,145.56033376057943,µg/m³
Karachi,Urban Unit Karachi,2025-11-23T21:00:00Z,132.26916681925456,µg/m³
Karachi,WWF-Pakistan Karachi Office,2025-11-23T21:00:00Z,123.0,µg/m³
Karachi,Urban Unit Karachi,2025-11-23T22:00:00Z,135.74749984741212,µg/m³
Karachi,WWF-Pakistan Karachi Office,2025-11-23T22:00:00Z,115.0,µg/m³
Karachi,"DHA, Karachi",2025-11-23T22:00:00Z,148.48550033569333,µg/m³
Karachi,Karachi Zoo,2025-11-23T22:00:00Z,142.11916681925456,µg/m³
Karachi,"DHA, Karachi",2025-11-23T23:00:00Z,187.96100006103518,µg/m³
Karachi,Urban Unit Karachi,2025-11-23T23:00:00Z,146.28899993896485,µg/m³
Karachi,Karachi Zoo,2025-11-23T23:00:00Z,111.21706922319198,µg/m³
Karachi,WWF-Pakistan Karachi Office,2025-11-23T23:00:00Z,120.0,µg/m³
Karachi,WWF-Pakistan Karachi Office,2025-11-24T00:00:00Z,106.0,µg/m³
Karachi,Urban Unit Karachi,2025-11-24T00:00:00Z,127.17266642252605,µg/m³
Karachi,Karachi Zoo,2025-11-24T00:00:00Z,126.77500000000002,µg/m³
Karachi,"DHA, Karachi",2025-11-24T00:00:00Z,149.2473332722982,µg/m³
Karachi,Urban Unit Karachi,2025-11-24T01:00:00Z,120.53649978637696,µg/m³
Karachi,WWF-Pakistan Karachi Office,2025-11-24T01:00:00Z,109.0,µg/m³
Karachi,Karachi Zoo,2025-11-24T01:00:00Z,116.92566630045572,µg/m³
Karachi,"DHA, Karachi",2025-11-24T01:00:00Z,155.725,µg/m³
Karachi,WWF-Pakistan Karachi Office,2025-11-24T02:00:00Z,131.0,µg/m³
Karachi,Karachi Zoo,2025-11-24T02:00:00Z,110.67500000000001,µg/m³
Karachi,Urban Unit Karachi,2025-11-24T02:00:00Z,132.44466654459634,µg/m³
Karachi,"DHA, Karachi",2025-11-24T02:00:00Z,188.10283330281575,µg/m³
Karachi,"DHA, Karachi",2025-11-24T04:00:00Z,142.6940558963352,µg/m³
Karachi,WWF-Pakistan Karachi Office,2025-11-24T04:00:00Z,125.0,µg/m³
Karachi,Urban Unit Karachi,2025-11-24T04:00:00Z,112.27549972534179,µg/m³
Karachi,Karachi Zoo,2025-11-24T04:00:00Z,117.17483342488606,µg/m³
Karachi,"DHA, Karachi",2025-11-24T05:00:00Z,119.5198331197103,µg/m³
Karachi,WWF-Pakistan Karachi Office,2025-11-24T05:00:00Z,102.0,µg/m³
Karachi,Karachi Zoo,2025-11-24T05:00:00Z,103.63925018310546,µg/m³
Karachi,Urban Unit Karachi,2025-11-24T05:00:00Z,92.70729185740153,µg/m³
Karachi,Karachi Zoo,2025-11-24T06:00:00Z,95.72516657511393,µg/m³
Karachi,WWF-Pakistan Karachi Office,2025-11-24T06:00:00Z,83.0,µg/m³
Karachi,"DHA, Karachi",2025-11-24T06:00:00Z,91.56263881259495,µg/m³
Karachi,Urban Unit Karachi,2025-11-24T06:00:00Z,83.11949996948242,µg/m³
Karachi,Urban Unit Karachi,2025-11-24T07:00:00Z,61.417499542236335,µg/m³
Karachi,"DHA, Karachi",2025-11-24T07:00:00Z,72.58099975585937,µg/m³
Karachi,WWF-Pakistan Karachi Office,2025-11-24T07:00:00Z,67.0,µg/m³
Karachi,Karachi Zoo,2025-11-24T07:00:00Z,73.86916681925456,µg/m³
Karachi,WWF-Pakistan Karachi Office,2025-11-24T08:00:00Z,58.0,µg/m³
Karachi,"DHA, Karachi",2025-11-24T08:00:00Z,68.88633321126302,µg/m³
Karachi,Karachi Zoo,2025-11-24T08:00:00Z,54.727500152587886,µg/m³
Karachi,Urban Unit Karachi,2025-11-24T08:00:00Z,61.35316645304362,µg/m³
Karachi,WWF-Pakistan Karachi Office,2025-11-24T09:00:00Z,46.0,µg/m³
Karachi,"DHA, Karachi",2025-11-24T09:00:00Z,76.29150009155275,µg/m³
Karachi,Karachi Zoo,2025-11-24T09:00:00Z,46.785833485921216,µg/m³
Karachi,Urban Unit Karachi,2025-11-24T09:00:00Z,47.28033345540364,µg/m³
Karachi,Urban Unit Karachi,2025-11-24T10:00:00Z,47.01433308919272,µg/m³
Karachi,WWF-Pakistan Karachi Office,2025-11-24T10:00:00Z,39.0,µg/m³
Karachi,"DHA, Karachi",2025-11-24T10:00:00Z,101.889000193278,µg/m³
Karachi,Karachi Zoo,2025-11-24T10:00:00Z,51.78983281453451,µg/m³
Karachi,"DHA, Karachi",2025-11-24T11:00:00Z,83.05316645304362,µg/m³
Karachi,WWF-Pakistan Karachi Office,2025-11-24T11:00:00Z,62.0,µg/m³
Karachi,Karachi Zoo,2025-11-24T11:00:00Z,75.69416681925456,µg/m³
Karachi,Urban Unit Karachi,2025-11-24T11:00:00Z,73.09116694132487,µg/m³
Karachi,WWF-Pakistan Karachi Office,2025-11-24T12:00:00Z,113.0,µg/m³
Karachi,Karachi Zoo,2025-11-24T12:00:00Z,99.5831667582194,µg/m³
Karachi,"DHA, Karachi",2025-11-24T12:00:00Z,89.17500000000001,µg/m³
Karachi,Urban Unit Karachi,2025-11-24T12:00:00Z,110.85483373006184,µg/m³
Karachi,Urban Unit Karachi,2025-11-24T13:00:00Z,85.9,µg/m³
Karachi,WWF-Pakistan Karachi Office,2025-11-24T13:00:00Z,102.0,µg/m³
Karachi,Karachi Zoo,2025-11-24T13:00:00Z,86.48383305867513,µg/m³
Karachi,"DHA, Karachi",2025-11-24T13:00:00Z,84.31699981689452,µg/m³
Karachi,Urban Unit Karachi,2025-11-24T13:00:00Z,105.90233357747395,µg/m³
Karachi,"DHA, Karachi",2025-11-24T14:00:00Z,77.98600006103514,µg/m³
Karachi,Urban Unit Karachi,2025-11-24T14:00:00Z,119.16866709391279,µg/m³
Karachi,WWF-Pakistan Karachi Office,2025-11-24T14:00:00Z,105.0,µg/m³
Karachi,Karachi Zoo,2025-11-24T14:00:00Z,131.99350051879884,µg/m³
Karachi,Urban Unit Karachi,2025-11-24T15:00:00Z,108.60283330281574,µg/m³
Karachi,WWF-Pakistan Karachi Office,2025-11-24T15:00:00Z,96.0,µg/m³
Karachi,Karachi Zoo,2025-11-24T15:00:00Z,103.70550003051757,µg/m³
Karachi,"DHA, Karachi",2025-11-24T15:00:00Z,104.31933339436847,µg/m³
Karachi,Urban Unit Karachi,2025-11-24T16:00:00Z,85.05833333333334,µg/m³
Karachi,"DHA, Karachi",2025-11-24T16:00:00Z,161.0638333638509,µg/m³
Karachi,WWF-Pakistan Karachi Office,2025-11-24T16:00:00Z,94.0,µg/m³
Karachi,Karachi Zoo,2025-11-24T16:00:00Z,73.30833333333332,µg/m³
Karachi,WWF-Pakistan Karachi Office,2025-11-24T17:00:00Z,95.0,µg/m³
Karachi,"DHA, Karachi",2025-11-24T17:00:00Z,120.10583318074545,µg/m³
Karachi,Karachi Zoo,2025-11-24T17:00:00Z,85.78300018310546,µg/m³
Karachi,Urban Unit Karachi,2025-11-24T17:00:00Z,88.2470001220703,µg/m³
Karachi,Urban Unit Karachi,2025-11-24T18:00:00Z,100.76916681925456,µg/m³
Karachi,WWF-Pakistan Karachi Office,2025-11-24T18:00:00Z,105.0,µg/m³
Karachi,Karachi Zoo,2025-11-24T18:00:00Z,97.31716639200846,µg/m³
Karachi,"DHA, Karachi",2025-11-24T18:00:00Z,128.28720849355065,µg/m³
Karachi,Urban Unit Karachi,2025-11-24T19:00:00Z,95.08866678873699,µg/m³
Karachi,"DHA, Karachi",2025-11-24T19:00:00Z,113.45866648356117,µg/m³
Karachi,WWF-Pakistan Karachi Office,2025-11-24T19:00:00Z,88.0,µg/m³
Karachi,Karachi Zoo,2025-11-24T19:00:00Z,99.436333211263,µg/m³
Karachi,Urban Unit Karachi,2025-11-24T20:00:00Z,88.91216608683267,µg/m³
Karachi,Karachi Zoo,2025-11-24T20:00:00Z,101.79166666666667,µg/m³
Karachi,"DHA, Karachi",2025-11-24T20:00:00Z,85.80466715494792,µg/m³
Karachi,WWF-Pakistan Karachi Office,2025-11-24T20:00:00Z,78.0,µg/m³
Karachi,WWF-Pakistan Karachi Office,2025-11-24T21:00:00Z,68.0,µg/m³
Karachi,Karachi Zoo,2025-11-24T21:00:00Z,107.18050003051758,µg/m³
Karachi,Urban Unit Karachi,2025-11-24T21:00:00Z,82.21116663614909,µg/m³
Karachi,Karachi Zoo,2025-11-24T22:00:00Z,95.63366648356119,µg/m³
Karachi,WWF-Pakistan Karachi Office,2025-11-24T22:00:00Z,67.0,µg/m³
Karachi,Urban Unit Karachi,2025-11-24T22:00:00Z,69.67783330281576,µg/m³
Karachi,Karachi Zoo,2025-11-24T23:00:00Z,67.55533345540366,µg/m³
Karachi,Urban Unit Karachi,2025-11-24T23:00:00Z,68.28283360799153,µg/m³
Karachi,WWF-Pakistan Karachi Office,2025-11-24T23:00:00Z,66.0,µg/m³
Karachi,Urban Unit Karachi,2025-11-25T00:00:00Z,71.01083348592122,µg/m³
Karachi,Karachi Zoo,2025-11-25T00:00:00Z,74.09216639200847,µg/m³
Karachi,WWF-Pakistan Karachi Office,2025-11-25T00:00:00Z,72.0,µg/m³
Karachi,Urban Unit Karachi,2025-11-25T01:00:00Z,72.7056666056315,µg/m³
Karachi,WWF-Pakistan Karachi Office,2025-11-25T01:00:00Z,70.0,µg/m³
Karachi,Karachi Zoo,2025-11-25T01:00:00Z,81.7504997253418,µg/m³
Karachi,Urban Unit Karachi,2025-11-25T02:00:00Z,83.3224998474121,µg/m³
Karachi,Karachi Zoo,2025-11-25T02:00:00Z,84.26200006658381,µg/m³
Karachi,WWF-Pakistan Karachi Office,2025-11-25T02:00:00Z,86.0,µg/m³
Karachi,Urban Unit Karachi,2025-11-25T03:00:00Z,86.76916681925458,µg/m³
Karachi,Karachi Zoo,2025-11-25T03:00:00Z,112.9163335164388,µg/m³
Karachi,WWF-Pakistan Karachi Office,2025-11-25T03:00:00Z,103.0,µg/m³
Karachi,Urban Unit Karachi,2025-11-25T04:00:00Z,82.83600006103515,µg/m³
Karachi,WWF-Pakistan Karachi Office,2025-11-25T04:00:00Z,100.0,µg/m³
Karachi,Karachi Zoo,2025-11-25T04:00:00Z,99.15216700236003,µg/m³
Karachi,Urban Unit Karachi,2025-11-25T05:00:00Z,69.1081667582194,µg/m³
Karachi,WWF-Pakistan Karachi Office,2025-11-25T05:00:00Z,90.0,µg/m³
Karachi,Karachi Zoo,2025-11-25T05:00:00Z,92.26983311971027,µg/m³
Karachi,Urban Unit Karachi,2025-11-25T06:00:00Z,64.93016688028973,µg/m³
Karachi,WWF-Pakistan Karachi Office,2025-11-25T06:00:00Z,83.0,µg/m³
Karachi,Karachi Zoo,2025-11-25T06:00:00Z,76.49133351643879,µg/m³
Karachi,Urban Unit Karachi,2025-11-25T07:00:00Z,58.8576670328776,µg/m³
Karachi,Karachi Zoo,2025-11-25T07:00:00Z,61.74716669718424,µg/m³
Karachi,WWF-Pakistan Karachi Office,2025-11-25T07:00:00Z,68.0,µg/m³
Karachi,Karachi Zoo,2025-11-25T08:00:00Z,53.40800018310548,µg/m³
Karachi,WWF-Pakistan Karachi Office,2025-11-25T08:00:00Z,58.0,µg/m³
Karachi,Urban Unit Karachi,2025-11-25T08:00:00Z,51.09683354695638,µg/m³
Karachi,Karachi Zoo,2025-11-25T09:00:00Z,60.894666544596355,µg/m³
Karachi,Urban Unit Karachi,2025-11-25T09:00:00Z,51.333666483561196,µg/m³
Karachi,WWF-Pakistan Karachi Office,2025-11-25T09:00:00Z,61.0,µg/m³
Karachi,Karachi Zoo,2025-11-25T10:00:00Z,64.61666666666666,µg/m³
Karachi,Urban Unit Karachi,2025-11-25T10:00:00Z,55.02466684977214,µg/m³
Karachi,WWF-Pakistan Karachi Office,2025-11-25T10:00:00Z,63.0,µg/m³
Karachi,Urban Unit Karachi,2025-11-25T11:00:00Z,54.79966684977213,µg/m³
Karachi,Karachi Zoo,2025-11-25T11:00:00Z,88.91949996948243,µg/m³
Karachi,WWF-Pakistan Karachi Office,2025-11-25T11:00:00Z,64.0,µg/m³
Karachi,"DHA, Karachi",2025-11-25T12:00:00Z,73.53,µg/m³
Karachi,Karachi Zoo,2025-11-25T12:00:00Z,84.88600006103515,µg/m³
Karachi,WWF-Pakistan Karachi Office,2025-11-25T12:00:00Z,68.0,µg/m³
Karachi,Urban Unit Karachi,2025-11-25T12:00:00Z,59.07733357747396,µg/m³
Karachi,Urban Unit Karachi,2025-11-25T13:00:00Z,75.06920846303304,µg/m³
Karachi,WWF-Pakistan Karachi Office,2025-11-25T13:00:00Z,80.0,µg/m³
Karachi,"DHA, Karachi",2025-11-25T13:00:00Z,89.2029998779297,µg/m³
Karachi,Urban Unit Karachi,2025-11-25T14:00:00Z,85.12766672770182,µg/m³
Karachi,"DHA, Karachi",2025-11-25T14:00:00Z,98.2806666056315,µg/m³
Karachi,Karachi Zoo,2025-11-25T14:00:00Z,80.48133341471355,µg/m³
Karachi,WWF-Pakistan Karachi Office,2025-11-25T14:00:00Z,93.0,µg/m³
Karachi,Karachi Zoo,2025-11-25T15:00:00Z,76.73916651407879,µg/m³
Karachi,Urban Unit Karachi,2025-11-25T15:00:00Z,80.2913335164388,µg/m³
Karachi,"DHA, Karachi",2025-11-25T15:00:00Z,100.76149978637694,µg/m³
Karachi,Urban Unit Karachi,2025-11-25T16:00:00Z,80.62466684977211,µg/m³
Karachi,"DHA, Karachi",2025-11-25T16:00:00Z,96.27766672770183,µg/m³
Karachi,WWF-Pakistan Karachi Office,2025-11-25T16:00:00Z,95.0,µg/m³
Karachi,Karachi Zoo,2025-11-25T16:00:00Z,89.22816645304361,µg/m³
Karachi,Urban Unit Karachi,2025-11-25T17:00:00Z,75.78033345540364,µg/m³
Karachi,"DHA, Karachi",2025-11-25T17:00:00Z,93.15833333333335,µg/m³
Karachi,WWF-Pakistan Karachi Office,2025-11-25T17:00:00Z,83.0,µg/m³
Karachi,Karachi Zoo,2025-11-25T17:00:00Z,85.74733327229819,µg/m³
Karachi,Karachi Zoo,2025-11-25T18:00:00Z,73.62266642252605,µg/m³
Karachi,Urban Unit Karachi,2025-11-25T18:00:00Z,84.2361666361491,µg/m³
Karachi,WWF-Pakistan Karachi Office,2025-11-25T18:00:00Z,86.0,µg/m³
Karachi,"DHA, Karachi",2025-11-25T18:00:00Z,84.1138333638509,µg/m³
Karachi,WWF-Pakistan Karachi Office,2025-11-25T19:00:00Z,92.0,µg/m³
Karachi,Karachi Zoo,2025-11-25T19:00:00Z,68.70633290608724,µg/m³
Karachi,Urban Unit Karachi,2025-11-25T19:00:00Z,86.48583348592122,µg/m³
Karachi,"DHA, Karachi",2025-11-25T19:00:00Z,87.80000000000001,µg/m³
Karachi,WWF-Pakistan Karachi Office,2025-11-25T20:00:00Z,80.0,µg/m³
Karachi,"DHA, Karachi",2025-11-25T20:00:00Z,100.88649978637694,µg/m³
Karachi,Urban Unit Karachi,2025-11-25T20:00:00Z,78.10533345540364,µg/m³
Karachi,Karachi Zoo,2025-11-25T20:00:00Z,79.13349990844726,µg/m³
Karachi,Urban Unit Karachi,2025-11-25T21:00:00Z,71.75016657511394,µg/m³
Karachi,WWF-Pakistan Karachi Office,2025-11-25T21:00:00Z,77.0,µg/m³
Karachi,Karachi Zoo,2025-11-25T21:00:00Z,76.11650009155274,µg/m³
Karachi,"DHA, Karachi",2025-11-25T21:00:00Z,107.6973332722982,µg/m³
Karachi,Urban Unit Karachi,2025-11-25T22:00:00Z,63.672499847412105,µg/m³
Karachi,WWF-Pakistan Karachi Office,2025-11-25T22:00:00Z,69.0,µg/m³
Karachi,"DHA, Karachi",2025-11-25T22:00:00Z,85.22783330281574,µg/m³
Karachi,Karachi Zoo,2025-11-25T22:00:00Z,65.21149978637695,µg/m³
Karachi,Karachi Zoo,2025-11-25T23:00:00Z,76.30266672770182,µg/m³
Karachi,"DHA, Karachi",2025-11-25T23:00:00Z,71.31916681925456,µg/m³
Karachi,WWF-Pakistan Karachi Office,2025-11-25T23:00:00Z,75.0,µg/m³
Karachi,Urban Unit Karachi,2025-11-25T23:00:00Z,69.09449996948243,µg/m³
Karachi,Urban Unit Karachi,2025-11-26T00:00:00Z,70.9418332417806,µg/m³
Karachi,"DHA, Karachi",2025-11-26T00:00:00Z,71.73383305867513,µg/m³
Karachi,Karachi Zoo,2025-11-26T00:00:00Z,65.7693333943685,µg/m³
Karachi,WWF-Pakistan Karachi Office,2025-11-26T00:00:00Z,70.0,µg/m³
Karachi,Urban Unit Karachi,2025-11-26T01:00:00Z,70.3943333943685,µg/m³
Karachi,"DHA, Karachi",2025-11-26T01:00:00Z,75.83633321126301,µg/m³
Karachi,WWF-Pakistan Karachi Office,2025-11-26T01:00:00Z,74.0,µg/m³
Karachi,Karachi Zoo,2025-11-26T01:00:00Z,62.71466623942057,µg/m³
Karachi,Urban Unit Karachi,2025-11-26T02:00:00Z,82.68033345540366,µg/m³
Karachi,"DHA, Karachi",2025-11-26T02:00:00Z,107.1418332417806,µg/m³
Karachi,WWF-Pakistan Karachi Office,2025-11-26T02:00:00Z,94.0,µg/m³
Karachi,Karachi Zoo,2025-11-26T02:00:00Z,78.81812124541311,µg/m³
Karachi,Karachi Zoo,2025-11-26T03:00:00Z,101.91028616768973,µg/m³
Karachi,"DHA, Karachi",2025-11-26T03:00:00Z,135.0418332417806,µg/m³
Karachi,Urban Unit Karachi,2025-11-26T03:00:00Z,85.12179152170818,µg/m³
Karachi,WWF-Pakistan Karachi Office,2025-11-26T03:00:00Z,104.0,µg/m³
Karachi,Urban Unit Karachi,2025-11-26T04:00:00Z,82.8814998626709,µg/m³
Karachi,WWF-Pakistan Karachi Office,2025-11-26T04:00:00Z,104.0,µg/m³
Karachi,"DHA, Karachi",2025-11-26T04:00:00Z,137.71900024414063,µg/m³
Karachi,Urban Unit Karachi,2025-11-26T05:00:00Z,72.33333333333333,µg/m³
Karachi,WWF-Pakistan Karachi Office,2025-11-26T05:00:00Z,84.0,µg/m³
Karachi,Karachi Zoo,2025-11-26T05:00:00Z,115.0,µg/m³
Karachi,"DHA, Karachi",2025-11-26T05:00:00Z,101.67816645304362,µg/m³
Karachi,"DHA, Karachi",2025-11-26T06:00:00Z,69.4643330891927,µg/m³
Karachi,Urban Unit Karachi,2025-11-26T06:00:00Z,59.24716669718425,µg/m³
Karachi,WWF-Pakistan Karachi Office,2025-11-26T06:00:00Z,69.0,µg/m³
Karachi,Karachi Zoo,2025-11-26T07:00:00Z,77.14579130808512,µg/m³
Karachi,WWF-Pakistan Karachi Office,2025-11-26T07:00:00Z,59.0,µg/m³
Karachi,"DHA, Karachi",2025-11-26T07:00:00Z,53.19716669718425,µg/m³
Karachi,Urban Unit Karachi,2025-11-26T07:00:00Z,51.22216669718424,µg/m³
Karachi,WWF-Pakistan Karachi Office,2025-11-26T08:00:00Z,51.0,µg/m³
Karachi,"DHA, Karachi",2025-11-26T08:00:00Z,52.39400024414062,µg/m³
Karachi,Urban Unit Karachi,2025-11-26T08:00:00Z,47.88583348592122,µg/m³
Karachi,Karachi Zoo,2025-11-26T08:00:00Z,55.62875022888184,µg/m³
Karachi,Urban Unit Karachi,2025-11-26T09:00:00Z,48.16062526702881,µg/m³
Karachi,"DHA, Karachi",2025-11-26T09:00:00Z,50.74716669718424,µg/m³
Karachi,WWF-Pakistan Karachi Office,2025-11-26T09:00:00Z,49.0,µg/m³
Karachi,Karachi Zoo,2025-11-26T09:00:00Z,57.09090909090909,µg/m³
Karachi,G3 Engineering Consultants karachi,2025-11-26T10:00:00Z,66.2456005859375,µg/m³
Karachi,WWF-Pakistan Karachi Office,2025-11-26T10:00:00Z,70.0,µg/m³
Karachi,Karachi Zoo,2025-11-26T10:00:00Z,74.25774993896485,µg/m³
Karachi,Urban Unit Karachi,2025-11-26T10:00:00Z,65.84233296712239,µg/m³
Karachi,"DHA, Karachi",2025-11-26T10:00:00Z,56.218667093912764,µg/m³
Karachi,Karachi Zoo,2025-11-26T11:00:00Z,67.41933339436848,µg/m³
Karachi,WWF-Pakistan Karachi Office,2025-11-26T11:00:00Z,86.0,µg/m³
Karachi,G3 Engineering Consultants karachi,2025-11-26T11:00:00Z,62.38583348592122,µg/m³
Karachi,Urban Unit Karachi,2025-11-26T11:00:00Z,75.05,µg/m³
Karachi,"DHA, Karachi",2025-11-26T11:00:00Z,63.7163335164388,µg/m³
Karachi,"DHA, Karachi",2025-11-26T12:00:00Z,62.307667032877596,µg/m³
Karachi,Urban Unit Karachi,2025-11-26T12:00:00Z,82.92483342488607,µg/m³
Karachi,Karachi Zoo,2025-11-26T12:00:00Z,80.4306666056315,µg/m³
Karachi,G3 Engineering Consultants karachi,2025-11-26T12:00:00Z,67.43916651407878,µg/m³
Karachi,WWF-Pakistan Karachi Office,2025-11-26T12:00:00Z,89.0,µg/m³
Karachi,Karachi Zoo,2025-11-26T13:00:00Z,99.94416681925456,µg/m³
Karachi,Urban Unit Karachi,2025-11-26T13:00:00Z,89.63416659037271,µg/m³
Karachi,"DHA, Karachi",2025-11-26T13:00:00Z,71.66634701622856,µg/m³
Karachi,WWF-Pakistan Karachi Office,2025-11-26T13:00:00Z,105.0,µg/m³
Karachi,G3 Engineering Consultants karachi,2025-11-26T13:00:00Z,88.05016657511392,µg/m³
Karachi,Karachi Zoo,2025-11-26T14:00:00Z,166.9664993286133,µg/m³
Karachi,"DHA, Karachi",2025-11-26T14:00:00Z,83.25233357747395,µg/m³
Karachi,G3 Engineering Consultants karachi,2025-11-26T14:00:00Z,136.55883305867516,µg/m³
Karachi,Urban Unit Karachi,2025-11-26T14:00:00Z,103.41966654459634,µg/m³
Karachi,WWF-Pakistan Karachi Office,2025-11-26T14:00:00Z,126.0,µg/m³
Karachi,Urban Unit Karachi,2025-11-26T15:00:00Z,105.84416681925455,µg/m³
Karachi,G3 Engineering Consultants karachi,2025-11-26T15:00:00Z,139.1631670633952,µg/m³
Karachi,WWF-Pakistan Karachi Office,2025-11-26T15:00:00Z,123.0,µg/m³
Karachi,Karachi Zoo,2025-11-26T15:00:00Z,201.81100006103517,µg/m³
Karachi,"DHA, Karachi",2025-11-26T15:00:00Z,115.17983373006184,µg/m³
Karachi,Urban Unit Karachi,2025-11-26T16:00:00Z,84.57466684977213,µg/m³
Karachi,"DHA, Karachi",2025-11-26T16:00:00Z,109.2861666361491,µg/m³
Karachi,WWF-Pakistan Karachi Office,2025-11-26T16:00:00Z,99.0,µg/m³
Karachi,Karachi Zoo,2025-11-26T16:00:00Z,98.45316645304364,µg/m³
Karachi,G3 Engineering Consultants karachi,2025-11-26T16:00:00Z,92.64199981689454,µg/m³
Karachi,WWF-Pakistan Karachi Office,2025-11-26T17:00:00Z,98.0,µg/m³
Karachi,Karachi Zoo,2025-11-26T17:00:00Z,117.37216669718426,µg/m³
Karachi,"DHA, Karachi",2025-11-26T17:00:00Z,84.80550003051758,µg/m³
Karachi,G3 Engineering Consultants karachi,2025-11-26T17:00:00Z,116.07283299763996,µg/m³
Karachi,Urban Unit Karachi,2025-11-26T17:00:00Z,107.24183324178058,µg/m³
Karachi,G3 Engineering Consultants karachi,2025-11-26T18:00:00Z,113.24533284505209,µg/m³
Karachi,Karachi Zoo,2025-11-26T18:00:00Z,98.86666666666667,µg/m³
Karachi,"DHA, Karachi",2025-11-26T18:00:00Z,109.28583348592123,µg/m³
Karachi,Urban Unit Karachi,2025-11-26T18:00:00Z,109.25550003051758,µg/m³
Karachi,WWF-Pakistan Karachi Office,2025-11-26T18:00:00Z,101.0,µg/m³
Karachi,Karachi Zoo,2025-11-26T19:00:00Z,75.43899993896486,µg/m³
Karachi,Urban Unit Karachi,2025-11-26T19:00:00Z,130.38899993896482,µg/m³
Karachi,WWF-Pakistan Karachi Office,2025-11-26T19:00:00Z,105.0,µg/m³
Karachi,G3 Engineering Consultants karachi,2025-11-26T19:00:00Z,100.39416681925456,µg/m³
Karachi,"DHA, Karachi",2025-11-26T19:00:00Z,112.99466654459633,µg/m³
Karachi,G3 Engineering Consultants karachi,2025-11-26T20:00:00Z,89.29466654459634,µg/m³
Karachi,WWF-Pakistan Karachi Office,2025-11-26T20:00:00Z,84.0,µg/m³
Karachi,"DHA, Karachi",2025-11-26T20:00:00Z,88.31049982706706,µg/m³
Karachi,Karachi Zoo,2025-11-26T20:00:00Z,84.90016657511393,µg/m³
Karachi,Urban Unit Karachi,2025-11-26T20:00:00Z,88.49733327229819,µg/m³
Karachi,"DHA, Karachi",2025-11-26T21:00:00Z,80.66166712443034,µg/m³
Karachi,WWF-Pakistan Karachi Office,2025-11-26T21:00:00Z,75.0,µg/m³
Karachi,G3 Engineering Consultants karachi,2025-11-26T21:00:00Z,73.70550003051757,µg/m³
Karachi,Karachi Zoo,2025-11-26T21:00:00Z,91.57491709391275,µg/m³
Karachi,Urban Unit Karachi,2025-11-26T21:00:00Z,73.59433339436849,µg/m³
Karachi,G3 Engineering Consultants karachi,2025-11-26T22:00:00Z,67.2,µg/m³
Karachi,Karachi Zoo,2025-11-26T22:00:00Z,96.46966654459635,µg/m³
Karachi,"DHA, Karachi",2025-11-26T22:00:00Z,76.73154188791911,µg/m³
Karachi,Urban Unit Karachi,2025-11-26T22:00:00Z,68.24416681925454,µg/m³
Karachi,WWF-Pakistan Karachi Office,2025-11-26T22:00:00Z,70.0,µg/m³
Karachi,Karachi Zoo,2025-11-26T23:00:00Z,67.24733327229819,µg/m³
Karachi,WWF-Pakistan Karachi Office,2025-11-26T23:00:00Z,70.0,µg/m³
Karachi,Urban Unit Karachi,2025-11-26T23:00:00Z,66.06416651407878,µg/m³
Karachi,G3 Engineering Consultants karachi,2025-11-26T23:00:00Z,67.91999969482423,µg/m³
Karachi,"DHA, Karachi",2025-11-26T23:00:00Z,73.2051668802897,µg/m³
Karachi,"DHA, Karachi",2025-11-27T00:00:00Z,70.73349990844726,µg/m³
Karachi,G3 Engineering Consultants karachi,2025-11-27T00:00:00Z,69.95016657511393,µg/m³
Karachi,WWF-Pakistan Karachi Office,2025-11-27T00:00:00Z,78.0,µg/m³
Karachi,Karachi Zoo,2025-11-27T00:00:00Z,63.81133321126302,µg/m³
Karachi,Urban Unit Karachi,2025-11-27T00:00:00Z,68.37483342488606,µg/m³
Karachi,Karachi Zoo,2025-11-27T01:00:00Z,72.35599975585937,µg/m³
Karachi,Urban Unit Karachi,2025-11-27T01:00:00Z,68.9331667582194,µg/m³
Karachi,WWF-Pakistan Karachi Office,2025-11-27T01:00:00Z,79.0,µg/m³
Karachi,"DHA, Karachi",2025-11-27T01:00:00Z,79.63916651407877,µg/m³
Karachi,G3 Engineering Consultants karachi,2025-11-27T01:00:00Z,68.16350021362304,µg/m³
Karachi,Karachi Zoo,2025-11-27T02:00:00Z,82.17816645304362,µg/m³
Karachi,Urban Unit Karachi,2025-11-27T02:00:00Z,76.3576670328776,µg/m³
Karachi,"DHA, Karachi",2025-11-27T02:00:00Z,90.78633321126301,µg/m³
Karachi,G3 Engineering Consultants karachi,2025-11-27T02:00:00Z,73.05016657511392,µg/m³
Karachi,Karachi Zoo,2025-11-27T03:00:00Z,96.08050003051757,µg/m³
Karachi,Urban Unit Karachi,2025-11-27T03:00:00Z,75.38966623942058,µg/m³
Karachi,"DHA, Karachi",2025-11-27T03:00:00Z,92.08333333333333,µg/m³
Karachi,WWF-Pakistan Karachi Office,2025-11-27T03:00:00Z,106.0,µg/m³
Karachi,G3 Engineering Consultants karachi,2025-11-27T03:00:00Z,76.05849990844726,µg/m³
Karachi,Urban Unit Karachi,2025-11-27T04:00:00Z,72.27233327229818,µg/m³
Karachi,"DHA, Karachi",2025-11-27T04:00:00Z,81.54416681925456,µg/m³
Karachi,WWF-Pakistan Karachi Office,2025-11-27T04:00:00Z,100.0,µg/m³
Karachi,G3 Engineering Consultants karachi,2025-11-27T04:00:00Z,69.70283330281576,µg/m³
Karachi,Karachi Zoo,2025-11-27T04:00:00Z,84.0918332417806,µg/m³
Karachi,Urban Unit Karachi,2025-11-27T05:00:00Z,74.02566630045573,µg/m³
Karachi,Karachi Zoo,2025-11-27T05:00:00Z,68.84322213066949,µg/m³
Karachi,WWF-Pakistan Karachi Office,2025-11-27T05:00:00Z,102.0,µg/m³
Karachi,G3 Engineering Consultants karachi,2025-11-27T05:00:00Z,70.4055000305176,µg/m³
Karachi,"DHA, Karachi",2025-11-27T05:00:00Z,65.56916681925456,µg/m³
Karachi,WWF-Pakistan Karachi Office,2025-11-27T06:00:00Z,92.0,µg/m³
Karachi,Urban Unit Karachi,2025-11-27T06:00:00Z,69.6034862306383,µg/m³
Karachi,G3 Engineering Consultants karachi,2025-11-27T06:00:00Z,65.93866678873697,µg/m³
Karachi,"DHA, Karachi",2025-11-27T06:00:00Z,62.00299987792968,µg/m³
Karachi,Karachi Zoo,2025-11-27T06:00:00Z,74.63300018310547,µg/m³
Karachi,WWF-Pakistan Karachi Office,2025-11-27T07:00:00Z,79.0,µg/m³
Karachi,Karachi Zoo,2025-11-27T07:00:00Z,63.99950027465821,µg/m³
Karachi,"DHA, Karachi",2025-11-27T07:00:00Z,58.958499908447266,µg/m³
Karachi,Urban Unit Karachi,2025-11-27T07:00:00Z,65.11949996948243,µg/m³
Karachi,G3 Engineering Consultants karachi,2025-11-27T07:00:00Z,59.85766703287761,µg/m³
Karachi,Karachi Zoo,2025-11-27T08:00:00Z,62.072333272298174,µg/m³
Karachi,WWF-Pakistan Karachi Office,2025-11-27T08:00:00Z,74.0,µg/m³
Karachi,"DHA, Karachi",2025-11-27T08:00:00Z,57.94150009155273,µg/m³
Karachi,Urban Unit Karachi,2025-11-27T08:00:00Z,58.46900024414063,µg/m³
Karachi,G3 Engineering Consultants karachi,2025-11-27T08:00:00Z,55.86916681925456,µg/m³
Karachi,Karachi Zoo,2025-11-27T09:00:00Z,62.20345431241123,µg/m³
Karachi,WWF-Pakistan Karachi Office,2025-11-27T09:00:00Z,73.0,µg/m³
Karachi,Urban Unit Karachi,2025-11-27T09:00:00Z,55.87433331807455,µg/m³
Karachi,"DHA, Karachi",2025-11-27T09:00:00Z,59.197000122070314,µg/m³
Karachi,G3 Engineering Consultants karachi,2025-11-27T09:00:00Z,53.10283330281575,µg/m³
Karachi,Urban Unit Karachi,2025-11-27T10:00:00Z,58.48041674296061,µg/m³
Karachi,WWF-Pakistan Karachi Office,2025-11-27T10:00:00Z,74.0,µg/m³
Karachi,"DHA, Karachi",2025-11-27T10:00:00Z,59.53050003051758,µg/m³
Karachi,G3 Engineering Consultants karachi,2025-11-27T10:00:00Z,55.63649978637695,µg/m³
Karachi,"DHA, Karachi",2025-11-27T11:00:00Z,57.79700012207032,µg/m³
Karachi,G3 Engineering Consultants karachi,2025-11-27T11:00:00Z,57.769000244140635,µg/m³
Karachi,WWF-Pakistan Karachi Office,2025-11-27T11:00:00Z,76.0,µg/m³
Karachi,Karachi Zoo,2025-11-27T11:00:00Z,71.97500000000001,µg/m³
Karachi,G3 Engineering Consultants karachi,2025-11-27T12:00:00Z,58.58120835622152,µg/m³
Karachi,WWF-Pakistan Karachi Office,2025-11-27T12:00:00Z,74.0,µg/m³
Karachi,Karachi Zoo,2025-11-27T12:00:00Z,83.7050003051758,µg/m³
Karachi,"DHA, Karachi",2025-11-27T12:00:00Z,65.72249984741211,µg/m³
Karachi,"DHA, Karachi",2025-11-27T13:00:00Z,65.97466684977215,µg/m³
Karachi,G3 Engineering Consultants karachi,2025-11-27T13:00:00Z,72.74466654459637,µg/m³
Karachi,Karachi Zoo,2025-11-27T13:00:00Z,82.39366709391275,µg/m³
Karachi,WWF-Pakistan Karachi Office,2025-11-27T13:00:00Z,75.0,µg/m³
Karachi,WWF-Pakistan Karachi Office,2025-11-27T14:00:00Z,93.0,µg/m³
Karachi,Karachi Zoo,2025-11-27T14:00:00Z,83.09983342488607,µg/m³
Karachi,"DHA, Karachi",2025-11-27T14:00:00Z,78.85016657511393,µg/m³
Karachi,G3 Engineering Consultants karachi,2025-11-27T14:00:00Z,100.29754174550375,µg/m³
Karachi,WWF-Pakistan Karachi Office,2025-11-27T15:00:00Z,92.0,µg/m³
Karachi,G3 Engineering Consultants karachi,2025-11-27T15:00:00Z,72.73916651407878,µg/m³
Karachi,"DHA, Karachi",2025-11-27T15:00:00Z,83.62216669718424,µg/m³
Karachi,Karachi Zoo,2025-11-27T15:00:00Z,74.51449966430665,µg/m³
Karachi,WWF-Pakistan Karachi Office,2025-11-27T16:00:00Z,84.0,µg/m³
Karachi,"DHA, Karachi",2025-11-27T16:00:00Z,91.31949996948244,µg/m³
Karachi,G3 Engineering Consultants karachi,2025-11-27T16:00:00Z,65.89816614786783,µg/m³
Karachi,Karachi Zoo,2025-11-27T16:00:00Z,72.77783330281575,µg/m³
Karachi,"DHA, Karachi",2025-11-27T17:00:00Z,88.13333333333333,µg/m³
Karachi,WWF-Pakistan Karachi Office,2025-11-27T17:00:00Z,81.0,µg/m³
Karachi,G3 Engineering Consultants karachi,2025-11-27T17:00:00Z,68.32258313496907,µg/m³
Karachi,Karachi Zoo,2025-11-27T17:00:00Z,67.89116694132487,µg/m³
Karachi,WWF-Pakistan Karachi Office,2025-11-27T18:00:00Z,84.0,µg/m³
Karachi,Karachi Zoo,2025-11-27T18:00:00Z,65.90049972534179,µg/m³
Karachi,"DHA, Karachi",2025-11-27T18:00:00Z,89.12983373006183,µg/m³
Karachi,G3 Engineering Consultants karachi,2025-11-27T18:00:00Z,71.03016688028973,µg/m³
Karachi,"DHA, Karachi",2025-11-27T19:00:00Z,85.99199981689453,µg/m³
Karachi,Karachi Zoo,2025-11-27T19:00:00Z,74.89199981689453,µg/m³
Karachi,WWF-Pakistan Karachi Office,2025-11-27T19:00:00Z,89.0,µg/m³
Karachi,G3 Engineering Consultants karachi,2025-11-27T19:00:00Z,76.15599975585936,µg/m³
Karachi,WWF-Pakistan Karachi Office,2025-11-27T20:00:00Z,93.0,µg/m³
Karachi,G3 Engineering Consultants karachi,2025-11-27T20:00:00Z,81.83399963378905,µg/m³
Karachi,Karachi Zoo,2025-11-27T20:00:00Z,85.00533345540363,µg/m³
Karachi,"DHA, Karachi",2025-11-27T20:00:00Z,85.62483342488606,µg/m³
Karachi,WWF-Pakistan Karachi Office,2025-11-27T21:00:00Z,91.0,µg/m³
Karachi,Karachi Zoo,2025-11-27T21:00:00Z,87.11466623942057,µg/m³
Karachi,G3 Engineering Consultants karachi,2025-11-27T21:00:00Z,79.76966654459635,µg/m³
Karachi,"DHA, Karachi",2025-11-27T21:00:00Z,94.34483311971029,µg/m³
Karachi,Karachi Zoo,2025-11-27T22:00:00Z,80.21399993896483,µg/m³
Karachi,WWF-Pakistan Karachi Office,2025-11-27T22:00:00Z,92.0,µg/m³
Karachi,G3 Engineering Consultants karachi,2025-11-27T22:00:00Z,78.53250045776366,µg/m³
Karachi,"DHA, Karachi",2025-11-27T22:00:00Z,91.2004997253418,µg/m³
Karachi,"DHA, Karachi",2025-11-27T23:00:00Z,87.46166636149088,µg/m³
Karachi,WWF-Pakistan Karachi Office,2025-11-27T23:00:00Z,89.0,µg/m³
Karachi,G3 Engineering Consultants karachi,2025-11-27T23:00:00Z,78.0326670328776,µg/m³
Karachi,Karachi Zoo,2025-11-27T23:00:00Z,74.86666666666666,µg/m³
Karachi,WWF-Pakistan Karachi Office,2025-11-28T00:00:00Z,86.0,µg/m³
Karachi,G3 Engineering Consultants karachi,2025-11-28T00:00:00Z,74.0111666361491,µg/m³
Karachi,"DHA, Karachi",2025-11-28T00:00:00Z,83.79449996948243,µg/m³
Karachi,Karachi Zoo,2025-11-28T00:00:00Z,99.26133321126302,µg/m³
Karachi,Karachi Zoo,2025-11-28T01:00:00Z,90.90105548434788,µg/m³
Karachi,G3 Engineering Consultants karachi,2025-11-28T01:00:00Z,73.5081667582194,µg/m³
Karachi,"DHA, Karachi",2025-11-28T01:00:00Z,81.57799987792968,µg/m³
Karachi,WWF-Pakistan Karachi Office,2025-11-28T01:00:00Z,89.0,µg/m³
Karachi,Karachi Zoo,2025-11-28T02:00:00Z,86.79716669718425,µg/m³
Karachi,G3 Engineering Consultants karachi,2025-11-28T02:00:00Z,73.48966623942057,µg/m³
Karachi,WWF-Pakistan Karachi Office,2025-11-28T02:00:00Z,99.0,µg/m³
Karachi,"DHA, Karachi",2025-11-28T02:00:00Z,80.3888333638509,µg/m³
Karachi,Karachi Zoo,2025-11-28T03:00:00Z,101.84199981689453,µg/m³
Karachi,G3 Engineering Consultants karachi,2025-11-28T03:00:00Z,83.35616633097331,µg/m³
Karachi,"DHA, Karachi",2025-11-28T03:00:00Z,91.73099975585939,µg/m³
Karachi,WWF-Pakistan Karachi Office,2025-11-28T03:00:00Z,108.0,µg/m³
Karachi,Karachi Zoo,2025-11-28T04:00:00Z,103.86416651407878,µg/m³
Karachi,G3 Engineering Consultants karachi,2025-11-28T04:00:00Z,93.63316675821939,µg/m³
Karachi,"DHA, Karachi",2025-11-28T04:00:00Z,103.16683324178058,µg/m³
Karachi,WWF-Pakistan Karachi Office,2025-11-28T04:00:00Z,123.0,µg/m³
Karachi,WWF-Pakistan Karachi Office,2025-11-28T05:00:00Z,124.0,µg/m³
Karachi,"DHA, Karachi",2025-11-28T05:00:00Z,102.98366648356118,µg/m³
Karachi,Karachi Zoo,2025-11-28T05:00:00Z,111.98866678873696,µg/m³
Karachi,G3 Engineering Consultants karachi,2025-11-28T05:00:00Z,94.64683354695637,µg/m³
Karachi,"DHA, Karachi",2025-11-28T06:00:00Z,87.55599975585938,µg/m³
Karachi,G3 Engineering Consultants karachi,2025-11-28T06:00:00Z,76.85550003051758,µg/m³
Karachi,WWF-Pakistan Karachi Office,2025-11-28T06:00:00Z,104.0,µg/m³
Karachi,Karachi Zoo,2025-11-28T06:00:00Z,93.69150009155273,µg/m³
Karachi,"DHA, Karachi",2025-11-28T07:00:00Z,72.38349990844726,µg/m³
Karachi,WWF-Pakistan Karachi Office,2025-11-28T07:00:00Z,90.0,µg/m³
Karachi,Karachi Zoo,2025-11-28T07:00:00Z,85.13866640726725,µg/m³
Karachi,G3 Engineering Consultants karachi,2025-11-28T07:00:00Z,70.6331667582194,µg/m³
Karachi,WWF-Pakistan Karachi Office,2025-11-28T08:00:00Z,80.0,µg/m³
Karachi,G3 Engineering Consultants karachi,2025-11-28T08:00:00Z,60.11166636149088,µg/m³
Karachi,"DHA, Karachi",2025-11-28T08:00:00Z,71.3893330891927,µg/m³
Karachi,Karachi Zoo,2025-11-28T08:00:00Z,81.27499999999999,µg/m³
Karachi,Karachi Zoo,2025-11-28T09:00:00Z,65.46633351643881,µg/m³
Karachi,G3 Engineering Consultants karachi,2025-11-28T09:00:00Z,56.76166636149088,µg/m³
Karachi,WWF-Pakistan Karachi Office,2025-11-28T09:00:00Z,70.0,µg/m³
Karachi,"DHA, Karachi",2025-11-28T09:00:00Z,61.57216669718424,µg/m³
Karachi,WWF-Pakistan Karachi Office,2025-11-28T10:00:00Z,67.0,µg/m³
Karachi,"DHA, Karachi",2025-11-28T10:00:00Z,65.09133351643881,µg/m³
Karachi,Karachi Zoo,2025-11-28T10:00:00Z,89.34916712443034,µg/m³
Karachi,G3 Engineering Consultants karachi,2025-11-28T10:00:00Z,53.71116663614908,µg/m³
Karachi,"DHA, Karachi",2025-11-28T11:00:00Z,75.01650009155274,µg/m³
Karachi,Karachi Zoo,2025-11-28T11:00:00Z,86.7050003051758,µg/m³
Karachi,G3 Engineering Consultants karachi,2025-11-28T11:00:00Z,61.88266703287761,µg/m³
Karachi,WWF-Pakistan Karachi Office,2025-11-28T11:00:00Z,73.0,µg/m³
Karachi,WWF-Pakistan Karachi Office,2025-11-28T12:00:00Z,77.0,µg/m³
Karachi,Urban Unit Karachi,2025-11-28T12:00:00Z,66.35424995422363,µg/m³
Karachi,Karachi Zoo,2025-11-28T12:00:00Z,100.63052779303656,µg/m³
Karachi,Urban Unit Karachi,2025-11-28T12:00:00Z,55.4,µg/m³
Karachi,G3 Engineering Consultants karachi,2025-11-28T12:00:00Z,65.94100036621094,µg/m³
Karachi,"DHA, Karachi",2025-11-28T12:00:00Z,77.21666666666665,µg/m³
Karachi,WWF-Pakistan Karachi Office,2025-11-28T13:00:00Z,77.0,µg/m³
Karachi,"DHA, Karachi",2025-11-28T13:00:00Z,81.54683354695639,µg/m³
Karachi,Urban Unit Karachi,2025-11-28T13:00:00Z,66.65849990844728,µg/m³
Karachi,G3 Engineering Consultants karachi,2025-11-28T13:00:00Z,73.07137470245361,µg/m³
Karachi,Karachi Zoo,2025-11-28T13:00:00Z,91.99275016784668,µg/m³
Karachi,G3 Engineering Consultants karachi,2025-11-28T14:00:00Z,74.90800018310547,µg/m³
Karachi,"DHA, Karachi",2025-11-28T14:00:00Z,93.24199981689453,µg/m³
Karachi,WWF-Pakistan Karachi Office,2025-11-28T14:00:00Z,81.0,µg/m³
Karachi,Karachi Zoo,2025-11-28T14:00:00Z,77.6751390669081,µg/m³
Karachi,Urban Unit Karachi,2025-11-28T14:00:00Z,65.75016657511394,µg/m³
Karachi,WWF-Pakistan Karachi Office,2025-11-28T15:00:00Z,88.0,µg/m³
Karachi,Karachi Zoo,2025-11-28T15:00:00Z,81.16050033569336,µg/m³
Karachi,G3 Engineering Consultants karachi,2025-11-28T15:00:00Z,80.61100006103514,µg/m³
Karachi,Urban Unit Karachi,2025-11-28T15:00:00Z,77.58566691080729,µg/m³
Karachi,"DHA, Karachi",2025-11-28T15:00:00Z,96.58566691080729,µg/m³
Karachi,WWF-Pakistan Karachi Office,2025-11-28T16:00:00Z,94.0,µg/m³
Karachi,Karachi Zoo,2025-11-28T16:00:00Z,86.72533315022787,µg/m³
Karachi,Urban Unit Karachi,2025-11-28T16:00:00Z,77.55783360799153,µg/m³
Karachi,"DHA, Karachi",2025-11-28T16:00:00Z,106.07533315022788,µg/m³
Karachi,G3 Engineering Consultants karachi,2025-11-28T16:00:00Z,78.28633321126301,µg/m³
Karachi,Karachi Zoo,2025-11-28T17:00:00Z,95.09716669718425,µg/m³
Karachi,"DHA, Karachi",2025-11-28T17:00:00Z,100.83033345540365,µg/m³
Karachi,WWF-Pakistan Karachi Office,2025-11-28T17:00:00Z,104.0,µg/m³
Karachi,G3 Engineering Consultants karachi,2025-11-28T17:00:00Z,85.12766672770184,µg/m³
Karachi,Urban Unit Karachi,2025-11-28T17:00:00Z,86.42183354695639,µg/m³
Karachi,Urban Unit Karachi,2025-11-28T18:00:00Z,77.77499999999999,µg/m³
Karachi,Karachi Zoo,2025-11-28T18:00:00Z,89.1311663309733,µg/m³
Karachi,"DHA, Karachi",2025-11-28T18:00:00Z,83.98066660563153,µg/m³
Karachi,G3 Engineering Consultants karachi,2025-11-28T18:00:00Z,79.41350021362304,µg/m³
Karachi,Karachi Zoo,2025-11-28T19:00:00Z,84.56916681925456,µg/m³
Karachi,Urban Unit Karachi,2025-11-28T19:00:00Z,76.43066660563152,µg/m³
Karachi,G3 Engineering Consultants karachi,2025-11-28T19:00:00Z,73.56666666666668,µg/m³
Karachi,WWF-Pakistan Karachi Office,2025-11-28T19:00:00Z,84.0,µg/m³
Karachi,"DHA, Karachi",2025-11-28T19:00:00Z,79.7949996948242,µg/m³
Karachi,Urban Unit Karachi,2025-11-28T20:00:00Z,78.98566691080731,µg/m³
Karachi,Karachi Zoo,2025-11-28T20:00:00Z,74.35866648356121,µg/m³
Karachi,"DHA, Karachi",2025-11-28T20:00:00Z,81.58349990844727,µg/m³
Karachi,WWF-Pakistan Karachi Office,2025-11-28T20:00:00Z,84.0,µg/m³
Karachi,G3 Engineering Consultants karachi,2025-11-28T20:00:00Z,96.21966654459635,µg/m³
Karachi,"DHA, Karachi",2025-11-28T21:00:00Z,86.05000000000001,µg/m³
Karachi,WWF-Pakistan Karachi Office,2025-11-28T21:00:00Z,89.0,µg/m³
Karachi,G3 Engineering Consultants karachi,2025-11-28T21:00:00Z,85.58649978637696,µg/m³
Karachi,Karachi Zoo,2025-11-28T21:00:00Z,71.3081667582194,µg/m³
Karachi,Urban Unit Karachi,2025-11-28T21:00:00Z,84.63300018310547,µg/m³
Karachi,G3 Engineering Consultants karachi,2025-11-28T22:00:00Z,78.81350021362304,µg/m³
Karachi,Karachi Zoo,2025-11-28T22:00:00Z,70.65866648356119,µg/m³
Karachi,WWF-Pakistan Karachi Office,2025-11-28T22:00:00Z,88.0,µg/m³
Karachi,"DHA, Karachi",2025-11-28T22:00:00Z,81.28949966430663,µg/m³
Karachi,Urban Unit Karachi,2025-11-28T22:00:00Z,81.79416681925456,µg/m³
Karachi,G3 Engineering Consultants karachi,2025-11-28T23:00:00Z,76.04733327229816,µg/m³
Karachi,WWF-Pakistan Karachi Office,2025-11-28T23:00:00Z,84.0,µg/m³
Karachi,"DHA, Karachi",2025-11-28T23:00:00Z,78.8551668802897,µg/m³
Karachi,Urban Unit Karachi,2025-11-28T23:00:00Z,75.78133290608724,µg/m³
Karachi,Karachi Zoo,2025-11-28T23:00:00Z,76.4995002746582,µg/m³
Karachi,G3 Engineering Consultants karachi,2025-11-29T00:00:00Z,75.08300018310547,µg/m³
Karachi,Urban Unit Karachi,2025-11-29T00:00:00Z,69.95800018310547,µg/m³
Karachi,WWF-Pakistan Karachi Office,2025-11-29T00:00:00Z,75.0,µg/m³
Karachi,Karachi Zoo,2025-11-29T00:00:00Z,70.8525001525879,µg/m³
Karachi,"DHA, Karachi",2025-11-29T00:00:00Z,74.93033345540364,µg/m³
Karachi,Urban Unit Karachi,2025-11-29T01:00:00Z,70.53899993896484,µg/m³
Karachi,G3 Engineering Consultants karachi,2025-11-29T01:00:00Z,75.43349990844727,µg/m³
Karachi,WWF-Pakistan Karachi Office,2025-11-29T01:00:00Z,77.0,µg/m³
Karachi,"DHA, Karachi",2025-11-29T01:00:00Z,74.90599975585938,µg/m³
Karachi,Karachi Zoo,2025-11-29T01:00:00Z,70.98349990844726,µg/m³
Karachi,G3 Engineering Consultants karachi,2025-11-29T02:00:00Z,79.47016626993816,µg/m³
Karachi,"DHA, Karachi",2025-11-29T02:00:00Z,77.56366678873698,µg/m³
Karachi,Urban Unit Karachi,2025-11-29T02:00:00Z,73.5792999267578,µg/m³
Karachi,Karachi Zoo,2025-11-29T02:00:00Z,75.4638333638509,µg/m³
Karachi,WWF-Pakistan Karachi Office,2025-11-29T02:00:00Z,87.0,µg/m³
Karachi,Urban Unit Karachi,2025-11-29T03:00:00Z,91.25800018310548,µg/m³
Karachi,Karachi Zoo,2025-11-29T03:00:00Z,82.90283330281576,µg/m³
Karachi,G3 Engineering Consultants karachi,2025-11-29T03:00:00Z,81.7611666361491,µg/m³
Karachi,WWF-Pakistan Karachi Office,2025-11-29T03:00:00Z,107.0,µg/m³
Karachi,"DHA, Karachi",2025-11-29T03:00:00Z,83.43083318074544,µg/m³
Karachi,G3 Engineering Consultants karachi,2025-11-29T04:00:00Z,77.38083318074546,µg/m³
Karachi,Urban Unit Karachi,2025-11-29T04:00:00Z,82.17266642252605,µg/m³
Karachi,"DHA, Karachi",2025-11-29T04:00:00Z,92.32516657511394,µg/m³
Karachi,Karachi Zoo,2025-11-29T04:00:00Z,90.58099975585935,µg/m³
Karachi,"DHA, Karachi",2025-11-29T05:00:00Z,101.74133351643881,µg/m³
Karachi,WWF-Pakistan Karachi Office,2025-11-29T05:00:00Z,90.0,µg/m³
Karachi,Karachi Zoo,2025-11-29T05:00:00Z,95.17200012207032,µg/m³
Karachi,G3 Engineering Consultants karachi,2025-11-29T05:00:00Z,75.47266642252605,µg/m³
Karachi,Urban Unit Karachi,2025-11-29T05:00:00Z,76.0336664835612,µg/m³
Karachi,Karachi Zoo,2025-11-29T06:00:00Z,79.12216669718424,µg/m³
Karachi,Urban Unit Karachi,2025-11-29T06:00:00Z,71.11399993896485,µg/m³
Karachi,WWF-Pakistan Karachi Office,2025-11-29T06:00:00Z,86.0,µg/m³
Karachi,"DHA, Karachi",2025-11-29T06:00:00Z,96.14716669718423,µg/m³
Karachi,G3 Engineering Consultants karachi,2025-11-29T06:00:00Z,75.84749984741211,µg/m³
Karachi,WWF-Pakistan Karachi Office,2025-11-29T07:00:00Z,74.0,µg/m³
Karachi,G3 Engineering Consultants karachi,2025-11-29T07:00:00Z,66.7943333943685,µg/m³
Karachi,Urban Unit Karachi,2025-11-29T07:00:00Z,63.699999999999996,µg/m³
Karachi,Karachi Zoo,2025-11-29T07:00:00Z,65.59466654459635,µg/m³
Karachi,"DHA, Karachi",2025-11-29T07:00:00Z,80.1534996032715,µg/m³
Karachi,Urban Unit Karachi,2025-11-29T08:00:00Z,56.80479132334391,µg/m³
Karachi,G3 Engineering Consultants karachi,2025-11-29T08:00:00Z,61.33016688028972,µg/m³
Karachi,"DHA, Karachi",2025-11-29T08:00:00Z,66.61900024414062,µg/m³
Karachi,WWF-Pakistan Karachi Office,2025-11-29T08:00:00Z,65.0,µg/m³
Karachi,Karachi Zoo,2025-11-29T08:00:00Z,55.31933339436848,µg/m³
Karachi,"DHA, Karachi",2025-11-29T09:00:00Z,61.613833363850915,µg/m³
Karachi,Karachi Zoo,2025-11-29T09:00:00Z,56.88349990844727,µg/m³
Karachi,Urban Unit Karachi,2025-11-29T09:00:00Z,57.68800048828124,µg/m³
Karachi,G3 Engineering Consultants karachi,2025-11-29T09:00:00Z,56.427500152587896,µg/m³
Karachi,Urban Unit Karachi,2025-11-29T10:00:00Z,53.90849990844726,µg/m³
Karachi,Karachi Zoo,2025-11-29T10:00:00Z,57.75033315022787,µg/m³
Karachi,G3 Engineering Consultants karachi,2025-11-29T10:00:00Z,53.49499969482421,µg/m³
Karachi,"DHA, Karachi",2025-11-29T10:00:00Z,59.36916681925456,µg/m³
Karachi,WWF-Pakistan Karachi Office,2025-11-29T10:00:00Z,66.0,µg/m³
Karachi,WWF-Pakistan Karachi Office,2025-11-29T11:00:00Z,67.0,µg/m³
Karachi,"DHA, Karachi",2025-11-29T11:00:00Z,56.361000061035156,µg/m³
Karachi,G3 Engineering Consultants karachi,2025-11-29T11:00:00Z,55.70533345540364,µg/m³
Karachi,Karachi Zoo,2025-11-29T11:00:00Z,61.15800018310548,µg/m³
Karachi,Urban Unit Karachi,2025-11-29T11:00:00Z,56.34466654459635,µg/m³
Karachi,"DHA, Karachi",2025-11-29T12:00:00Z,61.9836664835612,µg/m³
Karachi,Karachi Zoo,2025-11-29T12:00:00Z,56.77866617838541,µg/m³
Karachi,G3 Engineering Consultants karachi,2025-11-29T12:00:00Z,66.17283299763999,µg/m³
Karachi,WWF-Pakistan Karachi Office,2025-11-29T12:00:00Z,84.0,µg/m³
Karachi,Urban Unit Karachi,2025-11-29T12:00:00Z,76.43083318074544,µg/m³
Karachi,WWF-Pakistan Karachi Office,2025-11-29T13:00:00Z,91.0,µg/m³
Karachi,Urban Unit Karachi,2025-11-29T13:00:00Z,86.57066675821939,µg/m³
Karachi,G3 Engineering Consultants karachi,2025-11-29T13:00:00Z,88.5163335164388,µg/m³
Karachi,Karachi Zoo,2025-11-29T13:00:00Z,84.91699981689452,µg/m³
Karachi,"DHA, Karachi",2025-11-29T13:00:00Z,84.39133351643879,µg/m³
Karachi,G3 Engineering Consultants karachi,2025-11-29T14:00:00Z,114.6754997253418,µg/m³
Karachi,WWF-Pakistan Karachi Office,2025-11-29T14:00:00Z,97.0,µg/m³
Karachi,Karachi Zoo,2025-11-29T14:00:00Z,90.05000000000001,µg/m³
Karachi,"DHA, Karachi",2025-11-29T14:00:00Z,108.07647217644585,µg/m³
Karachi,WWF-Pakistan Karachi Office,2025-11-29T15:00:00Z,106.0,µg/m³
Karachi,G3 Engineering Consultants karachi,2025-11-29T15:00:00Z,115.24966684977215,µg/m³
Karachi,Karachi Zoo,2025-11-29T15:00:00Z,98.9993336995443,µg/m³
Karachi,"DHA, Karachi",2025-11-29T15:00:00Z,116.6949996948242,µg/m³
Karachi,WWF-Pakistan Karachi Office,2025-11-29T16:00:00Z,105.0,µg/m³
Karachi,Karachi Zoo,2025-11-29T16:00:00Z,93.8163335164388,µg/m³
Karachi,G3 Engineering Consultants karachi,2025-11-29T16:00:00Z,107.49183324178061,µg/m³
Karachi,"DHA, Karachi",2025-11-29T16:00:00Z,119.23600006103517,µg/m³
Karachi,G3 Engineering Consultants karachi,2025-11-29T17:00:00Z,105.43366648356118,µg/m³
Karachi,Karachi Zoo,2025-11-29T17:00:00Z,91.94433339436848,µg/m³
Karachi,"DHA, Karachi",2025-11-29T17:00:00Z,141.0055000305176,µg/m³
Karachi,WWF-Pakistan Karachi Office,2025-11-29T17:00:00Z,131.0,µg/m³
Karachi,"DHA, Karachi",2025-11-29T18:00:00Z,129.9361666361491,µg/m³
Karachi,Karachi Zoo,2025-11-29T18:00:00Z,106.42766672770182,µg/m³
Karachi,WWF-Pakistan Karachi Office,2025-11-29T18:00:00Z,128.0,µg/m³
Karachi,G3 Engineering Consultants karachi,2025-11-29T18:00:00Z,107.69483311971028,µg/m³
Karachi,G3 Engineering Consultants karachi,2025-11-29T19:00:00Z,109.47733357747398,µg/m³
Karachi,"DHA, Karachi",2025-11-29T19:00:00Z,113.15283330281575,µg/m³
Karachi,WWF-Pakistan Karachi Office,2025-11-29T19:00:00Z,121.0,µg/m³
Karachi,Karachi Zoo,2025-11-29T19:00:00Z,103.53949966430663,µg/m³
Karachi,WWF-Pakistan Karachi Office,2025-11-29T20:00:00Z,107.0,µg/m³
Karachi,Karachi Zoo,2025-11-29T20:00:00Z,132.5141665140788,µg/m³
Karachi,"DHA, Karachi",2025-11-29T20:00:00Z,93.63050003051757,µg/m³
Karachi,G3 Engineering Consultants karachi,2025-11-29T20:00:00Z,97.36133321126302,µg/m³
Karachi,Karachi Zoo,2025-11-29T21:00:00Z,110.70816675821942,µg/m³
Karachi,WWF-Pakistan Karachi Office,2025-11-29T21:00:00Z,95.0,µg/m³
Karachi,"DHA, Karachi",2025-11-29T21:00:00Z,84.58050003051757,µg/m³
Karachi,G3 Engineering Consultants karachi,2025-11-29T21:00:00Z,89.325,µg/m³
Karachi,WWF-Pakistan Karachi Office,2025-11-29T22:00:00Z,86.0,µg/m³
Karachi,G3 Engineering Consultants karachi,2025-11-29T22:00:00Z,77.42249984741211,µg/m³
Karachi,"DHA, Karachi",2025-11-29T22:00:00Z,94.56966654459633,µg/m³
Karachi,Karachi Zoo,2025-11-29T22:00:00Z,98.75750045776368,µg/m³
Karachi,G3 Engineering Consultants karachi,2025-11-29T23:00:00Z,80.78949966430663,µg/m³
Karachi,WWF-Pakistan Karachi Office,2025-11-29T23:00:00Z,85.0,µg/m³
Karachi,Karachi Zoo,2025-11-29T23:00:00Z,112.62166697184244,µg/m³
Karachi,"DHA, Karachi",2025-11-29T23:00:00Z,85.32466684977214,µg/m³
Karachi,G3 Engineering Consultants karachi,2025-11-30T00:00:00Z,83.90550003051759,µg/m³
Karachi,WWF-Pakistan Karachi Office,2025-11-30T00:00:00Z,80.0,µg/m³
Karachi,Karachi Zoo,2025-11-30T00:00:00Z,60.003333028157556,µg/m³
Karachi,"DHA, Karachi",2025-11-30T00:00:00Z,89.78000030517579,µg/m³
Karachi,WWF-Pakistan Karachi Office,2025-11-30T01:00:00Z,75.0,µg/m³
Karachi,G3 Engineering Consultants karachi,2025-11-30T01:00:00Z,70.88000030517578,µg/m³
Karachi,Karachi Zoo,2025-11-30T01:00:00Z,54.09166666666667,µg/m³
Karachi,"DHA, Karachi",2025-11-30T01:00:00Z,113.23333333333335,µg/m³
Karachi,"DHA, Karachi",2025-11-30T02:00:00Z,88.13866678873698,µg/m³
Karachi,Karachi Zoo,2025-11-30T02:00:00Z,64.24716669718423,µg/m³
Karachi,WWF-Pakistan Karachi Office,2025-11-30T02:00:00Z,75.0,µg/m³
Karachi,G3 Engineering Consultants karachi,2025-11-30T02:00:00Z,75.43399963378906,µg/m³
Karachi,"DHA, Karachi",2025-11-30T03:00:00Z,104.75316645304362,µg/m³
Karachi,Karachi Zoo,2025-11-30T03:00:00Z,97.44716669718424,µg/m³
Karachi,WWF-Pakistan Karachi Office,2025-11-30T03:00:00Z,77.0,µg/m³
Karachi,G3 Engineering Consultants karachi,2025-11-30T03:00:00Z,75.43616663614908,µg/m³
Karachi,Karachi Zoo,2025-11-30T04:00:00Z,115.9888333638509,µg/m³
Karachi,WWF-Pakistan Karachi Office,2025-11-30T04:00:00Z,92.0,µg/m³
Karachi,"DHA, Karachi",2025-11-30T04:00:00Z,95.36949996948242,µg/m³
Karachi,G3 Engineering Consultants karachi,2025-11-30T04:00:00Z,76.75233357747395,µg/m³
Karachi,WWF-Pakistan Karachi Office,2025-11-30T05:00:00Z,84.0,µg/m³
Karachi,G3 Engineering Consultants karachi,2025-11-30T05:00:00Z,74.18850021362304,µg/m³
Karachi,Karachi Zoo,2025-11-30T05:00:00Z,136.75849990844725,µg/m³
Karachi,Karachi Zoo,2025-11-30T06:00:00Z,83.4470001220703,µg/m³
Karachi,G3 Engineering Consultants karachi,2025-11-30T06:00:00Z,71.24233296712241,µg/m³
Karachi,WWF-Pakistan Karachi Office,2025-11-30T06:00:00Z,80.0,µg/m³
Karachi,WWF-Pakistan Karachi Office,2025-11-30T07:00:00Z,69.0,µg/m³
Karachi,Karachi Zoo,2025-11-30T07:00:00Z,54.966333516438795,µg/m³
Karachi,G3 Engineering Consultants karachi,2025-11-30T07:00:00Z,64.3056666056315,µg/m³
Karachi,G3 Engineering Consultants karachi,2025-11-30T08:00:00Z,51.216999816894536,µg/m³
Karachi,WWF-Pakistan Karachi Office,2025-11-30T08:00:00Z,52.0,µg/m³
Karachi,Karachi Zoo,2025-11-30T08:00:00Z,45.03883336385092,µg/m³
Karachi,G3 Engineering Consultants karachi,2025-11-30T09:00:00Z,45.92766672770182,µg/m³
Karachi,Karachi Zoo,2025-11-30T09:00:00Z,41.533999633789065,µg/m³
Karachi,Karachi Zoo,2025-11-30T10:00:00Z,52.17783330281575,µg/m³
Karachi,G3 Engineering Consultants karachi,2025-11-30T10:00:00Z,47.97200012207031,µg/m³
Karachi,WWF-Pakistan Karachi Office,2025-11-30T10:00:00Z,47.0,µg/m³
Karachi,WWF-Pakistan Karachi Office,2025-11-30T11:00:00Z,61.0,µg/m³
Karachi,G3 Engineering Consultants karachi,2025-11-30T11:00:00Z,46.69483311971029,µg/m³
Karachi,Karachi Zoo,2025-11-30T11:00:00Z,46.57500000000001,µg/m³
Karachi,WWF-Pakistan Karachi Office,2025-11-30T12:00:00Z,63.0,µg/m³
Karachi,G3 Engineering Consultants karachi,2025-11-30T12:00:00Z,45.95799976695667,µg/m³
Karachi,Karachi Zoo,2025-11-30T12:00:00Z,49.527091008966615,µg/m³
Karachi,WWF-Pakistan Karachi Office,2025-11-30T13:00:00Z,65.0,µg/m³
Karachi,Karachi Zoo,2025-11-30T13:00:00Z,50.14433339436849,µg/m³
Karachi,G3 Engineering Consultants karachi,2025-11-30T13:00:00Z,55.94999999999999,µg/m³
Karachi,G3 Engineering Consultants karachi,2025-11-30T14:00:00Z,72.53850021362304,µg/m³
Karachi,Karachi Zoo,2025-11-30T14:00:00Z,52.96100006103515,µg/m³
Karachi,G3 Engineering Consultants karachi,2025-11-30T15:00:00Z,67.6796666463216,µg/m³
Karachi,Karachi Zoo,2025-11-30T15:00:00Z,53.01933339436849,µg/m³
Karachi,WWF-Pakistan Karachi Office,2025-11-30T15:00:00Z,74.0,µg/m³
Karachi,G3 Engineering Consultants karachi,2025-11-30T16:00:00Z,63.83033345540363,µg/m³
Karachi,Karachi Zoo,2025-11-30T16:00:00Z,103.44449996948241,µg/m³
Karachi,WWF-Pakistan Karachi Office,2025-11-30T17:00:00Z,133.0,µg/m³
Karachi,Karachi Zoo,2025-11-30T17:00:00Z,120.17420864105225,µg/m³
Karachi,G3 Engineering Consultants karachi,2025-11-30T17:00:00Z,81.18083318074544,µg/m³
Karachi,G3 Engineering Consultants karachi,2025-11-30T18:00:00Z,111.8775001525879,µg/m³
Karachi,Karachi Zoo,2025-11-30T18:00:00Z,134.11683324178057,µg/m³
Karachi,WWF-Pakistan Karachi Office,2025-11-30T18:00:00Z,148.0,µg/m³
Karachi,Karachi Zoo,2025-11-30T19:00:00Z,174.63600006103516,µg/m³
Karachi,G3 Engineering Consultants karachi,2025-11-30T19:00:00Z,179.6333330790202,µg/m³
Karachi,WWF-Pakistan Karachi Office,2025-11-30T19:00:00Z,153.0,µg/m³
Karachi,Karachi Zoo,2025-11-30T20:00:00Z,191.82750015258785,µg/m³
Karachi,WWF-Pakistan Karachi Office,2025-11-30T20:00:00Z,146.0,µg/m³
Karachi,G3 Engineering Consultants karachi,2025-11-30T20:00:00Z,270.1863337198893,µg/m³
Karachi,G3 Engineering Consultants karachi,2025-11-30T21:00:00Z,151.03116633097332,µg/m³
Karachi,Karachi Zoo,2025-11-30T21:00:00Z,182.2830001831055,µg/m³
Karachi,WWF-Pakistan Karachi Office,2025-11-30T21:00:00Z,156.0,µg/m³
Karachi,G3 Engineering Consultants karachi,2025-11-30T22:00:00Z,160.80066630045573,µg/m³
Karachi,WWF-Pakistan Karachi Office,2025-11-30T22:00:00Z,182.0,µg/m³
Karachi,Karachi Zoo,2025-11-30T22:00:00Z,198.03899993896485,µg/m³
Karachi,G3 Engineering Consultants karachi,2025-11-30T23:00:00Z,251.13616714477538,µg/m³
Karachi,WWF-Pakistan Karachi Office,2025-11-30T23:00:00Z,183.0,µg/m³
Karachi,Karachi Zoo,2025-11-30T23:00:00Z,200.73116633097334,µg/m³
Karachi,G3 Engineering Consultants karachi,2025-12-01T00:00:00Z,213.49962520599365,µg/m³
Karachi,Karachi Zoo,2025-12-01T00:00:00Z,182.95833333333334,µg/m³
Karachi,WWF-Pakistan Karachi Office,2025-12-01T00:00:00Z,161.0,µg/m³
Karachi,WWF-Pakistan Karachi Office,2025-12-01T01:00:00Z,117.0,µg/m³
Karachi,G3 Engineering Consultants karachi,2025-12-01T01:00:00Z,172.13083318074544,µg/m³
Karachi,Karachi Zoo,2025-12-01T01:00:00Z,192.088666788737,µg/m³
Karachi,WWF-Pakistan Karachi Office,2025-12-01T02:00:00Z,122.0,µg/m³
Karachi,Karachi Zoo,2025-12-01T02:00:00Z,164.6418332417806,µg/m³
Karachi,G3 Engineering Consultants karachi,2025-12-01T02:00:00Z,152.59466654459635,µg/m³
Karachi,WWF-Pakistan Karachi Office,2025-12-01T03:00:00Z,110.0,µg/m³
Karachi,Karachi Zoo,2025-12-01T03:00:00Z,157.22816645304363,µg/m³
Karachi,G3 Engineering Consultants karachi,2025-12-01T03:00:00Z,125.45283330281575,µg/m³
Karachi,G3 Engineering Consultants karachi,2025-12-01T04:00:00Z,122.92766672770182,µg/m³
Karachi,Karachi Zoo,2025-12-01T04:00:00Z,172.62566630045578,µg/m³
Karachi,WWF-Pakistan Karachi Office,2025-12-01T04:00:00Z,124.0,µg/m³
Karachi,WWF-Pakistan Karachi Office,2025-12-01T05:00:00Z,110.0,µg/m³
Karachi,Karachi Zoo,2025-12-01T05:00:00Z,141.10583318074544,µg/m³
Karachi,G3 Engineering Consultants karachi,2025-12-01T05:00:00Z,72.26100006103516,µg/m³
Karachi,Karachi Zoo,2025-12-01T06:00:00Z,39.25033318201701,µg/m³
Karachi,G3 Engineering Consultants karachi,2025-12-01T06:00:00Z,80.03899993896484,µg/m³
Karachi,G3 Engineering Consultants karachi,2025-12-01T07:00:00Z,77.29466654459635,µg/m³
Karachi,Karachi Zoo,2025-12-01T07:00:00Z,33.60316648483276,µg/m³
Karachi,WWF-Pakistan Karachi Office,2025-12-01T08:00:00Z,27.0,µg/m³
Karachi,Karachi Zoo,2025-12-01T09:00:00Z,28.464000066121418,µg/m³
Karachi,WWF-Pakistan Karachi Office,2025-12-01T09:00:00Z,30.0,µg/m³
Karachi,G3 Engineering Consultants karachi,2025-12-01T09:00:00Z,24.075166670481362,µg/m³
Karachi,Karachi Zoo,2025-12-01T10:00:00Z,23.379916667938232,µg/m³
Karachi,WWF-Pakistan Karachi Office,2025-12-01T10:00:00Z,24.0,µg/m³
Karachi,G3 Engineering Consultants karachi,2025-12-01T10:00:00Z,23.25300000508626,µg/m³
Karachi,WWF-Pakistan Karachi Office,2025-12-01T11:00:00Z,30.0,µg/m³
Karachi,Karachi Zoo,2025-12-01T11:00:00Z,23.56066665649414,µg/m³
Karachi,G3 Engineering Consultants karachi,2025-12-01T11:00:00Z,18.621666653951007,µg/m³
Karachi,G3 Engineering Consultants karachi,2025-12-01T12:00:00Z,23.288333257039387,µg/m³
Karachi,WWF-Pakistan Karachi Office,2025-12-01T12:00:00Z,46.0,µg/m³
Karachi,Karachi Zoo,2025-12-01T12:00:00Z,36.188999811808266,µg/m³
Karachi,Karachi Zoo,2025-12-01T13:00:00Z,42.41100006103516,µg/m³
Karachi,G3 Engineering Consultants karachi,2025-12-01T13:00:00Z,33.366499964396155,µg/m³
Karachi,WWF-Pakistan Karachi Office,2025-12-01T13:00:00Z,46.0,µg/m³
Karachi,WWF-Pakistan Karachi Office,2025-12-01T14:00:00Z,73.0,µg/m³
Karachi,Karachi Zoo,2025-12-01T14:00:00Z,51.03600006103517,µg/m³
Karachi,G3 Engineering Consultants karachi,2025-12-01T14:00:00Z,36.21383336385091,µg/m³
Karachi,G3 Engineering Consultants karachi,2025-12-01T15:00:00Z,45.63600006103516,µg/m³
Karachi,Karachi Zoo,2025-12-01T15:00:00Z,56.56350021362304,µg/m³
Karachi,WWF-Pakistan Karachi Office,2025-12-01T15:00:00Z,79.0,µg/m³
Karachi,WWF-Pakistan Karachi Office,2025-12-01T16:00:00Z,102.0,µg/m³
Karachi,Karachi Zoo,2025-12-01T16:00:00Z,50.29733327229817,µg/m³
Karachi,Urban Unit Karachi,2025-12-01T16:00:00Z,73.5,µg/m³
Karachi,Urban Unit Karachi,2025-12-01T16:00:00Z,89.53566691080728,µg/m³
Karachi,G3 Engineering Consultants karachi,2025-12-01T16:00:00Z,50.63266703287761,µg/m³
Karachi,Karachi Zoo,2025-12-01T17:00:00Z,93.72783330281577,µg/m³
Karachi,G3 Engineering Consultants karachi,2025-12-01T17:00:00Z,81.93633321126303,µg/m³
Karachi,WWF-Pakistan Karachi Office,2025-12-01T17:00:00Z,116.0,µg/m³
Karachi,Urban Unit Karachi,2025-12-01T17:00:00Z,102.22008336385092,µg/m³
Karachi,WWF-Pakistan Karachi Office,2025-12-01T18:00:00Z,106.0,µg/m³
Karachi,G3 Engineering Consultants karachi,2025-12-01T18:00:00Z,90.04416681925456,µg/m³
Karachi,Karachi Zoo,2025-12-01T18:00:00Z,102.21399993896485,µg/m³
Karachi,Urban Unit Karachi,2025-12-01T18:00:00Z,102.43316675821939,µg/m³
Karachi,Karachi Zoo,2025-12-01T19:00:00Z,115.02566630045573,µg/m³
Karachi,G3 Engineering Consultants karachi,2025-12-01T19:00:00Z,88.54983342488606,µg/m³
Karachi,Urban Unit Karachi,2025-12-01T19:00:00Z,92.91083348592123,µg/m³
Karachi,WWF-Pakistan Karachi Office,2025-12-01T19:00:00Z,90.0,µg/m³
Karachi,WWF-Pakistan Karachi Office,2025-12-01T20:00:00Z,105.0,µg/m³
Karachi,G3 Engineering Consultants karachi,2025-12-01T20:00:00Z,126.23899968465169,µg/m³
Karachi,Karachi Zoo,2025-12-01T20:00:00Z,110.82733357747395,µg/m³
Karachi,Urban Unit Karachi,2025-12-01T20:00:00Z,113.41733296712242,µg/m³
Karachi,WWF-Pakistan Karachi Office,2025-12-01T21:00:00Z,99.0,µg/m³
Karachi,Karachi Zoo,2025-12-01T21:00:00Z,97.86100006103516,µg/m³
Karachi,G3 Engineering Consultants karachi,2025-12-01T21:00:00Z,151.46399993896486,µg/m³
Karachi,Urban Unit Karachi,2025-12-01T21:00:00Z,99.90049972534182,µg/m³
Karachi,WWF-Pakistan Karachi Office,2025-12-01T22:00:00Z,79.0,µg/m³
Karachi,Karachi Zoo,2025-12-01T22:00:00Z,94.03933308919271,µg/m³
Karachi,G3 Engineering Consultants karachi,2025-12-01T22:00:00Z,162.28366648356118,µg/m³
Karachi,Urban Unit Karachi,2025-12-01T22:00:00Z,80.22216669718426,µg/m³
Karachi,Urban Unit Karachi,2025-12-01T23:00:00Z,79.62516657511394,µg/m³
Karachi,Karachi Zoo,2025-12-01T23:00:00Z,88.04466654459635,µg/m³
Karachi,WWF-Pakistan Karachi Office,2025-12-01T23:00:00Z,80.0,µg/m³
Karachi,G3 Engineering Consultants karachi,2025-12-01T23:00:00Z,128.915833791097,µg/m³
Karachi,G3 Engineering Consultants karachi,2025-12-02T00:00:00Z,102.43633321126303,µg/m³
Karachi,Karachi Zoo,2025-12-02T00:00:00Z,86.77249984741212,µg/m³
Karachi,WWF-Pakistan Karachi Office,2025-12-02T00:00:00Z,82.0,µg/m³
Karachi,Urban Unit Karachi,2025-12-02T00:00:00Z,89.66616694132487,µg/m³
Karachi,Karachi Zoo,2025-12-02T01:00:00Z,104.41416651407877,µg/m³
Karachi,G3 Engineering Consultants karachi,2025-12-02T01:00:00Z,89.16100006103515,µg/m³
Karachi,Urban Unit Karachi,2025-12-02T01:00:00Z,90.08899993896483,µg/m³
Karachi,WWF-Pakistan Karachi Office,2025-12-02T01:00:00Z,86.0,µg/m³
Karachi,Urban Unit Karachi,2025-12-02T02:00:00Z,104.4806666056315,µg/m³
Karachi,G3 Engineering Consultants karachi,2025-12-02T02:00:00Z,108.63883336385089,µg/m³
Karachi,Karachi Zoo,2025-12-02T02:00:00Z,82.10883305867513,µg/m³
Karachi,WWF-Pakistan Karachi Office,2025-12-02T02:00:00Z,97.0,µg/m³
Karachi,Karachi Zoo,2025-12-02T03:00:00Z,88.54218195134942,µg/m³
Karachi,G3 Engineering Consultants karachi,2025-12-02T03:00:00Z,121.5116366299716,µg/m³
Karachi,WWF-Pakistan Karachi Office,2025-12-02T03:00:00Z,139.0,µg/m³
Karachi,Urban Unit Karachi,2025-12-02T03:00:00Z,142.50563659667966,µg/m³
Karachi,Urban Unit Karachi,2025-12-02T04:00:00Z,97.36479155222575,µg/m³
Karachi,Karachi Zoo,2025-12-02T04:00:00Z,141.42583287556965,µg/m³
Karachi,G3 Engineering Consultants karachi,2025-12-02T04:00:00Z,102.21083348592123,µg/m³
Karachi,WWF-Pakistan Karachi Office,2025-12-02T04:00:00Z,100.0,µg/m³
Karachi,G3 Engineering Consultants karachi,2025-12-02T05:00:00Z,79.64400024414061,µg/m³
Karachi,WWF-Pakistan Karachi Office,2025-12-02T05:00:00Z,88.0,µg/m³
Karachi,Karachi Zoo,2025-12-02T05:00:00Z,114.65216700236,µg/m³
Karachi,Urban Unit Karachi,2025-12-02T05:00:00Z,89.03533376057942,µg/m³
Karachi,WWF-Pakistan Karachi Office,2025-12-02T06:00:00Z,59.0,µg/m³
Karachi,Urban Unit Karachi,2025-12-02T06:00:00Z,59.3668332417806,µg/m³
Karachi,G3 Engineering Consultants karachi,2025-12-02T06:00:00Z,70.21933339436849,µg/m³
Karachi,Karachi Zoo,2025-12-02T06:00:00Z,82.07016626993816,µg/m³
Karachi,G3 Engineering Consultants karachi,2025-12-02T07:00:00Z,67.85550003051758,µg/m³
Karachi,Karachi Zoo,2025-12-02T07:00:00Z,50.1331667582194,µg/m³
Karachi,Urban Unit Karachi,2025-12-02T07:00:00Z,48.669333394368486,µg/m³
Karachi,Urban Unit Karachi,2025-12-02T08:00:00Z,42.04199981689453,µg/m³
Karachi,G3 Engineering Consultants karachi,2025-12-02T08:00:00Z,79.7,µg/m³
Karachi,WWF-Pakistan Karachi Office,2025-12-02T08:00:00Z,32.0,µg/m³
Karachi,Karachi Zoo,2025-12-02T08:00:00Z,47.8525001525879,µg/m³
Karachi,G3 Engineering Consultants karachi,2025-12-02T09:00:00Z,74.32283299763996,µg/m³
Karachi,WWF-Pakistan Karachi Office,2025-12-02T09:00:00Z,29.0,µg/m³
Karachi,Karachi Zoo,2025-12-02T09:00:00Z,50.126763619316954,µg/m³
Karachi,Urban Unit Karachi,2025-12-02T09:00:00Z,45.99700012207032,µg/m³
Karachi,WWF-Pakistan Karachi Office,2025-12-02T10:00:00Z,51.0,µg/m³
Karachi,Urban Unit Karachi,2025-12-02T10:00:00Z,69.49150009155274,µg/m³
Karachi,Karachi Zoo,2025-12-02T10:00:00Z,63.624167124430336,µg/m³
Karachi,G3 Engineering Consultants karachi,2025-12-02T10:00:00Z,56.72766672770181,µg/m³
Karachi,Urban Unit Karachi,2025-12-02T11:00:00Z,50.21699981689452,µg/m³
Karachi,G3 Engineering Consultants karachi,2025-12-02T11:00:00Z,47.49383366902669,µg/m³
Karachi,Karachi Zoo,2025-12-02T11:00:00Z,49.81550013224284,µg/m³
Karachi,WWF-Pakistan Karachi Office,2025-12-02T11:00:00Z,39.0,µg/m³
Karachi,Urban Unit Karachi,2025-12-02T12:00:00Z,50.98300018310548,µg/m³
Karachi,G3 Engineering Consultants karachi,2025-12-02T12:00:00Z,44.877500152587885,µg/m³
Karachi,WWF-Pakistan Karachi Office,2025-12-02T12:00:00Z,55.0,µg/m³
Karachi,Karachi Zoo,2025-12-02T12:00:00Z,52.26083348592122,µg/m³
Karachi,G3 Engineering Consultants karachi,2025-12-02T13:00:00Z,77.48050003051758,µg/m³
Karachi,Karachi Zoo,2025-12-02T13:00:00Z,68.14150009155273,µg/m³
Karachi,Urban Unit Karachi,2025-12-02T13:00:00Z,70.2581667582194,µg/m³
Karachi,WWF-Pakistan Karachi Office,2025-12-02T13:00:00Z,83.0,µg/m³
Karachi,WWF-Pakistan Karachi Office,2025-12-02T14:00:00Z,97.0,µg/m³
Karachi,Karachi Zoo,2025-12-02T14:00:00Z,141.89416707356773,µg/m³
Karachi,Urban Unit Karachi,2025-12-02T14:00:00Z,86.86966654459637,µg/m³
Karachi,G3 Engineering Consultants karachi,2025-12-02T14:00:00Z,95.50550003051758,µg/m³
Karachi,WWF-Pakistan Karachi Office,2025-12-02T15:00:00Z,154.0,µg/m³
Karachi,G3 Engineering Consultants karachi,2025-12-02T15:00:00Z,114.52499999999999,µg/m³
Karachi,Karachi Zoo,2025-12-02T15:00:00Z,171.94150009155274,µg/m³
Karachi,Urban Unit Karachi,2025-12-02T15:00:00Z,128.16455544365775,µg/m³
Karachi,WWF-Pakistan Karachi Office,2025-12-02T16:00:00Z,69.0,µg/m³
Karachi,Karachi Zoo,2025-12-02T16:00:00Z,102.2643330891927,µg/m³
Karachi,G3 Engineering Consultants karachi,2025-12-02T16:00:00Z,116.6306666056315,µg/m³
Karachi,Urban Unit Karachi,2025-12-02T16:00:00Z,75.688666788737,µg/m³
Karachi,Urban Unit Karachi,2025-12-02T17:00:00Z,89.73916651407876,µg/m³
Karachi,WWF-Pakistan Karachi Office,2025-12-02T17:00:00Z,83.0,µg/m³
Karachi,Karachi Zoo,2025-12-02T17:00:00Z,77.26916681925455,µg/m³
Karachi,G3 Engineering Consultants karachi,2025-12-02T17:00:00Z,107.35766703287761,µg/m³
Karachi,Urban Unit Karachi,2025-12-02T18:00:00Z,99.05233357747396,µg/m³
Karachi,G3 Engineering Consultants karachi,2025-12-02T18:00:00Z,100.40550003051759,µg/m³
Karachi,WWF-Pakistan Karachi Office,2025-12-02T18:00:00Z,95.0,µg/m³
Karachi,Karachi Zoo,2025-12-02T18:00:00Z,92.22783330281577,µg/m³
Karachi,Urban Unit Karachi,2025-12-02T19:00:00Z,109.0331667582194,µg/m³
Karachi,Karachi Zoo,2025-12-02T19:00:00Z,98.94983342488605,µg/m³
Karachi,G3 Engineering Consultants karachi,2025-12-02T19:00:00Z,112.48716646830242,µg/m³
Karachi,WWF-Pakistan Karachi Office,2025-12-02T19:00:00Z,105.0,µg/m³
Karachi,WWF-Pakistan Karachi Office,2025-12-02T20:00:00Z,102.0,µg/m³
Karachi,Urban Unit Karachi,2025-12-02T20:00:00Z,104.25516688028972,µg/m³
Karachi,Karachi Zoo,2025-12-02T20:00:00Z,104.95483373006185,µg/m³
Karachi,G3 Engineering Consultants karachi,2025-12-02T20:00:00Z,124.49183324178061,µg/m³
Karachi,WWF-Pakistan Karachi Office,2025-12-02T21:00:00Z,80.0,µg/m³
Karachi,Urban Unit Karachi,2025-12-02T21:00:00Z,87.14733327229817,µg/m³
Karachi,G3 Engineering Consultants karachi,2025-12-02T21:00:00Z,82.97233327229817,µg/m³
Karachi,Karachi Zoo,2025-12-02T21:00:00Z,77.15250015258788,µg/m³
Karachi,Urban Unit Karachi,2025-12-02T22:00:00Z,69.29483311971029,µg/m³
Karachi,Karachi Zoo,2025-12-02T22:00:00Z,83.84466654459636,µg/m³
Karachi,WWF-Pakistan Karachi Office,2025-12-02T22:00:00Z,61.0,µg/m³
Karachi,G3 Engineering Consultants karachi,2025-12-02T22:00:00Z,77.95033315022785,µg/m³
Karachi,G3 Engineering Consultants karachi,2025-12-02T23:00:00Z,56.56666666666667,µg/m³
Karachi,WWF-Pakistan Karachi Office,2025-12-02T23:00:00Z,52.0,µg/m³
Karachi,Urban Unit Karachi,2025-12-02T23:00:00Z,57.43649978637696,µg/m³
Karachi,Karachi Zoo,2025-12-02T23:00:00Z,96.75283330281574,µg/m³
Karachi,Urban Unit Karachi,2025-12-03T00:00:00Z,44.4,µg/m³
Karachi,G3 Engineering Consultants karachi,2025-12-03T00:00:00Z,53.484166208903,µg/m³
Karachi,WWF-Pakistan Karachi Office,2025-12-03T00:00:00Z,47.0,µg/m³
Karachi,Urban Unit Karachi,2025-12-03T00:00:00Z,51.96399993896484,µg/m³
Karachi,Karachi Zoo,2025-12-03T00:00:00Z,64.41666666666667,µg/m³
Karachi,G3 Engineering Consultants karachi,2025-12-03T01:00:00Z,49.297499847412105,µg/m³
Karachi,Urban Unit Karachi,2025-12-03T01:00:00Z,53.64733327229818,µg/m³
Karachi,WWF-Pakistan Karachi Office,2025-12-03T01:00:00Z,51.0,µg/m³
Karachi,Karachi Zoo,2025-12-03T01:00:00Z,53.4866663614909,µg/m³
Karachi,Karachi Zoo,2025-12-03T02:00:00Z,80.07533315022788,µg/m³
Karachi,WWF-Pakistan Karachi Office,2025-12-03T02:00:00Z,63.0,µg/m³
Karachi,G3 Engineering Consultants karachi,2025-12-03T02:00:00Z,51.708000183105476,µg/m³
Karachi,Urban Unit Karachi,2025-12-03T02:00:00Z,58.39433339436849,µg/m³
Karachi,WWF-Pakistan Karachi Office,2025-12-03T03:00:00Z,80.0,µg/m³
Karachi,Karachi Zoo,2025-12-03T03:00:00Z,99.54983342488607,µg/m³
Karachi,Urban Unit Karachi,2025-12-03T03:00:00Z,71.23000030517579,µg/m³
Karachi,G3 Engineering Consultants karachi,2025-12-03T03:00:00Z,58.8393747329712,µg/m³
Karachi,Karachi Zoo,2025-12-03T04:00:00Z,85.52466684977213,µg/m³
Karachi,G3 Engineering Consultants karachi,2025-12-03T04:00:00Z,52.974500274658205,µg/m³
Karachi,WWF-Pakistan Karachi Office,2025-12-03T04:00:00Z,67.0,µg/m³
Karachi,Urban Unit Karachi,2025-12-03T04:00:00Z,57.65266672770182,µg/m³
Karachi,WWF-Pakistan Karachi Office,2025-12-03T05:00:00Z,54.0,µg/m³
Karachi,Karachi Zoo,2025-12-03T05:00:00Z,80.62766672770182,µg/m³
Karachi,Urban Unit Karachi,2025-12-03T05:00:00Z,48.705500030517584,µg/m³
Karachi,G3 Engineering Consultants karachi,2025-12-03T05:00:00Z,47.952666727701825,µg/m³
Karachi,G3 Engineering Consultants karachi,2025-12-03T06:00:00Z,44.79983342488606,µg/m³
Karachi,Urban Unit Karachi,2025-12-03T06:00:00Z,42.58616663614909,µg/m³
Karachi,Karachi Zoo,2025-12-03T06:00:00Z,59.10049972534181,µg/m³
Karachi,WWF-Pakistan Karachi Office,2025-12-03T06:00:00Z,32.0,µg/m³
Karachi,WWF-Pakistan Karachi Office,2025-12-03T07:00:00Z,28.0,µg/m³
Karachi,Karachi Zoo,2025-12-03T07:00:00Z,37.52783330281575,µg/m³
Karachi,G3 Engineering Consultants karachi,2025-12-03T07:00:00Z,35.80283330281575,µg/m³
Karachi,Urban Unit Karachi,2025-12-03T07:00:00Z,36.58083318074545,µg/m³
Karachi,Urban Unit Karachi,2025-12-03T08:00:00Z,36.42450030644735,µg/m³
Karachi,WWF-Pakistan Karachi Office,2025-12-03T08:00:00Z,27.0,µg/m³
Karachi,Karachi Zoo,2025-12-03T08:00:00Z,39.21704171498616,µg/m³
Karachi,G3 Engineering Consultants karachi,2025-12-03T08:00:00Z,32.78045825958252,µg/m³
Karachi,Urban Unit Karachi,2025-12-03T09:00:00Z,41.87466678619385,µg/m³
Karachi,WWF-Pakistan Karachi Office,2025-12-03T09:00:00Z,23.0,µg/m³
Karachi,Karachi Zoo,2025-12-03T09:00:00Z,39.894930034213594,µg/m³
Karachi,G3 Engineering Consultants karachi,2025-12-03T09:00:00Z,33.552666695912684,µg/m³
Karachi,WWF-Pakistan Karachi Office,2025-12-03T10:00:00Z,21.0,µg/m³
Karachi,Urban Unit Karachi,2025-12-03T10:00:00Z,33.13083311716715,µg/m³
Karachi,Karachi Zoo,2025-12-03T10:00:00Z,43.40583318074545,µg/m³
Karachi,G3 Engineering Consultants karachi,2025-12-03T10:00:00Z,30.584499891599023,µg/m³
Karachi,G3 Engineering Consultants karachi,2025-12-03T11:00:00Z,39.23355538050334,µg/m³
Karachi,Urban Unit Karachi,2025-12-03T11:00:00Z,41.84700012207031,µg/m³
Karachi,Karachi Zoo,2025-12-03T11:00:00Z,45.130500030517574,µg/m³
Karachi,WWF-Pakistan Karachi Office,2025-12-03T11:00:00Z,33.0,µg/m³
Karachi,Urban Unit Karachi,2025-12-03T12:00:00Z,59.175000000000004,µg/m³
Karachi,WWF-Pakistan Karachi Office,2025-12-03T12:00:00Z,53.0,µg/m³
Karachi,Karachi Zoo,2025-12-03T12:00:00Z,85.91316706339518,µg/m³
Karachi,G3 Engineering Consultants karachi,2025-12-03T12:00:00Z,54.90291697184245,µg/m³
Karachi,Karachi Zoo,2025-12-03T13:00:00Z,76.87249984741212,µg/m³
Karachi,WWF-Pakistan Karachi Office,2025-12-03T13:00:00Z,61.0,µg/m³
Karachi,G3 Engineering Consultants karachi,2025-12-03T13:00:00Z,64.82533315022788,µg/m³
Karachi,Urban Unit Karachi,2025-12-03T13:00:00Z,60.66383336385092,µg/m³
Karachi,Karachi Zoo,2025-12-03T14:00:00Z,64.18366648356121,µg/m³
Karachi,WWF-Pakistan Karachi Office,2025-12-03T14:00:00Z,64.0,µg/m³
Karachi,Urban Unit Karachi,2025-12-03T14:00:00Z,60.58325004577637,µg/m³
Karachi,G3 Engineering Consultants karachi,2025-12-03T14:00:00Z,70.23016688028973,µg/m³
Karachi,WWF-Pakistan Karachi Office,2025-12-03T15:00:00Z,61.0,µg/m³
Karachi,Karachi Zoo,2025-12-03T15:00:00Z,56.03383305867513,µg/m³
Karachi,Urban Unit Karachi,2025-12-03T15:00:00Z,55.57016626993815,µg/m³
Karachi,G3 Engineering Consultants karachi,2025-12-03T15:00:00Z,71.5331667582194,µg/m³
Karachi,WWF-Pakistan Karachi Office,2025-12-03T16:00:00Z,57.0,µg/m³
Karachi,Karachi Zoo,2025-12-03T16:00:00Z,53.35216700236003,µg/m³
Karachi,G3 Engineering Consultants karachi,2025-12-03T16:00:00Z,59.80833333333334,µg/m³
Karachi,Urban Unit Karachi,2025-12-03T16:00:00Z,51.708333333333336,µg/m³
Karachi,Urban Unit Karachi,2025-12-03T17:00:00Z,48.54416681925455,µg/m³
Karachi,WWF-Pakistan Karachi Office,2025-12-03T17:00:00Z,45.0,µg/m³
Karachi,Karachi Zoo,2025-12-03T17:00:00Z,44.03633321126302,µg/m³
Karachi,G3 Engineering Consultants karachi,2025-12-03T17:00:00Z,48.47200012207031,µg/m³
Karachi,G3 Engineering Consultants karachi,2025-12-03T18:00:00Z,55.44499969482421,µg/m³
Karachi,Urban Unit Karachi,2025-12-03T18:00:00Z,47.88866678873698,µg/m³
Karachi,WWF-Pakistan Karachi Office,2025-12-03T18:00:00Z,46.0,µg/m³
Karachi,Karachi Zoo,2025-12-03T18:00:00Z,46.513833363850914,µg/m³
Karachi,WWF-Pakistan Karachi Office,2025-12-03T19:00:00Z,35.0,µg/m³
Karachi,G3 Engineering Consultants karachi,2025-12-03T19:00:00Z,45.81350021362304,µg/m³
Karachi,Karachi Zoo,2025-12-03T19:00:00Z,56.78000030517577,µg/m³
Karachi,Urban Unit Karachi,2025-12-03T19:00:00Z,47.852999877929676,µg/m³
Karachi,Urban Unit Karachi,2025-12-03T20:00:00Z,46.2,µg/m³
Karachi,Urban Unit Karachi,2025-12-03T20:00:00Z,53.64700012207032,µg/m³
Karachi,G3 Engineering Consultants karachi,2025-12-03T20:00:00Z,48.36933339436849,µg/m³
Karachi,WWF-Pakistan Karachi Office,2025-12-03T20:00:00Z,43.0,µg/m³
Karachi,Karachi Zoo,2025-12-03T20:00:00Z,47.20883305867514,µg/m³
Karachi,Karachi Zoo,2025-12-03T21:00:00Z,43.582833607991546,µg/m³
Karachi,G3 Engineering Consultants karachi,2025-12-03T21:00:00Z,49.65583318074545,µg/m³
Karachi,Urban Unit Karachi,2025-12-03T21:00:00Z,39.85883305867513,µg/m³
Karachi,WWF-Pakistan Karachi Office,2025-12-03T22:00:00Z,34.0,µg/m³
Karachi,Karachi Zoo,2025-12-03T22:00:00Z,47.19216639200847,µg/m³
Karachi,G3 Engineering Consultants karachi,2025-12-03T22:00:00Z,44.52533315022786,µg/m³
Karachi,Urban Unit Karachi,2025-12-03T22:00:00Z,43.26983311971029,µg/m³
Karachi,Karachi Zoo,2025-12-03T23:00:00Z,50.06383336385091,µg/m³
Karachi,G3 Engineering Consultants karachi,2025-12-03T23:00:00Z,42.888999938964844,µg/m³
Karachi,WWF-Pakistan Karachi Office,2025-12-03T23:00:00Z,36.0,µg/m³
Karachi,Urban Unit Karachi,2025-12-03T23:00:00Z,45.30833333333334,µg/m³
Karachi,Karachi Zoo,2025-12-04T00:00:00Z,48.644166819254565,µg/m³
Karachi,G3 Engineering Consultants karachi,2025-12-04T00:00:00Z,43.76916681925456,µg/m³
Karachi,Urban Unit Karachi,2025-12-04T00:00:00Z,53.94166666666666,µg/m³
Karachi,WWF-Pakistan Karachi Office,2025-12-04T00:00:00Z,38.0,µg/m³
Karachi,Urban Unit Karachi,2025-12-04T01:00:00Z,50.532833607991535,µg/m³
Karachi,Karachi Zoo,2025-12-04T01:00:00Z,46.313333638509114,µg/m³
Karachi,WWF-Pakistan Karachi Office,2025-12-04T01:00:00Z,37.0,µg/m³
Karachi,G3 Engineering Consultants karachi,2025-12-04T01:00:00Z,45.680833180745445,µg/m³
Karachi,WWF-Pakistan Karachi Office,2025-12-04T02:00:00Z,64.0,µg/m³
Karachi,Urban Unit Karachi,2025-12-04T02:00:00Z,56.42249984741212,µg/m³
Karachi,Karachi Zoo,2025-12-04T02:00:00Z,52.90016657511393,µg/m³
Karachi,G3 Engineering Consultants karachi,2025-12-04T02:00:00Z,53.24716669718425,µg/m³
Karachi,WWF-Pakistan Karachi Office,2025-12-04T03:00:00Z,77.0,µg/m³
Karachi,G3 Engineering Consultants karachi,2025-12-04T03:00:00Z,57.4525001525879,µg/m³
Karachi,Urban Unit Karachi,2025-12-04T03:00:00Z,61.41900024414062,µg/m³
Karachi,Karachi Zoo,2025-12-04T03:00:00Z,68.22183354695638,µg/m³
Karachi,WWF-Pakistan Karachi Office,2025-12-04T04:00:00Z,67.0,µg/m³
Karachi,G3 Engineering Consultants karachi,2025-12-04T04:00:00Z,58.32516657511393,µg/m³
Karachi,Karachi Zoo,2025-12-04T04:00:00Z,74.7970001220703,µg/m³
Karachi,Urban Unit Karachi,2025-12-04T04:00:00Z,59.31399993896485,µg/m³
Karachi,WWF-Pakistan Karachi Office,2025-12-04T05:00:00Z,55.0,µg/m³
Karachi,Urban Unit Karachi,2025-12-04T05:00:00Z,51.68566691080729,µg/m³
Karachi,G3 Engineering Consultants karachi,2025-12-04T05:00:00Z,57.46949996948242,µg/m³
Karachi,Karachi Zoo,2025-12-04T05:00:00Z,66.41650009155273,µg/m³
Karachi,G3 Engineering Consultants karachi,2025-12-04T06:00:00Z,52.658000183105464,µg/m³
Karachi,Urban Unit Karachi,2025-12-04T06:00:00Z,49.01866709391276,µg/m³
Karachi,Karachi Zoo,2025-12-04T06:00:00Z,63.28883336385092,µg/m³
Karachi,WWF-Pakistan Karachi Office,2025-12-04T06:00:00Z,53.0,µg/m³
Karachi,WWF-Pakistan Karachi Office,2025-12-04T07:00:00Z,52.0,µg/m³
Karachi,Urban Unit Karachi,2025-12-04T07:00:00Z,54.8918332417806,µg/m³
Karachi,G3 Engineering Consultants karachi,2025-12-04T07:00:00Z,53.910666910807294,µg/m³
Karachi,Karachi Zoo,2025-12-04T07:00:00Z,47.31116663614909,µg/m³
Karachi,WWF-Pakistan Karachi Office,2025-12-04T08:00:00Z,48.0,µg/m³
Karachi,G3 Engineering Consultants karachi,2025-12-04T08:00:00Z,53.04133351643879,µg/m³
Karachi,Karachi Zoo,2025-12-04T08:00:00Z,46.88837451934814,µg/m³
Karachi,Urban Unit Karachi,2025-12-04T08:00:00Z,51.46354185740153,µg/m³
Karachi,Urban Unit Karachi,2025-12-04T09:00:00Z,56.8935555352105,µg/m³
Karachi,G3 Engineering Consultants karachi,2025-12-04T09:00:00Z,54.4311663309733,µg/m³
Karachi,Karachi Zoo,2025-12-04T09:00:00Z,46.81370843251546,µg/m³
Karachi,Urban Unit Karachi,2025-12-04T10:00:00Z,47.759000015258785,µg/m³
Karachi,G3 Engineering Consultants karachi,2025-12-04T10:00:00Z,50.28083318074544,µg/m³
Karachi,WWF-Pakistan Karachi Office,2025-12-04T10:00:00Z,47.0,µg/m³
Karachi,Karachi Zoo,2025-12-04T10:00:00Z,46.11400015694755,µg/m³
Karachi,Karachi Zoo,2025-12-04T11:00:00Z,51.562099761962884,µg/m³
Karachi,G3 Engineering Consultants karachi,2025-12-04T11:00:00Z,50.68066660563152,µg/m³
Karachi,WWF-Pakistan Karachi Office,2025-12-04T11:00:00Z,47.0,µg/m³
Karachi,Urban Unit Karachi,2025-12-04T11:00:00Z,50.11183331807453,µg/m³
Karachi,G3 Engineering Consultants karachi,2025-12-04T12:00:00Z,51.91966654459636,µg/m³
Karachi,Urban Unit Karachi,2025-12-04T12:00:00Z,55.441333516438796,µg/m³
Karachi,WWF-Pakistan Karachi Office,2025-12-04T12:00:00Z,72.0,µg/m³
Karachi,Karachi Zoo,2025-12-04T12:00:00Z,62.83533376057944,µg/m³
Karachi,G3 Engineering Consultants karachi,2025-12-04T13:00:00Z,83.43899993896484,µg/m³
Karachi,Urban Unit Karachi,2025-12-04T13:00:00Z,78.97249984741212,µg/m³
Karachi,Karachi Zoo,2025-12-04T13:00:00Z,81.69433339436848,µg/m³
Karachi,G3 Engineering Consultants karachi,2025-12-04T14:00:00Z,77.59733327229817,µg/m³
Karachi,Urban Unit Karachi,2025-12-04T14:00:00Z,106.50033315022786,µg/m³
Karachi,Karachi Zoo,2025-12-04T14:00:00Z,134.5974998474121,µg/m³
Karachi,Urban Unit Karachi,2025-12-04T15:00:00Z,102.02233327229818,µg/m³
Karachi,Karachi Zoo,2025-12-04T15:00:00Z,134.4556666056315,µg/m³
Karachi,G3 Engineering Consultants karachi,2025-12-04T15:00:00Z,163.44500020345052,µg/m³
Karachi,Urban Unit Karachi,2025-12-04T16:00:00Z,77.6111666361491,µg/m³
Karachi,WWF-Pakistan Karachi Office,2025-12-04T16:00:00Z,80.0,µg/m³
Karachi,Karachi Zoo,2025-12-04T16:00:00Z,88.94950027465819,µg/m³
Karachi,G3 Engineering Consultants karachi,2025-12-04T16:00:00Z,173.94116643269857,µg/m³
Karachi,G3 Engineering Consultants karachi,2025-12-04T17:00:00Z,102.52266642252603,µg/m³
Karachi,Urban Unit Karachi,2025-12-04T17:00:00Z,95.20283330281575,µg/m³
Karachi,Karachi Zoo,2025-12-04T17:00:00Z,96.44150009155273,µg/m³
Karachi,WWF-Pakistan Karachi Office,2025-12-04T17:00:00Z,103.0,µg/m³
Karachi,Urban Unit Karachi,2025-12-04T18:00:00Z,116.00016657511394,µg/m³
Karachi,G3 Engineering Consultants karachi,2025-12-04T18:00:00Z,109.01083348592122,µg/m³
Karachi,WWF-Pakistan Karachi Office,2025-12-04T18:00:00Z,106.0,µg/m³
Karachi,Karachi Zoo,2025-12-04T18:00:00Z,97.69766642252604,µg/m³
Karachi,Urban Unit Karachi,2025-12-04T19:00:00Z,112.78933308919268,µg/m³
Karachi,G3 Engineering Consultants karachi,2025-12-04T19:00:00Z,106.5418332417806,µg/m³
Karachi,Karachi Zoo,2025-12-04T19:00:00Z,104.40583318074545,µg/m³
Karachi,WWF-Pakistan Karachi Office,2025-12-04T19:00:00Z,98.0,µg/m³
Karachi,G3 Engineering Consultants karachi,2025-12-04T20:00:00Z,95.54683354695639,µg/m³
Karachi,Karachi Zoo,2025-12-04T20:00:00Z,123.42133382161455,µg/m³
Karachi,Urban Unit Karachi,2025-12-04T20:00:00Z,119.71650009155273,µg/m³
Karachi,WWF-Pakistan Karachi Office,2025-12-04T20:00:00Z,105.0,µg/m³
Karachi,Karachi Zoo,2025-12-04T21:00:00Z,132.8361666361491,µg/m³
Karachi,G3 Engineering Consultants karachi,2025-12-04T21:00:00Z,116.82191645304363,µg/m³
Karachi,WWF-Pakistan Karachi Office,2025-12-04T21:00:00Z,113.0,µg/m³
Karachi,Urban Unit Karachi,2025-12-04T21:00:00Z,139.6838330586751,µg/m³
Karachi,Karachi Zoo,2025-12-04T22:00:00Z,101.60783360799154,µg/m³
Karachi,Urban Unit Karachi,2025-12-04T22:00:00Z,138.16050033569334,µg/m³
Karachi,WWF-Pakistan Karachi Office,2025-12-04T22:00:00Z,118.0,µg/m³
Karachi,G3 Engineering Consultants karachi,2025-12-04T22:00:00Z,126.59199981689453,µg/m³
Karachi,Urban Unit Karachi,2025-12-04T23:00:00Z,178.81449966430662,µg/m³
Karachi,Karachi Zoo,2025-12-04T23:00:00Z,82.05583318074547,µg/m³
Karachi,G3 Engineering Consultants karachi,2025-12-04T23:00:00Z,123.41366678873698,µg/m³
Karachi,WWF-Pakistan Karachi Office,2025-12-05T00:00:00Z,128.0,µg/m³
Karachi,Urban Unit Karachi,2025-12-05T00:00:00Z,173.4055000305176,µg/m³
Karachi,G3 Engineering Consultants karachi,2025-12-05T00:00:00Z,128.69716669718423,µg/m³
Karachi,Karachi Zoo,2025-12-05T00:00:00Z,63.580333455403654,µg/m³
Karachi,WWF-Pakistan Karachi Office,2025-12-05T01:00:00Z,93.0,µg/m³
Karachi,Karachi Zoo,2025-12-05T01:00:00Z,65.87266642252605,µg/m³
Karachi,Urban Unit Karachi,2025-12-05T01:00:00Z,125.3918332417806,µg/m³
Karachi,G3 Engineering Consultants karachi,2025-12-05T01:00:00Z,149.11166636149088,µg/m³
Karachi,Karachi Zoo,2025-12-05T02:00:00Z,85.18300018310548,µg/m³
Karachi,WWF-Pakistan Karachi Office,2025-12-05T02:00:00Z,113.0,µg/m³
Karachi,G3 Engineering Consultants karachi,2025-12-05T02:00:00Z,122.5025001525879,µg/m³
Karachi,Urban Unit Karachi,2025-12-05T02:00:00Z,121.10583318074545,µg/m³
Karachi,WWF-Pakistan Karachi Office,2025-12-05T03:00:00Z,114.0,µg/m³
Karachi,G3 Engineering Consultants karachi,2025-12-05T03:00:00Z,126.02216669718426,µg/m³
Karachi,Urban Unit Karachi,2025-12-05T03:00:00Z,103.12499999999999,µg/m³
Karachi,Karachi Zoo,2025-12-05T03:00:00Z,120.61999969482423,µg/m³
Karachi,WWF-Pakistan Karachi Office,2025-12-05T04:00:00Z,108.0,µg/m³
Karachi,Urban Unit Karachi,2025-12-05T04:00:00Z,99.54466654459634,µg/m³
Karachi,Karachi Zoo,2025-12-05T04:00:00Z,146.48883336385092,µg/m³
Karachi,G3 Engineering Consultants karachi,2025-12-05T04:00:00Z,90.8254997253418,µg/m³
Karachi,Urban Unit Karachi,2025-12-05T05:00:00Z,92.41359700096979,µg/m³
Karachi,Karachi Zoo,2025-12-05T05:00:00Z,83.98394474453396,µg/m³
Karachi,WWF-Pakistan Karachi Office,2025-12-05T05:00:00Z,87.0,µg/m³
Karachi,G3 Engineering Consultants karachi,2025-12-05T05:00:00Z,77.31030523512099,µg/m³
Karachi,G3 Engineering Consultants karachi,2025-12-05T06:00:00Z,79.90349960327148,µg/m³
Karachi,Urban Unit Karachi,2025-12-05T06:00:00Z,57.63925018310547,µg/m³
Karachi,Karachi Zoo,2025-12-05T06:00:00Z,65.98616663614908,µg/m³
Karachi,WWF-Pakistan Karachi Office,2025-12-05T06:00:00Z,65.0,µg/m³
Karachi,G3 Engineering Consultants karachi,2025-12-05T07:00:00Z,66.5585279252794,µg/m³
Karachi,Karachi Zoo,2025-12-05T07:00:00Z,51.952041689554854,µg/m³
Karachi,Urban Unit Karachi,2025-12-05T07:00:00Z,51.074666849772136,µg/m³
Karachi,WWF-Pakistan Karachi Office,2025-12-05T08:00:00Z,47.0,µg/m³
Karachi,G3 Engineering Consultants karachi,2025-12-05T08:00:00Z,120.66399993896484,µg/m³
Karachi,Karachi Zoo,2025-12-05T08:00:00Z,48.41658337910971,µg/m³
Karachi,Urban Unit Karachi,2025-12-05T08:00:00Z,48.36949996948241,µg/m³
Karachi,Urban Unit Karachi,2025-12-05T09:00:00Z,69.42570832570392,µg/m³
Karachi,WWF-Pakistan Karachi Office,2025-12-05T09:00:00Z,70.0,µg/m³
Karachi,G3 Engineering Consultants karachi,2025-12-05T09:00:00Z,85.93099975585938,µg/m³
Karachi,Karachi Zoo,2025-12-05T09:00:00Z,63.18349990844726,µg/m³
Karachi,WWF-Pakistan Karachi Office,2025-12-05T10:00:00Z,52.0,µg/m³
Karachi,Karachi Zoo,2025-12-05T10:00:00Z,71.75800018310547,µg/m³
Karachi,G3 Engineering Consultants karachi,2025-12-05T10:00:00Z,54.76083348592124,µg/m³
Karachi,Urban Unit Karachi,2025-12-05T10:00:00Z,55.44716669718425,µg/m³
Karachi,Urban Unit Karachi,2025-12-05T11:00:00Z,58.180333455403655,µg/m³
Karachi,Karachi Zoo,2025-12-05T11:00:00Z,65.14466654459636,µg/m³
Karachi,WWF-Pakistan Karachi Office,2025-12-05T11:00:00Z,56.0,µg/m³
Karachi,G3 Engineering Consultants karachi,2025-12-05T11:00:00Z,55.419499969482416,µg/m³
Karachi,WWF-Pakistan Karachi Office,2025-12-05T12:00:00Z,75.0,µg/m³
Karachi,Karachi Zoo,2025-12-05T12:00:00Z,73.15833333333332,µg/m³
Karachi,Urban Unit Karachi,2025-12-05T12:00:00Z,64.25,µg/m³
Karachi,G3 Engineering Consultants karachi,2025-12-05T12:00:00Z,63.1331667582194,µg/m³
Karachi,Karachi Zoo,2025-12-05T13:00:00Z,103.19409754011366,µg/m³
Karachi,G3 Engineering Consultants karachi,2025-12-05T13:00:00Z,120.80883305867515,µg/m³
Karachi,WWF-Pakistan Karachi Office,2025-12-05T13:00:00Z,109.0,µg/m³
Karachi,Urban Unit Karachi,2025-12-05T13:00:00Z,84.74466654459636,µg/m³
Karachi,Urban Unit Karachi,2025-12-05T14:00:00Z,114.24424972534182,µg/m³
Karachi,G3 Engineering Consultants karachi,2025-12-05T14:00:00Z,104.25045846303304,µg/m³
Karachi,Karachi Zoo,2025-12-05T14:00:00Z,116.63600006103518,µg/m³
Karachi,WWF-Pakistan Karachi Office,2025-12-05T15:00:00Z,108.0,µg/m³
Karachi,Urban Unit Karachi,2025-12-05T15:00:00Z,100.22733357747397,µg/m³
Karachi,G3 Engineering Consultants karachi,2025-12-05T15:00:00Z,117.04766642252605,µg/m³
Karachi,Karachi Zoo,2025-12-05T15:00:00Z,191.65058301289875,µg/m³
Karachi,WWF-Pakistan Karachi Office,2025-12-05T16:00:00Z,112.0,µg/m³
Karachi,Urban Unit Karachi,2025-12-05T16:00:00Z,106.93099975585936,µg/m³
Karachi,Karachi Zoo,2025-12-05T16:00:00Z,151.48358319600422,µg/m³
Karachi,G3 Engineering Consultants karachi,2025-12-05T16:00:00Z,113.91850051879884,µg/m³
Karachi,WWF-Pakistan Karachi Office,2025-12-05T17:00:00Z,132.0,µg/m³
Karachi,Karachi Zoo,2025-12-05T17:00:00Z,117.06699981689455,µg/m³
Karachi,G3 Engineering Consultants karachi,2025-12-05T17:00:00Z,138.23333333333332,µg/m³
Karachi,Urban Unit Karachi,2025-12-05T17:00:00Z,122.9856669108073,µg/m³
Karachi,Karachi Zoo,2025-12-05T18:00:00Z,112.24766642252604,µg/m³
Karachi,Urban Unit Karachi,2025-12-05T18:00:00Z,105.26699981689454,µg/m³
Karachi,G3 Engineering Consultants karachi,2025-12-05T18:00:00Z,120.56949996948244,µg/m³
Karachi,WWF-Pakistan Karachi Office,2025-12-05T18:00:00Z,121.0,µg/m³
Karachi,Karachi Zoo,2025-12-05T19:00:00Z,102.63399963378906,µg/m³
Karachi,Urban Unit Karachi,2025-12-05T19:00:00Z,108.46666666666668,µg/m³
Karachi,G3 Engineering Consultants karachi,2025-12-05T19:00:00Z,102.15233357747395,µg/m³
Karachi,Karachi Zoo,2025-12-05T20:00:00Z,107.79183324178058,µg/m³
Karachi,Urban Unit Karachi,2025-12-05T20:00:00Z,97.15533345540365,µg/m³
Karachi,WWF-Pakistan Karachi Office,2025-12-05T20:00:00Z,101.0,µg/m³
Karachi,G3 Engineering Consultants karachi,2025-12-05T20:00:00Z,91.07766672770181,µg/m³
Karachi,Karachi Zoo,2025-12-05T21:00:00Z,114.71399993896483,µg/m³
Karachi,G3 Engineering Consultants karachi,2025-12-05T21:00:00Z,85.45266672770181,µg/m³
Karachi,Urban Unit Karachi,2025-12-05T21:00:00Z,92.2836664835612,µg/m³
Karachi,WWF-Pakistan Karachi Office,2025-12-05T21:00:00Z,89.0,µg/m³
Karachi,Karachi Zoo,2025-12-05T22:00:00Z,107.04150009155275,µg/m³
Karachi,Urban Unit Karachi,2025-12-05T22:00:00Z,90.86100006103516,µg/m³
Karachi,G3 Engineering Consultants karachi,2025-12-05T22:00:00Z,114.93349990844727,µg/m³
Karachi,Karachi Zoo,2025-12-05T23:00:00Z,87.74416681925454,µg/m³
Karachi,Urban Unit Karachi,2025-12-05T23:00:00Z,103.1836664835612,µg/m³
Karachi,WWF-Pakistan Karachi Office,2025-12-05T23:00:00Z,94.0,µg/m³
Karachi,G3 Engineering Consultants karachi,2025-12-05T23:00:00Z,110.84116694132486,µg/m³
Karachi,WWF-Pakistan Karachi Office,2025-12-06T00:00:00Z,101.0,µg/m³
Karachi,Karachi Zoo,2025-12-06T00:00:00Z,75.82816645304361,µg/m³
Karachi,Urban Unit Karachi,2025-12-06T00:00:00Z,112.83916651407878,µg/m³
Karachi,G3 Engineering Consultants karachi,2025-12-06T00:00:00Z,128.23883336385094,µg/m³
Karachi,G3 Engineering Consultants karachi,2025-12-06T01:00:00Z,107.80016657511392,µg/m³
Karachi,Urban Unit Karachi,2025-12-06T01:00:00Z,101.95766703287762,µg/m³
Karachi,WWF-Pakistan Karachi Office,2025-12-06T01:00:00Z,97.0,µg/m³
Karachi,Karachi Zoo,2025-12-06T01:00:00Z,86.78349990844725,µg/m³
Karachi,Urban Unit Karachi,2025-12-06T02:00:00Z,78.58300018310547,µg/m³
Karachi,WWF-Pakistan Karachi Office,2025-12-06T02:00:00Z,98.0,µg/m³
Karachi,Urban Unit Karachi,2025-12-06T02:00:00Z,64.9,µg/m³
Karachi,Karachi Zoo,2025-12-06T02:00:00Z,77.91933339436851,µg/m³
Karachi,G3 Engineering Consultants karachi,2025-12-06T02:00:00Z,78.80849990844726,µg/m³
Karachi,WWF-Pakistan Karachi Office,2025-12-06T03:00:00Z,75.0,µg/m³
Karachi,G3 Engineering Consultants karachi,2025-12-06T03:00:00Z,74.75550003051757,µg/m³
Karachi,Karachi Zoo,2025-12-06T03:00:00Z,83.47216669718425,µg/m³
Karachi,Urban Unit Karachi,2025-12-06T03:00:00Z,72.6474998474121,µg/m³
Karachi,G3 Engineering Consultants karachi,2025-12-06T04:00:00Z,74.82433369954427,µg/m³
Karachi,Urban Unit Karachi,2025-12-06T04:00:00Z,69.00550003051758,µg/m³
Karachi,WWF-Pakistan Karachi Office,2025-12-06T04:00:00Z,75.0,µg/m³
Karachi,Karachi Zoo,2025-12-06T04:00:00Z,68.30283330281576,µg/m³
Karachi,Karachi Zoo,2025-12-06T05:00:00Z,61.43883336385091,µg/m³
Karachi,Urban Unit Karachi,2025-12-06T05:00:00Z,69.88616663614908,µg/m³
Karachi,WWF-Pakistan Karachi Office,2025-12-06T05:00:00Z,79.0,µg/m³
Karachi,G3 Engineering Consultants karachi,2025-12-06T05:00:00Z,74.73550033569335,µg/m³
Karachi,Karachi Zoo,2025-12-06T06:00:00Z,55.769999694824214,µg/m³
Karachi,Urban Unit Karachi,2025-12-06T06:00:00Z,63.98850021362304,µg/m³
Karachi,G3 Engineering Consultants karachi,2025-12-06T06:00:00Z,72.47233327229817,µg/m³
Karachi,Karachi Zoo,2025-12-06T07:00:00Z,57.96900024414063,µg/m³
Karachi,WWF-Pakistan Karachi Office,2025-12-06T07:00:00Z,73.0,µg/m³
Karachi,Urban Unit Karachi,2025-12-06T07:00:00Z,65.9449996948242,µg/m³
Karachi,G3 Engineering Consultants karachi,2025-12-06T07:00:00Z,72.21149978637696,µg/m³
Karachi,G3 Engineering Consultants karachi,2025-12-06T08:00:00Z,66.06449966430664,µg/m³
Karachi,WWF-Pakistan Karachi Office,2025-12-06T08:00:00Z,71.0,µg/m³
Karachi,Urban Unit Karachi,2025-12-06T08:00:00Z,62.98850021362304,µg/m³
Karachi,Karachi Zoo,2025-12-06T08:00:00Z,55.82516657511392,µg/m³
Karachi,G3 Engineering Consultants karachi,2025-12-06T09:00:00Z,64.14095834096273,µg/m³
Karachi,Karachi Zoo,2025-12-06T09:00:00Z,59.79100036621094,µg/m³
Karachi,WWF-Pakistan Karachi Office,2025-12-06T09:00:00Z,69.0,µg/m³
Karachi,Urban Unit Karachi,2025-12-06T09:00:00Z,64.34150009155273,µg/m³
Karachi,WWF-Pakistan Karachi Office,2025-12-06T10:00:00Z,65.0,µg/m³
Karachi,G3 Engineering Consultants karachi,2025-12-06T10:00:00Z,60.2106669108073,µg/m³
Karachi,Urban Unit Karachi,2025-12-06T10:00:00Z,57.7413335164388,µg/m³
Karachi,Karachi Zoo,2025-12-06T10:00:00Z,62.10583318074544,µg/m³
Karachi,Karachi Zoo,2025-12-06T11:00:00Z,68.53600006103515,µg/m³
Karachi,Urban Unit Karachi,2025-12-06T11:00:00Z,60.2720001220703,µg/m³
Karachi,G3 Engineering Consultants karachi,2025-12-06T11:00:00Z,61.11399993896484,µg/m³
Karachi,WWF-Pakistan Karachi Office,2025-12-06T11:00:00Z,67.0,µg/m³
Karachi,Karachi Zoo,2025-12-06T12:00:00Z,80.27433369954427,µg/m³
Karachi,Urban Unit Karachi,2025-12-06T12:00:00Z,70.08050003051758,µg/m³
Karachi,G3 Engineering Consultants karachi,2025-12-06T12:00:00Z,70.67216669718424,µg/m³
Karachi,WWF-Pakistan Karachi Office,2025-12-06T12:00:00Z,76.0,µg/m³
Karachi,WWF-Pakistan Karachi Office,2025-12-06T13:00:00Z,80.0,µg/m³
Karachi,Urban Unit Karachi,2025-12-06T13:00:00Z,77.99700012207033,µg/m³
Karachi,G3 Engineering Consultants karachi,2025-12-06T13:00:00Z,91.71933339436849,µg/m³
Karachi,Karachi Zoo,2025-12-06T13:00:00Z,96.09199981689454,µg/m³
Karachi,Karachi Zoo,2025-12-06T14:00:00Z,89.42533315022787,µg/m³
Karachi,WWF-Pakistan Karachi Office,2025-12-06T14:00:00Z,89.0,µg/m³
Karachi,G3 Engineering Consultants karachi,2025-12-06T14:00:00Z,105.66966654459638,µg/m³
Karachi,Urban Unit Karachi,2025-12-06T14:00:00Z,97.06949996948242,µg/m³
Karachi,Urban Unit Karachi,2025-12-06T15:00:00Z,110.06399993896481,µg/m³
Karachi,G3 Engineering Consultants karachi,2025-12-06T15:00:00Z,96.9163335164388,µg/m³
Karachi,Karachi Zoo,2025-12-06T15:00:00Z,114.01416651407878,µg/m³
Karachi,Karachi Zoo,2025-12-06T16:00:00Z,98.30833333333334,µg/m³
Karachi,Urban Unit Karachi,2025-12-06T16:00:00Z,139.27266642252602,µg/m³
Karachi,WWF-Pakistan Karachi Office,2025-12-06T16:00:00Z,139.0,µg/m³
Karachi,G3 Engineering Consultants karachi,2025-12-06T16:00:00Z,108.37516657511394,µg/m³
Karachi,Karachi Zoo,2025-12-06T17:00:00Z,88.28966623942057,µg/m³
Karachi,G3 Engineering Consultants karachi,2025-12-06T17:00:00Z,115.45,µg/m³
Karachi,WWF-Pakistan Karachi Office,2025-12-06T17:00:00Z,115.0,µg/m³
Karachi,Urban Unit Karachi,2025-12-06T17:00:00Z,108.48033345540364,µg/m³
Karachi,G3 Engineering Consultants karachi,2025-12-06T18:00:00Z,98.88349990844726,µg/m³
Karachi,Urban Unit Karachi,2025-12-06T18:00:00Z,112.18600006103516,µg/m³
Karachi,WWF-Pakistan Karachi Office,2025-12-06T18:00:00Z,111.0,µg/m³
Karachi,Karachi Zoo,2025-12-06T18:00:00Z,94.70599975585937,µg/m³
Karachi,G3 Engineering Consultants karachi,2025-12-06T19:00:00Z,82.90550003051757,µg/m³
Karachi,Urban Unit Karachi,2025-12-06T19:00:00Z,96.72799987792968,µg/m³
Karachi,Karachi Zoo,2025-12-06T19:00:00Z,124.98166605631509,µg/m³
Karachi,Karachi Zoo,2025-12-06T20:00:00Z,130.0583333333333,µg/m³
Karachi,WWF-Pakistan Karachi Office,2025-12-06T20:00:00Z,92.0,µg/m³
Karachi,G3 Engineering Consultants karachi,2025-12-06T20:00:00Z,83.66350021362304,µg/m³
Karachi,Urban Unit Karachi,2025-12-06T20:00:00Z,91.77783330281575,µg/m³
Karachi,Karachi Zoo,2025-12-06T21:00:00Z,120.71416651407878,µg/m³
Karachi,G3 Engineering Consultants karachi,2025-12-06T21:00:00Z,74.57783330281576,µg/m³
Karachi,Urban Unit Karachi,2025-12-06T21:00:00Z,83.16650009155273,µg/m³
Karachi,WWF-Pakistan Karachi Office,2025-12-06T21:00:00Z,82.0,µg/m³
Karachi,G3 Engineering Consultants karachi,2025-12-06T22:00:00Z,78.58683293660482,µg/m³
Karachi,Urban Unit Karachi,2025-12-06T22:00:00Z,84.01399993896486,µg/m³
Karachi,Karachi Zoo,2025-12-06T22:00:00Z,112.6784996032715,µg/m³
Karachi,WWF-Pakistan Karachi Office,2025-12-06T22:00:00Z,77.0,µg/m³
Karachi,Karachi Zoo,2025-12-06T23:00:00Z,92.79199981689453,µg/m³
Karachi,G3 Engineering Consultants karachi,2025-12-06T23:00:00Z,68.41133321126303,µg/m³
Karachi,WWF-Pakistan Karachi Office,2025-12-06T23:00:00Z,85.0,µg/m³
Karachi,Urban Unit Karachi,2025-12-06T23:00:00Z,83.16699981689453,µg/m³
Karachi,G3 Engineering Consultants karachi,2025-12-07T00:00:00Z,74.07233327229817,µg/m³
Karachi,Karachi Zoo,2025-12-07T00:00:00Z,89.64183324178062,µg/m³
Karachi,WWF-Pakistan Karachi Office,2025-12-07T00:00:00Z,83.0,µg/m³
Karachi,Urban Unit Karachi,2025-12-07T00:00:00Z,87.38333333333333,µg/m³
Karachi,Karachi Zoo,2025-12-07T01:00:00Z,107.85233357747397,µg/m³
Karachi,G3 Engineering Consultants karachi,2025-12-07T01:00:00Z,83.90266672770183,µg/m³
Karachi,Urban Unit Karachi,2025-12-07T01:00:00Z,85.4163335164388,µg/m³
Karachi,WWF-Pakistan Karachi Office,2025-12-07T01:00:00Z,83.0,µg/m³
Karachi,G3 Engineering Consultants karachi,2025-12-07T02:00:00Z,82.19783299763996,µg/m³
Karachi,Urban Unit Karachi,2025-12-07T02:00:00Z,78.7419998168945,µg/m³
Karachi,WWF-Pakistan Karachi Office,2025-12-07T02:00:00Z,79.0,µg/m³
Karachi,Karachi Zoo,2025-12-07T02:00:00Z,92.36100006103516,µg/m³
Karachi,Karachi Zoo,2025-12-07T03:00:00Z,114.44516626993816,µg/m³
Karachi,G3 Engineering Consultants karachi,2025-12-07T03:00:00Z,118.82183354695638,µg/m³
Karachi,Urban Unit Karachi,2025-12-07T03:00:00Z,78.85833333333333,µg/m³
Karachi,WWF-Pakistan Karachi Office,2025-12-07T03:00:00Z,79.0,µg/m³
Karachi,Karachi Zoo,2025-12-07T04:00:00Z,96.45849990844727,µg/m³
Karachi,Urban Unit Karachi,2025-12-07T04:00:00Z,76.19683354695637,µg/m³
Karachi,G3 Engineering Consultants karachi,2025-12-07T04:00:00Z,99.25283330281576,µg/m³
Karachi,WWF-Pakistan Karachi Office,2025-12-07T04:00:00Z,80.0,µg/m³
Karachi,Karachi Zoo,2025-12-07T05:00:00Z,78.25816675821939,µg/m³
Karachi,Urban Unit Karachi,2025-12-07T05:00:00Z,79.07566630045572,µg/m³
Karachi,G3 Engineering Consultants karachi,2025-12-07T05:00:00Z,83.51683324178059,µg/m³
Karachi,WWF-Pakistan Karachi Office,2025-12-07T05:00:00Z,109.0,µg/m³
Karachi,WWF-Pakistan Karachi Office,2025-12-07T06:00:00Z,70.0,µg/m³
Karachi,Urban Unit Karachi,2025-12-07T06:00:00Z,65.54433339436848,µg/m³
Karachi,Karachi Zoo,2025-12-07T06:00:00Z,61.06449966430665,µg/m³
Karachi,G3 Engineering Consultants karachi,2025-12-07T06:00:00Z,74.56350021362304,µg/m³
Karachi,G3 Engineering Consultants karachi,2025-12-07T07:00:00Z,65.92516657511393,µg/m³
Karachi,Urban Unit Karachi,2025-12-07T07:00:00Z,48.5173329671224,µg/m³
Karachi,Karachi Zoo,2025-12-07T07:00:00Z,49.87816645304361,µg/m³
Karachi,Karachi Zoo,2025-12-07T08:00:00Z,44.964166514078784,µg/m³
Karachi,WWF-Pakistan Karachi Office,2025-12-07T08:00:00Z,41.0,µg/m³
Karachi,Urban Unit Karachi,2025-12-07T08:00:00Z,46.430833180745445,µg/m³
Karachi,G3 Engineering Consultants karachi,2025-12-07T08:00:00Z,48.38349990844727,µg/m³
Karachi,G3 Engineering Consultants karachi,2025-12-07T09:00:00Z,52.011166636149085,µg/m³
Karachi,Karachi Zoo,2025-12-07T09:00:00Z,44.36149978637695,µg/m³
Karachi,Urban Unit Karachi,2025-12-07T09:00:00Z,46.0,µg/m³
Karachi,Urban Unit Karachi,2025-12-07T10:00:00Z,44.4668332417806,µg/m³
Karachi,G3 Engineering Consultants karachi,2025-12-07T10:00:00Z,52.61749954223634,µg/m³
Karachi,Karachi Zoo,2025-12-07T10:00:00Z,42.50483373006184,µg/m³
Karachi,Urban Unit Karachi,2025-12-07T11:00:00Z,46.632833607991536,µg/m³
Karachi,G3 Engineering Consultants karachi,2025-12-07T11:00:00Z,53.89416681925456,µg/m³
Karachi,Karachi Zoo,2025-12-07T11:00:00Z,55.916666666666664,µg/m³
Karachi,WWF-Pakistan Karachi Office,2025-12-07T11:00:00Z,47.0,µg/m³
Karachi,G3 Engineering Consultants karachi,2025-12-07T12:00:00Z,78.50550003051757,µg/m³
Karachi,WWF-Pakistan Karachi Office,2025-12-07T12:00:00Z,85.0,µg/m³
Karachi,Urban Unit Karachi,2025-12-07T12:00:00Z,70.60566660563153,µg/m³
Karachi,Karachi Zoo,2025-12-07T12:00:00Z,63.08600006103515,µg/m³
Karachi,G3 Engineering Consultants karachi,2025-12-07T13:00:00Z,61.16949996948242,µg/m³
Karachi,Urban Unit Karachi,2025-12-07T13:00:00Z,75.37266642252602,µg/m³
Karachi,WWF-Pakistan Karachi Office,2025-12-07T13:00:00Z,85.0,µg/m³
Karachi,Karachi Zoo,2025-12-07T13:00:00Z,61.57733357747396,µg/m³
Karachi,G3 Engineering Consultants karachi,2025-12-07T14:00:00Z,75.75550003051757,µg/m³
Karachi,Urban Unit Karachi,2025-12-07T14:00:00Z,88.8995002746582,µg/m³
Karachi,Urban Unit Karachi,2025-12-07T14:00:00Z,72.6,µg/m³
Karachi,Karachi Zoo,2025-12-07T14:00:00Z,64.61416651407878,µg/m³
Karachi,WWF-Pakistan Karachi Office,2025-12-07T14:00:00Z,105.0,µg/m³
Karachi,G3 Engineering Consultants karachi,2025-12-07T15:00:00Z,108.07516657511394,µg/m³
Karachi,Karachi Zoo,2025-12-07T15:00:00Z,100.78050003051756,µg/m³
Karachi,Urban Unit Karachi,2025-12-07T15:00:00Z,105.36141688028971,µg/m³
Karachi,WWF-Pakistan Karachi Office,2025-12-07T15:00:00Z,127.0,µg/m³
Karachi,G3 Engineering Consultants karachi,2025-12-07T16:00:00Z,211.84666646321614,µg/m³
Karachi,Urban Unit Karachi,2025-12-07T16:00:00Z,167.23616587320961,µg/m³
Karachi,WWF-Pakistan Karachi Office,2025-12-07T16:00:00Z,151.0,µg/m³
Karachi,Karachi Zoo,2025-12-07T16:00:00Z,144.4111666361491,µg/m³
Karachi,G3 Engineering Consultants karachi,2025-12-07T17:00:00Z,155.79466654459634,µg/m³
Karachi,WWF-Pakistan Karachi Office,2025-12-07T17:00:00Z,176.0,µg/m³
Karachi,Karachi Zoo,2025-12-07T17:00:00Z,161.46937516530355,µg/m³
Karachi,Urban Unit Karachi,2025-12-07T17:00:00Z,199.94166666666663,µg/m³
Karachi,Karachi Zoo,2025-12-07T18:00:00Z,188.15629164377847,µg/m³
Karachi,WWF-Pakistan Karachi Office,2025-12-07T18:00:00Z,130.0,µg/m³
Karachi,G3 Engineering Consultants karachi,2025-12-07T18:00:00Z,208.03583348592122,µg/m³
Karachi,Urban Unit Karachi,2025-12-07T18:00:00Z,158.05833333333334,µg/m³
Karachi,WWF-Pakistan Karachi Office,2025-12-07T19:00:00Z,136.0,µg/m³
Karachi,Urban Unit Karachi,2025-12-07T19:00:00Z,138.75616633097331,µg/m³
Karachi,G3 Engineering Consultants karachi,2025-12-07T19:00:00Z,191.49716669718427,µg/m³
Karachi,Karachi Zoo,2025-12-07T19:00:00Z,158.7693333943685,µg/m³
Karachi,Urban Unit Karachi,2025-12-07T20:00:00Z,122.8581667582194,µg/m³
Karachi,WWF-Pakistan Karachi Office,2025-12-07T20:00:00Z,129.0,µg/m³
Karachi,Karachi Zoo,2025-12-07T20:00:00Z,149.1468335469564,µg/m³
Karachi,G3 Engineering Consultants karachi,2025-12-07T20:00:00Z,135.96916681925455,µg/m³
Karachi,Urban Unit Karachi,2025-12-07T21:00:00Z,151.63616663614908,µg/m³
Karachi,Karachi Zoo,2025-12-07T21:00:00Z,141.661333211263,µg/m³
Karachi,G3 Engineering Consultants karachi,2025-12-07T21:00:00Z,139.03583348592122,µg/m³
Karachi,Urban Unit Karachi,2025-12-07T22:00:00Z,149.3088330586751,µg/m³
Karachi,G3 Engineering Consultants karachi,2025-12-07T22:00:00Z,161.24416681925456,µg/m³
Karachi,WWF-Pakistan Karachi Office,2025-12-07T22:00:00Z,141.0,µg/m³
Karachi,Karachi Zoo,2025-12-07T22:00:00Z,137.14199981689453,µg/m³
Karachi,Karachi Zoo,2025-12-07T23:00:00Z,106.97483342488606,µg/m³
Karachi,G3 Engineering Consultants karachi,2025-12-07T23:00:00Z,124.55475006103514,µg/m³
Karachi,WWF-Pakistan Karachi Office,2025-12-07T23:00:00Z,108.0,µg/m³
Karachi,Urban Unit Karachi,2025-12-07T23:00:00Z,130.00000000000003,µg/m³
Karachi,WWF-Pakistan Karachi Office,2025-12-08T00:00:00Z,111.0,µg/m³
Karachi,Urban Unit Karachi,2025-12-08T00:00:00Z,123.82566630045572,µg/m³
Karachi,Karachi Zoo,2025-12-08T00:00:00Z,87.49433339436848,µg/m³
Karachi,G3 Engineering Consultants karachi,2025-12-08T00:00:00Z,110.57183354695637,µg/m³
Karachi,G3 Engineering Consultants karachi,2025-12-08T01:00:00Z,110.44199981689455,µg/m³
Karachi,Urban Unit Karachi,2025-12-08T01:00:00Z,106.91399993896486,µg/m³
Karachi,WWF-Pakistan Karachi Office,2025-12-08T01:00:00Z,85.0,µg/m³
Karachi,Karachi Zoo,2025-12-08T01:00:00Z,61.54933331807454,µg/m³
Karachi,G3 Engineering Consultants karachi,2025-12-08T02:00:00Z,97.37516657511394,µg/m³
Karachi,WWF-Pakistan Karachi Office,2025-12-08T02:00:00Z,123.0,µg/m³
Karachi,Karachi Zoo,2025-12-08T02:00:00Z,79.34933369954426,µg/m³
Karachi,Urban Unit Karachi,2025-12-08T02:00:00Z,96.09150009155275,µg/m³
Karachi,Urban Unit Karachi,2025-12-08T03:00:00Z,93.96100006103514,µg/m³
Karachi,G3 Engineering Consultants karachi,2025-12-08T03:00:00Z,103.75583318074543,µg/m³
Karachi,WWF-Pakistan Karachi Office,2025-12-08T03:00:00Z,120.0,µg/m³
Karachi,Karachi Zoo,2025-12-08T03:00:00Z,86.94383366902669,µg/m³
Karachi,G3 Engineering Consultants karachi,2025-12-08T04:00:00Z,107.73583348592122,µg/m³
Karachi,WWF-Pakistan Karachi Office,2025-12-08T04:00:00Z,126.0,µg/m³
Karachi,Karachi Zoo,2025-12-08T04:00:00Z,90.03949966430666,µg/m³
Karachi,Urban Unit Karachi,2025-12-08T04:00:00Z,109.73050003051759,µg/m³
Karachi,Urban Unit Karachi,2025-12-08T05:00:00Z,81.35283330281574,µg/m³
Karachi,G3 Engineering Consultants karachi,2025-12-08T05:00:00Z,74.1529998779297,µg/m³
Karachi,WWF-Pakistan Karachi Office,2025-12-08T05:00:00Z,88.0,µg/m³
Karachi,Karachi Zoo,2025-12-08T05:00:00Z,122.438666788737,µg/m³
Karachi,Karachi Zoo,2025-12-08T06:00:00Z,90.99166666666666,µg/m³
Karachi,WWF-Pakistan Karachi Office,2025-12-08T06:00:00Z,72.0,µg/m³
Karachi,G3 Engineering Consultants karachi,2025-12-08T06:00:00Z,67.01916681925455,µg/m³
Karachi,Urban Unit Karachi,2025-12-08T06:00:00Z,64.29233296712242,µg/m³
Karachi,G3 Engineering Consultants karachi,2025-12-08T07:00:00Z,48.775499725341795,µg/m³
Karachi,Urban Unit Karachi,2025-12-08T07:00:00Z,47.06366678873699,µg/m³
Karachi,WWF-Pakistan Karachi Office,2025-12-08T07:00:00Z,47.0,µg/m³
Karachi,Karachi Zoo,2025-12-08T07:00:00Z,58.108499908447264,µg/m³
Karachi,WWF-Pakistan Karachi Office,2025-12-08T08:00:00Z,43.0,µg/m³
Karachi,G3 Engineering Consultants karachi,2025-12-08T08:00:00Z,56.488833363850915,µg/m³
Karachi,Karachi Zoo,2025-12-08T08:00:00Z,58.05550003051758,µg/m³
Karachi,Urban Unit Karachi,2025-12-08T08:00:00Z,46.791500091552734,µg/m³
Karachi,G3 Engineering Consultants karachi,2025-12-08T09:00:00Z,70.5438336690267,µg/m³
Karachi,WWF-Pakistan Karachi Office,2025-12-08T09:00:00Z,38.0,µg/m³
Karachi,Karachi Zoo,2025-12-08T09:00:00Z,46.149833424886076,µg/m³
Karachi,Urban Unit Karachi,2025-12-08T09:00:00Z,45.02233327229818,µg/m³
Karachi,WWF-Pakistan Karachi Office,2025-12-08T10:00:00Z,32.0,µg/m³
Karachi,Karachi Zoo,2025-12-08T10:00:00Z,46.35283330281575,µg/m³
Karachi,Urban Unit Karachi,2025-12-08T10:00:00Z,42.486166636149086,µg/m³
Karachi,G3 Engineering Consultants karachi,2025-12-08T10:00:00Z,79.40516688028971,µg/m³
Karachi,WWF-Pakistan Karachi Office,2025-12-08T11:00:00Z,32.0,µg/m³
Karachi,G3 Engineering Consultants karachi,2025-12-08T11:00:00Z,72.31166636149088,µg/m³
Karachi,Urban Unit Karachi,2025-12-08T11:00:00Z,41.202833302815755,µg/m³
Karachi,Karachi Zoo,2025-12-08T11:00:00Z,48.85566660563152,µg/m³
Karachi,G3 Engineering Consultants karachi,2025-12-08T12:00:00Z,84.46100006103515,µg/m³
Karachi,Urban Unit Karachi,2025-12-08T12:00:00Z,46.99716669718424,µg/m³
Karachi,Karachi Zoo,2025-12-08T12:00:00Z,69.97166697184245,µg/m³
Karachi,WWF-Pakistan Karachi Office,2025-12-08T12:00:00Z,38.0,µg/m³
Karachi,G3 Engineering Consultants karachi,2025-12-08T13:00:00Z,119.74650039672854,µg/m³
Karachi,WWF-Pakistan Karachi Office,2025-12-08T13:00:00Z,116.0,µg/m³
Karachi,Karachi Zoo,2025-12-08T13:00:00Z,132.45833333333334,µg/m³
Karachi,Urban Unit Karachi,2025-12-08T13:00:00Z,62.43116633097332,µg/m³
Karachi,Karachi Zoo,2025-12-08T14:00:00Z,119.88649978637694,µg/m³
Karachi,WWF-Pakistan Karachi Office,2025-12-08T14:00:00Z,95.0,µg/m³
Karachi,G3 Engineering Consultants karachi,2025-12-08T14:00:00Z,102.7643330891927,µg/m³
Karachi,Urban Unit Karachi,2025-12-08T14:00:00Z,71.55833333333332,µg/m³
Karachi,Karachi Zoo,2025-12-08T15:00:00Z,57.69109080921519,µg/m³
Karachi,Urban Unit Karachi,2025-12-08T15:00:00Z,75.37909074263139,µg/m³
Karachi,G3 Engineering Consultants karachi,2025-12-08T15:00:00Z,90.19654568758878,µg/m³
Karachi,Urban Unit Karachi,2025-12-08T16:00:00Z,80.89416681925456,µg/m³
Karachi,G3 Engineering Consultants karachi,2025-12-08T16:00:00Z,91.825,µg/m³
Karachi,Karachi Zoo,2025-12-08T16:00:00Z,65.31350021362306,µg/m³
Karachi,Karachi Zoo,2025-12-08T17:00:00Z,74.58633321126304,µg/m³
Karachi,Urban Unit Karachi,2025-12-08T17:00:00Z,89.88316675821939,µg/m³
Karachi,WWF-Pakistan Karachi Office,2025-12-08T17:00:00Z,102.0,µg/m³
Karachi,G3 Engineering Consultants karachi,2025-12-08T17:00:00Z,104.19950027465819,µg/m³
Karachi,Urban Unit Karachi,2025-12-08T18:00:00Z,89.31466623942056,µg/m³
Karachi,WWF-Pakistan Karachi Office,2025-12-08T18:00:00Z,92.0,µg/m³
Karachi,G3 Engineering Consultants karachi,2025-12-08T18:00:00Z,85.47483342488607,µg/m³
Karachi,Karachi Zoo,2025-12-08T18:00:00Z,87.16116663614908,µg/m³
Karachi,Karachi Zoo,2025-12-08T19:00:00Z,96.73899993896485,µg/m³
Karachi,G3 Engineering Consultants karachi,2025-12-08T19:00:00Z,59.33883336385092,µg/m³
Karachi,Urban Unit Karachi,2025-12-08T19:00:00Z,67.33883336385091,µg/m³
Karachi,WWF-Pakistan Karachi Office,2025-12-08T19:00:00Z,77.0,µg/m³
Karachi,WWF-Pakistan Karachi Office,2025-12-08T20:00:00Z,52.0,µg/m³
Karachi,Karachi Zoo,2025-12-08T20:00:00Z,99.19983342488605,µg/m³
Karachi,G3 Engineering Consultants karachi,2025-12-08T20:00:00Z,48.55550003051758,µg/m³
Karachi,Urban Unit Karachi,2025-12-08T20:00:00Z,51.208499908447266,µg/m³
Karachi,G3 Engineering Consultants karachi,2025-12-08T21:00:00Z,56.98033345540364,µg/m³
Karachi,Urban Unit Karachi,2025-12-08T21:00:00Z,55.725166575113946,µg/m³
Karachi,WWF-Pakistan Karachi Office,2025-12-08T21:00:00Z,54.0,µg/m³
Karachi,Karachi Zoo,2025-12-08T21:00:00Z,62.05333302815756,µg/m³
Karachi,Karachi Zoo,2025-12-08T22:00:00Z,44.56149978637695,µg/m³
Karachi,Urban Unit Karachi,2025-12-08T22:00:00Z,76.75266672770182,µg/m³
Karachi,WWF-Pakistan Karachi Office,2025-12-08T22:00:00Z,66.0,µg/m³
Karachi,G3 Engineering Consultants karachi,2025-12-08T22:00:00Z,79.84150009155273,µg/m³
Karachi,Karachi Zoo,2025-12-08T23:00:00Z,42.08899993896484,µg/m³
Karachi,Urban Unit Karachi,2025-12-08T23:00:00Z,83.73633321126302,µg/m³
Karachi,G3 Engineering Consultants karachi,2025-12-08T23:00:00Z,57.50000000000001,µg/m³
Karachi,Karachi Zoo,2025-12-09T00:00:00Z,46.66149978637696,µg/m³
Karachi,Urban Unit Karachi,2025-12-09T00:00:00Z,88.7470001220703,µg/m³
Karachi,G3 Engineering Consultants karachi,2025-12-09T00:00:00Z,90.05800018310548,µg/m³
Karachi,WWF-Pakistan Karachi Office,2025-12-09T00:00:00Z,84.0,µg/m³
Karachi,G3 Engineering Consultants karachi,2025-12-09T01:00:00Z,100.48333333333333,µg/m³
Karachi,WWF-Pakistan Karachi Office,2025-12-09T01:00:00Z,63.0,µg/m³
Karachi,Urban Unit Karachi,2025-12-09T01:00:00Z,80.73033345540367,µg/m³
Karachi,Karachi Zoo,2025-12-09T01:00:00Z,52.33758328755696,µg/m³
Karachi,WWF-Pakistan Karachi Office,2025-12-09T02:00:00Z,90.0,µg/m³
Karachi,Urban Unit Karachi,2025-12-09T02:00:00Z,70.07466684977216,µg/m³
Karachi,G3 Engineering Consultants karachi,2025-12-09T02:00:00Z,72.9561663309733,µg/m³
Karachi,Karachi Zoo,2025-12-09T02:00:00Z,54.89973347981771,µg/m³
Karachi,G3 Engineering Consultants karachi,2025-12-09T03:00:00Z,61.741666666666674,µg/m³
Karachi,WWF-Pakistan Karachi Office,2025-12-09T03:00:00Z,88.0,µg/m³
Karachi,Urban Unit Karachi,2025-12-09T03:00:00Z,54.14700012207032,µg/m³
Karachi,Karachi Zoo,2025-12-09T03:00:00Z,130.5449996948242,µg/m³
Karachi,Urban Unit Karachi,2025-12-09T03:00:00Z,46.0,µg/m³
Karachi,Urban Unit Karachi,2025-12-09T04:00:00Z,51.74983342488607,µg/m³
Karachi,G3 Engineering Consultants karachi,2025-12-09T04:00:00Z,62.22200012207031,µg/m³
Karachi,Urban Unit Karachi,2025-12-09T04:00:00Z,44.5,µg/m³
Karachi,Karachi Zoo,2025-12-09T04:00:00Z,158.59966684977212,µg/m³
Karachi,WWF-Pakistan Karachi Office,2025-12-09T04:00:00Z,66.0,µg/m³
Karachi,WWF-Pakistan Karachi Office,2025-12-09T05:00:00Z,61.0,µg/m³
Karachi,G3 Engineering Consultants karachi,2025-12-09T05:00:00Z,54.56399993896485,µg/m³
Karachi,Karachi Zoo,2025-12-09T05:00:00Z,196.62383388943138,µg/m³
Karachi,Urban Unit Karachi,2025-12-09T05:00:00Z,58.37812480926514,µg/m³
Karachi,Karachi Zoo,2025-12-09T06:00:00Z,133.26350021362305,µg/m³
Karachi,Urban Unit Karachi,2025-12-09T06:00:00Z,62.74783299763998,µg/m³
Karachi,WWF-Pakistan Karachi Office,2025-12-09T06:00:00Z,53.0,µg/m³
Karachi,G3 Engineering Consultants karachi,2025-12-09T06:00:00Z,51.801998901367185,µg/m³
Karachi,G3 Engineering Consultants karachi,2025-12-09T07:00:00Z,69.20750045776367,µg/m³
Karachi,Urban Unit Karachi,2025-12-09T07:00:00Z,49.74950027465821,µg/m³
Karachi,Karachi Zoo,2025-12-09T07:00:00Z,54.52783330281574,µg/m³
Karachi,Karachi Zoo,2025-12-09T08:00:00Z,57.032833607991535,µg/m³
Karachi,Urban Unit Karachi,2025-12-09T08:00:00Z,58.6995002746582,µg/m³
Karachi,WWF-Pakistan Karachi Office,2025-12-09T08:00:00Z,42.0,µg/m³
Karachi,G3 Engineering Consultants karachi,2025-12-09T08:00:00Z,68.54449996948243,µg/m³
Karachi,Karachi Zoo,2025-12-09T09:00:00Z,57.53016688028972,µg/m³
Karachi,Urban Unit Karachi,2025-12-09T09:00:00Z,41.90441652933757,µg/m³
Karachi,WWF-Pakistan Karachi Office,2025-12-09T09:00:00Z,35.0,µg/m³
Karachi,G3 Engineering Consultants karachi,2025-12-09T09:00:00Z,65.36916681925456,µg/m³
Karachi,G3 Engineering Consultants karachi,2025-12-09T10:00:00Z,65.67216669718424,µg/m³
Karachi,Karachi Zoo,2025-12-09T10:00:00Z,67.42216669718424,µg/m³
Karachi,WWF-Pakistan Karachi Office,2025-12-09T10:00:00Z,72.0,µg/m³
Karachi,Urban Unit Karachi,2025-12-09T10:00:00Z,88.03152749803331,µg/m³
Karachi,Karachi Zoo,2025-12-09T11:00:00Z,63.6,µg/m³
Karachi,Urban Unit Karachi,2025-12-09T11:00:00Z,84.87395839691162,µg/m³
Karachi,WWF-Pakistan Karachi Office,2025-12-09T11:00:00Z,75.0,µg/m³
Karachi,G3 Engineering Consultants karachi,2025-12-09T11:00:00Z,50.23899993896484,µg/m³
Karachi,WWF-Pakistan Karachi Office,2025-12-09T12:00:00Z,73.0,µg/m³
Karachi,Karachi Zoo,2025-12-09T12:00:00Z,73.23050003051758,µg/m³
Karachi,G3 Engineering Consultants karachi,2025-12-09T12:00:00Z,40.235083134969074,µg/m³
Karachi,Urban Unit Karachi,2025-12-09T12:00:00Z,67.05599975585936,µg/m³
Karachi,WWF-Pakistan Karachi Office,2025-12-09T13:00:00Z,117.0,µg/m³
Karachi,G3 Engineering Consultants karachi,2025-12-09T13:00:00Z,49.10299987792968,µg/m³
Karachi,Urban Unit Karachi,2025-12-09T13:00:00Z,76.50316645304363,µg/m³
Karachi,Karachi Zoo,2025-12-09T13:00:00Z,80.76650009155273,µg/m³
Karachi,WWF-Pakistan Karachi Office,2025-12-09T14:00:00Z,120.0,µg/m³
Karachi,Urban Unit Karachi,2025-12-09T14:00:00Z,78.80316645304362,µg/m³
Karachi,Karachi Zoo,2025-12-09T14:00:00Z,86.88380555046929,µg/m³
Karachi,G3 Engineering Consultants karachi,2025-12-09T14:00:00Z,50.80266672770182,µg/m³
Karachi,Karachi Zoo,2025-12-09T15:00:00Z,92.43083318074544,µg/m³
Karachi,Urban Unit Karachi,2025-12-09T15:00:00Z,92.61116663614911,µg/m³
Karachi,G3 Engineering Consultants karachi,2025-12-09T15:00:00Z,66.83188866509333,µg/m³
Karachi,WWF-Pakistan Karachi Office,2025-12-09T15:00:00Z,132.0,µg/m³
Karachi,Karachi Zoo,2025-12-09T16:00:00Z,111.3218335469564,µg/m³
Karachi,Urban Unit Karachi,2025-12-09T16:00:00Z,124.69783299763998,µg/m³
Karachi,G3 Engineering Consultants karachi,2025-12-09T16:00:00Z,53.99700012207031,µg/m³
Karachi,Urban Unit Karachi,2025-12-09T17:00:00Z,198.82783330281578,µg/m³
Karachi,Karachi Zoo,2025-12-09T17:00:00Z,211.47483342488604,µg/m³
Karachi,G3 Engineering Consultants karachi,2025-12-09T17:00:00Z,70.64466654459635,µg/m³
Karachi,G3 Engineering Consultants karachi,2025-12-09T18:00:00Z,71.81399993896484,µg/m³
Karachi,Urban Unit Karachi,2025-12-09T18:00:00Z,246.75533370971684,µg/m³
Karachi,WWF-Pakistan Karachi Office,2025-12-09T18:00:00Z,219.0,µg/m³
Karachi,Karachi Zoo,2025-12-09T18:00:00Z,218.52216669718425,µg/m³
Karachi,Urban Unit Karachi,2025-12-09T19:00:00Z,292.72550201416016,µg/m³
Karachi,WWF-Pakistan Karachi Office,2025-12-09T19:00:00Z,235.0,µg/m³
Karachi,G3 Engineering Consultants karachi,2025-12-09T19:00:00Z,146.43949966430662,µg/m³
Karachi,Karachi Zoo,2025-12-09T19:00:00Z,227.61666666666665,µg/m³
Karachi,WWF-Pakistan Karachi Office,2025-12-09T20:00:00Z,262.0,µg/m³
Karachi,Karachi Zoo,2025-12-09T20:00:00Z,262.1524993896484,µg/m³
Karachi,G3 Engineering Consultants karachi,2025-12-09T20:00:00Z,188.67483342488606,µg/m³
Karachi,Urban Unit Karachi,2025-12-09T20:00:00Z,310.6556671142578,µg/m³
Karachi,Urban Unit Karachi,2025-12-09T21:00:00Z,336.8725011189778,µg/m³
Karachi,Karachi Zoo,2025-12-09T21:00:00Z,294.0136657714844,µg/m³
Karachi,WWF-Pakistan Karachi Office,2025-12-09T21:00:00Z,306.0,µg/m³
Karachi,G3 Engineering Consultants karachi,2025-12-09T21:00:00Z,229.9448331197103,µg/m³
Karachi,G3 Engineering Consultants karachi,2025-12-09T22:00:00Z,318.9361668904623,µg/m³
Karachi,Karachi Zoo,2025-12-09T22:00:00Z,239.2948328653971,µg/m³
Karachi,Urban Unit Karachi,2025-12-09T22:00:00Z,321.0439982096354,µg/m³
Karachi,WWF-Pakistan Karachi Office,2025-12-09T22:00:00Z,287.0,µg/m³
Karachi,WWF-Pakistan Karachi Office,2025-12-09T23:00:00Z,270.0,µg/m³
Karachi,G3 Engineering Consultants karachi,2025-12-09T23:00:00Z,333.2663319905598,µg/m³
Karachi,Karachi Zoo,2025-12-09T23:00:00Z,199.29433339436846,µg/m³
Karachi,Urban Unit Karachi,2025-12-09T23:00:00Z,294.9363342285156,µg/m³
Karachi,WWF-Pakistan Karachi Office,2025-12-10T00:00:00Z,309.0,µg/m³
Karachi,Urban Unit Karachi,2025-12-10T00:00:00Z,321.18299891153976,µg/m³
Karachi,Karachi Zoo,2025-12-10T00:00:00Z,166.6276667277018,µg/m³
Karachi,G3 Engineering Consultants karachi,2025-12-10T00:00:00Z,306.06950047810875,µg/m³
Karachi,WWF-Pakistan Karachi Office,2025-12-10T01:00:00Z,312.0,µg/m³
Karachi,G3 Engineering Consultants karachi,2025-12-10T01:00:00Z,230.73649978637695,µg/m³
Karachi,Karachi Zoo,2025-12-10T01:00:00Z,157.76366678873697,µg/m³
Karachi,Urban Unit Karachi,2025-12-10T01:00:00Z,213.5306666056315,µg/m³
Karachi,Karachi Zoo,2025-12-10T02:00:00Z,151.65583318074545,µg/m³
Karachi,G3 Engineering Consultants karachi,2025-12-10T02:00:00Z,235.838500213623,µg/m³
Karachi,Urban Unit Karachi,2025-12-10T02:00:00Z,205.98333333333332,µg/m³
Karachi,Karachi Zoo,2025-12-10T03:00:00Z,181.05633290608725,µg/m³
Karachi,WWF-Pakistan Karachi Office,2025-12-10T03:00:00Z,178.0,µg/m³
Karachi,Urban Unit Karachi,2025-12-10T03:00:00Z,194.98083318074544,µg/m³
Karachi,G3 Engineering Consultants karachi,2025-12-10T03:00:00Z,214.49466629028322,µg/m³
Karachi,WWF-Pakistan Karachi Office,2025-12-10T04:00:00Z,176.0,µg/m³
Karachi,Urban Unit Karachi,2025-12-10T04:00:00Z,174.786499786377,µg/m³
Karachi,G3 Engineering Consultants karachi,2025-12-10T04:00:00Z,169.5254997253418,µg/m³
Karachi,G3 Engineering Consultants karachi,2025-12-10T05:00:00Z,160.9913335164388,µg/m³
Karachi,WWF-Pakistan Karachi Office,2025-12-10T05:00:00Z,108.0,µg/m³
Karachi,Urban Unit Karachi,2025-12-10T05:00:00Z,108.99983342488606,µg/m³
Karachi,G3 Engineering Consultants karachi,2025-12-10T06:00:00Z,238.5555002848307,µg/m³
Karachi,Urban Unit Karachi,2025-12-10T06:00:00Z,103.26983311971027,µg/m³
Karachi,WWF-Pakistan Karachi Office,2025-12-10T06:00:00Z,102.0,µg/m³
Karachi,G3 Engineering Consultants karachi,2025-12-10T07:00:00Z,143.4224998474121,µg/m³
Karachi,Urban Unit Karachi,2025-12-10T07:00:00Z,61.41099980672201,µg/m³
Karachi,G3 Engineering Consultants karachi,2025-12-10T08:00:00Z,39.29733327229817,µg/m³
Karachi,Karachi Zoo,2025-12-10T08:00:00Z,32.99709091186523,µg/m³
Karachi,Urban Unit Karachi,2025-12-10T08:00:00Z,34.20550015767415,µg/m³
Karachi,Karachi Zoo,2025-12-10T09:00:00Z,34.390624944369,µg/m³
Karachi,WWF-Pakistan Karachi Office,2025-12-10T09:00:00Z,23.0,µg/m³
Karachi,Urban Unit Karachi,2025-12-10T09:00:00Z,42.677999877929686,µg/m³
Karachi,G3 Engineering Consultants karachi,2025-12-10T09:00:00Z,34.90563882721795,µg/m³
Karachi,WWF-Pakistan Karachi Office,2025-12-10T10:00:00Z,25.0,µg/m³
Karachi,G3 Engineering Consultants karachi,2025-12-10T10:00:00Z,41.85,µg/m³
Karachi,Urban Unit Karachi,2025-12-10T10:00:00Z,36.58333326975505,µg/m³
Karachi,Karachi Zoo,2025-12-10T10:00:00Z,36.18373368581136,µg/m³
Karachi,WWF-Pakistan Karachi Office,2025-12-10T11:00:00Z,31.0,µg/m³
Karachi,G3 Engineering Consultants karachi,2025-12-10T11:00:00Z,45.127444500393345,µg/m³
Karachi,Urban Unit Karachi,2025-12-10T11:00:00Z,39.891833241780596,µg/m³
Karachi,Urban Unit Karachi,2025-12-10T12:00:00Z,47.039333089192716,µg/m³
Karachi,G3 Engineering Consultants karachi,2025-12-10T12:00:00Z,47.473083623250325,µg/m³
Karachi,WWF-Pakistan Karachi Office,2025-12-10T12:00:00Z,49.0,µg/m³
Karachi,Urban Unit Karachi,2025-12-10T13:00:00Z,62.90033315022787,µg/m³
Karachi,G3 Engineering Consultants karachi,2025-12-10T13:00:00Z,41.455500030517584,µg/m³
Karachi,WWF-Pakistan Karachi Office,2025-12-10T14:00:00Z,87.0,µg/m³
Karachi,G3 Engineering Consultants karachi,2025-12-10T14:00:00Z,40.85,µg/m³
Karachi,Urban Unit Karachi,2025-12-10T14:00:00Z,70.84150009155273,µg/m³
Karachi,G3 Engineering Consultants karachi,2025-12-10T15:00:00Z,46.097166697184235,µg/m³
Karachi,Urban Unit Karachi,2025-12-10T15:00:00Z,77.06399993896484,µg/m³
Karachi,WWF-Pakistan Karachi Office,2025-12-10T15:00:00Z,76.0,µg/m³
Karachi,G3 Engineering Consultants karachi,2025-12-10T16:00:00Z,59.366500091552744,µg/m³
Karachi,Urban Unit Karachi,2025-12-10T16:00:00Z,68.50816675821942,µg/m³
Karachi,WWF-Pakistan Karachi Office,2025-12-10T16:00:00Z,77.0,µg/m³
Karachi,WWF-Pakistan Karachi Office,2025-12-10T17:00:00Z,84.0,µg/m³
Karachi,Urban Unit Karachi,2025-12-10T17:00:00Z,86.58616663614912,µg/m³
Karachi,G3 Engineering Consultants karachi,2025-12-10T17:00:00Z,78.81133321126302,µg/m³
Karachi,Urban Unit Karachi,2025-12-10T18:00:00Z,128.663666788737,µg/m³
Karachi,G3 Engineering Consultants karachi,2025-12-10T18:00:00Z,97.44466654459636,µg/m³
Karachi,Urban Unit Karachi,2025-12-10T19:00:00Z,196.8691668192545,µg/m³
Karachi,WWF-Pakistan Karachi Office,2025-12-10T19:00:00Z,187.0,µg/m³
Karachi,G3 Engineering Consultants karachi,2025-12-10T19:00:00Z,120.57533315022788,µg/m³
Karachi,WWF-Pakistan Karachi Office,2025-12-10T20:00:00Z,217.0,µg/m³
Karachi,Urban Unit Karachi,2025-12-10T20:00:00Z,257.78599878946943,µg/m³
Karachi,G3 Engineering Consultants karachi,2025-12-10T20:00:00Z,159.8668332417806,µg/m³
Karachi,WWF-Pakistan Karachi Office,2025-12-10T21:00:00Z,211.0,µg/m³
Karachi,Urban Unit Karachi,2025-12-10T21:00:00Z,259.9728350321452,µg/m³
Karachi,G3 Engineering Consultants karachi,2025-12-10T21:00:00Z,209.6056666056315,µg/m³
Karachi,Urban Unit Karachi,2025-12-10T22:00:00Z,237.6953328450521,µg/m³
Karachi,G3 Engineering Consultants karachi,2025-12-10T22:00:00Z,239.24483311971025,µg/m³
Karachi,WWF-Pakistan Karachi Office,2025-12-10T22:00:00Z,212.0,µg/m³
Karachi,WWF-Pakistan Karachi Office,2025-12-10T23:00:00Z,210.0,µg/m³
Karachi,G3 Engineering Consultants karachi,2025-12-10T23:00:00Z,249.8973335266113,µg/m³
Karachi,Urban Unit Karachi,2025-12-10T23:00:00Z,227.19183324178059,µg/m³
Karachi,G3 Engineering Consultants karachi,2025-12-11T00:00:00Z,232.71983388264974,µg/m³
Karachi,Urban Unit Karachi,2025-12-11T00:00:00Z,203.36366678873696,µg/m³
Karachi,WWF-Pakistan Karachi Office,2025-12-11T00:00:00Z,168.0,µg/m³
Karachi,G3 Engineering Consultants karachi,2025-12-11T01:00:00Z,191.50283330281573,µg/m³
Karachi,Urban Unit Karachi,2025-12-11T01:00:00Z,188.48300018310547,µg/m³
Karachi,WWF-Pakistan Karachi Office,2025-12-11T02:00:00Z,143.0,µg/m³
Karachi,Urban Unit Karachi,2025-12-11T02:00:00Z,168.9326670328776,µg/m³
Karachi,G3 Engineering Consultants karachi,2025-12-11T02:00:00Z,162.94833272298175,µg/m³
Karachi,Urban Unit Karachi,2025-12-11T03:00:00Z,146.49216639200847,µg/m³
Karachi,G3 Engineering Consultants karachi,2025-12-11T03:00:00Z,181.95049972534176,µg/m³
Karachi,Karachi Zoo,2025-12-11T03:00:00Z,275.0010040283203,µg/m³
Karachi,WWF-Pakistan Karachi Office,2025-12-11T03:00:00Z,140.0,µg/m³
Karachi,Karachi Zoo,2025-12-11T04:00:00Z,249.85283330281572,µg/m³
Karachi,Urban Unit Karachi,2025-12-11T04:00:00Z,221.12466583251955,µg/m³
Karachi,G3 Engineering Consultants karachi,2025-12-11T04:00:00Z,232.37266693115234,µg/m³
Karachi,WWF-Pakistan Karachi Office,2025-12-11T04:00:00Z,176.0,µg/m³
Karachi,Urban Unit Karachi,2025-12-11T05:00:00Z,237.24200134277342,µg/m³
Karachi,G3 Engineering Consultants karachi,2025-12-11T05:00:00Z,137.65,µg/m³
Karachi,Karachi Zoo,2025-12-11T05:00:00Z,96.6035696585973,µg/m³
Karachi,WWF-Pakistan Karachi Office,2025-12-11T05:00:00Z,174.0,µg/m³
Karachi,Urban Unit Karachi,2025-12-11T06:00:00Z,43.545236312018496,µg/m³
Karachi,G3 Engineering Consultants karachi,2025-12-11T06:00:00Z,121.90566660563151,µg/m³
Karachi,Karachi Zoo,2025-12-11T06:00:00Z,37.45059729946984,µg/m³
Karachi,G3 Engineering Consultants karachi,2025-12-11T07:00:00Z,135.4199996948242,µg/m³
Karachi,Karachi Zoo,2025-12-11T07:00:00Z,42.138999938964844,µg/m³
Karachi,WWF-Pakistan Karachi Office,2025-12-11T07:00:00Z,41.0,µg/m³
Karachi,Urban Unit Karachi,2025-12-11T07:00:00Z,53.08633321126302,µg/m³
Karachi,WWF-Pakistan Karachi Office,2025-12-11T08:00:00Z,41.0,µg/m³
Karachi,G3 Engineering Consultants karachi,2025-12-11T08:00:00Z,86.30566663742064,µg/m³
Karachi,Urban Unit Karachi,2025-12-11T08:00:00Z,66.73633295694987,µg/m³
Karachi,Karachi Zoo,2025-12-11T08:00:00Z,29.418500010172522,µg/m³
Karachi,G3 Engineering Consultants karachi,2025-12-11T09:00:00Z,33.84766667683919,µg/m³
Karachi,Urban Unit Karachi,2025-12-11T09:00:00Z,35.10833326975504,µg/m³
Karachi,Karachi Zoo,2025-12-11T09:00:00Z,27.48941656748454,µg/m³
Karachi,WWF-Pakistan Karachi Office,2025-12-11T09:00:00Z,19.0,µg/m³
Karachi,G3 Engineering Consultants karachi,2025-12-11T10:00:00Z,15.391666666666667,µg/m³
Karachi,Urban Unit Karachi,2025-12-11T10:00:00Z,29.309875130653378,µg/m³
Karachi,Karachi Zoo,2025-12-11T10:00:00Z,21.308333301544188,µg/m³
Karachi,WWF-Pakistan Karachi Office,2025-12-11T10:00:00Z,21.0,µg/m³
Karachi,G3 Engineering Consultants karachi,2025-12-11T11:00:00Z,12.2278333346049,µg/m³
Karachi,Urban Unit Karachi,2025-12-11T11:00:00Z,46.430166276295985,µg/m³
Karachi,WWF-Pakistan Karachi Office,2025-12-11T11:00:00Z,19.0,µg/m³
Karachi,Karachi Zoo,2025-12-11T11:00:00Z,25.433166631062832,µg/m³
Karachi,Karachi Zoo,2025-12-11T12:00:00Z,22.708333333333332,µg/m³
Karachi,Urban Unit Karachi,2025-12-11T12:00:00Z,30.211166508992516,µg/m³
Karachi,G3 Engineering Consultants karachi,2025-12-11T12:00:00Z,12.696499983469645,µg/m³
Karachi,Karachi Zoo,2025-12-11T13:00:00Z,27.360374999046325,µg/m³
Karachi,Urban Unit Karachi,2025-12-11T13:00:00Z,32.43633327484131,µg/m³
Karachi,G3 Engineering Consultants karachi,2025-12-11T13:00:00Z,23.14366668065389,µg/m³
Karachi,WWF-Pakistan Karachi Office,2025-12-11T14:00:00Z,20.0,µg/m³
Karachi,Karachi Zoo,2025-12-11T14:00:00Z,39.96933339436849,µg/m³
Karachi,G3 Engineering Consultants karachi,2025-12-11T14:00:00Z,32.48066679636637,µg/m³
Karachi,Urban Unit Karachi,2025-12-11T14:00:00Z,34.669333394368486,µg/m³
Karachi,Urban Unit Karachi,2025-12-11T15:00:00Z,38.003166453043626,µg/m³
Karachi,Karachi Zoo,2025-12-11T15:00:00Z,38.14933366775512,µg/m³
Karachi,WWF-Pakistan Karachi Office,2025-12-11T15:00:00Z,26.0,µg/m³
Karachi,G3 Engineering Consultants karachi,2025-12-11T15:00:00Z,32.275166479746495,µg/m³
Karachi,Karachi Zoo,2025-12-11T16:00:00Z,43.53616663614908,µg/m³
Karachi,Urban Unit Karachi,2025-12-11T16:00:00Z,41.11183293660481,µg/m³
Karachi,G3 Engineering Consultants karachi,2025-12-11T16:00:00Z,34.327666759490974,µg/m³
Karachi,Urban Unit Karachi,2025-12-11T17:00:00Z,57.916500091552734,µg/m³
Karachi,Karachi Zoo,2025-12-11T17:00:00Z,44.11933339436849,µg/m³
Karachi,WWF-Pakistan Karachi Office,2025-12-11T17:00:00Z,40.0,µg/m³
Karachi,G3 Engineering Consultants karachi,2025-12-11T17:00:00Z,46.88300015131633,µg/m³
Karachi,Urban Unit Karachi,2025-12-11T18:00:00Z,62.68333333333333,µg/m³
Karachi,Karachi Zoo,2025-12-11T18:00:00Z,40.58050003051757,µg/m³
Karachi,G3 Engineering Consultants karachi,2025-12-11T18:00:00Z,84.47200012207033,µg/m³
Karachi,WWF-Pakistan Karachi Office,2025-12-11T18:00:00Z,41.0,µg/m³
Karachi,G3 Engineering Consultants karachi,2025-12-11T19:00:00Z,115.41399993896484,µg/m³
Karachi,Urban Unit Karachi,2025-12-11T19:00:00Z,95.78399963378907,µg/m³
Karachi,WWF-Pakistan Karachi Office,2025-12-11T19:00:00Z,57.0,µg/m³
Karachi,Karachi Zoo,2025-12-11T19:00:00Z,45.641500091552736,µg/m³
Karachi,G3 Engineering Consultants karachi,2025-12-11T20:00:00Z,81.93566691080729,µg/m³
Karachi,Urban Unit Karachi,2025-12-11T20:00:00Z,108.13349990844728,µg/m³
Karachi,Karachi Zoo,2025-12-11T20:00:00Z,36.055666605631515,µg/m³
Karachi,WWF-Pakistan Karachi Office,2025-12-11T20:00:00Z,57.0,µg/m³
Karachi,Urban Unit Karachi,2025-12-11T21:00:00Z,69.57533315022786,µg/m³
Karachi,G3 Engineering Consultants karachi,2025-12-11T21:00:00Z,40.58600006103516,µg/m³
Karachi,Karachi Zoo,2025-12-11T21:00:00Z,31.750333213806154,µg/m³
Karachi,WWF-Pakistan Karachi Office,2025-12-11T21:00:00Z,47.0,µg/m³
Karachi,G3 Engineering Consultants karachi,2025-12-11T22:00:00Z,33.19150009155273,µg/m³
Karachi,Karachi Zoo,2025-12-11T22:00:00Z,31.341999848683674,µg/m³
Karachi,WWF-Pakistan Karachi Office,2025-12-11T22:00:00Z,71.0,µg/m³
Karachi,Urban Unit Karachi,2025-12-11T22:00:00Z,55.264166514078774,µg/m³
Karachi,Urban Unit Karachi,2025-12-11T23:00:00Z,65.97283299763997,µg/m³
Karachi,Karachi Zoo,2025-12-11T23:00:00Z,58.89783299763996,µg/m³
Karachi,WWF-Pakistan Karachi Office,2025-12-11T23:00:00Z,78.0,µg/m³
Karachi,G3 Engineering Consultants karachi,2025-12-11T23:00:00Z,40.21666666666666,µg/m³
Karachi,Urban Unit Karachi,2025-12-12T00:00:00Z,74.01949996948241,µg/m³
Karachi,G3 Engineering Consultants karachi,2025-12-12T00:00:00Z,33.41699981689453,µg/m³
Karachi,WWF-Pakistan Karachi Office,2025-12-12T00:00:00Z,95.0,µg/m³
Karachi,Karachi Zoo,2025-12-12T00:00:00Z,116.52516657511391,µg/m³
Karachi,Urban Unit Karachi,2025-12-12T01:00:00Z,154.79449996948242,µg/m³
Karachi,G3 Engineering Consultants karachi,2025-12-12T01:00:00Z,49.80816679000855,µg/m³
Karachi,WWF-Pakistan Karachi Office,2025-12-12T01:00:00Z,122.0,µg/m³
Karachi,Karachi Zoo,2025-12-12T01:00:00Z,92.60833333333333,µg/m³
Karachi,Urban Unit Karachi,2025-12-12T02:00:00Z,193.50883305867515,µg/m³
Karachi,G3 Engineering Consultants karachi,2025-12-12T02:00:00Z,95.11650009155272,µg/m³
Karachi,WWF-Pakistan Karachi Office,2025-12-12T02:00:00Z,140.0,µg/m³
Karachi,Karachi Zoo,2025-12-12T02:00:00Z,142.11149978637692,µg/m³
Karachi,G3 Engineering Consultants karachi,2025-12-12T03:00:00Z,174.66520875295,µg/m³
Karachi,WWF-Pakistan Karachi Office,2025-12-12T03:00:00Z,151.0,µg/m³
Karachi,Urban Unit Karachi,2025-12-12T03:00:00Z,195.2729995727539,µg/m³
Karachi,Karachi Zoo,2025-12-12T03:00:00Z,157.67516657511396,µg/m³
Karachi,Karachi Zoo,2025-12-12T04:00:00Z,156.87166697184247,µg/m³
Karachi,G3 Engineering Consultants karachi,2025-12-12T04:00:00Z,138.19716669718423,µg/m³
Karachi,WWF-Pakistan Karachi Office,2025-12-12T04:00:00Z,138.0,µg/m³
Karachi,Urban Unit Karachi,2025-12-12T04:00:00Z,186.7776667277018,µg/m³
Karachi,G3 Engineering Consultants karachi,2025-12-12T05:00:00Z,109.62283299763995,µg/m³
Karachi,Urban Unit Karachi,2025-12-12T05:00:00Z,80.5138333638509,µg/m³
Karachi,Karachi Zoo,2025-12-12T05:00:00Z,31.931166458129884,µg/m³
Karachi,WWF-Pakistan Karachi Office,2025-12-12T05:00:00Z,70.0,µg/m³
Karachi,Urban Unit Karachi,2025-12-12T06:00:00Z,39.08616657257081,µg/m³
Karachi,Karachi Zoo,2025-12-12T06:00:00Z,18.874083344141642,µg/m³
Karachi,WWF-Pakistan Karachi Office,2025-12-12T06:00:00Z,27.0,µg/m³
Karachi,G3 Engineering Consultants karachi,2025-12-12T06:00:00Z,125.6356669108073,µg/m³
Karachi,G3 Engineering Consultants karachi,2025-12-12T07:00:00Z,42.41383336385091,µg/m³
Karachi,Urban Unit Karachi,2025-12-12T07:00:00Z,42.42104192574819,µg/m³
Karachi,WWF-Pakistan Karachi Office,2025-12-12T07:00:00Z,21.0,µg/m³
Karachi,Karachi Zoo,2025-12-12T07:00:00Z,14.677541677157086,µg/m³
Karachi,WWF-Pakistan Karachi Office,2025-12-12T08:00:00Z,17.0,µg/m³
Karachi,Karachi Zoo,2025-12-12T08:00:00Z,7.25099999639723,µg/m³
Karachi,Urban Unit Karachi,2025-12-12T08:00:00Z,28.685999870300293,µg/m³
Karachi,G3 Engineering Consultants karachi,2025-12-12T08:00:00Z,5.133500003814697,µg/m³
Karachi,Karachi Zoo,2025-12-12T09:00:00Z,9.542333348592122,µg/m³
Karachi,Urban Unit Karachi,2025-12-12T09:00:00Z,17.96150000890096,µg/m³
Karachi,G3 Engineering Consultants karachi,2025-12-12T09:00:00Z,11.044166660308838,µg/m³
Karachi,Karachi Zoo,2025-12-12T10:00:00Z,15.916833368937175,µg/m³
Karachi,WWF-Pakistan Karachi Office,2025-12-12T10:00:00Z,22.0,µg/m³
Karachi,Urban Unit Karachi,2025-12-12T10:00:00Z,23.836499977111817,µg/m³
Karachi,G3 Engineering Consultants karachi,2025-12-12T10:00:00Z,6.832791654268902,µg/m³
Karachi,Urban Unit Karachi,2025-12-12T11:00:00Z,25.625,µg/m³
Karachi,WWF-Pakistan Karachi Office,2025-12-12T11:00:00Z,20.0,µg/m³
Karachi,Karachi Zoo,2025-12-12T11:00:00Z,14.618499978383383,µg/m³
Karachi,G3 Engineering Consultants karachi,2025-12-12T11:00:00Z,8.50816666285197,µg/m³
Karachi,Karachi Zoo,2025-12-12T12:00:00Z,25.15516668955485,µg/m³
Karachi,WWF-Pakistan Karachi Office,2025-12-12T12:00:00Z,22.0,µg/m³
Karachi,G3 Engineering Consultants karachi,2025-12-12T12:00:00Z,7.741736107402378,µg/m³
Karachi,Urban Unit Karachi,2025-12-12T12:00:00Z,29.292583243052164,µg/m³
Karachi,WWF-Pakistan Karachi Office,2025-12-12T13:00:00Z,24.0,µg/m³
Karachi,Karachi Zoo,2025-12-12T13:00:00Z,28.977999909718832,µg/m³
Karachi,G3 Engineering Consultants karachi,2025-12-12T13:00:00Z,16.174902764956155,µg/m³
Karachi,Urban Unit Karachi,2025-12-12T13:00:00Z,33.04737493991852,µg/m³
Karachi,Urban Unit Karachi,2025-12-12T14:00:00Z,36.741833241780604,µg/m³
Karachi,G3 Engineering Consultants karachi,2025-12-12T14:00:00Z,21.03933334350586,µg/m³
Karachi,WWF-Pakistan Karachi Office,2025-12-12T14:00:00Z,28.0,µg/m³
Karachi,Karachi Zoo,2025-12-12T14:00:00Z,32.73083340326945,µg/m³
Karachi,Urban Unit Karachi,2025-12-12T15:00:00Z,40.06383336385092,µg/m³
Karachi,G3 Engineering Consultants karachi,2025-12-12T15:00:00Z,25.697333367665607,µg/m³
Karachi,WWF-Pakistan Karachi Office,2025-12-12T15:00:00Z,33.0,µg/m³
Karachi,Karachi Zoo,2025-12-12T15:00:00Z,35.744000244140615,µg/m³
Karachi,G3 Engineering Consultants karachi,2025-12-12T16:00:00Z,28.01050001780192,µg/m³
Karachi,Urban Unit Karachi,2025-12-12T16:00:00Z,48.614499664306635,µg/m³
Karachi,WWF-Pakistan Karachi Office,2025-12-12T16:00:00Z,34.0,µg/m³
Karachi,Karachi Zoo,2025-12-12T16:00:00Z,37.26133314768473,µg/m³
Karachi,WWF-Pakistan Karachi Office,2025-12-12T17:00:00Z,36.0,µg/m³
Karachi,G3 Engineering Consultants karachi,2025-12-12T17:00:00Z,28.29949992497762,µg/m³
Karachi,Karachi Zoo,2025-12-12T17:00:00Z,29.276999950408936,µg/m³
Karachi,Urban Unit Karachi,2025-12-12T17:00:00Z,51.31383336385091,µg/m³
Karachi,Urban Unit Karachi,2025-12-12T18:00:00Z,70.77733357747395,µg/m³
Karachi,G3 Engineering Consultants karachi,2025-12-12T18:00:00Z,36.10833333333334,µg/m³
Karachi,Karachi Zoo,2025-12-12T18:00:00Z,32.033166567484535,µg/m³
Karachi,WWF-Pakistan Karachi Office,2025-12-12T18:00:00Z,32.0,µg/m³
Karachi,Urban Unit Karachi,2025-12-12T19:00:00Z,66.81666666666666,µg/m³
Karachi,Karachi Zoo,2025-12-12T19:00:00Z,29.096833324432378,µg/m³
Karachi,G3 Engineering Consultants karachi,2025-12-12T19:00:00Z,38.40566660563152,µg/m³
Karachi,Urban Unit Karachi,2025-12-12T20:00:00Z,54.486166636149086,µg/m³
Karachi,G3 Engineering Consultants karachi,2025-12-12T20:00:00Z,33.44400027592977,µg/m³
Karachi,Karachi Zoo,2025-12-12T20:00:00Z,26.613499991099044,µg/m³
Karachi,WWF-Pakistan Karachi Office,2025-12-12T20:00:00Z,26.0,µg/m³
Karachi,G3 Engineering Consultants karachi,2025-12-12T21:00:00Z,31.93349987665812,µg/m³
Karachi,Karachi Zoo,2025-12-12T21:00:00Z,29.491833337148034,µg/m³
Karachi,Urban Unit Karachi,2025-12-12T21:00:00Z,44.291500091552734,µg/m³
Karachi,WWF-Pakistan Karachi Office,2025-12-12T21:00:00Z,21.0,µg/m³
Karachi,G3 Engineering Consultants karachi,2025-12-12T22:00:00Z,28.678000005086265,µg/m³
Karachi,WWF-Pakistan Karachi Office,2025-12-12T22:00:00Z,20.0,µg/m³
Karachi,Urban Unit Karachi,2025-12-12T22:00:00Z,48.55833333333334,µg/m³
Karachi,Karachi Zoo,2025-12-12T22:00:00Z,25.203333314259847,µg/m³
Karachi,G3 Engineering Consultants karachi,2025-12-12T23:00:00Z,23.786333338419595,µg/m³
Karachi,Urban Unit Karachi,2025-12-12T23:00:00Z,48.702833302815755,µg/m³
Karachi,WWF-Pakistan Karachi Office,2025-12-12T23:00:00Z,38.0,µg/m³
Karachi,Karachi Zoo,2025-12-12T23:00:00Z,29.994833183288566,µg/m³
Karachi,Karachi Zoo,2025-12-13T00:00:00Z,42.25783360799154,µg/m³
Karachi,Urban Unit Karachi,2025-12-13T00:00:00Z,64.90216700236002,µg/m³
Karachi,G3 Engineering Consultants karachi,2025-12-13T00:00:00Z,24.561333338419598,µg/m³
Karachi,Karachi Zoo,2025-12-13T01:00:00Z,70.08600006103515,µg/m³
Karachi,G3 Engineering Consultants karachi,2025-12-13T01:00:00Z,28.49116665522257,µg/m³
Karachi,Urban Unit Karachi,2025-12-13T01:00:00Z,125.7194999694824,µg/m³
Karachi,WWF-Pakistan Karachi Office,2025-12-13T02:00:00Z,104.0,µg/m³
Karachi,Karachi Zoo,2025-12-13T02:00:00Z,110.24152785407172,µg/m³
Karachi,G3 Engineering Consultants karachi,2025-12-13T02:00:00Z,53.280333328247075,µg/m³
Karachi,Urban Unit Karachi,2025-12-13T02:00:00Z,130.13899993896484,µg/m³
Karachi,WWF-Pakistan Karachi Office,2025-12-13T03:00:00Z,135.0,µg/m³
Karachi,Urban Unit Karachi,2025-12-13T03:00:00Z,166.3224998474121,µg/m³
Karachi,Karachi Zoo,2025-12-13T03:00:00Z,129.37533315022787,µg/m³
Karachi,G3 Engineering Consultants karachi,2025-12-13T03:00:00Z,119.05016657511392,µg/m³
Karachi,G3 Engineering Consultants karachi,2025-12-13T04:00:00Z,41.59166673024496,µg/m³
Karachi,Karachi Zoo,2025-12-13T04:00:00Z,68.07308308283488,µg/m³
Karachi,Urban Unit Karachi,2025-12-13T04:00:00Z,164.0366663614909,µg/m³
Karachi,WWF-Pakistan Karachi Office,2025-12-13T04:00:00Z,133.0,µg/m³
Karachi,Karachi Zoo,2025-12-13T05:00:00Z,15.678333330154421,µg/m³
Karachi,WWF-Pakistan Karachi Office,2025-12-13T05:00:00Z,21.0,µg/m³
Karachi,G3 Engineering Consultants karachi,2025-12-13T05:00:00Z,29.86383352279663,µg/m³
Karachi,Urban Unit Karachi,2025-12-13T05:00:00Z,27.469499842325845,µg/m³
Karachi,WWF-Pakistan Karachi Office,2025-12-13T06:00:00Z,20.0,µg/m³
Karachi,Karachi Zoo,2025-12-13T06:00:00Z,18.96916669209798,µg/m³
Karachi,Urban Unit Karachi,2025-12-13T06:00:00Z,28.438999970753986,µg/m³
Karachi,G3 Engineering Consultants karachi,2025-12-13T06:00:00Z,21.999666659037278,µg/m³
Karachi,Urban Unit Karachi,2025-12-13T07:00:00Z,22.630499998728435,µg/m³
Karachi,WWF-Pakistan Karachi Office,2025-12-13T07:00:00Z,18.0,µg/m³
Karachi,G3 Engineering Consultants karachi,2025-12-13T07:00:00Z,15.761333306630453,µg/m³
Karachi,Karachi Zoo,2025-12-13T07:00:00Z,9.697666676839193,µg/m³
Karachi,Urban Unit Karachi,2025-12-13T08:00:00Z,22.87749999364217,µg/m³
Karachi,G3 Engineering Consultants karachi,2025-12-13T08:00:00Z,9.171999994913739,µg/m³
Karachi,Karachi Zoo,2025-12-13T08:00:00Z,13.48283332188924,µg/m³
Karachi,WWF-Pakistan Karachi Office,2025-12-13T08:00:00Z,19.0,µg/m³
Karachi,Urban Unit Karachi,2025-12-13T09:00:00Z,20.383333333333333,µg/m³
Karachi,G3 Engineering Consultants karachi,2025-12-13T09:00:00Z,10.224499988555909,µg/m³
Karachi,WWF-Pakistan Karachi Office,2025-12-13T09:00:00Z,17.0,µg/m³
Karachi,Karachi Zoo,2025-12-13T09:00:00Z,15.60249999364217,µg/m³
Karachi,G3 Engineering Consultants karachi,2025-12-13T10:00:00Z,9.865499973297117,µg/m³
Karachi,Urban Unit Karachi,2025-12-13T10:00:00Z,18.543666648864747,µg/m³
Karachi,WWF-Pakistan Karachi Office,2025-12-13T10:00:00Z,18.0,µg/m³
Karachi,Karachi Zoo,2025-12-13T10:00:00Z,16.310999997456868,µg/m³
Karachi,WWF-Pakistan Karachi Office,2025-12-13T11:00:00Z,20.0,µg/m³
Karachi,Karachi Zoo,2025-12-13T11:00:00Z,19.046999994913737,µg/m³
Karachi,G3 Engineering Consultants karachi,2025-12-13T11:00:00Z,9.6,µg/m³
Karachi,Urban Unit Karachi,2025-12-13T11:00:00Z,19.522333335876464,µg/m³
Karachi,Karachi Zoo,2025-12-13T12:00:00Z,24.574833329518636,µg/m³
Karachi,Urban Unit Karachi,2025-12-13T12:00:00Z,23.519166660308837,µg/m³
Karachi,G3 Engineering Consultants karachi,2025-12-13T12:00:00Z,15.96383333206177,µg/m³
Karachi,WWF-Pakistan Karachi Office,2025-12-13T12:00:00Z,19.0,µg/m³
Karachi,G3 Engineering Consultants karachi,2025-12-13T13:00:00Z,26.049833488464355,µg/m³
Karachi,WWF-Pakistan Karachi Office,2025-12-13T13:00:00Z,19.0,µg/m³
Karachi,"DHA, Karachi",2025-12-13T13:00:00Z,11.713749996821088,µg/m³
Karachi,Urban Unit Karachi,2025-12-13T13:00:00Z,31.261499913533527,µg/m³
Karachi,Karachi Zoo,2025-12-13T13:00:00Z,26.6136666615804,µg/m³
Karachi,"DHA, Karachi",2025-12-13T14:00:00Z,17.691666603088375,µg/m³
Karachi,WWF-Pakistan Karachi Office,2025-12-13T14:00:00Z,27.0,µg/m³
Karachi,G3 Engineering Consultants karachi,2025-12-13T14:00:00Z,23.558333333333334,µg/m³
Karachi,Urban Unit Karachi,2025-12-13T14:00:00Z,35.99966681798299,µg/m³
Karachi,Karachi Zoo,2025-12-13T14:00:00Z,37.191166973114015,µg/m³
Karachi,"DHA, Karachi",2025-12-13T15:00:00Z,27.956166585286457,µg/m³
Karachi,Urban Unit Karachi,2025-12-13T15:00:00Z,51.26666666666666,µg/m³
Karachi,G3 Engineering Consultants karachi,2025-12-13T15:00:00Z,29.797166768709825,µg/m³
Karachi,Karachi Zoo,2025-12-13T15:00:00Z,43.28433278401693,µg/m³
Karachi,"DHA, Karachi",2025-12-13T16:00:00Z,34.27183354695638,µg/m³
Karachi,WWF-Pakistan Karachi Office,2025-12-13T16:00:00Z,36.0,µg/m³
Karachi,Karachi Zoo,2025-12-13T16:00:00Z,44.12216669718425,µg/m³
Karachi,G3 Engineering Consultants karachi,2025-12-13T16:00:00Z,46.0245002746582,µg/m³
Karachi,Urban Unit Karachi,2025-12-13T16:00:00Z,50.85316645304362,µg/m³
Karachi,Karachi Zoo,2025-12-13T17:00:00Z,66.77533315022787,µg/m³
Karachi,WWF-Pakistan Karachi Office,2025-12-13T17:00:00Z,43.0,µg/m³
Karachi,"DHA, Karachi",2025-12-13T17:00:00Z,39.539333089192716,µg/m³
Karachi,Urban Unit Karachi,2025-12-13T17:00:00Z,54.12233327229817,µg/m³
Karachi,G3 Engineering Consultants karachi,2025-12-13T17:00:00Z,47.41380547417535,µg/m³
Karachi,Karachi Zoo,2025-12-13T18:00:00Z,100.66650009155273,µg/m³
Karachi,G3 Engineering Consultants karachi,2025-12-13T18:00:00Z,53.38823583390977,µg/m³
Karachi,WWF-Pakistan Karachi Office,2025-12-13T18:00:00Z,46.0,µg/m³
Karachi,"DHA, Karachi",2025-12-13T18:00:00Z,47.40550003051757,µg/m³
Karachi,Urban Unit Karachi,2025-12-13T18:00:00Z,67.38866678873698,µg/m³
Karachi,Urban Unit Karachi,2025-12-13T19:00:00Z,57.630500030517574,µg/m³
Karachi,G3 Engineering Consultants karachi,2025-12-13T19:00:00Z,52.525291506449385,µg/m³
Karachi,"DHA, Karachi",2025-12-13T19:00:00Z,75.4336664835612,µg/m³
Karachi,WWF-Pakistan Karachi Office,2025-12-13T19:00:00Z,39.0,µg/m³
Karachi,Karachi Zoo,2025-12-13T19:00:00Z,87.62466684977214,µg/m³
Karachi,G3 Engineering Consultants karachi,2025-12-13T20:00:00Z,57.23050003051758,µg/m³
Karachi,"DHA, Karachi",2025-12-13T20:00:00Z,122.13333333333333,µg/m³
Karachi,Urban Unit Karachi,2025-12-13T20:00:00Z,101.28883336385088,µg/m³
Karachi,Karachi Zoo,2025-12-13T20:00:00Z,104.313666788737,µg/m³
Karachi,WWF-Pakistan Karachi Office,2025-12-13T20:00:00Z,84.0,µg/m³
Karachi,"DHA, Karachi",2025-12-13T21:00:00Z,143.7919998168945,µg/m³
Karachi,Urban Unit Karachi,2025-12-13T21:00:00Z,90.06050033569335,µg/m³
Karachi,G3 Engineering Consultants karachi,2025-12-13T21:00:00Z,103.86666666666667,µg/m³
Karachi,Karachi Zoo,2025-12-13T21:00:00Z,92.00333302815756,µg/m³
Karachi,G3 Engineering Consultants karachi,2025-12-13T22:00:00Z,50.09041659037272,µg/m³
Karachi,Karachi Zoo,2025-12-13T22:00:00Z,42.15299987792969,µg/m³
Karachi,WWF-Pakistan Karachi Office,2025-12-13T22:00:00Z,39.0,µg/m³
Karachi,Urban Unit Karachi,2025-12-13T22:00:00Z,51.583333333333336,µg/m³
Karachi,"DHA, Karachi",2025-12-13T22:00:00Z,117.86666666666666,µg/m³
Karachi,G3 Engineering Consultants karachi,2025-12-13T23:00:00Z,52.76949996948242,µg/m³
Karachi,Urban Unit Karachi,2025-12-13T23:00:00Z,44.052999877929686,µg/m³
Karachi,"DHA, Karachi",2025-12-13T23:00:00Z,83.16716639200845,µg/m³
Karachi,Karachi Zoo,2025-12-13T23:00:00Z,55.2418332417806,µg/m³
Karachi,WWF-Pakistan Karachi Office,2025-12-13T23:00:00Z,32.0,µg/m³
Karachi,"DHA, Karachi",2025-12-14T00:00:00Z,58.39416681925456,µg/m³
Karachi,Urban Unit Karachi,2025-12-14T00:00:00Z,41.11933339436849,µg/m³
Karachi,G3 Engineering Consultants karachi,2025-12-14T00:00:00Z,38.34499969482421,µg/m³
Karachi,WWF-Pakistan Karachi Office,2025-12-14T00:00:00Z,26.0,µg/m³
Karachi,Karachi Zoo,2025-12-14T00:00:00Z,82.9331667582194,µg/m³
Karachi,"DHA, Karachi",2025-12-14T01:00:00Z,69.81916681925456,µg/m³
Karachi,Karachi Zoo,2025-12-14T01:00:00Z,71.50849990844726,µg/m³
Karachi,WWF-Pakistan Karachi Office,2025-12-14T01:00:00Z,43.0,µg/m³
Karachi,Urban Unit Karachi,2025-12-14T01:00:00Z,52.29199981689453,µg/m³
Karachi,G3 Engineering Consultants karachi,2025-12-14T01:00:00Z,44.43033345540365,µg/m³
Karachi,G3 Engineering Consultants karachi,2025-12-14T02:00:00Z,68.829500579834,µg/m³
Karachi,Karachi Zoo,2025-12-14T02:00:00Z,82.53333333333335,µg/m³
Karachi,WWF-Pakistan Karachi Office,2025-12-14T02:00:00Z,77.0,µg/m³
Karachi,Urban Unit Karachi,2025-12-14T02:00:00Z,80.47450027465821,µg/m³
Karachi,"DHA, Karachi",2025-12-14T02:00:00Z,95.66633351643878,µg/m³
Karachi,Karachi Zoo,2025-12-14T03:00:00Z,119.08633321126301,µg/m³
Karachi,WWF-Pakistan Karachi Office,2025-12-14T03:00:00Z,129.0,µg/m³
Karachi,"DHA, Karachi",2025-12-14T03:00:00Z,142.0056666056315,µg/m³
Karachi,G3 Engineering Consultants karachi,2025-12-14T03:00:00Z,121.25466715494791,µg/m³
Karachi,Urban Unit Karachi,2025-12-14T03:00:00Z,137.41133321126304,µg/m³
Karachi,G3 Engineering Consultants karachi,2025-12-14T04:00:00Z,148.49150009155275,µg/m³
Karachi,"DHA, Karachi",2025-12-14T04:00:00Z,178.55016657511393,µg/m³
Karachi,Urban Unit Karachi,2025-12-14T04:00:00Z,158.7086664835612,µg/m³
Karachi,WWF-Pakistan Karachi Office,2025-12-14T04:00:00Z,150.0,µg/m³
Karachi,Karachi Zoo,2025-12-14T04:00:00Z,140.65,µg/m³
Karachi,Karachi Zoo,2025-12-14T05:00:00Z,127.70016657511394,µg/m³
Karachi,G3 Engineering Consultants karachi,2025-12-14T05:00:00Z,151.91133321126304,µg/m³
Karachi,Urban Unit Karachi,2025-12-14T05:00:00Z,153.10550003051756,µg/m³
Karachi,"DHA, Karachi",2025-12-14T05:00:00Z,184.69683354695636,µg/m³
Karachi,G3 Engineering Consultants karachi,2025-12-14T06:00:00Z,135.0336664835612,µg/m³
Karachi,"DHA, Karachi",2025-12-14T06:00:00Z,137.2938336690267,µg/m³
Karachi,WWF-Pakistan Karachi Office,2025-12-14T06:00:00Z,120.0,µg/m³
Karachi,Urban Unit Karachi,2025-12-14T06:00:00Z,124.03050003051759,µg/m³
Karachi,Karachi Zoo,2025-12-14T06:00:00Z,101.82783330281575,µg/m³
Karachi,Urban Unit Karachi,2025-12-14T07:00:00Z,100.77818215110084,µg/m³
Karachi,"DHA, Karachi",2025-12-14T07:00:00Z,99.7181818181818,µg/m³
Karachi,Karachi Zoo,2025-12-14T07:00:00Z,81.2060000332919,µg/m³
Karachi,G3 Engineering Consultants karachi,2025-12-14T07:00:00Z,107.88436390269885,µg/m³
Karachi,WWF-Pakistan Karachi Office,2025-12-14T07:00:00Z,96.0,µg/m³
Karachi,Urban Unit Karachi,2025-12-14T08:00:00Z,83.20899963378906,µg/m³
Karachi,G3 Engineering Consultants karachi,2025-12-14T08:00:00Z,91.32183354695638,µg/m³
Karachi,"DHA, Karachi",2025-12-14T08:00:00Z,83.34466654459636,µg/m³
Karachi,Karachi Zoo,2025-12-14T08:00:00Z,63.2203748703003,µg/m³
Karachi,WWF-Pakistan Karachi Office,2025-12-14T08:00:00Z,80.0,µg/m³
Karachi,G3 Engineering Consultants karachi,2025-12-14T09:00:00Z,77.25599975585938,µg/m³
Karachi,"DHA, Karachi",2025-12-14T09:00:00Z,83.79133351643881,µg/m³
Karachi,Urban Unit Karachi,2025-12-14T09:00:00Z,86.15400009155273,µg/m³
Karachi,WWF-Pakistan Karachi Office,2025-12-14T09:00:00Z,82.0,µg/m³
Karachi,Karachi Zoo,2025-12-14T09:00:00Z,62.60016657511394,µg/m³
Karachi,"DHA, Karachi",2025-12-14T10:00:00Z,81.94733327229818,µg/m³
Karachi,Urban Unit Karachi,2025-12-14T10:00:00Z,82.87783330281577,µg/m³
Karachi,WWF-Pakistan Karachi Office,2025-12-14T10:00:00Z,80.0,µg/m³
Karachi,Karachi Zoo,2025-12-14T10:00:00Z,63.50233357747396,µg/m³
Karachi,G3 Engineering Consultants karachi,2025-12-14T10:00:00Z,108.13366648356119,µg/m³
Karachi,Urban Unit Karachi,2025-12-14T11:00:00Z,79.89933369954429,µg/m³
Karachi,WWF-Pakistan Karachi Office,2025-12-14T11:00:00Z,79.0,µg/m³
Karachi,Karachi Zoo,2025-12-14T11:00:00Z,67.2240005493164,µg/m³
Karachi,G3 Engineering Consultants karachi,2025-12-14T11:00:00Z,129.34766642252603,µg/m³
Karachi,"DHA, Karachi",2025-12-14T11:00:00Z,100.66916681925454,µg/m³
Karachi,Karachi Zoo,2025-12-14T12:00:00Z,86.99716669718424,µg/m³
Karachi,G3 Engineering Consultants karachi,2025-12-14T12:00:00Z,125.43316675821939,µg/m³
Karachi,WWF-Pakistan Karachi Office,2025-12-14T12:00:00Z,108.0,µg/m³
Karachi,Urban Unit Karachi,2025-12-14T12:00:00Z,77.57183354695637,µg/m³
Karachi,"DHA, Karachi",2025-12-14T12:00:00Z,113.94999999999999,µg/m³
Karachi,"DHA, Karachi",2025-12-14T13:00:00Z,133.10816675821943,µg/m³
Karachi,Urban Unit Karachi,2025-12-14T13:00:00Z,123.01683324178059,µg/m³
Karachi,G3 Engineering Consultants karachi,2025-12-14T13:00:00Z,161.54733327229818,µg/m³
Karachi,Karachi Zoo,2025-12-14T13:00:00Z,67.37183354695638,µg/m³
Karachi,WWF-Pakistan Karachi Office,2025-12-14T13:00:00Z,135.0,µg/m³
Karachi,Urban Unit Karachi,2025-12-14T14:00:00Z,151.94499969482422,µg/m³
Karachi,Karachi Zoo,2025-12-14T14:00:00Z,77.98283360799154,µg/m³
Karachi,G3 Engineering Consultants karachi,2025-12-14T14:00:00Z,164.59166666666667,µg/m³
Karachi,"DHA, Karachi",2025-12-14T14:00:00Z,162.85266672770183,µg/m³
Karachi,WWF-Pakistan Karachi Office,2025-12-14T14:00:00Z,145.0,µg/m³
Karachi,G3 Engineering Consultants karachi,2025-12-14T15:00:00Z,155.35316645304363,µg/m³
Karachi,"DHA, Karachi",2025-12-14T15:00:00Z,188.32733357747395,µg/m³
Karachi,Urban Unit Karachi,2025-12-14T15:00:00Z,176.48041687011718,µg/m³
Karachi,Karachi Zoo,2025-12-14T15:00:00Z,125.52783330281575,µg/m³
Karachi,"DHA, Karachi",2025-12-14T16:00:00Z,152.51116663614906,µg/m³
Karachi,WWF-Pakistan Karachi Office,2025-12-14T16:00:00Z,152.0,µg/m³
Karachi,G3 Engineering Consultants karachi,2025-12-14T16:00:00Z,129.21900024414063,µg/m³
Karachi,Urban Unit Karachi,2025-12-14T16:00:00Z,163.8358334859212,µg/m³
Karachi,Karachi Zoo,2025-12-14T16:00:00Z,113.48050003051759,µg/m³
Karachi,Urban Unit Karachi,2025-12-14T17:00:00Z,150.23504187266033,µg/m³
Karachi,Karachi Zoo,2025-12-14T17:00:00Z,97.3586664835612,µg/m³
Karachi,"DHA, Karachi",2025-12-14T17:00:00Z,130.1131670633952,µg/m³
Karachi,WWF-Pakistan Karachi Office,2025-12-14T17:00:00Z,142.0,µg/m³
Karachi,G3 Engineering Consultants karachi,2025-12-14T17:00:00Z,124.18283360799153,µg/m³
Karachi,Urban Unit Karachi,2025-12-14T18:00:00Z,147.39166666666665,µg/m³
Karachi,Karachi Zoo,2025-12-14T18:00:00Z,105.38050003051758,µg/m³
Karachi,WWF-Pakistan Karachi Office,2025-12-14T18:00:00Z,138.0,µg/m³
Karachi,G3 Engineering Consultants karachi,2025-12-14T18:00:00Z,126.24733327229818,µg/m³
Karachi,"DHA, Karachi",2025-12-14T18:00:00Z,134.41916681925454,µg/m³
Karachi,"DHA, Karachi",2025-12-14T19:00:00Z,154.40500030517578,µg/m³
Karachi,Urban Unit Karachi,2025-12-14T19:00:00Z,149.80733337402341,µg/m³
Karachi,Karachi Zoo,2025-12-14T19:00:00Z,112.16116663614908,µg/m³
Karachi,WWF-Pakistan Karachi Office,2025-12-14T19:00:00Z,147.0,µg/m³
Karachi,G3 Engineering Consultants karachi,2025-12-14T19:00:00Z,142.76399993896487,µg/m³
Karachi,G3 Engineering Consultants karachi,2025-12-14T20:00:00Z,140.85800018310547,µg/m³
Karachi,WWF-Pakistan Karachi Office,2025-12-14T20:00:00Z,147.0,µg/m³
Karachi,Karachi Zoo,2025-12-14T20:00:00Z,115.53300018310547,µg/m³
Karachi,Urban Unit Karachi,2025-12-14T20:00:00Z,162.06100006103517,µg/m³
Karachi,"DHA, Karachi",2025-12-14T20:00:00Z,146.29466654459634,µg/m³
Karachi,Urban Unit Karachi,2025-12-14T21:00:00Z,146.45985008239748,µg/m³
Karachi,WWF-Pakistan Karachi Office,2025-12-14T21:00:00Z,146.0,µg/m³
Karachi,G3 Engineering Consultants karachi,2025-12-14T21:00:00Z,137.2279998779297,µg/m³
Karachi,Karachi Zoo,2025-12-14T21:00:00Z,115.263666788737,µg/m³
Karachi,"DHA, Karachi",2025-12-14T21:00:00Z,148.67216669718425,µg/m³
Karachi,WWF-Pakistan Karachi Office,2025-12-14T22:00:00Z,133.0,µg/m³
Karachi,G3 Engineering Consultants karachi,2025-12-14T22:00:00Z,125.94166666666666,µg/m³
Karachi,Karachi Zoo,2025-12-14T22:00:00Z,103.25816675821942,µg/m³
Karachi,Urban Unit Karachi,2025-12-14T22:00:00Z,140.39483311971028,µg/m³
Karachi,"DHA, Karachi",2025-12-14T22:00:00Z,146.9306666056315,µg/m³
Karachi,WWF-Pakistan Karachi Office,2025-12-14T23:00:00Z,125.0,µg/m³
Karachi,G3 Engineering Consultants karachi,2025-12-14T23:00:00Z,124.64150009155274,µg/m³
Karachi,Urban Unit Karachi,2025-12-14T23:00:00Z,134.57766672770182,µg/m³
Karachi,Karachi Zoo,2025-12-14T23:00:00Z,109.78349990844725,µg/m³
Karachi,"DHA, Karachi",2025-12-14T23:00:00Z,131.25283330281573,µg/m³
Karachi,G3 Engineering Consultants karachi,2025-12-15T00:00:00Z,127.53683293660482,µg/m³
Karachi,Karachi Zoo,2025-12-15T00:00:00Z,102.77499999999999,µg/m³
Karachi,Urban Unit Karachi,2025-12-15T00:00:00Z,144.2918332417806,µg/m³
Karachi,"DHA, Karachi",2025-12-15T00:00:00Z,126.12826362186009,µg/m³
Karachi,WWF-Pakistan Karachi Office,2025-12-15T00:00:00Z,126.0,µg/m³
Karachi,Karachi Zoo,2025-12-15T01:00:00Z,107.02499999999999,µg/m³
Karachi,Urban Unit Karachi,2025-12-15T01:00:00Z,131.61716639200847,µg/m³
Karachi,G3 Engineering Consultants karachi,2025-12-15T01:00:00Z,127.48600006103517,µg/m³
Karachi,"DHA, Karachi",2025-12-15T01:00:00Z,140.38833363850912,µg/m³
Karachi,G3 Engineering Consultants karachi,2025-12-15T02:00:00Z,129.51650009155273,µg/m³
Karachi,"DHA, Karachi",2025-12-15T02:00:00Z,157.75849990844728,µg/m³
Karachi,Urban Unit Karachi,2025-12-15T02:00:00Z,143.39983342488605,µg/m³
Karachi,WWF-Pakistan Karachi Office,2025-12-15T02:00:00Z,147.0,µg/m³
Karachi,Karachi Zoo,2025-12-15T02:00:00Z,129.16366678873698,µg/m³
Karachi,Karachi Zoo,2025-12-15T03:00:00Z,141.60233357747396,µg/m³
Karachi,"DHA, Karachi",2025-12-15T03:00:00Z,220.03650004069013,µg/m³
Karachi,Urban Unit Karachi,2025-12-15T03:00:00Z,156.30800018310546,µg/m³
Karachi,G3 Engineering Consultants karachi,2025-12-15T03:00:00Z,139.92466684977214,µg/m³
Karachi,WWF-Pakistan Karachi Office,2025-12-15T03:00:00Z,166.0,µg/m³
Karachi,G3 Engineering Consultants karachi,2025-12-15T04:00:00Z,141.23883336385094,µg/m³
Karachi,Karachi Zoo,2025-12-15T04:00:00Z,131.2776667277018,µg/m³
Karachi,WWF-Pakistan Karachi Office,2025-12-15T04:00:00Z,155.0,µg/m³
Karachi,Urban Unit Karachi,2025-12-15T04:00:00Z,139.53654181162514,µg/m³
Karachi,"DHA, Karachi",2025-12-15T04:00:00Z,190.4971666971842,µg/m³
Karachi,Karachi Zoo,2025-12-15T05:00:00Z,137.5108334859212,µg/m³
Karachi,Urban Unit Karachi,2025-12-15T05:00:00Z,115.75766703287762,µg/m³
Karachi,"DHA, Karachi",2025-12-15T05:00:00Z,137.22283299763993,µg/m³
Karachi,G3 Engineering Consultants karachi,2025-12-15T05:00:00Z,119.3586664835612,µg/m³
Karachi,WWF-Pakistan Karachi Office,2025-12-15T05:00:00Z,128.0,µg/m³
Karachi,Urban Unit Karachi,2025-12-15T06:00:00Z,105.91133321126301,µg/m³
Karachi,Karachi Zoo,2025-12-15T06:00:00Z,129.93457562995678,µg/m³
Karachi,"DHA, Karachi",2025-12-15T06:00:00Z,141.01366678873697,µg/m³
Karachi,WWF-Pakistan Karachi Office,2025-12-15T06:00:00Z,113.0,µg/m³
Karachi,G3 Engineering Consultants karachi,2025-12-15T06:00:00Z,100.48666636149086,µg/m³
Karachi,Karachi Zoo,2025-12-15T07:00:00Z,92.73083318074544,µg/m³
Karachi,WWF-Pakistan Karachi Office,2025-12-15T07:00:00Z,73.0,µg/m³
Karachi,Urban Unit Karachi,2025-12-15T07:00:00Z,78.5995002746582,µg/m³
Karachi,G3 Engineering Consultants karachi,2025-12-15T07:00:00Z,90.02766672770183,µg/m³
Karachi,"DHA, Karachi",2025-12-15T07:00:00Z,100.5245002746582,µg/m³
Karachi,Urban Unit Karachi,2025-12-15T08:00:00Z,78.21633351643881,µg/m³
Karachi,G3 Engineering Consultants karachi,2025-12-15T08:00:00Z,133.911333211263,µg/m³
Karachi,"DHA, Karachi",2025-12-15T08:00:00Z,106.56966654459637,µg/m³
Karachi,Karachi Zoo,2025-12-15T08:00:00Z,65.99129174550374,µg/m³
Karachi,WWF-Pakistan Karachi Office,2025-12-15T08:00:00Z,69.0,µg/m³
Karachi,G3 Engineering Consultants karachi,2025-12-15T09:00:00Z,129.34441668192548,µg/m³
Karachi,WWF-Pakistan Karachi Office,2025-12-15T09:00:00Z,57.0,µg/m³
Karachi,"DHA, Karachi",2025-12-15T09:00:00Z,99.18083318074544,µg/m³
Karachi,Karachi Zoo,2025-12-15T09:00:00Z,77.13425000508626,µg/m³
Karachi,Urban Unit Karachi,2025-12-15T09:00:00Z,57.28616663614909,µg/m³
Karachi,Urban Unit Karachi,2025-12-15T10:00:00Z,62.301958020528154,µg/m³
Karachi,G3 Engineering Consultants karachi,2025-12-15T10:00:00Z,121.52799987792969,µg/m³
Karachi,"DHA, Karachi",2025-12-15T10:00:00Z,104.88383305867512,µg/m³
Karachi,Karachi Zoo,2025-12-15T10:00:00Z,71.48016662597655,µg/m³
Karachi,WWF-Pakistan Karachi Office,2025-12-15T10:00:00Z,64.0,µg/m³
Karachi,Karachi Zoo,2025-12-15T11:00:00Z,87.32083307902019,µg/m³
Karachi,"DHA, Karachi",2025-12-15T11:00:00Z,115.79666697184246,µg/m³
Karachi,Urban Unit Karachi,2025-12-15T11:00:00Z,85.65266672770183,µg/m³
Karachi,WWF-Pakistan Karachi Office,2025-12-15T11:00:00Z,84.0,µg/m³
Karachi,G3 Engineering Consultants karachi,2025-12-15T11:00:00Z,127.08972227308486,µg/m³
Karachi,"DHA, Karachi",2025-12-15T12:00:00Z,131.07500000000002,µg/m³
Karachi,G3 Engineering Consultants karachi,2025-12-15T12:00:00Z,132.74733327229816,µg/m³
Karachi,Karachi Zoo,2025-12-15T12:00:00Z,123.2949996948242,µg/m³
Karachi,Urban Unit Karachi,2025-12-15T12:00:00Z,108.1474998474121,µg/m³
Karachi,Urban Unit Karachi,2025-12-15T13:00:00Z,110.79749984741211,µg/m³
Karachi,"DHA, Karachi",2025-12-15T13:00:00Z,155.14216639200848,µg/m³
Karachi,Karachi Zoo,2025-12-15T13:00:00Z,143.82483342488607,µg/m³
Karachi,G3 Engineering Consultants karachi,2025-12-15T13:00:00Z,146.48116633097328,µg/m³
Karachi,Urban Unit Karachi,2025-12-15T14:00:00Z,109.02483342488608,µg/m³
Karachi,WWF-Pakistan Karachi Office,2025-12-15T14:00:00Z,115.0,µg/m³
Karachi,G3 Engineering Consultants karachi,2025-12-15T14:00:00Z,164.77216669718425,µg/m³
Karachi,"DHA, Karachi",2025-12-15T14:00:00Z,133.89199981689453,µg/m³
Karachi,Karachi Zoo,2025-12-15T14:00:00Z,116.45583356221516,µg/m³
Karachi,"DHA, Karachi",2025-12-15T15:00:00Z,128.68050003051758,µg/m³
Karachi,G3 Engineering Consultants karachi,2025-12-15T15:00:00Z,127.236333211263,µg/m³
Karachi,Karachi Zoo,2025-12-15T15:00:00Z,96.53033345540365,µg/m³
Karachi,WWF-Pakistan Karachi Office,2025-12-15T15:00:00Z,142.0,µg/m³
Karachi,Urban Unit Karachi,2025-12-15T15:00:00Z,132.43283360799154,µg/m³
Karachi,G3 Engineering Consultants karachi,2025-12-15T16:00:00Z,129.83899993896486,µg/m³
Karachi,"DHA, Karachi",2025-12-15T16:00:00Z,129.03583348592124,µg/m³
Karachi,WWF-Pakistan Karachi Office,2025-12-15T16:00:00Z,153.0,µg/m³
Karachi,Urban Unit Karachi,2025-12-15T16:00:00Z,149.5305000305176,µg/m³
Karachi,Karachi Zoo,2025-12-15T16:00:00Z,102.50750045776364,µg/m³
Karachi,Urban Unit Karachi,2025-12-15T17:00:00Z,139.7583333333333,µg/m³
Karachi,G3 Engineering Consultants karachi,2025-12-15T17:00:00Z,135.18600006103517,µg/m³
Karachi,"DHA, Karachi",2025-12-15T17:00:00Z,143.22216669718424,µg/m³
Karachi,Karachi Zoo,2025-12-15T17:00:00Z,96.9833333333333,µg/m³
Karachi,WWF-Pakistan Karachi Office,2025-12-15T18:00:00Z,128.0,µg/m³
Karachi,Urban Unit Karachi,2025-12-15T18:00:00Z,129.5578336079915,µg/m³
Karachi,G3 Engineering Consultants karachi,2025-12-15T18:00:00Z,126.66149978637696,µg/m³
Karachi,"DHA, Karachi",2025-12-15T18:00:00Z,145.97799987792968,µg/m³
Karachi,Karachi Zoo,2025-12-15T18:00:00Z,102.76616694132487,µg/m³
Karachi,G3 Engineering Consultants karachi,2025-12-15T19:00:00Z,126.09483311971029,µg/m³
Karachi,Karachi Zoo,2025-12-15T19:00:00Z,89.65533345540365,µg/m³
Karachi,"DHA, Karachi",2025-12-15T19:00:00Z,155.0118329366048,µg/m³
Karachi,Urban Unit Karachi,2025-12-15T19:00:00Z,116.76399993896483,µg/m³
Karachi,"DHA, Karachi",2025-12-15T20:00:00Z,159.52533315022785,µg/m³
Karachi,Karachi Zoo,2025-12-15T20:00:00Z,88.30833333333334,µg/m³
Karachi,G3 Engineering Consultants karachi,2025-12-15T20:00:00Z,119.88300018310548,µg/m³
Karachi,WWF-Pakistan Karachi Office,2025-12-15T20:00:00Z,114.0,µg/m³
Karachi,Urban Unit Karachi,2025-12-15T20:00:00Z,118.51116663614907,µg/m³
Karachi,Urban Unit Karachi,2025-12-15T21:00:00Z,113.93399963378907,µg/m³
Karachi,"DHA, Karachi",2025-12-15T21:00:00Z,141.22483342488607,µg/m³
Karachi,WWF-Pakistan Karachi Office,2025-12-15T21:00:00Z,119.0,µg/m³
Karachi,Karachi Zoo,2025-12-15T21:00:00Z,93.54383366902668,µg/m³
Karachi,G3 Engineering Consultants karachi,2025-12-15T21:00:00Z,112.04716669718424,µg/m³
Karachi,"DHA, Karachi",2025-12-15T22:00:00Z,124.1108334859212,µg/m³
Karachi,Karachi Zoo,2025-12-15T22:00:00Z,92.64683354695637,µg/m³
Karachi,G3 Engineering Consultants karachi,2025-12-15T22:00:00Z,105.79225006103518,µg/m³
Karachi,Urban Unit Karachi,2025-12-15T22:00:00Z,111.51100006103515,µg/m³
Karachi,Urban Unit Karachi,2025-12-15T22:00:00Z,90.4,µg/m³
Karachi,WWF-Pakistan Karachi Office,2025-12-15T22:00:00Z,114.0,µg/m³
Karachi,Urban Unit Karachi,2025-12-15T23:00:00Z,101.13050003051757,µg/m³
Karachi,G3 Engineering Consultants karachi,2025-12-15T23:00:00Z,100.09950027465821,µg/m³
Karachi,Karachi Zoo,2025-12-15T23:00:00Z,67.84199981689453,µg/m³
Karachi,WWF-Pakistan Karachi Office,2025-12-15T23:00:00Z,98.0,µg/m³
Karachi,"DHA, Karachi",2025-12-15T23:00:00Z,117.63366648356121,µg/m³
Karachi,G3 Engineering Consultants karachi,2025-12-16T00:00:00Z,99.27466684977213,µg/m³
Karachi,Urban Unit Karachi,2025-12-16T00:00:00Z,84.00833333333334,µg/m³
Karachi,Karachi Zoo,2025-12-16T00:00:00Z,58.84433339436848,µg/m³
Karachi,WWF-Pakistan Karachi Office,2025-12-16T00:00:00Z,82.0,µg/m³
Karachi,"DHA, Karachi",2025-12-16T00:00:00Z,132.76433308919272,µg/m³
Karachi,G3 Engineering Consultants karachi,2025-12-16T01:00:00Z,81.39999999999999,µg/m³
Karachi,Urban Unit Karachi,2025-12-16T01:00:00Z,79.88349990844726,µg/m³
Karachi,WWF-Pakistan Karachi Office,2025-12-16T01:00:00Z,82.0,µg/m³
Karachi,Karachi Zoo,2025-12-16T01:00:00Z,59.74433339436848,µg/m³
Karachi,"DHA, Karachi",2025-12-16T01:00:00Z,135.925,µg/m³
Karachi,Urban Unit Karachi,2025-12-16T02:00:00Z,96.58099975585937,µg/m³
Karachi,WWF-Pakistan Karachi Office,2025-12-16T02:00:00Z,103.0,µg/m³
Karachi,"DHA, Karachi",2025-12-16T02:00:00Z,157.60583318074544,µg/m³
Karachi,Karachi Zoo,2025-12-16T02:00:00Z,82.70833333333333,µg/m³
Karachi,G3 Engineering Consultants karachi,2025-12-16T02:00:00Z,87.80566660563152,µg/m³
Karachi,"DHA, Karachi",2025-12-16T03:00:00Z,152.97783330281575,µg/m³
Karachi,Karachi Zoo,2025-12-16T03:00:00Z,96.88916651407878,µg/m³
Karachi,WWF-Pakistan Karachi Office,2025-12-16T03:00:00Z,122.0,µg/m³
Karachi,G3 Engineering Consultants karachi,2025-12-16T03:00:00Z,104.4383336385091,µg/m³
Karachi,Urban Unit Karachi,2025-12-16T03:00:00Z,108.77266642252606,µg/m³
Karachi,Karachi Zoo,2025-12-16T04:00:00Z,94.28099975585936,µg/m³
Karachi,"DHA, Karachi",2025-12-16T04:00:00Z,131.82216669718426,µg/m³
Karachi,WWF-Pakistan Karachi Office,2025-12-16T04:00:00Z,115.0,µg/m³
Karachi,G3 Engineering Consultants karachi,2025-12-16T04:00:00Z,107.79716669718425,µg/m³
Karachi,Urban Unit Karachi,2025-12-16T04:00:00Z,103.05566660563152,µg/m³
Karachi,"DHA, Karachi",2025-12-16T05:00:00Z,123.18099975585938,µg/m³
Karachi,WWF-Pakistan Karachi Office,2025-12-16T05:00:00Z,112.0,µg/m³
Karachi,Urban Unit Karachi,2025-12-16T05:00:00Z,99.94433339436848,µg/m³
Karachi,Karachi Zoo,2025-12-16T05:00:00Z,105.24449996948242,µg/m³
Karachi,G3 Engineering Consultants karachi,2025-12-16T05:00:00Z,107.25866648356121,µg/m³
Karachi,Urban Unit Karachi,2025-12-16T06:00:00Z,97.39183324178059,µg/m³
Karachi,"DHA, Karachi",2025-12-16T06:00:00Z,105.00266672770182,µg/m³
Karachi,G3 Engineering Consultants karachi,2025-12-16T06:00:00Z,103.0888333638509,µg/m³
Karachi,WWF-Pakistan Karachi Office,2025-12-16T06:00:00Z,106.0,µg/m³
Karachi,Karachi Zoo,2025-12-16T06:00:00Z,100.13333333333333,µg/m³
Karachi,WWF-Pakistan Karachi Office,2025-12-16T07:00:00Z,95.0,µg/m³
Karachi,Urban Unit Karachi,2025-12-16T07:00:00Z,83.59733327229817,µg/m³
Karachi,"DHA, Karachi",2025-12-16T07:00:00Z,88.7163335164388,µg/m³
Karachi,G3 Engineering Consultants karachi,2025-12-16T07:00:00Z,85.36966654459634,µg/m³
Karachi,Karachi Zoo,2025-12-16T07:00:00Z,83.49166666666666,µg/m³
Karachi,Karachi Zoo,2025-12-16T08:00:00Z,66.43566691080729,µg/m³
Karachi,Urban Unit Karachi,2025-12-16T08:00:00Z,76.14979139963785,µg/m³
Karachi,WWF-Pakistan Karachi Office,2025-12-16T08:00:00Z,84.0,µg/m³
Karachi,G3 Engineering Consultants karachi,2025-12-16T08:00:00Z,79.29466654459635,µg/m³
Karachi,"DHA, Karachi",2025-12-16T08:00:00Z,70.84650039672852,µg/m³
Karachi,Urban Unit Karachi,2025-12-16T09:00:00Z,73.95849990844727,µg/m³
Karachi,G3 Engineering Consultants karachi,2025-12-16T09:00:00Z,67.23316675821941,µg/m³
Karachi,"DHA, Karachi",2025-12-16T09:00:00Z,66.12766672770182,µg/m³
Karachi,Karachi Zoo,2025-12-16T09:00:00Z,77.94466654459636,µg/m³
Karachi,WWF-Pakistan Karachi Office,2025-12-16T09:00:00Z,79.0,µg/m³
Karachi,"DHA, Karachi",2025-12-16T10:00:00Z,67.82166697184245,µg/m³
Karachi,Karachi Zoo,2025-12-16T10:00:00Z,76.4034999847412,µg/m³
Karachi,G3 Engineering Consultants karachi,2025-12-16T10:00:00Z,68.87983373006185,µg/m³
Karachi,Urban Unit Karachi,2025-12-16T10:00:00Z,75.19166666666666,µg/m³
Karachi,WWF-Pakistan Karachi Office,2025-12-16T11:00:00Z,85.0,µg/m³
Karachi,"DHA, Karachi",2025-12-16T11:00:00Z,75.42516657511392,µg/m³
Karachi,Karachi Zoo,2025-12-16T11:00:00Z,88.28300018310547,µg/m³
Karachi,G3 Engineering Consultants karachi,2025-12-16T11:00:00Z,75.59683354695638,µg/m³
Karachi,Urban Unit Karachi,2025-12-16T11:00:00Z,81.65783360799155,µg/m³
Karachi,"DHA, Karachi",2025-12-16T12:00:00Z,91.85266672770183,µg/m³
Karachi,Karachi Zoo,2025-12-16T12:00:00Z,102.07379974365236,µg/m³
Karachi,WWF-Pakistan Karachi Office,2025-12-16T12:00:00Z,89.0,µg/m³
Karachi,G3 Engineering Consultants karachi,2025-12-16T12:00:00Z,86.56116663614908,µg/m³
Karachi,Urban Unit Karachi,2025-12-16T12:00:00Z,84.25599975585936,µg/m³
Karachi,WWF-Pakistan Karachi Office,2025-12-16T13:00:00Z,98.0,µg/m³
Karachi,Urban Unit Karachi,2025-12-16T13:00:00Z,94.625,µg/m³
Karachi,G3 Engineering Consultants karachi,2025-12-16T13:00:00Z,93.04233296712239,µg/m³
Karachi,Karachi Zoo,2025-12-16T13:00:00Z,82.93379974365234,µg/m³
Karachi,"DHA, Karachi",2025-12-16T13:00:00Z,93.49050064086914,µg/m³
Karachi,Urban Unit Karachi,2025-12-16T14:00:00Z,94.94483311971031,µg/m³
Karachi,G3 Engineering Consultants karachi,2025-12-16T14:00:00Z,104.53583348592123,µg/m³
Karachi,WWF-Pakistan Karachi Office,2025-12-16T14:00:00Z,98.0,µg/m³
Karachi,Karachi Zoo,2025-12-16T14:00:00Z,76.09416681925455,µg/m³
Karachi,"DHA, Karachi",2025-12-16T14:00:00Z,114.71966654459635,µg/m³
Karachi,G3 Engineering Consultants karachi,2025-12-16T15:00:00Z,99.73083318074545,µg/m³
Karachi,WWF-Pakistan Karachi Office,2025-12-16T15:00:00Z,98.0,µg/m³
Karachi,Karachi Zoo,2025-12-16T15:00:00Z,76.71058336893718,µg/m³
Karachi,Urban Unit Karachi,2025-12-16T15:00:00Z,99.44449996948242,µg/m³
Karachi,"DHA, Karachi",2025-12-16T15:00:00Z,92.93050003051758,µg/m³
Karachi,"DHA, Karachi",2025-12-16T16:00:00Z,112.25349960327146,µg/m³
Karachi,WWF-Pakistan Karachi Office,2025-12-16T16:00:00Z,100.0,µg/m³
Karachi,Urban Unit Karachi,2025-12-16T16:00:00Z,102.29133351643878,µg/m³
Karachi,G3 Engineering Consultants karachi,2025-12-16T16:00:00Z,101.20883305867513,µg/m³
Karachi,Karachi Zoo,2025-12-16T16:00:00Z,87.8157080968221,µg/m³
Karachi,"DHA, Karachi",2025-12-16T17:00:00Z,129.02233327229817,µg/m³
Karachi,Karachi Zoo,2025-12-16T17:00:00Z,82.08833363850911,µg/m³
Karachi,G3 Engineering Consultants karachi,2025-12-16T17:00:00Z,108.73083318074544,µg/m³
Karachi,Urban Unit Karachi,2025-12-16T17:00:00Z,101.88366648356119,µg/m³
Karachi,G3 Engineering Consultants karachi,2025-12-16T18:00:00Z,101.0836664835612,µg/m³
Karachi,Karachi Zoo,2025-12-16T18:00:00Z,86.4168332417806,µg/m³
Karachi,Urban Unit Karachi,2025-12-16T18:00:00Z,100.70849990844727,µg/m³
Karachi,"DHA, Karachi",2025-12-16T18:00:00Z,142.02233327229814,µg/m³
Karachi,"DHA, Karachi",2025-12-16T19:00:00Z,130.40033315022785,µg/m³
Karachi,WWF-Pakistan Karachi Office,2025-12-16T19:00:00Z,101.0,µg/m³
Karachi,Urban Unit Karachi,2025-12-16T19:00:00Z,97.99416681925454,µg/m³
Karachi,Karachi Zoo,2025-12-16T19:00:00Z,81.40583318074543,µg/m³
Karachi,G3 Engineering Consultants karachi,2025-12-16T19:00:00Z,97.3443333943685,µg/m³
Karachi,WWF-Pakistan Karachi Office,2025-12-16T20:00:00Z,94.0,µg/m³
Karachi,"DHA, Karachi",2025-12-16T20:00:00Z,127.56149978637694,µg/m³
Karachi,Karachi Zoo,2025-12-16T20:00:00Z,67.54150009155273,µg/m³
Karachi,G3 Engineering Consultants karachi,2025-12-16T20:00:00Z,93.0586664835612,µg/m³
Karachi,Urban Unit Karachi,2025-12-16T20:00:00Z,91.425,µg/m³
Karachi,G3 Engineering Consultants karachi,2025-12-16T21:00:00Z,80.1220001220703,µg/m³
Karachi,Urban Unit Karachi,2025-12-16T21:00:00Z,81.71583379109701,µg/m³
Karachi,WWF-Pakistan Karachi Office,2025-12-16T21:00:00Z,85.0,µg/m³
Karachi,"DHA, Karachi",2025-12-16T21:00:00Z,103.50016657511395,µg/m³
Karachi,Karachi Zoo,2025-12-16T21:00:00Z,73.56800003051758,µg/m³
Karachi,Urban Unit Karachi,2025-12-16T22:00:00Z,76.80016657511393,µg/m³
Karachi,WWF-Pakistan Karachi Office,2025-12-16T22:00:00Z,75.0,µg/m³
Karachi,"DHA, Karachi",2025-12-16T22:00:00Z,110.35583318074544,µg/m³
Karachi,Karachi Zoo,2025-12-16T22:00:00Z,52.0913335164388,µg/m³
Karachi,G3 Engineering Consultants karachi,2025-12-16T22:00:00Z,78.09416681925454,µg/m³
Karachi,Karachi Zoo,2025-12-16T23:00:00Z,50.81633351643881,µg/m³
Karachi,"DHA, Karachi",2025-12-16T23:00:00Z,109.3423329671224,µg/m³
Karachi,Urban Unit Karachi,2025-12-16T23:00:00Z,69.91366678873699,µg/m³
Karachi,G3 Engineering Consultants karachi,2025-12-16T23:00:00Z,77.49466654459634,µg/m³
Karachi,Karachi Zoo,2025-12-17T00:00:00Z,50.563999938964834,µg/m³
Karachi,G3 Engineering Consultants karachi,2025-12-17T00:00:00Z,72.86350021362304,µg/m³
Karachi,Urban Unit Karachi,2025-12-17T00:00:00Z,100.78316675821941,µg/m³
Karachi,"DHA, Karachi",2025-12-17T00:00:00Z,108.7643330891927,µg/m³
Karachi,WWF-Pakistan Karachi Office,2025-12-17T00:00:00Z,91.0,µg/m³
Karachi,Urban Unit Karachi,2025-12-17T01:00:00Z,93.26966654459635,µg/m³
Karachi,G3 Engineering Consultants karachi,2025-12-17T01:00:00Z,74.80016657511395,µg/m³
Karachi,"DHA, Karachi",2025-12-17T01:00:00Z,104.31083348592124,µg/m³
Karachi,Karachi Zoo,2025-12-17T01:00:00Z,49.41933339436849,µg/m³
Karachi,Urban Unit Karachi,2025-12-17T02:00:00Z,103.95833333333333,µg/m³
Karachi,WWF-Pakistan Karachi Office,2025-12-17T02:00:00Z,100.0,µg/m³
Karachi,Karachi Zoo,2025-12-17T02:00:00Z,64.39150009155273,µg/m³
Karachi,G3 Engineering Consultants karachi,2025-12-17T02:00:00Z,104.61900024414062,µg/m³
Karachi,"DHA, Karachi",2025-12-17T02:00:00Z,120.32816645304361,µg/m³
Karachi,G3 Engineering Consultants karachi,2025-12-17T03:00:00Z,125.85216700235999,µg/m³
Karachi,WWF-Pakistan Karachi Office,2025-12-17T03:00:00Z,118.0,µg/m³
Karachi,Karachi Zoo,2025-12-17T03:00:00Z,89.22799987792969,µg/m³
Karachi,Urban Unit Karachi,2025-12-17T03:00:00Z,114.6198331197103,µg/m³
Karachi,"DHA, Karachi",2025-12-17T03:00:00Z,142.8688336690267,µg/m³
Karachi,Karachi Zoo,2025-12-17T04:00:00Z,92.21666666666665,µg/m³
Karachi,WWF-Pakistan Karachi Office,2025-12-17T04:00:00Z,116.0,µg/m³
Karachi,"DHA, Karachi",2025-12-17T04:00:00Z,121.21666666666668,µg/m³
Karachi,G3 Engineering Consultants karachi,2025-12-17T04:00:00Z,115.2974998474121,µg/m³
Karachi,Urban Unit Karachi,2025-12-17T04:00:00Z,108.43383305867515,µg/m³
Karachi,Karachi Zoo,2025-12-17T05:00:00Z,83.77766672770183,µg/m³
Karachi,Urban Unit Karachi,2025-12-17T05:00:00Z,76.6,µg/m³
Karachi,WWF-Pakistan Karachi Office,2025-12-17T05:00:00Z,107.0,µg/m³
Karachi,"DHA, Karachi",2025-12-17T05:00:00Z,101.18099975585938,µg/m³
Karachi,Urban Unit Karachi,2025-12-17T05:00:00Z,93.29466654459634,µg/m³
Karachi,G3 Engineering Consultants karachi,2025-12-17T05:00:00Z,98.82516657511394,µg/m³
Karachi,WWF-Pakistan Karachi Office,2025-12-17T06:00:00Z,134.0,µg/m³
Karachi,Karachi Zoo,2025-12-17T06:00:00Z,81.2638333638509,µg/m³
Karachi,Urban Unit Karachi,2025-12-17T06:00:00Z,80.92408345540365,µg/m³
Karachi,G3 Engineering Consultants karachi,2025-12-17T06:00:00Z,87.94816652933757,µg/m³
Karachi,"DHA, Karachi",2025-12-17T06:00:00Z,92.66933339436848,µg/m³
Karachi,"DHA, Karachi",2025-12-17T07:00:00Z,85.96399993896485,µg/m³
Karachi,G3 Engineering Consultants karachi,2025-12-17T07:00:00Z,84.3193333943685,µg/m³
Karachi,Karachi Zoo,2025-12-17T07:00:00Z,76.88566691080729,µg/m³
Karachi,Urban Unit Karachi,2025-12-17T07:00:00Z,78.72783330281575,µg/m³
Karachi,WWF-Pakistan Karachi Office,2025-12-17T07:00:00Z,85.0,µg/m³
Karachi,WWF-Pakistan Karachi Office,2025-12-17T08:00:00Z,81.0,µg/m³
Karachi,G3 Engineering Consultants karachi,2025-12-17T09:00:00Z,69.89233296712239,µg/m³
Karachi,WWF-Pakistan Karachi Office,2025-12-17T09:00:00Z,75.0,µg/m³
Karachi,Urban Unit Karachi,2025-12-17T09:00:00Z,70.89120782216389,µg/m³
Karachi,"DHA, Karachi",2025-12-17T09:00:00Z,63.35995858510335,µg/m³
Karachi,Karachi Zoo,2025-12-17T09:00:00Z,70.06350021362304,µg/m³
Karachi,WWF-Pakistan Karachi Office,2025-12-17T10:00:00Z,78.0,µg/m³
Karachi,Karachi Zoo,2025-12-17T10:00:00Z,65.81366678873698,µg/m³
Karachi,G3 Engineering Consultants karachi,2025-12-17T10:00:00Z,71.89449996948242,µg/m³
Karachi,Urban Unit Karachi,2025-12-17T10:00:00Z,73.0836664835612,µg/m³
Karachi,"DHA, Karachi",2025-12-17T10:00:00Z,66.79449996948242,µg/m³
Karachi,"DHA, Karachi",2025-12-17T11:00:00Z,64.89700012207032,µg/m³
Karachi,Urban Unit Karachi,2025-12-17T11:00:00Z,75.69183324178059,µg/m³
Karachi,G3 Engineering Consultants karachi,2025-12-17T11:00:00Z,70.21616694132489,µg/m³
Karachi,Karachi Zoo,2025-12-17T11:00:00Z,78.78866678873698,µg/m³
Karachi,WWF-Pakistan Karachi Office,2025-12-17T11:00:00Z,81.0,µg/m³
Karachi,WWF-Pakistan Karachi Office,2025-12-17T12:00:00Z,90.0,µg/m³
Karachi,"DHA, Karachi",2025-12-17T12:00:00Z,63.86116663614907,µg/m³
Karachi,G3 Engineering Consultants karachi,2025-12-17T12:00:00Z,73.20316645304362,µg/m³
Karachi,Urban Unit Karachi,2025-12-17T12:00:00Z,86.40533345540365,µg/m³
Karachi,"DHA, Karachi",2025-12-17T13:00:00Z,67.69966684977214,µg/m³
Karachi,G3 Engineering Consultants karachi,2025-12-17T13:00:00Z,72.04449996948243,µg/m³
Karachi,Urban Unit Karachi,2025-12-17T13:00:00Z,127.73262500762938,µg/m³
Karachi,WWF-Pakistan Karachi Office,2025-12-17T13:00:00Z,134.0,µg/m³
Karachi,G3 Engineering Consultants karachi,2025-12-17T14:00:00Z,82.14466654459635,µg/m³
Karachi,"DHA, Karachi",2025-12-17T14:00:00Z,71.74449996948242,µg/m³
Karachi,Urban Unit Karachi,2025-12-17T14:00:00Z,143.7388333638509,µg/m³
Karachi,G3 Engineering Consultants karachi,2025-12-17T15:00:00Z,98.31100006103516,µg/m³
Karachi,WWF-Pakistan Karachi Office,2025-12-17T15:00:00Z,163.0,µg/m³
Karachi,"DHA, Karachi",2025-12-17T15:00:00Z,82.95766703287761,µg/m³
Karachi,Urban Unit Karachi,2025-12-17T15:00:00Z,142.2331667582194,µg/m³
Karachi,G3 Engineering Consultants karachi,2025-12-17T16:00:00Z,159.86399993896484,µg/m³
Karachi,"DHA, Karachi",2025-12-17T16:00:00Z,121.46366678873699,µg/m³
Karachi,Urban Unit Karachi,2025-12-17T16:00:00Z,120.71949996948241,µg/m³
Karachi,Urban Unit Karachi,2025-12-17T17:00:00Z,112.94616648356119,µg/m³
Karachi,WWF-Pakistan Karachi Office,2025-12-17T17:00:00Z,114.0,µg/m³
Karachi,G3 Engineering Consultants karachi,2025-12-17T17:00:00Z,196.06244472927517,µg/m³
Karachi,"DHA, Karachi",2025-12-17T17:00:00Z,190.58916625976565,µg/m³
Karachi,"DHA, Karachi",2025-12-17T18:00:00Z,236.91145814259846,µg/m³
Karachi,G3 Engineering Consultants karachi,2025-12-17T18:00:00Z,264.73033142089844,µg/m³
Karachi,Urban Unit Karachi,2025-12-17T18:00:00Z,117.79483311971028,µg/m³
Karachi,WWF-Pakistan Karachi Office,2025-12-17T18:00:00Z,101.0,µg/m³
Karachi,"DHA, Karachi",2025-12-17T19:00:00Z,176.88566691080726,µg/m³
Karachi,WWF-Pakistan Karachi Office,2025-12-17T19:00:00Z,116.0,µg/m³
Karachi,Urban Unit Karachi,2025-12-17T19:00:00Z,114.72233327229817,µg/m³
Karachi,G3 Engineering Consultants karachi,2025-12-17T19:00:00Z,140.28233337402347,µg/m³
Karachi,Karachi Zoo,2025-12-17T20:00:00Z,107.73342851911272,µg/m³
Karachi,Urban Unit Karachi,2025-12-17T20:00:00Z,112.57266642252604,µg/m³
Karachi,G3 Engineering Consultants karachi,2025-12-17T20:00:00Z,121.20833333333331,µg/m³
Karachi,WWF-Pakistan Karachi Office,2025-12-17T20:00:00Z,114.0,µg/m³
Karachi,"DHA, Karachi",2025-12-17T20:00:00Z,166.03866678873695,µg/m³
Karachi,WWF-Pakistan Karachi Office,2025-12-17T21:00:00Z,98.0,µg/m³
Karachi,Karachi Zoo,2025-12-17T21:00:00Z,110.60316645304361,µg/m³
Karachi,G3 Engineering Consultants karachi,2025-12-17T21:00:00Z,109.10216700236003,µg/m³
Karachi,Urban Unit Karachi,2025-12-17T21:00:00Z,104.57833302815754,µg/m³
Karachi,"DHA, Karachi",2025-12-17T21:00:00Z,122.1918332417806,µg/m³
Karachi,Urban Unit Karachi,2025-12-17T22:00:00Z,115.37249984741213,µg/m³
Karachi,G3 Engineering Consultants karachi,2025-12-17T22:00:00Z,104.38633321126302,µg/m³
Karachi,"DHA, Karachi",2025-12-17T22:00:00Z,130.37033284505208,µg/m³
Karachi,Karachi Zoo,2025-12-17T22:00:00Z,96.16666666666667,µg/m³
Karachi,Karachi Zoo,2025-12-17T23:00:00Z,81.66066691080728,µg/m³
Karachi,WWF-Pakistan Karachi Office,2025-12-17T23:00:00Z,78.0,µg/m³
Karachi,Urban Unit Karachi,2025-12-17T23:00:00Z,111.6388333638509,µg/m³
Karachi,G3 Engineering Consultants karachi,2025-12-17T23:00:00Z,114.10016657511393,µg/m³
Karachi,"DHA, Karachi",2025-12-17T23:00:00Z,107.89716669718426,µg/m³
Karachi,Urban Unit Karachi,2025-12-18T00:00:00Z,89.375,µg/m³
Karachi,G3 Engineering Consultants karachi,2025-12-18T00:00:00Z,113.24670861562093,µg/m³
Karachi,WWF-Pakistan Karachi Office,2025-12-18T00:00:00Z,77.0,µg/m³
Karachi,"DHA, Karachi",2025-12-18T00:00:00Z,83.49416681925454,µg/m³
Karachi,Karachi Zoo,2025-12-18T00:00:00Z,70.60233357747397,µg/m³
Karachi,G3 Engineering Consultants karachi,2025-12-18T01:00:00Z,116.65454545454544,µg/m³
Karachi,WWF-Pakistan Karachi Office,2025-12-18T01:00:00Z,75.0,µg/m³
Karachi,Urban Unit Karachi,2025-12-18T01:00:00Z,94.22163613059305,µg/m³
Karachi,"DHA, Karachi",2025-12-18T01:00:00Z,90.66890952370385,µg/m³
Karachi,Karachi Zoo,2025-12-18T01:00:00Z,66.203090875799,µg/m³
Karachi,"DHA, Karachi",2025-12-18T02:00:00Z,130.0836664835612,µg/m³
Karachi,Karachi Zoo,2025-12-18T02:00:00Z,69.2056666056315,µg/m³
Karachi,WWF-Pakistan Karachi Office,2025-12-18T02:00:00Z,93.0,µg/m³
Karachi,Urban Unit Karachi,2025-12-18T02:00:00Z,110.35283330281574,µg/m³
Karachi,G3 Engineering Consultants karachi,2025-12-18T02:00:00Z,109.03633321126303,µg/m³
Karachi,WWF-Pakistan Karachi Office,2025-12-18T03:00:00Z,105.0,µg/m³
Karachi,"DHA, Karachi",2025-12-18T03:00:00Z,137.58050003051758,µg/m³
Karachi,Karachi Zoo,2025-12-18T03:00:00Z,108.3918332417806,µg/m³
Karachi,Urban Unit Karachi,2025-12-18T03:00:00Z,101.9026667277018,µg/m³
Karachi,G3 Engineering Consultants karachi,2025-12-18T03:00:00Z,118.52216669718423,µg/m³
Karachi,Karachi Zoo,2025-12-18T04:00:00Z,164.39233296712237,µg/m³
Karachi,WWF-Pakistan Karachi Office,2025-12-18T04:00:00Z,105.0,µg/m³
Karachi,G3 Engineering Consultants karachi,2025-12-18T04:00:00Z,101.46949996948241,µg/m³
Karachi,"DHA, Karachi",2025-12-18T04:00:00Z,158.73349990844727,µg/m³
Karachi,Urban Unit Karachi,2025-12-18T04:00:00Z,89.76916681925455,µg/m³
Karachi,Karachi Zoo,2025-12-18T05:00:00Z,132.64666697184245,µg/m³
Karachi,"DHA, Karachi",2025-12-18T05:00:00Z,147.46600036621095,µg/m³
Karachi,G3 Engineering Consultants karachi,2025-12-18T05:00:00Z,81.92120812733968,µg/m³
Karachi,Urban Unit Karachi,2025-12-18T05:00:00Z,79.87450027465822,µg/m³
Karachi,WWF-Pakistan Karachi Office,2025-12-18T05:00:00Z,81.0,µg/m³
Karachi,Urban Unit Karachi,2025-12-18T06:00:00Z,89.0361666361491,µg/m³
Karachi,WWF-Pakistan Karachi Office,2025-12-18T06:00:00Z,89.0,µg/m³
Karachi,"DHA, Karachi",2025-12-18T06:00:00Z,87.76966654459635,µg/m³
Karachi,G3 Engineering Consultants karachi,2025-12-18T06:00:00Z,72.9301668802897,µg/m³
Karachi,Karachi Zoo,2025-12-18T06:00:00Z,87.05299987792968,µg/m³
Karachi,"DHA, Karachi",2025-12-18T07:00:00Z,57.86745411265981,µg/m³
Karachi,Karachi Zoo,2025-12-18T07:00:00Z,71.82145441228693,µg/m³
Karachi,G3 Engineering Consultants karachi,2025-12-18T07:00:00Z,81.906181751598,µg/m³
Karachi,Urban Unit Karachi,2025-12-18T07:00:00Z,64.79145424582742,µg/m³
Karachi,Karachi Zoo,2025-12-18T08:00:00Z,64.5806666056315,µg/m³
Karachi,"DHA, Karachi",2025-12-18T08:00:00Z,66.29036393599077,µg/m³
Karachi,Urban Unit Karachi,2025-12-18T08:00:00Z,53.305000305175774,µg/m³
Karachi,G3 Engineering Consultants karachi,2025-12-18T08:00:00Z,72.10083287556967,µg/m³
Karachi,WWF-Pakistan Karachi Office,2025-12-18T08:00:00Z,54.0,µg/m³
Karachi,G3 Engineering Consultants karachi,2025-12-18T09:00:00Z,117.19966684977214,µg/m³
Karachi,Karachi Zoo,2025-12-18T09:00:00Z,49.16383336385092,µg/m³
Karachi,WWF-Pakistan Karachi Office,2025-12-18T09:00:00Z,44.0,µg/m³
Karachi,Urban Unit Karachi,2025-12-18T09:00:00Z,48.84383366902669,µg/m³
Karachi,WWF-Pakistan Karachi Office,2025-12-18T10:00:00Z,63.0,µg/m³
Karachi,Karachi Zoo,2025-12-18T10:00:00Z,55.66083348592122,µg/m³
Karachi,G3 Engineering Consultants karachi,2025-12-18T10:00:00Z,129.82750015258787,µg/m³
Karachi,Urban Unit Karachi,2025-12-18T10:00:00Z,66.59716669718425,µg/m³
Karachi,G3 Engineering Consultants karachi,2025-12-18T11:00:00Z,158.31758359273275,µg/m³
Karachi,Karachi Zoo,2025-12-18T11:00:00Z,121.00902790493434,µg/m³
Karachi,Urban Unit Karachi,2025-12-18T11:00:00Z,128.13333333333333,µg/m³
Karachi,WWF-Pakistan Karachi Office,2025-12-18T12:00:00Z,121.0,µg/m³
Karachi,G3 Engineering Consultants karachi,2025-12-18T12:00:00Z,128.46966654459635,µg/m³
Karachi,Urban Unit Karachi,2025-12-18T12:00:00Z,128.21133321126305,µg/m³
Karachi,Karachi Zoo,2025-12-18T12:00:00Z,117.93300018310545,µg/m³
Karachi,G3 Engineering Consultants karachi,2025-12-18T13:00:00Z,140.58616765340167,µg/m³
Karachi,Urban Unit Karachi,2025-12-18T13:00:00Z,133.65033315022785,µg/m³
Karachi,Karachi Zoo,2025-12-18T13:00:00Z,128.41184707217747,µg/m³
Karachi,Karachi Zoo,2025-12-18T14:00:00Z,164.45533345540363,µg/m³
Karachi,G3 Engineering Consultants karachi,2025-12-18T14:00:00Z,115.93300018310548,µg/m³
Karachi,WWF-Pakistan Karachi Office,2025-12-18T14:00:00Z,156.0,µg/m³
Karachi,Urban Unit Karachi,2025-12-18T14:00:00Z,139.97266642252603,µg/m³
Karachi,Karachi Zoo,2025-12-18T15:00:00Z,162.5086664835612,µg/m³
Karachi,G3 Engineering Consultants karachi,2025-12-18T15:00:00Z,146.81399993896486,µg/m³
Karachi,Urban Unit Karachi,2025-12-18T15:00:00Z,152.24950027465823,µg/m³
Karachi,G3 Engineering Consultants karachi,2025-12-18T16:00:00Z,140.98300018310547,µg/m³
Karachi,WWF-Pakistan Karachi Office,2025-12-18T16:00:00Z,175.0,µg/m³
Karachi,Karachi Zoo,2025-12-18T16:00:00Z,211.1833333333334,µg/m³
Karachi,Urban Unit Karachi,2025-12-18T16:00:00Z,180.98866678873696,µg/m³
Karachi,Karachi Zoo,2025-12-18T17:00:00Z,239.14383366902675,µg/m³
Karachi,WWF-Pakistan Karachi Office,2025-12-18T17:00:00Z,198.0,µg/m³
Karachi,Urban Unit Karachi,2025-12-18T17:00:00Z,243.69433288574217,µg/m³
Karachi,G3 Engineering Consultants karachi,2025-12-18T17:00:00Z,182.58050003051756,µg/m³
Karachi,G3 Engineering Consultants karachi,2025-12-18T18:00:00Z,259.11966603597006,µg/m³
Karachi,WWF-Pakistan Karachi Office,2025-12-18T18:00:00Z,214.0,µg/m³
Karachi,Karachi Zoo,2025-12-18T18:00:00Z,250.19766718546552,µg/m³
Karachi,Urban Unit Karachi,2025-12-18T18:00:00Z,276.0948348999023,µg/m³
Karachi,Urban Unit Karachi,2025-12-18T19:00:00Z,226.27483342488608,µg/m³
Karachi,G3 Engineering Consultants karachi,2025-12-18T19:00:00Z,254.08883183797198,µg/m³
Karachi,Karachi Zoo,2025-12-18T19:00:00Z,259.20850092569987,µg/m³
Karachi,G3 Engineering Consultants karachi,2025-12-18T20:00:00Z,165.14416681925454,µg/m³
Karachi,WWF-Pakistan Karachi Office,2025-12-18T20:00:00Z,113.0,µg/m³
Karachi,Karachi Zoo,2025-12-18T20:00:00Z,215.4944999694824,µg/m³
Karachi,Urban Unit Karachi,2025-12-18T20:00:00Z,125.29783299763996,µg/m³
Karachi,WWF-Pakistan Karachi Office,2025-12-18T21:00:00Z,90.0,µg/m³
Karachi,Urban Unit Karachi,2025-12-18T21:00:00Z,109.69766642252604,µg/m³
Karachi,Karachi Zoo,2025-12-18T21:00:00Z,123.16133321126301,µg/m³
Karachi,G3 Engineering Consultants karachi,2025-12-18T21:00:00Z,130.09983342488604,µg/m³
Karachi,Urban Unit Karachi,2025-12-18T22:00:00Z,95.76983311971027,µg/m³
Karachi,Karachi Zoo,2025-12-18T22:00:00Z,102.62766672770182,µg/m³
Karachi,WWF-Pakistan Karachi Office,2025-12-18T22:00:00Z,80.0,µg/m³
Karachi,G3 Engineering Consultants karachi,2025-12-18T22:00:00Z,101.35849990844726,µg/m³
Karachi,Karachi Zoo,2025-12-18T23:00:00Z,115.46116663614909,µg/m³
Karachi,WWF-Pakistan Karachi Office,2025-12-18T23:00:00Z,66.0,µg/m³
Karachi,G3 Engineering Consultants karachi,2025-12-18T23:00:00Z,98.67483342488606,µg/m³
Karachi,Urban Unit Karachi,2025-12-18T23:00:00Z,71.55316645304363,µg/m³
Karachi,Karachi Zoo,2025-12-19T00:00:00Z,69.94150009155274,µg/m³
Karachi,WWF-Pakistan Karachi Office,2025-12-19T00:00:00Z,69.0,µg/m³
Karachi,Urban Unit Karachi,2025-12-19T00:00:00Z,76.58583348592121,µg/m³
Karachi,G3 Engineering Consultants karachi,2025-12-19T00:00:00Z,88.50866648356119,µg/m³
Karachi,Karachi Zoo,2025-12-19T01:00:00Z,59.69483311971029,µg/m³
Karachi,WWF-Pakistan Karachi Office,2025-12-19T01:00:00Z,66.0,µg/m³
Karachi,Urban Unit Karachi,2025-12-19T01:00:00Z,75.30849990844726,µg/m³
Karachi,Urban Unit Karachi,2025-12-19T01:00:00Z,62.2,µg/m³
Karachi,G3 Engineering Consultants karachi,2025-12-19T01:00:00Z,86.86949996948242,µg/m³
Karachi,Urban Unit Karachi,2025-12-19T02:00:00Z,78.44716669718424,µg/m³
Karachi,Karachi Zoo,2025-12-19T02:00:00Z,87.3974998474121,µg/m³
Karachi,WWF-Pakistan Karachi Office,2025-12-19T02:00:00Z,72.0,µg/m³
Karachi,G3 Engineering Consultants karachi,2025-12-19T02:00:00Z,81.65550003051757,µg/m³
Karachi,G3 Engineering Consultants karachi,2025-12-19T03:00:00Z,92.3806666056315,µg/m³
Karachi,Urban Unit Karachi,2025-12-19T03:00:00Z,86.34700012207031,µg/m³
Karachi,Karachi Zoo,2025-12-19T03:00:00Z,103.88051378462048,µg/m³
Karachi,WWF-Pakistan Karachi Office,2025-12-19T03:00:00Z,84.0,µg/m³
Karachi,Urban Unit Karachi,2025-12-19T04:00:00Z,86.58083318074544,µg/m³
Karachi,WWF-Pakistan Karachi Office,2025-12-19T04:00:00Z,99.0,µg/m³
Karachi,G3 Engineering Consultants karachi,2025-12-19T04:00:00Z,95.33799972534182,µg/m³
Karachi,Karachi Zoo,2025-12-19T04:00:00Z,130.88390284644234,µg/m³
Karachi,Urban Unit Karachi,2025-12-19T05:00:00Z,82.015833791097,µg/m³
Karachi,WWF-Pakistan Karachi Office,2025-12-19T05:00:00Z,86.0,µg/m³
Karachi,G3 Engineering Consultants karachi,2025-12-19T05:00:00Z,95.48349990844726,µg/m³
Karachi,Karachi Zoo,2025-12-19T05:00:00Z,132.39254156748456,µg/m³
Karachi,Urban Unit Karachi,2025-12-19T06:00:00Z,67.3366663614909,µg/m³
Karachi,G3 Engineering Consultants karachi,2025-12-19T06:00:00Z,102.50550003051757,µg/m³
Karachi,Karachi Zoo,2025-12-19T06:00:00Z,94.76866709391277,µg/m³
Karachi,WWF-Pakistan Karachi Office,2025-12-19T06:00:00Z,63.0,µg/m³
Karachi,Karachi Zoo,2025-12-19T07:00:00Z,64.74466654459637,µg/m³
Karachi,Urban Unit Karachi,2025-12-19T07:00:00Z,52.93712482452392,µg/m³
Karachi,G3 Engineering Consultants karachi,2025-12-19T07:00:00Z,92.62733357747395,µg/m³
Karachi,WWF-Pakistan Karachi Office,2025-12-19T07:00:00Z,44.0,µg/m³
Karachi,Karachi Zoo,2025-12-19T08:00:00Z,46.589499664306636,µg/m³
Karachi,Urban Unit Karachi,2025-12-19T08:00:00Z,49.85800018310547,µg/m³
Karachi,WWF-Pakistan Karachi Office,2025-12-19T08:00:00Z,45.0,µg/m³
Karachi,G3 Engineering Consultants karachi,2025-12-19T08:00:00Z,79.72233327229817,µg/m³
Karachi,Karachi Zoo,2025-12-19T09:00:00Z,47.28899993896485,µg/m³
Karachi,Urban Unit Karachi,2025-12-19T09:00:00Z,72.58283360799153,µg/m³
Karachi,WWF-Pakistan Karachi Office,2025-12-19T09:00:00Z,66.0,µg/m³
Karachi,G3 Engineering Consultants karachi,2025-12-19T09:00:00Z,60.90316645304363,µg/m³
Karachi,Karachi Zoo,2025-12-19T10:00:00Z,60.808833058675134,µg/m³
Karachi,WWF-Pakistan Karachi Office,2025-12-19T10:00:00Z,71.0,µg/m³
Karachi,Urban Unit Karachi,2025-12-19T10:00:00Z,77.9495002746582,µg/m³
Karachi,G3 Engineering Consultants karachi,2025-12-19T10:00:00Z,55.24983342488607,µg/m³
Karachi,Karachi Zoo,2025-12-19T11:00:00Z,77.35533345540365,µg/m³
Karachi,Urban Unit Karachi,2025-12-19T11:00:00Z,101.61366653442381,µg/m³
Karachi,WWF-Pakistan Karachi Office,2025-12-19T11:00:00Z,73.0,µg/m³
Karachi,G3 Engineering Consultants karachi,2025-12-19T11:00:00Z,55.169499969482416,µg/m³
Karachi,Karachi Zoo,2025-12-19T12:00:00Z,74.47516657511393,µg/m³
Karachi,Urban Unit Karachi,2025-12-19T12:00:00Z,79.90033315022787,µg/m³
Karachi,WWF-Pakistan Karachi Office,2025-12-19T12:00:00Z,70.0,µg/m³
Karachi,G3 Engineering Consultants karachi,2025-12-19T12:00:00Z,59.93316675821939,µg/m³
Karachi,Urban Unit Karachi,2025-12-19T13:00:00Z,76.3801668802897,µg/m³
Karachi,WWF-Pakistan Karachi Office,2025-12-19T13:00:00Z,97.0,µg/m³
Karachi,Karachi Zoo,2025-12-19T13:00:00Z,102.13033345540363,µg/m³
Karachi,G3 Engineering Consultants karachi,2025-12-19T13:00:00Z,77.60883305867513,µg/m³
Karachi,Urban Unit Karachi,2025-12-19T14:00:00Z,84.38316675821942,µg/m³
Karachi,WWF-Pakistan Karachi Office,2025-12-19T14:00:00Z,119.0,µg/m³
Karachi,Karachi Zoo,2025-12-19T14:00:00Z,93.24166666666666,µg/m³
Karachi,G3 Engineering Consultants karachi,2025-12-19T14:00:00Z,110.93399963378907,µg/m³
Karachi,WWF-Pakistan Karachi Office,2025-12-19T15:00:00Z,129.0,µg/m³
Karachi,Karachi Zoo,2025-12-19T15:00:00Z,111.04733327229819,µg/m³
Karachi,G3 Engineering Consultants karachi,2025-12-19T15:00:00Z,87.99716669718424,µg/m³
Karachi,Urban Unit Karachi,2025-12-19T15:00:00Z,84.39199981689454,µg/m³
Karachi,G3 Engineering Consultants karachi,2025-12-19T16:00:00Z,154.6751665751139,µg/m³
Karachi,Urban Unit Karachi,2025-12-19T16:00:00Z,114.8418332417806,µg/m³
Karachi,Karachi Zoo,2025-12-19T16:00:00Z,120.55866648356123,µg/m³
Karachi,G3 Engineering Consultants karachi,2025-12-19T17:00:00Z,162.07166697184246,µg/m³
Karachi,Urban Unit Karachi,2025-12-19T17:00:00Z,129.61650009155272,µg/m³
Karachi,WWF-Pakistan Karachi Office,2025-12-19T17:00:00Z,155.0,µg/m³
Karachi,Karachi Zoo,2025-12-19T17:00:00Z,137.21399993896483,µg/m³
Karachi,G3 Engineering Consultants karachi,2025-12-19T18:00:00Z,136.1059997558594,µg/m³
Karachi,Urban Unit Karachi,2025-12-19T18:00:00Z,169.79799957275392,µg/m³
Karachi,Karachi Zoo,2025-12-19T18:00:00Z,201.35283330281572,µg/m³
Karachi,G3 Engineering Consultants karachi,2025-12-19T19:00:00Z,110.82466684977214,µg/m³
Karachi,Urban Unit Karachi,2025-12-19T19:00:00Z,174.8088330586751,µg/m³
Karachi,Karachi Zoo,2025-12-19T19:00:00Z,159.03833363850913,µg/m³
Karachi,WWF-Pakistan Karachi Office,2025-12-19T19:00:00Z,154.0,µg/m³
Karachi,Urban Unit Karachi,2025-12-19T20:00:00Z,164.4806666056315,µg/m³
Karachi,G3 Engineering Consultants karachi,2025-12-19T20:00:00Z,102.21983311971029,µg/m³
Karachi,Karachi Zoo,2025-12-19T20:00:00Z,114.75266672770181,µg/m³
Karachi,WWF-Pakistan Karachi Office,2025-12-19T20:00:00Z,133.0,µg/m³
Karachi,Urban Unit Karachi,2025-12-19T21:00:00Z,159.3918332417806,µg/m³
Karachi,G3 Engineering Consultants karachi,2025-12-19T21:00:00Z,131.68883336385088,µg/m³
Karachi,WWF-Pakistan Karachi Office,2025-12-19T21:00:00Z,124.0,µg/m³
Karachi,Karachi Zoo,2025-12-19T21:00:00Z,119.28899993896484,µg/m³
Karachi,Urban Unit Karachi,2025-12-19T22:00:00Z,164.04183324178058,µg/m³
Karachi,Karachi Zoo,2025-12-19T22:00:00Z,129.78033345540362,µg/m³
Karachi,WWF-Pakistan Karachi Office,2025-12-19T22:00:00Z,129.0,µg/m³
Karachi,G3 Engineering Consultants karachi,2025-12-19T22:00:00Z,129.96716639200847,µg/m³
Karachi,WWF-Pakistan Karachi Office,2025-12-19T23:00:00Z,127.0,µg/m³
Karachi,G3 Engineering Consultants karachi,2025-12-19T23:00:00Z,102.29216639200844,µg/m³
Karachi,Urban Unit Karachi,2025-12-19T23:00:00Z,162.86183293660483,µg/m³
Karachi,Karachi Zoo,2025-12-19T23:00:00Z,108.33566691080728,µg/m³
Karachi,Urban Unit Karachi,2025-12-20T00:00:00Z,155.24433339436848,µg/m³
Karachi,WWF-Pakistan Karachi Office,2025-12-20T00:00:00Z,128.0,µg/m³
Karachi,G3 Engineering Consultants karachi,2025-12-20T00:00:00Z,191.7444989522298,µg/m³
Karachi,Karachi Zoo,2025-12-20T00:00:00Z,128.4779998779297,µg/m³
Karachi,Urban Unit Karachi,2025-12-20T01:00:00Z,181.5418332417806,µg/m³
Karachi,G3 Engineering Consultants karachi,2025-12-20T01:00:00Z,189.68366648356118,µg/m³
Karachi,Karachi Zoo,2025-12-20T01:00:00Z,161.48566691080728,µg/m³
Karachi,WWF-Pakistan Karachi Office,2025-12-20T01:00:00Z,144.0,µg/m³
Karachi,WWF-Pakistan Karachi Office,2025-12-20T02:00:00Z,158.0,µg/m³
Karachi,G3 Engineering Consultants karachi,2025-12-20T02:00:00Z,133.4198331197103,µg/m³
Karachi,Karachi Zoo,2025-12-20T02:00:00Z,149.03050003051757,µg/m³
Karachi,Urban Unit Karachi,2025-12-20T02:00:00Z,190.67483342488606,µg/m³
Karachi,WWF-Pakistan Karachi Office,2025-12-20T03:00:00Z,190.0,µg/m³
Karachi,G3 Engineering Consultants karachi,2025-12-20T03:00:00Z,187.79150009155273,µg/m³
Karachi,Karachi Zoo,2025-12-20T03:00:00Z,202.45466715494794,µg/m³
Karachi,Urban Unit Karachi,2025-12-20T03:00:00Z,213.3088330586751,µg/m³
Karachi,G3 Engineering Consultants karachi,2025-12-20T04:00:00Z,234.9685002644857,µg/m³
Karachi,Karachi Zoo,2025-12-20T04:00:00Z,230.79983367919922,µg/m³
Karachi,Urban Unit Karachi,2025-12-20T04:00:00Z,231.2745002746582,µg/m³
Karachi,WWF-Pakistan Karachi Office,2025-12-20T04:00:00Z,193.0,µg/m³
Karachi,Urban Unit Karachi,2025-12-20T05:00:00Z,231.45333302815754,µg/m³
Karachi,WWF-Pakistan Karachi Office,2025-12-20T05:00:00Z,183.0,µg/m³
Karachi,Karachi Zoo,2025-12-20T05:00:00Z,239.0556660970052,µg/m³
Karachi,G3 Engineering Consultants karachi,2025-12-20T05:00:00Z,210.7978327433268,µg/m³
Karachi,WWF-Pakistan Karachi Office,2025-12-20T06:00:00Z,163.0,µg/m³
Karachi,G3 Engineering Consultants karachi,2025-12-20T06:00:00Z,191.21650009155272,µg/m³
Karachi,Urban Unit Karachi,2025-12-20T06:00:00Z,203.625,µg/m³
Karachi,Karachi Zoo,2025-12-20T06:00:00Z,115.30533345540364,µg/m³
Karachi,Urban Unit Karachi,2025-12-20T07:00:00Z,100.53949966430663,µg/m³
Karachi,G3 Engineering Consultants karachi,2025-12-20T07:00:00Z,186.213666788737,µg/m³
Karachi,Karachi Zoo,2025-12-20T07:00:00Z,93.41699981689452,µg/m³
Karachi,G3 Engineering Consultants karachi,2025-12-20T08:00:00Z,130.1995002746582,µg/m³
Karachi,Urban Unit Karachi,2025-12-20T08:00:00Z,85.41416651407877,µg/m³
Karachi,WWF-Pakistan Karachi Office,2025-12-20T08:00:00Z,73.0,µg/m³
Karachi,Karachi Zoo,2025-12-20T08:00:00Z,90.13066660563152,µg/m³
Karachi,Urban Unit Karachi,2025-12-20T09:00:00Z,96.8943333943685,µg/m³
Karachi,WWF-Pakistan Karachi Office,2025-12-20T09:00:00Z,86.0,µg/m³
Karachi,G3 Engineering Consultants karachi,2025-12-20T09:00:00Z,106.15583318074545,µg/m³
Karachi,Karachi Zoo,2025-12-20T09:00:00Z,106.75800018310547,µg/m³
Karachi,WWF-Pakistan Karachi Office,2025-12-20T10:00:00Z,95.0,µg/m³
Karachi,Karachi Zoo,2025-12-20T10:00:00Z,125.04983342488607,µg/m³
Karachi,Urban Unit Karachi,2025-12-20T10:00:00Z,108.1111666361491,µg/m³
Karachi,G3 Engineering Consultants karachi,2025-12-20T10:00:00Z,145.9650417963664,µg/m³
Karachi,WWF-Pakistan Karachi Office,2025-12-20T11:00:00Z,110.0,µg/m³
Karachi,Karachi Zoo,2025-12-20T11:00:00Z,127.80979162851969,µg/m³
Karachi,Urban Unit Karachi,2025-12-20T11:00:00Z,122.57860629919804,µg/m³
Karachi,G3 Engineering Consultants karachi,2025-12-20T11:00:00Z,170.43333333333334,µg/m³
Karachi,Karachi Zoo,2025-12-20T12:00:00Z,126.80299987792971,µg/m³
Karachi,G3 Engineering Consultants karachi,2025-12-20T12:00:00Z,130.4893330891927,µg/m³
Karachi,Urban Unit Karachi,2025-12-20T12:00:00Z,136.4081667582194,µg/m³
Karachi,WWF-Pakistan Karachi Office,2025-12-20T12:00:00Z,114.0,µg/m³
Karachi,WWF-Pakistan Karachi Office,2025-12-20T13:00:00Z,118.0,µg/m³
Karachi,Urban Unit Karachi,2025-12-20T13:00:00Z,141.9026667277018,µg/m³
Karachi,Karachi Zoo,2025-12-20T13:00:00Z,117.46100006103514,µg/m³
Karachi,G3 Engineering Consultants karachi,2025-12-20T13:00:00Z,122.21433308919272,µg/m³
Karachi,Urban Unit Karachi,2025-12-20T14:00:00Z,135.4811668395996,µg/m³
Karachi,Karachi Zoo,2025-12-20T14:00:00Z,142.0856669108073,µg/m³
Karachi,G3 Engineering Consultants karachi,2025-12-20T14:00:00Z,122.21933339436849,µg/m³
Karachi,Urban Unit Karachi,2025-12-20T15:00:00Z,148.7474998474121,µg/m³
Karachi,Karachi Zoo,2025-12-20T15:00:00Z,121.81949996948242,µg/m³
Karachi,G3 Engineering Consultants karachi,2025-12-20T15:00:00Z,120.83300018310547,µg/m³
Karachi,WWF-Pakistan Karachi Office,2025-12-20T15:00:00Z,109.0,µg/m³
Karachi,WWF-Pakistan Karachi Office,2025-12-20T16:00:00Z,113.0,µg/m³
Karachi,Urban Unit Karachi,2025-12-20T16:00:00Z,168.09749984741208,µg/m³
Karachi,Karachi Zoo,2025-12-20T16:00:00Z,134.63099975585936,µg/m³
Karachi,G3 Engineering Consultants karachi,2025-12-20T16:00:00Z,145.31133321126302,µg/m³
Karachi,Urban Unit Karachi,2025-12-20T17:00:00Z,136.4333333333333,µg/m³
Karachi,Karachi Zoo,2025-12-20T17:00:00Z,148.95599975585938,µg/m³
Karachi,WWF-Pakistan Karachi Office,2025-12-20T17:00:00Z,99.0,µg/m³
Karachi,G3 Engineering Consultants karachi,2025-12-20T17:00:00Z,149.43470834096271,µg/m³
Karachi,G3 Engineering Consultants karachi,2025-12-20T18:00:00Z,138.04100036621097,µg/m³
Karachi,Karachi Zoo,2025-12-20T18:00:00Z,106.33099975585937,µg/m³
Karachi,Urban Unit Karachi,2025-12-20T18:00:00Z,136.55533345540366,µg/m³
Karachi,WWF-Pakistan Karachi Office,2025-12-20T18:00:00Z,107.0,µg/m³
Karachi,G3 Engineering Consultants karachi,2025-12-20T19:00:00Z,130.08899993896483,µg/m³
Karachi,WWF-Pakistan Karachi Office,2025-12-20T19:00:00Z,113.0,µg/m³
Karachi,Karachi Zoo,2025-12-20T19:00:00Z,101.7638333638509,µg/m³
Karachi,Urban Unit Karachi,2025-12-20T19:00:00Z,149.67766672770185,µg/m³
Karachi,G3 Engineering Consultants karachi,2025-12-20T20:00:00Z,130.43866678873698,µg/m³
Karachi,Karachi Zoo,2025-12-20T20:00:00Z,99.13083318074546,µg/m³
Karachi,Urban Unit Karachi,2025-12-20T20:00:00Z,129.6663335164388,µg/m³
Karachi,WWF-Pakistan Karachi Office,2025-12-20T20:00:00Z,103.0,µg/m³
Karachi,WWF-Pakistan Karachi Office,2025-12-20T21:00:00Z,88.0,µg/m³
Karachi,G3 Engineering Consultants karachi,2025-12-20T21:00:00Z,126.60283330281577,µg/m³
Karachi,Urban Unit Karachi,2025-12-20T21:00:00Z,116.38083318074546,µg/m³
Karachi,Karachi Zoo,2025-12-20T21:00:00Z,93.43600006103516,µg/m³
Karachi,G3 Engineering Consultants karachi,2025-12-20T22:00:00Z,146.2528333028158,µg/m³
Karachi,Karachi Zoo,2025-12-20T22:00:00Z,98.73683293660481,µg/m³
Karachi,Urban Unit Karachi,2025-12-20T22:00:00Z,123.17799987792968,µg/m³
Karachi,WWF-Pakistan Karachi Office,2025-12-20T22:00:00Z,90.0,µg/m³
Karachi,G3 Engineering Consultants karachi,2025-12-20T23:00:00Z,192.36933364868165,µg/m³
Karachi,Karachi Zoo,2025-12-20T23:00:00Z,101.08850021362305,µg/m³
Karachi,Urban Unit Karachi,2025-12-20T23:00:00Z,126.03399963378907,µg/m³
Karachi,WWF-Pakistan Karachi Office,2025-12-20T23:00:00Z,95.0,µg/m³
Karachi,Urban Unit Karachi,2025-12-21T00:00:00Z,184.26333363850912,µg/m³
Karachi,Karachi Zoo,2025-12-21T00:00:00Z,104.01650009155274,µg/m³
Karachi,WWF-Pakistan Karachi Office,2025-12-21T00:00:00Z,142.0,µg/m³
Karachi,G3 Engineering Consultants karachi,2025-12-21T00:00:00Z,191.13300018310545,µg/m³
Karachi,Karachi Zoo,2025-12-21T01:00:00Z,110.03866678873698,µg/m³
Karachi,WWF-Pakistan Karachi Office,2025-12-21T01:00:00Z,153.0,µg/m³
Karachi,G3 Engineering Consultants karachi,2025-12-21T01:00:00Z,170.5224998474121,µg/m³
Karachi,Urban Unit Karachi,2025-12-21T01:00:00Z,210.35849990844724,µg/m³
Karachi,Karachi Zoo,2025-12-21T02:00:00Z,114.94150009155273,µg/m³
Karachi,Urban Unit Karachi,2025-12-21T02:00:00Z,204.21650009155272,µg/m³
Karachi,G3 Engineering Consultants karachi,2025-12-21T02:00:00Z,160.36133321126303,µg/m³
Karachi,WWF-Pakistan Karachi Office,2025-12-21T02:00:00Z,157.0,µg/m³
Karachi,Urban Unit Karachi,2025-12-21T03:00:00Z,181.77516657511396,µg/m³
Karachi,Karachi Zoo,2025-12-21T03:00:00Z,116.75,µg/m³
Karachi,G3 Engineering Consultants karachi,2025-12-21T03:00:00Z,191.68316599527995,µg/m³
Karachi,WWF-Pakistan Karachi Office,2025-12-21T03:00:00Z,144.0,µg/m³
Karachi,Karachi Zoo,2025-12-21T04:00:00Z,209.74500045776367,µg/m³
Karachi,WWF-Pakistan Karachi Office,2025-12-21T04:00:00Z,150.0,µg/m³
Karachi,Urban Unit Karachi,2025-12-21T04:00:00Z,192.79416681925454,µg/m³
Karachi,G3 Engineering Consultants karachi,2025-12-21T04:00:00Z,251.7665008544922,µg/m³
Karachi,Karachi Zoo,2025-12-21T05:00:00Z,84.70266672770182,µg/m³
Karachi,Urban Unit Karachi,2025-12-21T05:00:00Z,242.75516637166342,µg/m³
Karachi,WWF-Pakistan Karachi Office,2025-12-21T05:00:00Z,168.0,µg/m³
Karachi,G3 Engineering Consultants karachi,2025-12-21T05:00:00Z,143.1860003153483,µg/m³
Karachi,G3 Engineering Consultants karachi,2025-12-21T06:00:00Z,108.08616663614907,µg/m³
Karachi,Karachi Zoo,2025-12-21T06:00:00Z,48.66699981689454,µg/m³
Karachi,WWF-Pakistan Karachi Office,2025-12-21T06:00:00Z,210.0,µg/m³
Karachi,Urban Unit Karachi,2025-12-21T06:00:00Z,263.2244997660319,µg/m³
Karachi,G3 Engineering Consultants karachi,2025-12-21T07:00:00Z,91.28566691080728,µg/m³
Karachi,Karachi Zoo,2025-12-21T07:00:00Z,55.98649978637696,µg/m³
Karachi,WWF-Pakistan Karachi Office,2025-12-21T07:00:00Z,79.0,µg/m³
Karachi,Urban Unit Karachi,2025-12-21T07:00:00Z,93.61949996948242,µg/m³
Karachi,WWF-Pakistan Karachi Office,2025-12-21T08:00:00Z,52.0,µg/m³
Karachi,Karachi Zoo,2025-12-21T08:00:00Z,39.89433342615763,µg/m³
Karachi,G3 Engineering Consultants karachi,2025-12-21T08:00:00Z,54.999666849772126,µg/m³
Karachi,Urban Unit Karachi,2025-12-21T08:00:00Z,59.17233327229817,µg/m³
Karachi,G3 Engineering Consultants karachi,2025-12-21T09:00:00Z,43.81699981689454,µg/m³
Karachi,Urban Unit Karachi,2025-12-21T09:00:00Z,41.583666483561196,µg/m³
Karachi,Karachi Zoo,2025-12-21T09:00:00Z,41.255500030517574,µg/m³
Karachi,Karachi Zoo,2025-12-21T10:00:00Z,32.94966678619385,µg/m³
Karachi,Urban Unit Karachi,2025-12-21T10:00:00Z,39.3668332417806,µg/m³
Karachi,G3 Engineering Consultants karachi,2025-12-21T10:00:00Z,34.93616660435995,µg/m³
Karachi,WWF-Pakistan Karachi Office,2025-12-21T10:00:00Z,25.0,µg/m³
Karachi,Urban Unit Karachi,2025-12-21T11:00:00Z,31.975499757130937,µg/m³
Karachi,WWF-Pakistan Karachi Office,2025-12-21T11:00:00Z,22.0,µg/m³
Karachi,Karachi Zoo,2025-12-21T11:00:00Z,28.099666659037272,µg/m³
Karachi,G3 Engineering Consultants karachi,2025-12-21T11:00:00Z,32.13666639328003,µg/m³
Karachi,Karachi Zoo,2025-12-21T12:00:00Z,33.091833400726316,µg/m³
Karachi,G3 Engineering Consultants karachi,2025-12-21T12:00:00Z,30.816000175476077,µg/m³
Karachi,WWF-Pakistan Karachi Office,2025-12-21T12:00:00Z,27.0,µg/m³
Karachi,Urban Unit Karachi,2025-12-21T12:00:00Z,35.94116678237915,µg/m³
Karachi,Karachi Zoo,2025-12-21T13:00:00Z,42.30066630045573,µg/m³
Karachi,G3 Engineering Consultants karachi,2025-12-21T13:00:00Z,34.335833581288654,µg/m³
Karachi,WWF-Pakistan Karachi Office,2025-12-21T13:00:00Z,21.0,µg/m³
Karachi,Urban Unit Karachi,2025-12-21T13:00:00Z,32.6580000559489,µg/m³
Karachi,G3 Engineering Consultants karachi,2025-12-21T14:00:00Z,44.55533345540365,µg/m³
Karachi,WWF-Pakistan Karachi Office,2025-12-21T14:00:00Z,23.0,µg/m³
Karachi,Karachi Zoo,2025-12-21T14:00:00Z,34.52849963506063,µg/m³
Karachi,Urban Unit Karachi,2025-12-21T14:00:00Z,37.21399993896484,µg/m³
Karachi,Urban Unit Karachi,2025-12-21T15:00:00Z,39.63050003051758,µg/m³
Karachi,Karachi Zoo,2025-12-21T15:00:00Z,35.79383370081583,µg/m³
Karachi,G3 Engineering Consultants karachi,2025-12-21T15:00:00Z,52.091500091552724,µg/m³
Karachi,WWF-Pakistan Karachi Office,2025-12-21T15:00:00Z,25.0,µg/m³
Karachi,Urban Unit Karachi,2025-12-21T16:00:00Z,45.836499786376955,µg/m³
Karachi,Karachi Zoo,2025-12-21T16:00:00Z,38.886333211263015,µg/m³
Karachi,G3 Engineering Consultants karachi,2025-12-21T16:00:00Z,48.95033315022786,µg/m³
Karachi,WWF-Pakistan Karachi Office,2025-12-21T16:00:00Z,27.0,µg/m³
Karachi,Urban Unit Karachi,2025-12-21T17:00:00Z,46.4693333943685,µg/m³
Karachi,G3 Engineering Consultants karachi,2025-12-21T17:00:00Z,42.394499969482425,µg/m³
Karachi,WWF-Pakistan Karachi Office,2025-12-21T17:00:00Z,30.0,µg/m³
Karachi,Karachi Zoo,2025-12-21T17:00:00Z,35.47733348210652,µg/m³
Karachi,G3 Engineering Consultants karachi,2025-12-21T18:00:00Z,37.619166819254566,µg/m³
Karachi,Urban Unit Karachi,2025-12-21T18:00:00Z,42.755500030517574,µg/m³
Karachi,Karachi Zoo,2025-12-21T18:00:00Z,32.72166674931843,µg/m³
Karachi,G3 Engineering Consultants karachi,2025-12-21T19:00:00Z,38.96716639200846,µg/m³
Karachi,Urban Unit Karachi,2025-12-21T19:00:00Z,39.8836664835612,µg/m³
Karachi,Karachi Zoo,2025-12-21T19:00:00Z,33.88349981307984,µg/m³
Karachi,WWF-Pakistan Karachi Office,2025-12-21T19:00:00Z,42.0,µg/m³
Karachi,Karachi Zoo,2025-12-21T20:00:00Z,36.199999999999996,µg/m³
Karachi,Urban Unit Karachi,2025-12-21T20:00:00Z,46.85833333333333,µg/m³
Karachi,G3 Engineering Consultants karachi,2025-12-21T20:00:00Z,46.66699984868368,µg/m³
Karachi,Karachi Zoo,2025-12-21T21:00:00Z,43.821833546956384,µg/m³
Karachi,WWF-Pakistan Karachi Office,2025-12-21T21:00:00Z,25.0,µg/m³
Karachi,Urban Unit Karachi,2025-12-21T21:00:00Z,45.08300018310547,µg/m³
Karachi,G3 Engineering Consultants karachi,2025-12-21T21:00:00Z,21.783333333333335,µg/m³
Karachi,Urban Unit Karachi,2025-12-21T22:00:00Z,57.6163335164388,µg/m³
Karachi,Karachi Zoo,2025-12-21T22:00:00Z,35.31381231546402,µg/m³
Karachi,G3 Engineering Consultants karachi,2025-12-21T22:00:00Z,26.17766663233439,µg/m³
Karachi,WWF-Pakistan Karachi Office,2025-12-21T22:00:00Z,31.0,µg/m³
Karachi,Karachi Zoo,2025-12-21T23:00:00Z,51.740381440662205,µg/m³
Karachi,G3 Engineering Consultants karachi,2025-12-21T23:00:00Z,44.0473331451416,µg/m³
Karachi,Urban Unit Karachi,2025-12-21T23:00:00Z,76.60283330281575,µg/m³
Karachi,WWF-Pakistan Karachi Office,2025-12-21T23:00:00Z,61.0,µg/m³
Karachi,Urban Unit Karachi,2025-12-22T00:00:00Z,77.42766672770182,µg/m³
Karachi,Karachi Zoo,2025-12-22T00:00:00Z,52.735833485921226,µg/m³
Karachi,G3 Engineering Consultants karachi,2025-12-22T00:00:00Z,79.04449996948242,µg/m³
Karachi,WWF-Pakistan Karachi Office,2025-12-22T00:00:00Z,63.0,µg/m³
Karachi,G3 Engineering Consultants karachi,2025-12-22T01:00:00Z,67.8474998474121,µg/m³
Karachi,WWF-Pakistan Karachi Office,2025-12-22T01:00:00Z,42.0,µg/m³
Karachi,Karachi Zoo,2025-12-22T01:00:00Z,48.08666636149088,µg/m³
Karachi,Urban Unit Karachi,2025-12-22T01:00:00Z,65.53016688028971,µg/m³
Karachi,Urban Unit Karachi,2025-12-22T02:00:00Z,60.80849990844727,µg/m³
Karachi,WWF-Pakistan Karachi Office,2025-12-22T02:00:00Z,58.0,µg/m³
Karachi,Karachi Zoo,2025-12-22T02:00:00Z,45.55566660563151,µg/m³
Karachi,G3 Engineering Consultants karachi,2025-12-22T02:00:00Z,58.59733327229819,µg/m³
Karachi,G3 Engineering Consultants karachi,2025-12-22T03:00:00Z,81.27783330281576,µg/m³
Karachi,WWF-Pakistan Karachi Office,2025-12-22T03:00:00Z,50.0,µg/m³
Karachi,Karachi Zoo,2025-12-22T03:00:00Z,51.67833302815756,µg/m³
Karachi,Urban Unit Karachi,2025-12-22T03:00:00Z,49.94199981689453,µg/m³
Karachi,WWF-Pakistan Karachi Office,2025-12-22T04:00:00Z,63.0,µg/m³
Karachi,G3 Engineering Consultants karachi,2025-12-22T04:00:00Z,78.09516626993815,µg/m³
Karachi,Karachi Zoo,2025-12-22T04:00:00Z,55.06933339436849,µg/m³
Karachi,Urban Unit Karachi,2025-12-22T04:00:00Z,62.0826670328776,µg/m³
Karachi,WWF-Pakistan Karachi Office,2025-12-22T05:00:00Z,61.0,µg/m³
Karachi,G3 Engineering Consultants karachi,2025-12-22T05:00:00Z,69.05550003051756,µg/m³
Karachi,Karachi Zoo,2025-12-22T05:00:00Z,89.6518747329712,µg/m³
Karachi,Urban Unit Karachi,2025-12-22T05:00:00Z,62.54366658528645,µg/m³
Karachi,WWF-Pakistan Karachi Office,2025-12-22T06:00:00Z,43.0,µg/m³
Karachi,G3 Engineering Consultants karachi,2025-12-22T06:00:00Z,63.08600006103515,µg/m³
Karachi,Urban Unit Karachi,2025-12-22T06:00:00Z,49.27750015258789,µg/m³
Karachi,Karachi Zoo,2025-12-22T06:00:00Z,78.66966654459635,µg/m³
Karachi,G3 Engineering Consultants karachi,2025-12-22T07:00:00Z,86.1108334859212,µg/m³
Karachi,WWF-Pakistan Karachi Office,2025-12-22T07:00:00Z,43.0,µg/m³
Karachi,Karachi Zoo,2025-12-22T07:00:00Z,49.072666422526034,µg/m³
Karachi,Urban Unit Karachi,2025-12-22T07:00:00Z,55.48633321126303,µg/m³
Karachi,G3 Engineering Consultants karachi,2025-12-22T08:00:00Z,121.32249984741212,µg/m³
Karachi,Karachi Zoo,2025-12-22T08:00:00Z,42.777000427246094,µg/m³
Karachi,WWF-Pakistan Karachi Office,2025-12-22T08:00:00Z,39.0,µg/m³
Karachi,Urban Unit Karachi,2025-12-22T08:00:00Z,50.21083348592122,µg/m³
Karachi,Urban Unit Karachi,2025-12-22T09:00:00Z,79.67150039672852,µg/m³
Karachi,Karachi Zoo,2025-12-22T09:00:00Z,76.8106669108073,µg/m³
Karachi,G3 Engineering Consultants karachi,2025-12-22T09:00:00Z,126.58083318074544,µg/m³
Karachi,WWF-Pakistan Karachi Office,2025-12-22T09:00:00Z,66.0,µg/m³
Karachi,Urban Unit Karachi,2025-12-22T10:00:00Z,100.37716700236001,µg/m³
Karachi,WWF-Pakistan Karachi Office,2025-12-22T10:00:00Z,88.0,µg/m³
Karachi,Karachi Zoo,2025-12-22T10:00:00Z,104.97183354695638,µg/m³
Karachi,G3 Engineering Consultants karachi,2025-12-22T10:00:00Z,112.0334443834093,µg/m³
Karachi,Karachi Zoo,2025-12-22T11:00:00Z,65.83583348592123,µg/m³
Karachi,WWF-Pakistan Karachi Office,2025-12-22T11:00:00Z,86.0,µg/m³
Karachi,G3 Engineering Consultants karachi,2025-12-22T11:00:00Z,83.2792915980021,µg/m³
Karachi,Urban Unit Karachi,2025-12-22T11:00:00Z,94.1556666056315,µg/m³
Karachi,G3 Engineering Consultants karachi,2025-12-22T12:00:00Z,51.403499603271484,µg/m³
Karachi,Karachi Zoo,2025-12-22T12:00:00Z,51.925000000000004,µg/m³
Karachi,WWF-Pakistan Karachi Office,2025-12-22T12:00:00Z,65.0,µg/m³
Karachi,Urban Unit Karachi,2025-12-22T12:00:00Z,86.01633351643879,µg/m³
Karachi,Karachi Zoo,2025-12-22T13:00:00Z,51.811000061035166,µg/m³
Karachi,Urban Unit Karachi,2025-12-22T13:00:00Z,58.091999816894536,µg/m³
Karachi,WWF-Pakistan Karachi Office,2025-12-22T13:00:00Z,50.0,µg/m³
Karachi,G3 Engineering Consultants karachi,2025-12-22T13:00:00Z,44.90266672770182,µg/m³
Karachi,Urban Unit Karachi,2025-12-22T14:00:00Z,48.927500152587896,µg/m³
Karachi,Karachi Zoo,2025-12-22T14:00:00Z,60.96666666666667,µg/m³
Karachi,WWF-Pakistan Karachi Office,2025-12-22T14:00:00Z,47.0,µg/m³
Karachi,G3 Engineering Consultants karachi,2025-12-22T14:00:00Z,44.577833302815755,µg/m³
Karachi,Urban Unit Karachi,2025-12-22T15:00:00Z,62.88000030517579,µg/m³
Karachi,WWF-Pakistan Karachi Office,2025-12-22T15:00:00Z,75.0,µg/m³
Karachi,G3 Engineering Consultants karachi,2025-12-22T15:00:00Z,63.810500335693376,µg/m³
Karachi,Karachi Zoo,2025-12-22T15:00:00Z,66.4448331197103,µg/m³
Karachi,WWF-Pakistan Karachi Office,2025-12-22T16:00:00Z,119.0,µg/m³
Karachi,Urban Unit Karachi,2025-12-22T16:00:00Z,114.18116633097331,µg/m³
Karachi,Karachi Zoo,2025-12-22T16:00:00Z,101.00849990844726,µg/m³
Karachi,G3 Engineering Consultants karachi,2025-12-22T16:00:00Z,114.12750015258787,µg/m³
Karachi,G3 Engineering Consultants karachi,2025-12-22T17:00:00Z,144.03066660563152,µg/m³
Karachi,WWF-Pakistan Karachi Office,2025-12-22T17:00:00Z,127.0,µg/m³
Karachi,Urban Unit Karachi,2025-12-22T17:00:00Z,147.12216669718427,µg/m³
Karachi,Karachi Zoo,2025-12-22T17:00:00Z,112.44416681925458,µg/m³
Karachi,G3 Engineering Consultants karachi,2025-12-22T18:00:00Z,151.21983311971027,µg/m³
Karachi,Urban Unit Karachi,2025-12-22T18:00:00Z,146.41399993896485,µg/m³
Karachi,Karachi Zoo,2025-12-22T18:00:00Z,121.99700012207029,µg/m³
Karachi,WWF-Pakistan Karachi Office,2025-12-22T18:00:00Z,133.0,µg/m³
Karachi,Urban Unit Karachi,2025-12-22T19:00:00Z,150.14766642252602,µg/m³
Karachi,WWF-Pakistan Karachi Office,2025-12-22T19:00:00Z,132.0,µg/m³
Karachi,Karachi Zoo,2025-12-22T19:00:00Z,119.25,µg/m³
Karachi,G3 Engineering Consultants karachi,2025-12-22T19:00:00Z,162.2058334350586,µg/m³
Karachi,Karachi Zoo,2025-12-22T20:00:00Z,120.63316675821942,µg/m³
Karachi,G3 Engineering Consultants karachi,2025-12-22T20:00:00Z,149.11699981689452,µg/m³
Karachi,Urban Unit Karachi,2025-12-22T20:00:00Z,141.2953328450521,µg/m³
Karachi,WWF-Pakistan Karachi Office,2025-12-22T20:00:00Z,132.0,µg/m³
Karachi,WWF-Pakistan Karachi Office,2025-12-22T21:00:00Z,127.0,µg/m³
Karachi,G3 Engineering Consultants karachi,2025-12-22T21:00:00Z,133.80016657511393,µg/m³
Karachi,Urban Unit Karachi,2025-12-22T21:00:00Z,134.16949996948242,µg/m³
Karachi,Karachi Zoo,2025-12-22T21:00:00Z,112.78916651407877,µg/m³
Karachi,Urban Unit Karachi,2025-12-22T22:00:00Z,123.13349990844723,µg/m³
Karachi,G3 Engineering Consultants karachi,2025-12-22T22:00:00Z,125.08083318074544,µg/m³
Karachi,Karachi Zoo,2025-12-22T22:00:00Z,94.30266672770183,µg/m³
Karachi,WWF-Pakistan Karachi Office,2025-12-22T22:00:00Z,117.0,µg/m³
Karachi,Karachi Zoo,2025-12-22T23:00:00Z,89.34449996948241,µg/m³
Karachi,WWF-Pakistan Karachi Office,2025-12-22T23:00:00Z,106.0,µg/m³
Karachi,Urban Unit Karachi,2025-12-22T23:00:00Z,123.72466684977212,µg/m³
Karachi,G3 Engineering Consultants karachi,2025-12-22T23:00:00Z,133.53916651407877,µg/m³
Karachi,Urban Unit Karachi,2025-12-23T00:00:00Z,126.74449996948242,µg/m³
Karachi,Karachi Zoo,2025-12-23T00:00:00Z,97.01116663614908,µg/m³
Karachi,WWF-Pakistan Karachi Office,2025-12-23T00:00:00Z,102.0,µg/m³
Karachi,G3 Engineering Consultants karachi,2025-12-23T00:00:00Z,123.68899993896486,µg/m³
Karachi,G3 Engineering Consultants karachi,2025-12-23T01:00:00Z,121.43649978637696,µg/m³
Karachi,Karachi Zoo,2025-12-23T01:00:00Z,89.50216700236005,µg/m³
Karachi,Urban Unit Karachi,2025-12-23T01:00:00Z,126.93116633097333,µg/m³
Karachi,WWF-Pakistan Karachi Office,2025-12-23T01:00:00Z,103.0,µg/m³
Karachi,Urban Unit Karachi,2025-12-23T02:00:00Z,112.86133321126304,µg/m³
Karachi,G3 Engineering Consultants karachi,2025-12-23T02:00:00Z,120.36650009155272,µg/m³
Karachi,WWF-Pakistan Karachi Office,2025-12-23T02:00:00Z,108.0,µg/m³
Karachi,Karachi Zoo,2025-12-23T02:00:00Z,89.69150009155273,µg/m³
Karachi,WWF-Pakistan Karachi Office,2025-12-23T03:00:00Z,124.0,µg/m³
Karachi,Karachi Zoo,2025-12-23T03:00:00Z,95.28000030517579,µg/m³
Karachi,Urban Unit Karachi,2025-12-23T03:00:00Z,124.28600006103517,µg/m³
Karachi,G3 Engineering Consultants karachi,2025-12-23T03:00:00Z,122.86399993896485,µg/m³
Karachi,WWF-Pakistan Karachi Office,2025-12-23T04:00:00Z,119.0,µg/m³
Karachi,Urban Unit Karachi,2025-12-23T04:00:00Z,119.33083318074544,µg/m³
Karachi,G3 Engineering Consultants karachi,2025-12-23T04:00:00Z,117.7138333638509,µg/m³
Karachi,Karachi Zoo,2025-12-23T04:00:00Z,102.50550003051757,µg/m³
Karachi,Karachi Zoo,2025-12-23T05:00:00Z,104.08933308919272,µg/m³
Karachi,Urban Unit Karachi,2025-12-23T05:00:00Z,94.81399993896486,µg/m³
Karachi,WWF-Pakistan Karachi Office,2025-12-23T05:00:00Z,100.0,µg/m³
Karachi,G3 Engineering Consultants karachi,2025-12-23T05:00:00Z,97.34449996948244,µg/m³
Karachi,WWF-Pakistan Karachi Office,2025-12-23T06:00:00Z,69.0,µg/m³
Karachi,G3 Engineering Consultants karachi,2025-12-23T06:00:00Z,76.39166666666667,µg/m³
Karachi,Karachi Zoo,2025-12-23T06:00:00Z,82.30880580478244,µg/m³
Karachi,Urban Unit Karachi,2025-12-23T06:00:00Z,64.36650009155274,µg/m³
Karachi,Urban Unit Karachi,2025-12-23T07:00:00Z,56.55550003051757,µg/m³
Karachi,Karachi Zoo,2025-12-23T07:00:00Z,68.8529859966702,µg/m³
Karachi,G3 Engineering Consultants karachi,2025-12-23T07:00:00Z,58.56674995422364,µg/m³
Karachi,Urban Unit Karachi,2025-12-23T08:00:00Z,50.10566660563151,µg/m³
Karachi,Karachi Zoo,2025-12-23T08:00:00Z,58.65887482961019,µg/m³
Karachi,G3 Engineering Consultants karachi,2025-12-23T08:00:00Z,52.35408299763998,µg/m³
Karachi,Karachi Zoo,2025-12-23T09:00:00Z,58.172499847412105,µg/m³
Karachi,WWF-Pakistan Karachi Office,2025-12-23T09:00:00Z,43.0,µg/m³
Karachi,G3 Engineering Consultants karachi,2025-12-23T09:00:00Z,51.850166575113924,µg/m³
Karachi,Urban Unit Karachi,2025-12-23T09:00:00Z,45.78083318074545,µg/m³
Karachi,Karachi Zoo,2025-12-23T10:00:00Z,53.967332967122395,µg/m³
Karachi,WWF-Pakistan Karachi Office,2025-12-23T10:00:00Z,47.0,µg/m³
Karachi,G3 Engineering Consultants karachi,2025-12-23T10:00:00Z,50.90833333333333,µg/m³
Karachi,Urban Unit Karachi,2025-12-23T10:00:00Z,48.31666666666666,µg/m³
Karachi,G3 Engineering Consultants karachi,2025-12-23T11:00:00Z,50.947333272298174,µg/m³
Karachi,WWF-Pakistan Karachi Office,2025-12-23T11:00:00Z,52.0,µg/m³
Karachi,Urban Unit Karachi,2025-12-23T11:00:00Z,51.91409723493788,µg/m³
Karachi,Karachi Zoo,2025-12-23T11:00:00Z,55.76399993896484,µg/m³
Karachi,Urban Unit Karachi,2025-12-23T12:00:00Z,50.5275001525879,µg/m³
Karachi,Karachi Zoo,2025-12-23T12:00:00Z,77.47966715494792,µg/m³
Karachi,WWF-Pakistan Karachi Office,2025-12-23T12:00:00Z,50.0,µg/m³
Karachi,G3 Engineering Consultants karachi,2025-12-23T12:00:00Z,49.466333516438795,µg/m³
Karachi,WWF-Pakistan Karachi Office,2025-12-23T13:00:00Z,60.0,µg/m³
Karachi,Karachi Zoo,2025-12-23T13:00:00Z,55.02733357747395,µg/m³
Karachi,Urban Unit Karachi,2025-12-23T13:00:00Z,58.00716692606608,µg/m³
Karachi,G3 Engineering Consultants karachi,2025-12-23T13:00:00Z,57.1,µg/m³
Karachi,Karachi Zoo,2025-12-23T14:00:00Z,57.22166697184246,µg/m³
Karachi,Urban Unit Karachi,2025-12-23T14:00:00Z,62.33658345540365,µg/m³
Karachi,G3 Engineering Consultants karachi,2025-12-23T14:00:00Z,68.05283330281576,µg/m³
Karachi,WWF-Pakistan Karachi Office,2025-12-23T14:00:00Z,63.0,µg/m³
Karachi,WWF-Pakistan Karachi Office,2025-12-23T15:00:00Z,66.0,µg/m³
Karachi,G3 Engineering Consultants karachi,2025-12-23T15:00:00Z,73.1775001525879,µg/m³
Karachi,Karachi Zoo,2025-12-23T15:00:00Z,55.940833791097,µg/m³
Karachi,Urban Unit Karachi,2025-12-23T15:00:00Z,62.92216669718425,µg/m³
Karachi,G3 Engineering Consultants karachi,2025-12-23T16:00:00Z,78.18333333333335,µg/m³
Karachi,Urban Unit Karachi,2025-12-23T16:00:00Z,74.05516688028972,µg/m³
Karachi,Karachi Zoo,2025-12-23T16:00:00Z,54.88066660563152,µg/m³
Karachi,Urban Unit Karachi,2025-12-23T17:00:00Z,80.86949996948242,µg/m³
Karachi,WWF-Pakistan Karachi Office,2025-12-23T17:00:00Z,75.0,µg/m³
Karachi,Karachi Zoo,2025-12-23T17:00:00Z,57.40533345540364,µg/m³
Karachi,G3 Engineering Consultants karachi,2025-12-23T17:00:00Z,81.00583318074544,µg/m³
Karachi,Urban Unit Karachi,2025-12-23T18:00:00Z,85.58300018310545,µg/m³
Karachi,G3 Engineering Consultants karachi,2025-12-23T18:00:00Z,87.85216700236003,µg/m³
Karachi,Karachi Zoo,2025-12-23T18:00:00Z,72.30550003051758,µg/m³
Karachi,WWF-Pakistan Karachi Office,2025-12-23T18:00:00Z,78.0,µg/m³
Karachi,Karachi Zoo,2025-12-23T19:00:00Z,81.8913335164388,µg/m³
Karachi,G3 Engineering Consultants karachi,2025-12-23T19:00:00Z,89.9163335164388,µg/m³
Karachi,Urban Unit Karachi,2025-12-23T19:00:00Z,93.8275001525879,µg/m³
Karachi,G3 Engineering Consultants karachi,2025-12-23T20:00:00Z,82.72799987792969,µg/m³
Karachi,WWF-Pakistan Karachi Office,2025-12-23T20:00:00Z,78.0,µg/m³
Karachi,Urban Unit Karachi,2025-12-23T20:00:00Z,82.01650009155273,µg/m³
Karachi,Karachi Zoo,2025-12-23T20:00:00Z,97.53583348592122,µg/m³
Karachi,Urban Unit Karachi,2025-12-23T21:00:00Z,108.03283360799155,µg/m³
Karachi,G3 Engineering Consultants karachi,2025-12-23T21:00:00Z,88.17233327229819,µg/m³
Karachi,WWF-Pakistan Karachi Office,2025-12-23T21:00:00Z,85.0,µg/m³
Karachi,Karachi Zoo,2025-12-23T21:00:00Z,72.16650009155273,µg/m³
Karachi,Karachi Zoo,2025-12-23T22:00:00Z,63.43399963378906,µg/m³
Karachi,Urban Unit Karachi,2025-12-23T22:00:00Z,114.48866678873696,µg/m³
Karachi,G3 Engineering Consultants karachi,2025-12-23T22:00:00Z,83.65866648356119,µg/m³
Karachi,WWF-Pakistan Karachi Office,2025-12-23T22:00:00Z,82.0,µg/m³
Karachi,Karachi Zoo,2025-12-23T23:00:00Z,54.72766672770182,µg/m³
Karachi,Urban Unit Karachi,2025-12-23T23:00:00Z,87.4826670328776,µg/m³
Karachi,G3 Engineering Consultants karachi,2025-12-23T23:00:00Z,75.22483342488606,µg/m³
Karachi,WWF-Pakistan Karachi Office,2025-12-23T23:00:00Z,74.0,µg/m³
Karachi,WWF-Pakistan Karachi Office,2025-12-24T00:00:00Z,66.0,µg/m³
Karachi,Urban Unit Karachi,2025-12-24T00:00:00Z,73.51933339436849,µg/m³
Karachi,Karachi Zoo,2025-12-24T00:00:00Z,52.03583348592122,µg/m³
Karachi,G3 Engineering Consultants karachi,2025-12-24T00:00:00Z,67.59133351643881,µg/m³
Karachi,Karachi Zoo,2025-12-24T01:00:00Z,54.047166697184245,µg/m³
Karachi,WWF-Pakistan Karachi Office,2025-12-24T01:00:00Z,64.0,µg/m³
Karachi,G3 Engineering Consultants karachi,2025-12-24T01:00:00Z,70.18016688028972,µg/m³
Karachi,Urban Unit Karachi,2025-12-24T01:00:00Z,77.89133351643879,µg/m³
Karachi,Karachi Zoo,2025-12-24T02:00:00Z,61.08399963378906,µg/m³
Karachi,WWF-Pakistan Karachi Office,2025-12-24T02:00:00Z,75.0,µg/m³
Karachi,G3 Engineering Consultants karachi,2025-12-24T02:00:00Z,83.30883305867515,µg/m³
Karachi,Urban Unit Karachi,2025-12-24T02:00:00Z,114.63000005086263,µg/m³
Karachi,Urban Unit Karachi,2025-12-24T03:00:00Z,83.70800018310547,µg/m³
Karachi,G3 Engineering Consultants karachi,2025-12-24T03:00:00Z,91.99466654459634,µg/m³
Karachi,Karachi Zoo,2025-12-24T03:00:00Z,91.03850021362307,µg/m³
Karachi,WWF-Pakistan Karachi Office,2025-12-24T03:00:00Z,81.0,µg/m³
Karachi,WWF-Pakistan Karachi Office,2025-12-24T04:00:00Z,96.0,µg/m³
Karachi,G3 Engineering Consultants karachi,2025-12-24T04:00:00Z,85.79683354695636,µg/m³
Karachi,Karachi Zoo,2025-12-24T04:00:00Z,97.48050003051758,µg/m³
Karachi,Urban Unit Karachi,2025-12-24T04:00:00Z,108.47416737874347,µg/m³
Karachi,Urban Unit Karachi,2025-12-24T05:00:00Z,96.48916651407876,µg/m³
Karachi,Karachi Zoo,2025-12-24T05:00:00Z,109.18316650390625,µg/m³
Karachi,WWF-Pakistan Karachi Office,2025-12-24T05:00:00Z,80.0,µg/m³
Karachi,G3 Engineering Consultants karachi,2025-12-24T05:00:00Z,127.76399993896484,µg/m³
Karachi,G3 Engineering Consultants karachi,2025-12-24T06:00:00Z,96.54499969482423,µg/m³
Karachi,Karachi Zoo,2025-12-24T06:00:00Z,162.57750015258787,µg/m³
Karachi,Urban Unit Karachi,2025-12-24T06:00:00Z,83.48099975585937,µg/m³
Karachi,WWF-Pakistan Karachi Office,2025-12-24T06:00:00Z,71.0,µg/m³
Karachi,Karachi Zoo,2025-12-24T07:00:00Z,88.42141672770184,µg/m³
Karachi,Urban Unit Karachi,2025-12-24T07:00:00Z,50.891333516438806,µg/m³
Karachi,G3 Engineering Consultants karachi,2025-12-24T07:00:00Z,55.619833119710286,µg/m³
Karachi,WWF-Pakistan Karachi Office,2025-12-24T07:00:00Z,44.0,µg/m³
Karachi,Karachi Zoo,2025-12-24T08:00:00Z,57.4668332417806,µg/m³
Karachi,WWF-Pakistan Karachi Office,2025-12-24T08:00:00Z,40.0,µg/m³
Karachi,Urban Unit Karachi,2025-12-24T08:00:00Z,46.702500152587895,µg/m³
Karachi,G3 Engineering Consultants karachi,2025-12-24T08:00:00Z,59.90233357747397,µg/m³
Karachi,Urban Unit Karachi,2025-12-24T09:00:00Z,46.35833333333334,µg/m³
Karachi,Karachi Zoo,2025-12-24T09:00:00Z,73.12816645304363,µg/m³
Karachi,WWF-Pakistan Karachi Office,2025-12-24T09:00:00Z,38.0,µg/m³
Karachi,G3 Engineering Consultants karachi,2025-12-24T09:00:00Z,79.61133321126303,µg/m³
Karachi,G3 Engineering Consultants karachi,2025-12-24T10:00:00Z,68.82966715494791,µg/m³
Karachi,Karachi Zoo,2025-12-24T10:00:00Z,89.84966710408527,µg/m³
Karachi,Urban Unit Karachi,2025-12-24T10:00:00Z,51.19666697184244,µg/m³
Karachi,WWF-Pakistan Karachi Office,2025-12-24T10:00:00Z,41.0,µg/m³
Karachi,Urban Unit Karachi,2025-12-24T11:00:00Z,66.37049942016601,µg/m³
Karachi,G3 Engineering Consultants karachi,2025-12-24T11:00:00Z,70.27533315022787,µg/m³
Karachi,Karachi Zoo,2025-12-24T11:00:00Z,206.75866622924806,µg/m³
Karachi,WWF-Pakistan Karachi Office,2025-12-24T11:00:00Z,55.0,µg/m³
Karachi,Urban Unit Karachi,2025-12-24T12:00:00Z,87.9502498626709,µg/m³
Karachi,Karachi Zoo,2025-12-24T12:00:00Z,142.7726249059041,µg/m³
Karachi,WWF-Pakistan Karachi Office,2025-12-24T12:00:00Z,80.0,µg/m³
Karachi,G3 Engineering Consultants karachi,2025-12-24T12:00:00Z,82.83050003051757,µg/m³
Karachi,Urban Unit Karachi,2025-12-24T13:00:00Z,99.16100006103515,µg/m³
Karachi,Karachi Zoo,2025-12-24T13:00:00Z,105.38899993896483,µg/m³
Karachi,G3 Engineering Consultants karachi,2025-12-24T13:00:00Z,97.27750015258789,µg/m³
Karachi,WWF-Pakistan Karachi Office,2025-12-24T13:00:00Z,87.0,µg/m³
Karachi,Urban Unit Karachi,2025-12-24T14:00:00Z,88.22849960327149,µg/m³
Karachi,G3 Engineering Consultants karachi,2025-12-24T14:00:00Z,75.81949996948241,µg/m³
Karachi,Karachi Zoo,2025-12-24T14:00:00Z,100.1254997253418,µg/m³
Karachi,WWF-Pakistan Karachi Office,2025-12-24T14:00:00Z,89.0,µg/m³
Karachi,Urban Unit Karachi,2025-12-24T15:00:00Z,139.1131670633952,µg/m³
Karachi,G3 Engineering Consultants karachi,2025-12-24T15:00:00Z,75.32230589124892,µg/m³
Karachi,WWF-Pakistan Karachi Office,2025-12-24T15:00:00Z,105.0,µg/m³
Karachi,Karachi Zoo,2025-12-24T15:00:00Z,133.4723332722982,µg/m³
Karachi,WWF-Pakistan Karachi Office,2025-12-24T16:00:00Z,124.0,µg/m³
Karachi,Karachi Zoo,2025-12-24T16:00:00Z,135.825,µg/m³
Karachi,G3 Engineering Consultants karachi,2025-12-24T16:00:00Z,83.20740290747749,µg/m³
Karachi,Urban Unit Karachi,2025-12-24T16:00:00Z,168.98649978637698,µg/m³
Karachi,WWF-Pakistan Karachi Office,2025-12-24T17:00:00Z,117.0,µg/m³
Karachi,Urban Unit Karachi,2025-12-24T17:00:00Z,170.13816706339517,µg/m³
Karachi,G3 Engineering Consultants karachi,2025-12-24T17:00:00Z,75.96366678873697,µg/m³
Karachi,Karachi Zoo,2025-12-24T17:00:00Z,152.286333211263,µg/m³
Karachi,Urban Unit Karachi,2025-12-24T18:00:00Z,176.7586664835612,µg/m³
Karachi,WWF-Pakistan Karachi Office,2025-12-24T18:00:00Z,122.0,µg/m³
Karachi,G3 Engineering Consultants karachi,2025-12-24T18:00:00Z,92.96966654459636,µg/m³
Karachi,Karachi Zoo,2025-12-24T18:00:00Z,181.99716669718427,µg/m³
Karachi,Urban Unit Karachi,2025-12-24T19:00:00Z,197.76100006103516,µg/m³
Karachi,WWF-Pakistan Karachi Office,2025-12-24T19:00:00Z,150.0,µg/m³
Karachi,G3 Engineering Consultants karachi,2025-12-24T19:00:00Z,161.43616663614907,µg/m³
Karachi,Karachi Zoo,2025-12-24T19:00:00Z,185.30033315022786,µg/m³
Karachi,G3 Engineering Consultants karachi,2025-12-24T20:00:00Z,167.93283360799154,µg/m³
Karachi,Urban Unit Karachi,2025-12-24T20:00:00Z,162.00083287556964,µg/m³
Karachi,Karachi Zoo,2025-12-24T20:00:00Z,201.29199981689453,µg/m³
Karachi,WWF-Pakistan Karachi Office,2025-12-24T20:00:00Z,126.0,µg/m³
Karachi,Karachi Zoo,2025-12-24T21:00:00Z,196.98583348592118,µg/m³
Karachi,WWF-Pakistan Karachi Office,2025-12-24T21:00:00Z,123.0,µg/m³
Karachi,G3 Engineering Consultants karachi,2025-12-24T21:00:00Z,201.31650009155274,µg/m³
Karachi,Urban Unit Karachi,2025-12-24T21:00:00Z,180.40566660563152,µg/m³
Karachi,Karachi Zoo,2025-12-24T22:00:00Z,168.0638333638509,µg/m³
Karachi,Urban Unit Karachi,2025-12-24T22:00:00Z,159.73850021362304,µg/m³
Karachi,WWF-Pakistan Karachi Office,2025-12-24T22:00:00Z,108.0,µg/m³
Karachi,G3 Engineering Consultants karachi,2025-12-24T22:00:00Z,189.01433334350588,µg/m³
Karachi,Karachi Zoo,2025-12-24T23:00:00Z,146.15283330281576,µg/m³
Karachi,G3 Engineering Consultants karachi,2025-12-24T23:00:00Z,228.33599929809574,µg/m³
Karachi,WWF-Pakistan Karachi Office,2025-12-24T23:00:00Z,111.0,µg/m³
Karachi,Urban Unit Karachi,2025-12-24T23:00:00Z,154.79700012207033,µg/m³
Karachi,G3 Engineering Consultants karachi,2025-12-25T00:00:00Z,176.35783360799155,µg/m³
Karachi,Urban Unit Karachi,2025-12-25T00:00:00Z,169.42183354695638,µg/m³
Karachi,Karachi Zoo,2025-12-25T00:00:00Z,140.1779998779297,µg/m³
Karachi,Karachi Zoo,2025-12-25T01:00:00Z,127.61055484347874,µg/m³
Karachi,G3 Engineering Consultants karachi,2025-12-25T01:00:00Z,139.7251665751139,µg/m³
Karachi,WWF-Pakistan Karachi Office,2025-12-25T01:00:00Z,94.0,µg/m³
Karachi,Urban Unit Karachi,2025-12-25T01:00:00Z,114.5586664835612,µg/m³
Karachi,Urban Unit Karachi,2025-12-25T02:00:00Z,92.66399993896484,µg/m³
Karachi,WWF-Pakistan Karachi Office,2025-12-25T02:00:00Z,83.0,µg/m³
Karachi,Karachi Zoo,2025-12-25T02:00:00Z,116.44499969482422,µg/m³
Karachi,G3 Engineering Consultants karachi,2025-12-25T02:00:00Z,158.87200012207032,µg/m³
Karachi,G3 Engineering Consultants karachi,2025-12-25T03:00:00Z,184.02783330281576,µg/m³
Karachi,Karachi Zoo,2025-12-25T03:00:00Z,116.50033315022786,µg/m³
Karachi,Urban Unit Karachi,2025-12-25T03:00:00Z,97.70033315022788,µg/m³
Karachi,Urban Unit Karachi,2025-12-25T04:00:00Z,119.47266642252605,µg/m³
Karachi,WWF-Pakistan Karachi Office,2025-12-25T04:00:00Z,101.0,µg/m³
Karachi,Karachi Zoo,2025-12-25T04:00:00Z,114.96320007324218,µg/m³
Karachi,G3 Engineering Consultants karachi,2025-12-25T04:00:00Z,188.436333211263,µg/m³
Karachi,WWF-Pakistan Karachi Office,2025-12-25T05:00:00Z,105.0,µg/m³
Karachi,Karachi Zoo,2025-12-25T05:00:00Z,99.644083404541,µg/m³
Karachi,Urban Unit Karachi,2025-12-25T05:00:00Z,137.5588330586751,µg/m³
Karachi,G3 Engineering Consultants karachi,2025-12-25T05:00:00Z,198.27733357747397,µg/m³
Karachi,G3 Engineering Consultants karachi,2025-12-25T06:00:00Z,162.3306666056315,µg/m³
Karachi,Urban Unit Karachi,2025-12-25T06:00:00Z,93.41416651407877,µg/m³
Karachi,WWF-Pakistan Karachi Office,2025-12-25T06:00:00Z,79.0,µg/m³
Karachi,Karachi Zoo,2025-12-25T06:00:00Z,74.03649978637696,µg/m³
Karachi,Karachi Zoo,2025-12-25T07:00:00Z,77.65299987792969,µg/m³
Karachi,WWF-Pakistan Karachi Office,2025-12-25T07:00:00Z,66.0,µg/m³
Karachi,Urban Unit Karachi,2025-12-25T07:00:00Z,75.91466623942057,µg/m³
Karachi,G3 Engineering Consultants karachi,2025-12-25T07:00:00Z,163.99983342488608,µg/m³
Karachi,G3 Engineering Consultants karachi,2025-12-25T08:00:00Z,79.31066691080729,µg/m³
Karachi,Urban Unit Karachi,2025-12-25T08:00:00Z,90.49199981689453,µg/m³
Karachi,Karachi Zoo,2025-12-25T08:00:00Z,90.32499999999999,µg/m³
Karachi,WWF-Pakistan Karachi Office,2025-12-25T08:00:00Z,77.0,µg/m³
Karachi,G3 Engineering Consultants karachi,2025-12-25T09:00:00Z,50.6106669108073,µg/m³
Karachi,Urban Unit Karachi,2025-12-25T09:00:00Z,69.72181826504794,µg/m³
Karachi,WWF-Pakistan Karachi Office,2025-12-25T09:00:00Z,62.0,µg/m³
Karachi,Karachi Zoo,2025-12-25T09:00:00Z,64.76966654459635,µg/m³
Karachi,Karachi Zoo,2025-12-25T10:00:00Z,55.07516657511394,µg/m³
Karachi,Urban Unit Karachi,2025-12-25T10:00:00Z,56.878466898600266,µg/m³
Karachi,Urban Unit Karachi,2025-12-25T10:00:00Z,47.3,µg/m³
Karachi,WWF-Pakistan Karachi Office,2025-12-25T10:00:00Z,54.0,µg/m³
Karachi,G3 Engineering Consultants karachi,2025-12-25T10:00:00Z,55.12566630045574,µg/m³
Karachi,G3 Engineering Consultants karachi,2025-12-25T11:00:00Z,61.547333272298175,µg/m³
Karachi,WWF-Pakistan Karachi Office,2025-12-25T11:00:00Z,52.0,µg/m³
Karachi,Karachi Zoo,2025-12-25T11:00:00Z,60.86133321126301,µg/m³
Karachi,Urban Unit Karachi,2025-12-25T11:00:00Z,56.78916651407878,µg/m³
Karachi,Karachi Zoo,2025-12-25T12:00:00Z,63.436000061035166,µg/m³
Karachi,Urban Unit Karachi,2025-12-25T12:00:00Z,71.91116663614908,µg/m³
Karachi,WWF-Pakistan Karachi Office,2025-12-25T12:00:00Z,63.0,µg/m³
Karachi,G3 Engineering Consultants karachi,2025-12-25T12:00:00Z,65.96399993896485,µg/m³
Karachi,WWF-Pakistan Karachi Office,2025-12-25T13:00:00Z,62.0,µg/m³
Karachi,G3 Engineering Consultants karachi,2025-12-25T13:00:00Z,69.04716669718424,µg/m³
Karachi,Urban Unit Karachi,2025-12-25T13:00:00Z,76.22799987792969,µg/m³
Karachi,Karachi Zoo,2025-12-25T13:00:00Z,62.536333211263035,µg/m³
Karachi,G3 Engineering Consultants karachi,2025-12-25T14:00:00Z,74.04683354695639,µg/m³
Karachi,WWF-Pakistan Karachi Office,2025-12-25T14:00:00Z,64.0,µg/m³
Karachi,Urban Unit Karachi,2025-12-25T14:00:00Z,79.1861666361491,µg/m³
Karachi,Karachi Zoo,2025-12-25T14:00:00Z,75.43249994913737,µg/m³
Karachi,Urban Unit Karachi,2025-12-25T15:00:00Z,75.31983311971028,µg/m³
Karachi,Karachi Zoo,2025-12-25T15:00:00Z,73.18033345540364,µg/m³
Karachi,G3 Engineering Consultants karachi,2025-12-25T15:00:00Z,80.19983342488608,µg/m³
Karachi,WWF-Pakistan Karachi Office,2025-12-25T16:00:00Z,53.0,µg/m³
Karachi,G3 Engineering Consultants karachi,2025-12-25T16:00:00Z,69.81083348592122,µg/m³
Karachi,Karachi Zoo,2025-12-25T16:00:00Z,57.925000000000004,µg/m³
Karachi,Urban Unit Karachi,2025-12-25T16:00:00Z,74.7918332417806,µg/m³
Karachi,WWF-Pakistan Karachi Office,2025-12-25T17:00:00Z,69.0,µg/m³
Karachi,Urban Unit Karachi,2025-12-25T17:00:00Z,89.41983311971029,µg/m³
Karachi,G3 Engineering Consultants karachi,2025-12-25T17:00:00Z,75.50508359273275,µg/m³
Karachi,Karachi Zoo,2025-12-25T17:00:00Z,58.55283330281575,µg/m³
Karachi,Urban Unit Karachi,2025-12-25T18:00:00Z,114.51966654459636,µg/m³
Karachi,Karachi Zoo,2025-12-25T18:00:00Z,97.16666666666667,µg/m³
Karachi,WWF-Pakistan Karachi Office,2025-12-25T18:00:00Z,84.0,µg/m³
Karachi,G3 Engineering Consultants karachi,2025-12-25T18:00:00Z,77.89466654459635,µg/m³
Karachi,Karachi Zoo,2025-12-25T19:00:00Z,82.5331667582194,µg/m³
Karachi,G3 Engineering Consultants karachi,2025-12-25T19:00:00Z,88.56666666666668,µg/m³
Karachi,Urban Unit Karachi,2025-12-25T19:00:00Z,96.2,µg/m³
Karachi,Urban Unit Karachi,2025-12-25T19:00:00Z,120.20883305867513,µg/m³
Karachi,Karachi Zoo,2025-12-25T20:00:00Z,81.56699981689452,µg/m³
Karachi,Urban Unit Karachi,2025-12-25T20:00:00Z,119.8,µg/m³
Karachi,Urban Unit Karachi,2025-12-25T20:00:00Z,150.41350021362305,µg/m³
Karachi,WWF-Pakistan Karachi Office,2025-12-25T20:00:00Z,105.0,µg/m³
Karachi,G3 Engineering Consultants karachi,2025-12-25T20:00:00Z,190.48366673787436,µg/m³
Karachi,Urban Unit Karachi,2025-12-25T21:00:00Z,179.52483342488608,µg/m³
Karachi,Karachi Zoo,2025-12-25T21:00:00Z,106.71999969482421,µg/m³
Karachi,G3 Engineering Consultants karachi,2025-12-25T21:00:00Z,195.51966578165693,µg/m³
Karachi,WWF-Pakistan Karachi Office,2025-12-25T21:00:00Z,120.0,µg/m³
Karachi,Urban Unit Karachi,2025-12-25T22:00:00Z,156.22683385213213,µg/m³
Karachi,WWF-Pakistan Karachi Office,2025-12-25T22:00:00Z,112.0,µg/m³
Karachi,Karachi Zoo,2025-12-25T22:00:00Z,145.78066660563152,µg/m³
Karachi,G3 Engineering Consultants karachi,2025-12-25T22:00:00Z,174.27483342488608,µg/m³
Karachi,G3 Engineering Consultants karachi,2025-12-25T23:00:00Z,169.06116663614907,µg/m³
Karachi,Urban Unit Karachi,2025-12-25T23:00:00Z,131.63300018310548,µg/m³
Karachi,Karachi Zoo,2025-12-25T23:00:00Z,156.64166666666668,µg/m³
Karachi,WWF-Pakistan Karachi Office,2025-12-25T23:00:00Z,81.0,µg/m³
Karachi,WWF-Pakistan Karachi Office,2025-12-26T00:00:00Z,78.0,µg/m³
Karachi,G3 Engineering Consultants karachi,2025-12-26T00:00:00Z,109.93616663614908,µg/m³
Karachi,Urban Unit Karachi,2025-12-26T00:00:00Z,143.98600006103516,µg/m³
Karachi,Karachi Zoo,2025-12-26T00:00:00Z,126.28083318074545,µg/m³
Karachi,Karachi Zoo,2025-12-26T01:00:00Z,77.75,µg/m³
Karachi,WWF-Pakistan Karachi Office,2025-12-26T01:00:00Z,81.0,µg/m³
Karachi,Urban Unit Karachi,2025-12-26T01:00:00Z,124.63616663614908,µg/m³
Karachi,G3 Engineering Consultants karachi,2025-12-26T01:00:00Z,124.3138333638509,µg/m³
Karachi,Karachi Zoo,2025-12-26T02:00:00Z,52.975333150227875,µg/m³
Karachi,Urban Unit Karachi,2025-12-26T02:00:00Z,115.686333211263,µg/m³
Karachi,G3 Engineering Consultants karachi,2025-12-26T02:00:00Z,134.8213338216146,µg/m³
Karachi,WWF-Pakistan Karachi Office,2025-12-26T02:00:00Z,76.0,µg/m³
Karachi,G3 Engineering Consultants karachi,2025-12-26T03:00:00Z,98.9581667582194,µg/m³
Karachi,WWF-Pakistan Karachi Office,2025-12-26T03:00:00Z,79.0,µg/m³
Karachi,Karachi Zoo,2025-12-26T03:00:00Z,84.92200012207032,µg/m³
Karachi,Urban Unit Karachi,2025-12-26T03:00:00Z,89.04716669718425,µg/m³
Karachi,WWF-Pakistan Karachi Office,2025-12-26T04:00:00Z,86.0,µg/m³
Karachi,Karachi Zoo,2025-12-26T04:00:00Z,82.81900024414061,µg/m³
Karachi,Urban Unit Karachi,2025-12-26T04:00:00Z,91.23633321126302,µg/m³
Karachi,G3 Engineering Consultants karachi,2025-12-26T04:00:00Z,97.06949996948241,µg/m³
Karachi,Karachi Zoo,2025-12-26T05:00:00Z,85.56966654459636,µg/m³
Karachi,WWF-Pakistan Karachi Office,2025-12-26T05:00:00Z,96.0,µg/m³
Karachi,Urban Unit Karachi,2025-12-26T05:00:00Z,113.73366648356121,µg/m³
Karachi,G3 Engineering Consultants karachi,2025-12-26T05:00:00Z,151.22533315022784,µg/m³
Karachi,Urban Unit Karachi,2025-12-26T06:00:00Z,70.46933339436849,µg/m³
Karachi,WWF-Pakistan Karachi Office,2025-12-26T06:00:00Z,65.0,µg/m³
Karachi,G3 Engineering Consultants karachi,2025-12-26T06:00:00Z,166.2581667582194,µg/m³
Karachi,Karachi Zoo,2025-12-26T06:00:00Z,69.05016657511393,µg/m³
Karachi,WWF-Pakistan Karachi Office,2025-12-26T07:00:00Z,51.0,µg/m³
Karachi,G3 Engineering Consultants karachi,2025-12-26T07:00:00Z,116.13833363850911,µg/m³
Karachi,Urban Unit Karachi,2025-12-26T07:00:00Z,68.4,µg/m³
Karachi,Karachi Zoo,2025-12-26T07:00:00Z,74.5331667582194,µg/m³
Karachi,WWF-Pakistan Karachi Office,2025-12-26T08:00:00Z,76.0,µg/m³
Karachi,G3 Engineering Consultants karachi,2025-12-26T08:00:00Z,63.56290949041193,µg/m³
Karachi,Karachi Zoo,2025-12-26T08:00:00Z,84.94872713955967,µg/m³
Karachi,Urban Unit Karachi,2025-12-26T08:00:00Z,93.45218145197087,µg/m³
Karachi,Urban Unit Karachi,2025-12-26T09:00:00Z,82.03050003051759,µg/m³
Karachi,G3 Engineering Consultants karachi,2025-12-26T09:00:00Z,50.68366648356119,µg/m³
Karachi,WWF-Pakistan Karachi Office,2025-12-26T09:00:00Z,70.0,µg/m³
Karachi,Karachi Zoo,2025-12-26T09:00:00Z,78.78283360799152,µg/m³
Karachi,G3 Engineering Consultants karachi,2025-12-26T10:00:00Z,51.20299987792968,µg/m³
Karachi,Urban Unit Karachi,2025-12-26T10:00:00Z,65.7888333638509,µg/m³
Karachi,Karachi Zoo,2025-12-26T10:00:00Z,51.65766703287761,µg/m³
Karachi,G3 Engineering Consultants karachi,2025-12-26T11:00:00Z,44.85016657511394,µg/m³
Karachi,WWF-Pakistan Karachi Office,2025-12-26T11:00:00Z,43.0,µg/m³
Karachi,Karachi Zoo,2025-12-26T11:00:00Z,45.9779998779297,µg/m³
Karachi,Urban Unit Karachi,2025-12-26T11:00:00Z,51.08983281453451,µg/m³
Karachi,Urban Unit Karachi,2025-12-26T12:00:00Z,50.74433339436848,µg/m³
Karachi,G3 Engineering Consultants karachi,2025-12-26T12:00:00Z,46.605666605631505,µg/m³
Karachi,WWF-Pakistan Karachi Office,2025-12-26T12:00:00Z,44.0,µg/m³
Karachi,Karachi Zoo,2025-12-26T12:00:00Z,48.02816645304362,µg/m³
Karachi,G3 Engineering Consultants karachi,2025-12-26T13:00:00Z,68.56983311971028,µg/m³
Karachi,Urban Unit Karachi,2025-12-26T13:00:00Z,55.886000061035155,µg/m³
Karachi,WWF-Pakistan Karachi Office,2025-12-26T13:00:00Z,42.0,µg/m³
Karachi,Karachi Zoo,2025-12-26T13:00:00Z,59.199999999999996,µg/m³
Karachi,Urban Unit Karachi,2025-12-26T14:00:00Z,62.42766672770182,µg/m³
Karachi,WWF-Pakistan Karachi Office,2025-12-26T14:00:00Z,52.0,µg/m³
Karachi,Karachi Zoo,2025-12-26T14:00:00Z,75.07200012207032,µg/m³
Karachi,G3 Engineering Consultants karachi,2025-12-26T14:00:00Z,91.51916681925455,µg/m³
Karachi,G3 Engineering Consultants karachi,2025-12-26T15:00:00Z,94.85500030517578,µg/m³
Karachi,Urban Unit Karachi,2025-12-26T15:00:00Z,93.38139417243725,µg/m³
Karachi,WWF-Pakistan Karachi Office,2025-12-26T15:00:00Z,67.0,µg/m³
Karachi,Karachi Zoo,2025-12-26T15:00:00Z,122.76666666666665,µg/m³
Karachi,G3 Engineering Consultants karachi,2025-12-26T16:00:00Z,118.00550003051757,µg/m³
Karachi,Karachi Zoo,2025-12-26T16:00:00Z,153.48183301289876,µg/m³
Karachi,Urban Unit Karachi,2025-12-26T16:00:00Z,127.65283330281578,µg/m³
Karachi,WWF-Pakistan Karachi Office,2025-12-26T16:00:00Z,87.0,µg/m³
Karachi,Karachi Zoo,2025-12-26T17:00:00Z,150.20233357747398,µg/m³
Karachi,WWF-Pakistan Karachi Office,2025-12-26T17:00:00Z,107.0,µg/m³
Karachi,Urban Unit Karachi,2025-12-26T17:00:00Z,136.91616694132486,µg/m³
Karachi,G3 Engineering Consultants karachi,2025-12-26T17:00:00Z,130.4776667277018,µg/m³
Karachi,Karachi Zoo,2025-12-26T18:00:00Z,131.74433339436848,µg/m³
Karachi,WWF-Pakistan Karachi Office,2025-12-26T18:00:00Z,118.0,µg/m³
Karachi,Urban Unit Karachi,2025-12-26T18:00:00Z,152.17816645304362,µg/m³
Karachi,G3 Engineering Consultants karachi,2025-12-26T18:00:00Z,180.40008290608725,µg/m³
Karachi,Urban Unit Karachi,2025-12-26T19:00:00Z,182.90550003051757,µg/m³
Karachi,Karachi Zoo,2025-12-26T19:00:00Z,111.52533315022787,µg/m³
Karachi,WWF-Pakistan Karachi Office,2025-12-26T19:00:00Z,127.0,µg/m³
Karachi,G3 Engineering Consultants karachi,2025-12-26T19:00:00Z,187.60533345540364,µg/m³
Karachi,G3 Engineering Consultants karachi,2025-12-26T20:00:00Z,205.9025001525879,µg/m³
Karachi,WWF-Pakistan Karachi Office,2025-12-26T20:00:00Z,107.0,µg/m³
Karachi,Urban Unit Karachi,2025-12-26T20:00:00Z,171.9330001831055,µg/m³
Karachi,Karachi Zoo,2025-12-26T20:00:00Z,168.74983342488608,µg/m³
Karachi,WWF-Pakistan Karachi Office,2025-12-26T21:00:00Z,100.0,µg/m³
Karachi,G3 Engineering Consultants karachi,2025-12-26T21:00:00Z,153.34150009155272,µg/m³
Karachi,Urban Unit Karachi,2025-12-26T21:00:00Z,147.4031664530436,µg/m³
Karachi,Karachi Zoo,2025-12-26T21:00:00Z,164.9556666056315,µg/m³
Karachi,WWF-Pakistan Karachi Office,2025-12-26T22:00:00Z,74.0,µg/m³
Karachi,G3 Engineering Consultants karachi,2025-12-26T22:00:00Z,133.45816675821942,µg/m³
Karachi,Karachi Zoo,2025-12-26T22:00:00Z,101.16333363850912,µg/m³
Karachi,Urban Unit Karachi,2025-12-26T22:00:00Z,97.85533345540362,µg/m³
Karachi,WWF-Pakistan Karachi Office,2025-12-26T23:00:00Z,68.0,µg/m³
Karachi,Karachi Zoo,2025-12-26T23:00:00Z,95.54716669718424,µg/m³
Karachi,G3 Engineering Consultants karachi,2025-12-26T23:00:00Z,107.37233327229818,µg/m³
Karachi,Urban Unit Karachi,2025-12-26T23:00:00Z,87.12216669718424,µg/m³
Karachi,G3 Engineering Consultants karachi,2025-12-27T00:00:00Z,82.79466654459635,µg/m³
Karachi,Karachi Zoo,2025-12-27T00:00:00Z,106.34700012207031,µg/m³
Karachi,WWF-Pakistan Karachi Office,2025-12-27T00:00:00Z,57.0,µg/m³
Karachi,Urban Unit Karachi,2025-12-27T00:00:00Z,76.59199981689453,µg/m³
Karachi,Karachi Zoo,2025-12-27T01:00:00Z,112.5413335164388,µg/m³
Karachi,G3 Engineering Consultants karachi,2025-12-27T01:00:00Z,71.68666636149088,µg/m³
Karachi,WWF-Pakistan Karachi Office,2025-12-27T01:00:00Z,54.0,µg/m³
Karachi,Urban Unit Karachi,2025-12-27T01:00:00Z,66.77216669718423,µg/m³
Karachi,Urban Unit Karachi,2025-12-27T02:00:00Z,64.3720001220703,µg/m³
Karachi,Karachi Zoo,2025-12-27T02:00:00Z,83.42466684977215,µg/m³
Karachi,G3 Engineering Consultants karachi,2025-12-27T02:00:00Z,63.660833485921216,µg/m³
Karachi,WWF-Pakistan Karachi Office,2025-12-27T02:00:00Z,55.0,µg/m³
Karachi,Karachi Zoo,2025-12-27T03:00:00Z,60.39966684977213,µg/m³
Karachi,WWF-Pakistan Karachi Office,2025-12-27T03:00:00Z,74.0,µg/m³
Karachi,Urban Unit Karachi,2025-12-27T03:00:00Z,74.0,µg/m³
Karachi,G3 Engineering Consultants karachi,2025-12-27T03:00:00Z,75.34716669718425,µg/m³
Karachi,Urban Unit Karachi,2025-12-27T03:00:00Z,90.3911669413249,µg/m³
Karachi,WWF-Pakistan Karachi Office,2025-12-27T04:00:00Z,83.0,µg/m³
Karachi,G3 Engineering Consultants karachi,2025-12-27T04:00:00Z,76.09416681925457,µg/m³
Karachi,Karachi Zoo,2025-12-27T04:00:00Z,67.27483342488607,µg/m³
Karachi,Urban Unit Karachi,2025-12-27T04:00:00Z,81.63050003051758,µg/m³
Karachi,Karachi Zoo,2025-12-27T05:00:00Z,78.28866678873699,µg/m³
Karachi,WWF-Pakistan Karachi Office,2025-12-27T05:00:00Z,68.0,µg/m³
Karachi,G3 Engineering Consultants karachi,2025-12-27T05:00:00Z,75.95833333333333,µg/m³
Karachi,Urban Unit Karachi,2025-12-27T05:00:00Z,72.27750015258789,µg/m³
Karachi,WWF-Pakistan Karachi Office,2025-12-27T06:00:00Z,62.0,µg/m³
Karachi,Karachi Zoo,2025-12-27T06:00:00Z,84.27466684977213,µg/m³
Karachi,G3 Engineering Consultants karachi,2025-12-27T06:00:00Z,75.40299987792969,µg/m³
Karachi,Urban Unit Karachi,2025-12-27T06:00:00Z,66.65583318074543,µg/m³
Karachi,G3 Engineering Consultants karachi,2025-12-27T07:00:00Z,82.26383336385089,µg/m³
Karachi,Urban Unit Karachi,2025-12-27T07:00:00Z,61.92166697184245,µg/m³
Karachi,Karachi Zoo,2025-12-27T07:00:00Z,67.79705551995171,µg/m³
Karachi,WWF-Pakistan Karachi Office,2025-12-27T08:00:00Z,49.0,µg/m³
Karachi,G3 Engineering Consultants karachi,2025-12-27T08:00:00Z,101.64983342488608,µg/m³
Karachi,Urban Unit Karachi,2025-12-27T08:00:00Z,59.991500091552744,µg/m³
Karachi,Karachi Zoo,2025-12-27T08:00:00Z,53.0606669108073,µg/m³
Karachi,WWF-Pakistan Karachi Office,2025-12-27T09:00:00Z,57.0,µg/m³
Karachi,Karachi Zoo,2025-12-27T09:00:00Z,66.37216669718426,µg/m³
Karachi,G3 Engineering Consultants karachi,2025-12-27T09:00:00Z,104.9111666361491,µg/m³
Karachi,Urban Unit Karachi,2025-12-27T09:00:00Z,68.85283330281577,µg/m³
Karachi,WWF-Pakistan Karachi Office,2025-12-27T10:00:00Z,54.0,µg/m³
Karachi,G3 Engineering Consultants karachi,2025-12-27T10:00:00Z,102.84700012207031,µg/m³
Karachi,Urban Unit Karachi,2025-12-27T10:00:00Z,63.49449996948241,µg/m³
Karachi,Karachi Zoo,2025-12-27T10:00:00Z,68.83083318074544,µg/m³
Karachi,WWF-Pakistan Karachi Office,2025-12-27T11:00:00Z,50.0,µg/m³
Karachi,Urban Unit Karachi,2025-12-27T11:00:00Z,66.05266672770183,µg/m³
Karachi,Karachi Zoo,2025-12-27T11:00:00Z,60.62183354695639,µg/m³
Karachi,G3 Engineering Consultants karachi,2025-12-27T11:00:00Z,97.78633321126303,µg/m³
Karachi,G3 Engineering Consultants karachi,2025-12-27T12:00:00Z,91.3448331197103,µg/m³
Karachi,Karachi Zoo,2025-12-27T12:00:00Z,70.71983311971027,µg/m³
Karachi,WWF-Pakistan Karachi Office,2025-12-27T12:00:00Z,57.0,µg/m³
Karachi,Urban Unit Karachi,2025-12-27T12:00:00Z,73.74077775743272,µg/m³
Karachi,WWF-Pakistan Karachi Office,2025-12-27T13:00:00Z,74.0,µg/m³
Karachi,Karachi Zoo,2025-12-27T13:00:00Z,75.37783330281574,µg/m³
Karachi,G3 Engineering Consultants karachi,2025-12-27T13:00:00Z,67.67216669718424,µg/m³
Karachi,Urban Unit Karachi,2025-12-27T13:00:00Z,81.61766611735027,µg/m³
Karachi,G3 Engineering Consultants karachi,2025-12-27T14:00:00Z,76.23266703287761,µg/m³
Karachi,Karachi Zoo,2025-12-27T14:00:00Z,123.78083318074545,µg/m³
Karachi,WWF-Pakistan Karachi Office,2025-12-27T14:00:00Z,74.0,µg/m³
Karachi,Urban Unit Karachi,2025-12-27T14:00:00Z,106.56116663614908,µg/m³
Karachi,G3 Engineering Consultants karachi,2025-12-27T15:00:00Z,87.67249984741211,µg/m³
Karachi,WWF-Pakistan Karachi Office,2025-12-27T15:00:00Z,102.0,µg/m³
Karachi,Urban Unit Karachi,2025-12-27T15:00:00Z,120.4586664835612,µg/m³
Karachi,Karachi Zoo,2025-12-27T15:00:00Z,165.32499999999996,µg/m³
Karachi,G3 Engineering Consultants karachi,2025-12-27T16:00:00Z,130.81083348592122,µg/m³
Karachi,Karachi Zoo,2025-12-27T16:00:00Z,148.06966654459637,µg/m³
Karachi,WWF-Pakistan Karachi Office,2025-12-27T16:00:00Z,118.0,µg/m³
Karachi,Urban Unit Karachi,2025-12-27T16:00:00Z,124.58033345540366,µg/m³
Karachi,Karachi Zoo,2025-12-27T17:00:00Z,173.77216669718425,µg/m³
Karachi,G3 Engineering Consultants karachi,2025-12-27T17:00:00Z,182.1309997558594,µg/m³
Karachi,Urban Unit Karachi,2025-12-27T17:00:00Z,155.35816675821943,µg/m³
Karachi,WWF-Pakistan Karachi Office,2025-12-27T17:00:00Z,136.0,µg/m³
Karachi,WWF-Pakistan Karachi Office,2025-12-27T18:00:00Z,119.0,µg/m³
Karachi,Karachi Zoo,2025-12-27T18:00:00Z,194.31966654459634,µg/m³
Karachi,G3 Engineering Consultants karachi,2025-12-27T18:00:00Z,152.20849990844727,µg/m³
Karachi,Urban Unit Karachi,2025-12-27T18:00:00Z,142.80216700236005,µg/m³
Karachi,G3 Engineering Consultants karachi,2025-12-27T19:00:00Z,165.09933369954425,µg/m³
Karachi,Urban Unit Karachi,2025-12-27T19:00:00Z,145.8143330891927,µg/m³
Karachi,Karachi Zoo,2025-12-27T19:00:00Z,181.80216700236005,µg/m³
Karachi,Urban Unit Karachi,2025-12-27T20:00:00Z,172.37716700236,µg/m³
Karachi,G3 Engineering Consultants karachi,2025-12-27T20:00:00Z,175.70849990844727,µg/m³
Karachi,WWF-Pakistan Karachi Office,2025-12-27T20:00:00Z,139.0,µg/m³
Karachi,Karachi Zoo,2025-12-27T20:00:00Z,179.01949996948244,µg/m³
Karachi,Urban Unit Karachi,2025-12-27T21:00:00Z,185.21116663614907,µg/m³
Karachi,WWF-Pakistan Karachi Office,2025-12-27T21:00:00Z,131.0,µg/m³
Karachi,G3 Engineering Consultants karachi,2025-12-27T21:00:00Z,185.31416651407878,µg/m³
Karachi,Karachi Zoo,2025-12-27T21:00:00Z,190.74983342488602,µg/m³
Karachi,WWF-Pakistan Karachi Office,2025-12-27T22:00:00Z,103.0,µg/m³
Karachi,G3 Engineering Consultants karachi,2025-12-27T22:00:00Z,159.66449966430665,µg/m³
Karachi,Urban Unit Karachi,2025-12-27T22:00:00Z,156.46983311971027,µg/m³
Karachi,Karachi Zoo,2025-12-27T22:00:00Z,176.95599975585938,µg/m³
Karachi,G3 Engineering Consultants karachi,2025-12-27T23:00:00Z,145.463666788737,µg/m³
Karachi,Urban Unit Karachi,2025-12-27T23:00:00Z,181.65566711425785,µg/m³
Karachi,Karachi Zoo,2025-12-27T23:00:00Z,123.93616663614911,µg/m³
Karachi,Urban Unit Karachi,2025-12-28T00:00:00Z,130.7031664530436,µg/m³
Karachi,Karachi Zoo,2025-12-28T00:00:00Z,116.49433339436848,µg/m³
Karachi,G3 Engineering Consultants karachi,2025-12-28T00:00:00Z,98.28000030517576,µg/m³
Karachi,Karachi Zoo,2025-12-28T01:00:00Z,94.17766672770183,µg/m³
Karachi,Urban Unit Karachi,2025-12-28T01:00:00Z,82.15583318074545,µg/m³
Karachi,WWF-Pakistan Karachi Office,2025-12-28T01:00:00Z,108.0,µg/m³
Karachi,G3 Engineering Consultants karachi,2025-12-28T01:00:00Z,77.71949996948241,µg/m³
Karachi,WWF-Pakistan Karachi Office,2025-12-28T02:00:00Z,74.0,µg/m³
Karachi,G3 Engineering Consultants karachi,2025-12-28T02:00:00Z,82.70266672770182,µg/m³
Karachi,Karachi Zoo,2025-12-28T02:00:00Z,73.51083348592122,µg/m³
Karachi,Urban Unit Karachi,2025-12-28T02:00:00Z,94.36366678873698,µg/m³
Karachi,WWF-Pakistan Karachi Office,2025-12-28T03:00:00Z,82.0,µg/m³
Karachi,Urban Unit Karachi,2025-12-28T03:00:00Z,97.24183324178061,µg/m³
Karachi,G3 Engineering Consultants karachi,2025-12-28T03:00:00Z,93.14733327229818,µg/m³
Karachi,Karachi Zoo,2025-12-28T03:00:00Z,99.20849990844727,µg/m³
Karachi,Karachi Zoo,2025-12-28T04:00:00Z,124.0831667582194,µg/m³
Karachi,Urban Unit Karachi,2025-12-28T04:00:00Z,98.11433308919271,µg/m³
Karachi,WWF-Pakistan Karachi Office,2025-12-28T04:00:00Z,84.0,µg/m³
Karachi,G3 Engineering Consultants karachi,2025-12-28T04:00:00Z,101.02833302815755,µg/m³
Karachi,Urban Unit Karachi,2025-12-28T05:00:00Z,78.69400024414062,µg/m³
Karachi,Karachi Zoo,2025-12-28T05:00:00Z,128.95566660563154,µg/m³
Karachi,G3 Engineering Consultants karachi,2025-12-28T05:00:00Z,95.00550003051758,µg/m³
Karachi,WWF-Pakistan Karachi Office,2025-12-28T06:00:00Z,64.0,µg/m³
Karachi,G3 Engineering Consultants karachi,2025-12-28T06:00:00Z,87.6279998779297,µg/m³
Karachi,Urban Unit Karachi,2025-12-28T06:00:00Z,68.80516688028972,µg/m³
Karachi,Karachi Zoo,2025-12-28T06:00:00Z,91.68600006103516,µg/m³
Karachi,G3 Engineering Consultants karachi,2025-12-28T07:00:00Z,86.60266672770183,µg/m³
Karachi,Urban Unit Karachi,2025-12-28T07:00:00Z,57.88649978637695,µg/m³
Karachi,Karachi Zoo,2025-12-28T07:00:00Z,69.96350021362305,µg/m³
Karachi,WWF-Pakistan Karachi Office,2025-12-28T07:00:00Z,47.0,µg/m³
Karachi,Urban Unit Karachi,2025-12-28T08:00:00Z,64.44400024414062,µg/m³
Karachi,WWF-Pakistan Karachi Office,2025-12-28T08:00:00Z,54.0,µg/m³
Karachi,Karachi Zoo,2025-12-28T08:00:00Z,52.65833333333333,µg/m³
Karachi,G3 Engineering Consultants karachi,2025-12-28T08:00:00Z,95.93649978637694,µg/m³
Karachi,G3 Engineering Consultants karachi,2025-12-28T09:00:00Z,100.64166666666665,µg/m³
Karachi,Karachi Zoo,2025-12-28T09:00:00Z,58.17799987792969,µg/m³
Karachi,WWF-Pakistan Karachi Office,2025-12-28T09:00:00Z,66.0,µg/m³
Karachi,Urban Unit Karachi,2025-12-28T09:00:00Z,77.14999999999999,µg/m³
Karachi,Karachi Zoo,2025-12-28T10:00:00Z,62.016500091552736,µg/m³
Karachi,WWF-Pakistan Karachi Office,2025-12-28T10:00:00Z,53.0,µg/m³
Karachi,Urban Unit Karachi,2025-12-28T10:00:00Z,62.06083348592123,µg/m³
Karachi,G3 Engineering Consultants karachi,2025-12-28T10:00:00Z,110.31666666666668,µg/m³
Karachi,Karachi Zoo,2025-12-28T11:00:00Z,53.13349990844727,µg/m³
Karachi,WWF-Pakistan Karachi Office,2025-12-28T11:00:00Z,50.0,µg/m³
Karachi,Urban Unit Karachi,2025-12-28T11:00:00Z,58.9668332417806,µg/m³
Karachi,G3 Engineering Consultants karachi,2025-12-28T11:00:00Z,100.66966654459635,µg/m³
Karachi,WWF-Pakistan Karachi Office,2025-12-28T12:00:00Z,59.0,µg/m³
Karachi,G3 Engineering Consultants karachi,2025-12-28T12:00:00Z,81.38600006103516,µg/m³
Karachi,Urban Unit Karachi,2025-12-28T12:00:00Z,65.50550003051758,µg/m³
Karachi,Karachi Zoo,2025-12-28T12:00:00Z,62.26900024414062,µg/m³
Karachi,Urban Unit Karachi,2025-12-28T13:00:00Z,68.26341692606609,µg/m³
Karachi,WWF-Pakistan Karachi Office,2025-12-28T13:00:00Z,60.0,µg/m³
Karachi,G3 Engineering Consultants karachi,2025-12-28T13:00:00Z,74.45583318074544,µg/m³
Karachi,Karachi Zoo,2025-12-28T13:00:00Z,70.5038003540039,µg/m³
Karachi,Urban Unit Karachi,2025-12-28T14:00:00Z,87.15550003051759,µg/m³
Karachi,WWF-Pakistan Karachi Office,2025-12-28T14:00:00Z,72.0,µg/m³
Karachi,Karachi Zoo,2025-12-28T14:00:00Z,91.44433339436848,µg/m³
Karachi,G3 Engineering Consultants karachi,2025-12-28T14:00:00Z,77.425,µg/m³
Karachi,G3 Engineering Consultants karachi,2025-12-28T15:00:00Z,81.7643330891927,µg/m³
Karachi,WWF-Pakistan Karachi Office,2025-12-28T15:00:00Z,92.0,µg/m³
Karachi,Urban Unit Karachi,2025-12-28T15:00:00Z,106.5281664530436,µg/m³
Karachi,Karachi Zoo,2025-12-28T15:00:00Z,106.18033345540364,µg/m³
Karachi,Karachi Zoo,2025-12-28T16:00:00Z,126.26416651407875,µg/m³
Karachi,WWF-Pakistan Karachi Office,2025-12-28T16:00:00Z,101.0,µg/m³
Karachi,G3 Engineering Consultants karachi,2025-12-28T16:00:00Z,82.40933278401694,µg/m³
Karachi,Urban Unit Karachi,2025-12-28T16:00:00Z,139.60833333333332,µg/m³
Karachi,Karachi Zoo,2025-12-28T17:00:00Z,134.34716669718426,µg/m³
Karachi,G3 Engineering Consultants karachi,2025-12-28T17:00:00Z,123.19966684977213,µg/m³
Karachi,Urban Unit Karachi,2025-12-28T17:00:00Z,178.95833333333334,µg/m³
Karachi,Urban Unit Karachi,2025-12-28T18:00:00Z,188.47216669718424,µg/m³
Karachi,Karachi Zoo,2025-12-28T18:00:00Z,168.0831667582194,µg/m³
Karachi,G3 Engineering Consultants karachi,2025-12-28T18:00:00Z,202.01666692097982,µg/m³
Karachi,WWF-Pakistan Karachi Office,2025-12-28T18:00:00Z,150.0,µg/m³
Karachi,Karachi Zoo,2025-12-28T19:00:00Z,157.12466684977213,µg/m³
Karachi,G3 Engineering Consultants karachi,2025-12-28T19:00:00Z,171.98616663614908,µg/m³
Karachi,Urban Unit Karachi,2025-12-28T19:00:00Z,163.5801668802897,µg/m³
Karachi,WWF-Pakistan Karachi Office,2025-12-28T19:00:00Z,129.0,µg/m³
Karachi,Karachi Zoo,2025-12-28T20:00:00Z,132.4306666056315,µg/m³
Karachi,WWF-Pakistan Karachi Office,2025-12-28T20:00:00Z,107.0,µg/m³
Karachi,G3 Engineering Consultants karachi,2025-12-28T20:00:00Z,153.00033315022787,µg/m³
Karachi,Urban Unit Karachi,2025-12-28T20:00:00Z,147.3968335469564,µg/m³
Karachi,Urban Unit Karachi,2025-12-28T20:00:00Z,117.9,µg/m³
Karachi,G3 Engineering Consultants karachi,2025-12-28T21:00:00Z,150.14749984741212,µg/m³
Karachi,Urban Unit Karachi,2025-12-28T21:00:00Z,121.2,µg/m³
Karachi,Karachi Zoo,2025-12-28T21:00:00Z,113.6663335164388,µg/m³
Karachi,Urban Unit Karachi,2025-12-28T21:00:00Z,151.6366663614909,µg/m³
Karachi,WWF-Pakistan Karachi Office,2025-12-28T21:00:00Z,145.0,µg/m³
Karachi,G3 Engineering Consultants karachi,2025-12-28T22:00:00Z,154.72466684977212,µg/m³
Karachi,Karachi Zoo,2025-12-28T22:00:00Z,118.47249984741211,µg/m³
Karachi,WWF-Pakistan Karachi Office,2025-12-28T22:00:00Z,130.0,µg/m³
Karachi,Urban Unit Karachi,2025-12-28T22:00:00Z,143.57283299763995,µg/m³
Karachi,Urban Unit Karachi,2025-12-28T23:00:00Z,145.60833333333332,µg/m³
Karachi,G3 Engineering Consultants karachi,2025-12-28T23:00:00Z,163.0055000305176,µg/m³
Karachi,Karachi Zoo,2025-12-28T23:00:00Z,148.93033345540363,µg/m³
Karachi,WWF-Pakistan Karachi Office,2025-12-28T23:00:00Z,104.0,µg/m³
Karachi,Urban Unit Karachi,2025-12-29T00:00:00Z,146.46383336385094,µg/m³
Karachi,G3 Engineering Consultants karachi,2025-12-29T00:00:00Z,148.26100006103516,µg/m³
Karachi,Karachi Zoo,2025-12-29T00:00:00Z,135.71949996948243,µg/m³
Karachi,G3 Engineering Consultants karachi,2025-12-29T01:00:00Z,142.43899993896483,µg/m³
Karachi,Urban Unit Karachi,2025-12-29T01:00:00Z,147.02833302815756,µg/m³
Karachi,Karachi Zoo,2025-12-29T01:00:00Z,130.68850021362303,µg/m³
Karachi,WWF-Pakistan Karachi Office,2025-12-29T02:00:00Z,103.0,µg/m³
Karachi,G3 Engineering Consultants karachi,2025-12-29T02:00:00Z,137.13349990844728,µg/m³
Karachi,Karachi Zoo,2025-12-29T02:00:00Z,128.54166666666669,µg/m³
Karachi,Urban Unit Karachi,2025-12-29T02:00:00Z,133.06933339436853,µg/m³
Karachi,WWF-Pakistan Karachi Office,2025-12-29T03:00:00Z,111.0,µg/m³
Karachi,G3 Engineering Consultants karachi,2025-12-29T03:00:00Z,115.61699981689452,µg/m³
Karachi,Karachi Zoo,2025-12-29T03:00:00Z,109.68033345540364,µg/m³
Karachi,Urban Unit Karachi,2025-12-29T03:00:00Z,131.85899963378907,µg/m³
Karachi,G3 Engineering Consultants karachi,2025-12-29T04:00:00Z,111.60833333333335,µg/m³
Karachi,Urban Unit Karachi,2025-12-29T04:00:00Z,125.13333333333333,µg/m³
Karachi,Karachi Zoo,2025-12-29T04:00:00Z,104.81416651407879,µg/m³
Karachi,Karachi Zoo,2025-12-29T05:00:00Z,115.29716644287107,µg/m³
Karachi,Urban Unit Karachi,2025-12-29T05:00:00Z,111.7698331197103,µg/m³
Karachi,G3 Engineering Consultants karachi,2025-12-29T05:00:00Z,117.41433308919272,µg/m³
Karachi,WWF-Pakistan Karachi Office,2025-12-29T05:00:00Z,96.0,µg/m³
Karachi,G3 Engineering Consultants karachi,2025-12-29T06:00:00Z,101.30283330281576,µg/m³
Karachi,Urban Unit Karachi,2025-12-29T06:00:00Z,93.27750015258789,µg/m³
Karachi,WWF-Pakistan Karachi Office,2025-12-29T06:00:00Z,79.0,µg/m³
Karachi,Karachi Zoo,2025-12-29T06:00:00Z,95.0611666361491,µg/m³
Karachi,WWF-Pakistan Karachi Office,2025-12-29T07:00:00Z,66.0,µg/m³
Karachi,Urban Unit Karachi,2025-12-29T07:00:00Z,83.50500030517578,µg/m³
Karachi,G3 Engineering Consultants karachi,2025-12-29T07:00:00Z,97.7474998474121,µg/m³
Karachi,Karachi Zoo,2025-12-29T07:00:00Z,86.8470417658488,µg/m³
Karachi,WWF-Pakistan Karachi Office,2025-12-29T08:00:00Z,78.0,µg/m³
Karachi,G3 Engineering Consultants karachi,2025-12-29T08:00:00Z,117.03633321126301,µg/m³
Karachi,Karachi Zoo,2025-12-29T08:00:00Z,82.71983311971029,µg/m³
Karachi,Urban Unit Karachi,2025-12-29T08:00:00Z,95.21350021362305,µg/m³
Karachi,G3 Engineering Consultants karachi,2025-12-29T09:00:00Z,112.78966623942058,µg/m³
Karachi,WWF-Pakistan Karachi Office,2025-12-29T09:00:00Z,65.0,µg/m³
Karachi,Urban Unit Karachi,2025-12-29T09:00:00Z,86.23000030517578,µg/m³
Karachi,Karachi Zoo,2025-12-29T09:00:00Z,84.14752773708769,µg/m³
Karachi,WWF-Pakistan Karachi Office,2025-12-29T10:00:00Z,70.0,µg/m³
Karachi,G3 Engineering Consultants karachi,2025-12-29T10:00:00Z,105.63616663614907,µg/m³
Karachi,Urban Unit Karachi,2025-12-29T10:00:00Z,88.51116663614908,µg/m³
Karachi,Karachi Zoo,2025-12-29T10:00:00Z,78.59390282101101,µg/m³
Karachi,G3 Engineering Consultants karachi,2025-12-29T11:00:00Z,89.50016657511391,µg/m³
Karachi,Karachi Zoo,2025-12-29T11:00:00Z,82.37036111619737,µg/m³
Karachi,Urban Unit Karachi,2025-12-29T11:00:00Z,84.78600006103517,µg/m³
Karachi,WWF-Pakistan Karachi Office,2025-12-29T11:00:00Z,58.0,µg/m³
Karachi,Karachi Zoo,2025-12-29T12:00:00Z,79.38093098534478,µg/m³
Karachi,G3 Engineering Consultants karachi,2025-12-29T12:00:00Z,92.21399993896485,µg/m³
Karachi,Urban Unit Karachi,2025-12-29T12:00:00Z,82.88595879872639,µg/m³
Karachi,WWF-Pakistan Karachi Office,2025-12-29T12:00:00Z,61.0,µg/m³
Karachi,G3 Engineering Consultants karachi,2025-12-29T13:00:00Z,117.58333333333333,µg/m³
Karachi,Urban Unit Karachi,2025-12-29T13:00:00Z,95.56116663614908,µg/m³
Karachi,WWF-Pakistan Karachi Office,2025-12-29T13:00:00Z,80.0,µg/m³
Karachi,Karachi Zoo,2025-12-29T13:00:00Z,104.90049972534179,µg/m³
Karachi,Urban Unit Karachi,2025-12-29T14:00:00Z,116.48333333333333,µg/m³
Karachi,G3 Engineering Consultants karachi,2025-12-29T14:00:00Z,113.40816675821941,µg/m³
Karachi,Karachi Zoo,2025-12-29T14:00:00Z,125.03899993896484,µg/m³
Karachi,WWF-Pakistan Karachi Office,2025-12-29T15:00:00Z,143.0,µg/m³
Karachi,Karachi Zoo,2025-12-29T15:00:00Z,155.5935005187988,µg/m³
Karachi,Urban Unit Karachi,2025-12-29T15:00:00Z,158.10800018310547,µg/m³
Karachi,G3 Engineering Consultants karachi,2025-12-29T15:00:00Z,147.4861666361491,µg/m³
Karachi,Urban Unit Karachi,2025-12-29T16:00:00Z,159.0,µg/m³
Karachi,Karachi Zoo,2025-12-29T16:00:00Z,150.59549992879232,µg/m³
Karachi,Urban Unit Karachi,2025-12-29T16:00:00Z,199.33050003051758,µg/m³
Karachi,G3 Engineering Consultants karachi,2025-12-29T16:00:00Z,148.13000030517577,µg/m³
Karachi,G3 Engineering Consultants karachi,2025-12-29T17:00:00Z,185.67216669718425,µg/m³
Karachi,Urban Unit Karachi,2025-12-29T17:00:00Z,150.8,µg/m³
Karachi,Karachi Zoo,2025-12-29T17:00:00Z,226.13033345540362,µg/m³
Karachi,Urban Unit Karachi,2025-12-29T17:00:00Z,189.12283299764,µg/m³
Karachi,WWF-Pakistan Karachi Office,2025-12-29T17:00:00Z,140.0,µg/m³
Karachi,G3 Engineering Consultants karachi,2025-12-29T18:00:00Z,205.25566685994463,µg/m³
Karachi,Karachi Zoo,2025-12-29T18:00:00Z,231.10550003051756,µg/m³
Karachi,Urban Unit Karachi,2025-12-29T18:00:00Z,207.5551668802897,µg/m³
Karachi,WWF-Pakistan Karachi Office,2025-12-29T18:00:00Z,166.0,µg/m³
Karachi,G3 Engineering Consultants karachi,2025-12-29T19:00:00Z,216.89150009155276,µg/m³
Karachi,Karachi Zoo,2025-12-29T19:00:00Z,265.5244984944662,µg/m³
Karachi,WWF-Pakistan Karachi Office,2025-12-29T19:00:00Z,177.0,µg/m³
Karachi,Urban Unit Karachi,2025-12-29T19:00:00Z,238.4333333333333,µg/m³
Karachi,Karachi Zoo,2025-12-29T20:00:00Z,234.09716669718424,µg/m³
Karachi,WWF-Pakistan Karachi Office,2025-12-29T20:00:00Z,187.0,µg/m³
Karachi,Urban Unit Karachi,2025-12-29T20:00:00Z,248.5333338419597,µg/m³
Karachi,G3 Engineering Consultants karachi,2025-12-29T20:00:00Z,254.87233505249026,µg/m³
Karachi,WWF-Pakistan Karachi Office,2025-12-29T21:00:00Z,123.0,µg/m³
Karachi,Urban Unit Karachi,2025-12-29T21:00:00Z,186.37200012207032,µg/m³
Karachi,Karachi Zoo,2025-12-29T21:00:00Z,234.3986249923706,µg/m³
Karachi,G3 Engineering Consultants karachi,2025-12-29T21:00:00Z,263.13508427937825,µg/m³
Karachi,WWF-Pakistan Karachi Office,2025-12-29T22:00:00Z,103.0,µg/m³
Karachi,Karachi Zoo,2025-12-29T22:00:00Z,214.1776667277018,µg/m³
Karachi,Urban Unit Karachi,2025-12-29T22:00:00Z,147.37283299763996,µg/m³
Karachi,G3 Engineering Consultants karachi,2025-12-29T22:00:00Z,259.624666595459,µg/m³
Karachi,G3 Engineering Consultants karachi,2025-12-29T23:00:00Z,211.163666788737,µg/m³
Karachi,WWF-Pakistan Karachi Office,2025-12-29T23:00:00Z,106.0,µg/m³
Karachi,Karachi Zoo,2025-12-29T23:00:00Z,187.0826670328776,µg/m³
Karachi,Urban Unit Karachi,2025-12-29T23:00:00Z,152.2618329366048,µg/m³
Karachi,Karachi Zoo,2025-12-30T00:00:00Z,132.8526667277018,µg/m³
Karachi,G3 Engineering Consultants karachi,2025-12-30T00:00:00Z,153.95250015258787,µg/m³
Karachi,Urban Unit Karachi,2025-12-30T00:00:00Z,146.3856669108073,µg/m³
Karachi,WWF-Pakistan Karachi Office,2025-12-30T00:00:00Z,103.0,µg/m³
Karachi,Urban Unit Karachi,2025-12-30T01:00:00Z,137.7811663309733,µg/m³
Karachi,WWF-Pakistan Karachi Office,2025-12-30T01:00:00Z,95.0,µg/m³
Karachi,Karachi Zoo,2025-12-30T01:00:00Z,111.10833333333333,µg/m³
Karachi,G3 Engineering Consultants karachi,2025-12-30T01:00:00Z,149.58833363850914,µg/m³
Karachi,WWF-Pakistan Karachi Office,2025-12-30T02:00:00Z,104.0,µg/m³
Karachi,Karachi Zoo,2025-12-30T02:00:00Z,106.38583348592124,µg/m³
Karachi,G3 Engineering Consultants karachi,2025-12-30T02:00:00Z,167.5193333943685,µg/m³
Karachi,Urban Unit Karachi,2025-12-30T02:00:00Z,144.49533284505208,µg/m³
Karachi,Urban Unit Karachi,2025-12-30T03:00:00Z,128.2746668497721,µg/m³
Karachi,G3 Engineering Consultants karachi,2025-12-30T03:00:00Z,182.92483342488606,µg/m³
Karachi,WWF-Pakistan Karachi Office,2025-12-30T03:00:00Z,111.0,µg/m³
Karachi,Karachi Zoo,2025-12-30T03:00:00Z,117.09183324178059,µg/m³
Karachi,WWF-Pakistan Karachi Office,2025-12-30T04:00:00Z,136.0,µg/m³
Karachi,Karachi Zoo,2025-12-30T05:00:00Z,171.20333302815757,µg/m³
Karachi,G3 Engineering Consultants karachi,2025-12-30T05:00:00Z,245.94949900309243,µg/m³
Karachi,WWF-Pakistan Karachi Office,2025-12-30T05:00:00Z,148.0,µg/m³
Karachi,Urban Unit Karachi,2025-12-30T05:00:00Z,194.29416681925454,µg/m³
Karachi,Urban Unit Karachi,2025-12-30T06:00:00Z,245.8584996541341,µg/m³
Karachi,G3 Engineering Consultants karachi,2025-12-30T06:00:00Z,168.9004997253418,µg/m³
Karachi,WWF-Pakistan Karachi Office,2025-12-30T06:00:00Z,200.0,µg/m³
Karachi,Karachi Zoo,2025-12-30T06:00:00Z,174.0943333943685,µg/m³
Karachi,Urban Unit Karachi,2025-12-30T07:00:00Z,131.43583348592122,µg/m³
Karachi,WWF-Pakistan Karachi Office,2025-12-30T07:00:00Z,103.0,µg/m³
Karachi,Karachi Zoo,2025-12-30T07:00:00Z,122.20429664894385,µg/m³
Karachi,G3 Engineering Consultants karachi,2025-12-30T07:00:00Z,95.43600006103516,µg/m³
Karachi,WWF-Pakistan Karachi Office,2025-12-30T08:00:00Z,76.0,µg/m³
Karachi,Urban Unit Karachi,2025-12-30T08:00:00Z,72.1,µg/m³
Karachi,G3 Engineering Consultants karachi,2025-12-30T08:00:00Z,95.4495002746582,µg/m³
Karachi,Urban Unit Karachi,2025-12-30T08:00:00Z,88.36949996948242,µg/m³
Karachi,Karachi Zoo,2025-12-30T08:00:00Z,63.69150009155274,µg/m³
Karachi,Urban Unit Karachi,2025-12-30T09:00:00Z,75.37029158274332,µg/m³
Karachi,G3 Engineering Consultants karachi,2025-12-30T09:00:00Z,80.27016626993814,µg/m³
Karachi,WWF-Pakistan Karachi Office,2025-12-30T09:00:00Z,64.0,µg/m³
Karachi,Karachi Zoo,2025-12-30T09:00:00Z,62.47466684977213,µg/m³
Karachi,WWF-Pakistan Karachi Office,2025-12-30T10:00:00Z,66.0,µg/m³
Karachi,G3 Engineering Consultants karachi,2025-12-30T10:00:00Z,81.46149978637696,µg/m³
Karachi,Urban Unit Karachi,2025-12-30T10:00:00Z,87.85800018310546,µg/m³
Karachi,Karachi Zoo,2025-12-30T10:00:00Z,71.80533345540364,µg/m³
Karachi,G3 Engineering Consultants karachi,2025-12-30T11:00:00Z,81.89116694132487,µg/m³
Karachi,Karachi Zoo,2025-12-30T11:00:00Z,70.49170869191487,µg/m³
Karachi,Urban Unit Karachi,2025-12-30T11:00:00Z,77.9474998474121,µg/m³
Karachi,WWF-Pakistan Karachi Office,2025-12-30T11:00:00Z,71.0,µg/m³
Karachi,Karachi Zoo,2025-12-30T12:00:00Z,91.28050003051759,µg/m³
Karachi,G3 Engineering Consultants karachi,2025-12-30T12:00:00Z,91.11933339436848,µg/m³
Karachi,Urban Unit Karachi,2025-12-30T12:00:00Z,88.67816645304362,µg/m³
Karachi,WWF-Pakistan Karachi Office,2025-12-30T12:00:00Z,79.0,µg/m³
Karachi,Karachi Zoo,2025-12-30T13:00:00Z,93.99749984741213,µg/m³
Karachi,G3 Engineering Consultants karachi,2025-12-30T13:00:00Z,91.65599975585938,µg/m³
Karachi,Urban Unit Karachi,2025-12-30T13:00:00Z,102.32766672770184,µg/m³
Karachi,WWF-Pakistan Karachi Office,2025-12-30T14:00:00Z,95.0,µg/m³
Karachi,Urban Unit Karachi,2025-12-30T14:00:00Z,110.01983311971027,µg/m³
Karachi,Karachi Zoo,2025-12-30T14:00:00Z,91.36716639200847,µg/m³
Karachi,G3 Engineering Consultants karachi,2025-12-30T14:00:00Z,90.68399963378907,µg/m³
Karachi,WWF-Pakistan Karachi Office,2025-12-30T15:00:00Z,94.0,µg/m³
Karachi,Urban Unit Karachi,2025-12-30T15:00:00Z,113.99216639200843,µg/m³
Karachi,Karachi Zoo,2025-12-30T15:00:00Z,75.2944999694824,µg/m³
Karachi,G3 Engineering Consultants karachi,2025-12-30T15:00:00Z,69.83850021362305,µg/m³
Karachi,G3 Engineering Consultants karachi,2025-12-30T16:00:00Z,81.47833302815756,µg/m³
Karachi,Karachi Zoo,2025-12-30T16:00:00Z,64.14966684977215,µg/m³
Karachi,WWF-Pakistan Karachi Office,2025-12-30T16:00:00Z,99.0,µg/m³
Karachi,Urban Unit Karachi,2025-12-30T16:00:00Z,134.9601251602173,µg/m³
Karachi,G3 Engineering Consultants karachi,2025-12-30T17:00:00Z,42.888999938964844,µg/m³
Karachi,Urban Unit Karachi,2025-12-30T17:00:00Z,77.39483311971027,µg/m³
Karachi,Karachi Zoo,2025-12-30T17:00:00Z,43.513999938964844,µg/m³
Karachi,WWF-Pakistan Karachi Office,2025-12-30T17:00:00Z,57.0,µg/m³
Karachi,WWF-Pakistan Karachi Office,2025-12-30T18:00:00Z,31.0,µg/m³
Karachi,Urban Unit Karachi,2025-12-30T19:00:00Z,38.25566660563151,µg/m³
Karachi,Karachi Zoo,2025-12-30T19:00:00Z,35.43933312098186,µg/m³
Karachi,G3 Engineering Consultants karachi,2025-12-30T19:00:00Z,37.89133354822794,µg/m³
Karachi,WWF-Pakistan Karachi Office,2025-12-30T20:00:00Z,24.0,µg/m³
Karachi,Karachi Zoo,2025-12-30T20:00:00Z,31.041666762034097,µg/m³
Karachi,G3 Engineering Consultants karachi,2025-12-30T20:00:00Z,39.47466678619385,µg/m³
Karachi,Urban Unit Karachi,2025-12-30T20:00:00Z,35.32483342488606,µg/m³
Karachi,G3 Engineering Consultants karachi,2025-12-30T21:00:00Z,26.338833300272626,µg/m³
Karachi,Urban Unit Karachi,2025-12-30T21:00:00Z,35.95495793819428,µg/m³
Karachi,WWF-Pakistan Karachi Office,2025-12-30T21:00:00Z,22.0,µg/m³
Karachi,Karachi Zoo,2025-12-30T21:00:00Z,28.300000031789143,µg/m³
Karachi,Urban Unit Karachi,2025-12-30T22:00:00Z,31.644500096639003,µg/m³
Karachi,Karachi Zoo,2025-12-30T22:00:00Z,27.11116666793823,µg/m³
Karachi,G3 Engineering Consultants karachi,2025-12-30T22:00:00Z,23.519499969482425,µg/m³
Karachi,WWF-Pakistan Karachi Office,2025-12-30T22:00:00Z,19.0,µg/m³
Karachi,WWF-Pakistan Karachi Office,2025-12-30T23:00:00Z,19.0,µg/m³
Karachi,Urban Unit Karachi,2025-12-30T23:00:00Z,30.08866675694783,µg/m³
Karachi,G3 Engineering Consultants karachi,2025-12-30T23:00:00Z,28.105666700998942,µg/m³
Karachi,Karachi Zoo,2025-12-30T23:00:00Z,23.67354545593262,µg/m³
Karachi,G3 Engineering Consultants karachi,2025-12-31T00:00:00Z,24.57216663360596,µg/m³
Karachi,Urban Unit Karachi,2025-12-31T00:00:00Z,24.3221666653951,µg/m³
Karachi,Karachi Zoo,2025-12-31T00:00:00Z,20.19183333714803,µg/m³
Karachi,WWF-Pakistan Karachi Office,2025-12-31T00:00:00Z,17.0,µg/m³
Karachi,Karachi Zoo,2025-12-31T01:00:00Z,34.06683320999146,µg/m³
Karachi,WWF-Pakistan Karachi Office,2025-12-31T01:00:00Z,22.0,µg/m³
Karachi,G3 Engineering Consultants karachi,2025-12-31T01:00:00Z,38.12799984614055,µg/m³
Karachi,WWF-Pakistan Karachi Office,2025-12-31T02:00:00Z,29.0,µg/m³
Karachi,Karachi Zoo,2025-12-31T02:00:00Z,52.508166758219396,µg/m³
Karachi,G3 Engineering Consultants karachi,2025-12-31T02:00:00Z,44.263999938964844,µg/m³
Karachi,WWF-Pakistan Karachi Office,2025-12-31T03:00:00Z,61.0,µg/m³
Karachi,G3 Engineering Consultants karachi,2025-12-31T03:00:00Z,93.66950047810872,µg/m³
Karachi,Karachi Zoo,2025-12-31T03:00:00Z,135.56399993896483,µg/m³
Karachi,G3 Engineering Consultants karachi,2025-12-31T04:00:00Z,45.25033315022787,µg/m³
Karachi,WWF-Pakistan Karachi Office,2025-12-31T04:00:00Z,67.0,µg/m³
Karachi,Karachi Zoo,2025-12-31T04:00:00Z,82.23050003051758,µg/m³
Karachi,WWF-Pakistan Karachi Office,2025-12-31T05:00:00Z,32.0,µg/m³
Karachi,Karachi Zoo,2025-12-31T05:00:00Z,41.89983348846436,µg/m³
Karachi,G3 Engineering Consultants karachi,2025-12-31T05:00:00Z,25.205166880289713,µg/m³
Karachi,G3 Engineering Consultants karachi,2025-12-31T06:00:00Z,11.924999968210857,µg/m³
Karachi,WWF-Pakistan Karachi Office,2025-12-31T06:00:00Z,26.0,µg/m³
Karachi,Karachi Zoo,2025-12-31T06:00:00Z,26.89950017929077,µg/m³
Karachi,G3 Engineering Consultants karachi,2025-12-31T07:00:00Z,10.692000007629394,µg/m³
Karachi,WWF-Pakistan Karachi Office,2025-12-31T07:00:00Z,21.0,µg/m³
Karachi,Karachi Zoo,2025-12-31T07:00:00Z,9.566166655222576,µg/m³
Karachi,WWF-Pakistan Karachi Office,2025-12-31T08:00:00Z,18.0,µg/m³
Karachi,G3 Engineering Consultants karachi,2025-12-31T08:00:00Z,11.810499986012777,µg/m³
Karachi,Karachi Zoo,2025-12-31T08:00:00Z,8.592000007629395,µg/m³
Karachi,WWF-Pakistan Karachi Office,2025-12-31T09:00:00Z,18.0,µg/m³
Karachi,G3 Engineering Consultants karachi,2025-12-31T09:00:00Z,20.766333389282227,µg/m³
Karachi,Karachi Zoo,2025-12-31T09:00:00Z,11.471833324432373,µg/m³
Karachi,WWF-Pakistan Karachi Office,2025-12-31T10:00:00Z,15.0,µg/m³
Karachi,Karachi Zoo,2025-12-31T10:00:00Z,6.9971666653951,µg/m³
Karachi,G3 Engineering Consultants karachi,2025-12-31T10:00:00Z,11.899833297729494,µg/m³
Karachi,Karachi Zoo,2025-12-31T11:00:00Z,14.880499966939292,µg/m³
Karachi,WWF-Pakistan Karachi Office,2025-12-31T11:00:00Z,14.0,µg/m³
Karachi,G3 Engineering Consultants karachi,2025-12-31T11:00:00Z,7.013666661580403,µg/m³
Karachi,WWF-Pakistan Karachi Office,2025-12-31T12:00:00Z,16.0,µg/m³
Karachi,G3 Engineering Consultants karachi,2025-12-31T12:00:00Z,20.169833183288574,µg/m³
Karachi,Karachi Zoo,2025-12-31T12:00:00Z,21.05866667429606,µg/m³
Karachi,Karachi Zoo,2025-12-31T13:00:00Z,36.47750024795532,µg/m³
Karachi,WWF-Pakistan Karachi Office,2025-12-31T13:00:00Z,21.0,µg/m³
Karachi,G3 Engineering Consultants karachi,2025-12-31T13:00:00Z,44.0309999148051,µg/m³
Karachi,WWF-Pakistan Karachi Office,2025-12-31T14:00:00Z,28.0,µg/m³
Karachi,G3 Engineering Consultants karachi,2025-12-31T14:00:00Z,64.23000030517578,µg/m³
Karachi,Karachi Zoo,2025-12-31T14:00:00Z,73.42216669718424,µg/m³
Karachi,G3 Engineering Consultants karachi,2025-12-31T15:00:00Z,121.65766703287761,µg/m³
Karachi,WWF-Pakistan Karachi Office,2025-12-31T15:00:00Z,55.0,µg/m³
Karachi,Karachi Zoo,2025-12-31T15:00:00Z,73.57200012207032,µg/m³
Karachi,WWF-Pakistan Karachi Office,2025-12-31T16:00:00Z,75.0,µg/m³
Karachi,G3 Engineering Consultants karachi,2025-12-31T16:00:00Z,74.65349960327148,µg/m³
Karachi,Karachi Zoo,2025-12-31T16:00:00Z,120.95533345540365,µg/m³
Karachi,G3 Engineering Consultants karachi,2025-12-31T17:00:00Z,104.97516657511396,µg/m³
Karachi,Karachi Zoo,2025-12-31T17:00:00Z,93.04166666666667,µg/m³
Karachi,G3 Engineering Consultants karachi,2025-12-31T18:00:00Z,192.56683324178059,µg/m³
Karachi,WWF-Pakistan Karachi Office,2025-12-31T18:00:00Z,148.0,µg/m³
Karachi,Karachi Zoo,2025-12-31T18:00:00Z,132.8393330891927,µg/m³
Karachi,Karachi Zoo,2025-12-31T19:00:00Z,129.53550033569334,µg/m³
Karachi,G3 Engineering Consultants karachi,2025-12-31T19:00:00Z,207.51066691080732,µg/m³
Karachi,WWF-Pakistan Karachi Office,2025-12-31T19:00:00Z,134.0,µg/m³
Karachi,WWF-Pakistan Karachi Office,2025-12-31T20:00:00Z,128.0,µg/m³
Karachi,Karachi Zoo,2025-12-31T20:00:00Z,115.48916651407878,µg/m³
Karachi,G3 Engineering Consultants karachi,2025-12-31T20:00:00Z,158.70316645304362,µg/m³
Karachi,Karachi Zoo,2025-12-31T21:00:00Z,111.03099975585938,µg/m³
Karachi,G3 Engineering Consultants karachi,2025-12-31T21:00:00Z,175.4448331197103,µg/m³
Karachi,WWF-Pakistan Karachi Office,2025-12-31T21:00:00Z,131.0,µg/m³
Karachi,G3 Engineering Consultants karachi,2025-12-31T22:00:00Z,166.7556666056315,µg/m³
Karachi,WWF-Pakistan Karachi Office,2025-12-31T22:00:00Z,123.0,µg/m³
Karachi,Karachi Zoo,2025-12-31T22:00:00Z,107.0806666056315,µg/m³
Karachi,Karachi Zoo,2025-12-31T23:00:00Z,100.21133321126304,µg/m³
Karachi,WWF-Pakistan Karachi Office,2025-12-31T23:00:00Z,118.0,µg/m³
Karachi,G3 Engineering Consultants karachi,2025-12-31T23:00:00Z,143.8474998474121,µg/m³
Karachi,G3 Engineering Consultants karachi,2026-01-01T00:00:00Z,133.28033345540368,µg/m³
Karachi,Karachi Zoo,2026-01-01T00:00:00Z,93.84091669718424,µg/m³
Karachi,WWF-Pakistan Karachi Office,2026-01-01T00:00:00Z,113.0,µg/m³
Karachi,WWF-Pakistan Karachi Office,2026-01-01T01:00:00Z,106.0,µg/m³
Karachi,Karachi Zoo,2026-01-01T01:00:00Z,89.08633321126301,µg/m³
Karachi,G3 Engineering Consultants karachi,2026-01-01T01:00:00Z,120.24533284505206,µg/m³
Karachi,G3 Engineering Consultants karachi,2026-01-01T02:00:00Z,120.13649978637697,µg/m³
Karachi,WWF-Pakistan Karachi Office,2026-01-01T02:00:00Z,100.0,µg/m³
Karachi,Karachi Zoo,2026-01-01T02:00:00Z,96.0581667582194,µg/m³
Karachi,WWF-Pakistan Karachi Office,2026-01-01T03:00:00Z,108.0,µg/m³
Karachi,Karachi Zoo,2026-01-01T03:00:00Z,94.1245002746582,µg/m³
Karachi,G3 Engineering Consultants karachi,2026-01-01T03:00:00Z,111.34433339436849,µg/m³
Karachi,WWF-Pakistan Karachi Office,2026-01-01T04:00:00Z,110.0,µg/m³
Karachi,G3 Engineering Consultants karachi,2026-01-01T04:00:00Z,118.61933339436848,µg/m³
Karachi,Karachi Zoo,2026-01-01T04:00:00Z,98.39466654459635,µg/m³
Karachi,WWF-Pakistan Karachi Office,2026-01-01T05:00:00Z,105.0,µg/m³
Karachi,G3 Engineering Consultants karachi,2026-01-01T05:00:00Z,117.19999999999999,µg/m³
Karachi,Karachi Zoo,2026-01-01T05:00:00Z,97.77266642252606,µg/m³
Karachi,G3 Engineering Consultants karachi,2026-01-01T06:00:00Z,94.47533315022788,µg/m³
Karachi,WWF-Pakistan Karachi Office,2026-01-01T06:00:00Z,94.0,µg/m³
Karachi,Karachi Zoo,2026-01-01T06:00:00Z,113.7025001525879,µg/m³
Karachi,WWF-Pakistan Karachi Office,2026-01-01T07:00:00Z,75.0,µg/m³
Karachi,Karachi Zoo,2026-01-01T07:00:00Z,85.83533376057943,µg/m³
Karachi,G3 Engineering Consultants karachi,2026-01-01T07:00:00Z,76.17516657511393,µg/m³
Karachi,WWF-Pakistan Karachi Office,2026-01-01T08:00:00Z,56.0,µg/m³
Karachi,Karachi Zoo,2026-01-01T08:00:00Z,52.1274723900689,µg/m³
Karachi,G3 Engineering Consultants karachi,2026-01-01T08:00:00Z,64.4861666361491,µg/m³
Karachi,G3 Engineering Consultants karachi,2026-01-01T09:00:00Z,50.38333333333333,µg/m³
Karachi,Karachi Zoo,2026-01-01T09:00:00Z,57.68695824941,µg/m³
Karachi,Karachi Zoo,2026-01-01T10:00:00Z,58.86666666666667,µg/m³
Karachi,G3 Engineering Consultants karachi,2026-01-01T10:00:00Z,51.09416681925455,µg/m³
Karachi,WWF-Pakistan Karachi Office,2026-01-01T10:00:00Z,49.0,µg/m³
Karachi,Karachi Zoo,2026-01-01T11:00:00Z,72.7001817183061,µg/m³
Karachi,G3 Engineering Consultants karachi,2026-01-01T11:00:00Z,53.20636346990412,µg/m³
Karachi,WWF-Pakistan Karachi Office,2026-01-01T11:00:00Z,48.0,µg/m³
Karachi,Karachi Zoo,2026-01-01T12:00:00Z,63.47750015258788,µg/m³
Karachi,G3 Engineering Consultants karachi,2026-01-01T12:00:00Z,59.913833363850905,µg/m³
Karachi,WWF-Pakistan Karachi Office,2026-01-01T12:00:00Z,59.0,µg/m³
Karachi,Karachi Zoo,2026-01-01T13:00:00Z,94.2163335164388,µg/m³
Karachi,G3 Engineering Consultants karachi,2026-01-01T13:00:00Z,95.98883336385092,µg/m³
Karachi,Karachi Zoo,2026-01-01T14:00:00Z,82.56916681925456,µg/m³
Karachi,G3 Engineering Consultants karachi,2026-01-01T14:00:00Z,102.68016688028972,µg/m³
Karachi,Karachi Zoo,2026-01-01T15:00:00Z,80.33083318074543,µg/m³
Karachi,G3 Engineering Consultants karachi,2026-01-01T15:00:00Z,113.16750030517578,µg/m³
Karachi,Karachi Zoo,2026-01-01T16:00:00Z,98.26350021362305,µg/m³
Karachi,G3 Engineering Consultants karachi,2026-01-01T16:00:00Z,110.5913335164388,µg/m³
Karachi,Karachi Zoo,2026-01-01T17:00:00Z,107.11966654459638,µg/m³
Karachi,G3 Engineering Consultants karachi,2026-01-01T17:00:00Z,120.86916681925457,µg/m³
Karachi,G3 Engineering Consultants karachi,2026-01-01T18:00:00Z,133.1473332722982,µg/m³
Karachi,Karachi Zoo,2026-01-01T18:00:00Z,108.87466684977214,µg/m³
Karachi,WWF-Pakistan Karachi Office,2026-01-01T19:00:00Z,124.0,µg/m³
Karachi,G3 Engineering Consultants karachi,2026-01-01T19:00:00Z,139.43316675821941,µg/m³
Karachi,Karachi Zoo,2026-01-01T19:00:00Z,94.95849990844727,µg/m³
Karachi,Karachi Zoo,2026-01-01T20:00:00Z,107.66149978637695,µg/m³
Karachi,G3 Engineering Consultants karachi,2026-01-01T20:00:00Z,128.37816645304363,µg/m³
Karachi,WWF-Pakistan Karachi Office,2026-01-01T20:00:00Z,106.0,µg/m³
Karachi,G3 Engineering Consultants karachi,2026-01-01T21:00:00Z,112.13899993896486,µg/m³
Karachi,Karachi Zoo,2026-01-01T21:00:00Z,119.1306666056315,µg/m³
Karachi,WWF-Pakistan Karachi Office,2026-01-01T21:00:00Z,107.0,µg/m³
Karachi,G3 Engineering Consultants karachi,2026-01-01T22:00:00Z,98.82166697184243,µg/m³
Karachi,Karachi Zoo,2026-01-01T22:00:00Z,98.10000000000001,µg/m³
Karachi,WWF-Pakistan Karachi Office,2026-01-01T22:00:00Z,98.0,µg/m³
Karachi,G3 Engineering Consultants karachi,2026-01-01T23:00:00Z,124.80883305867512,µg/m³
Karachi,Karachi Zoo,2026-01-01T23:00:00Z,92.84733327229817,µg/m³
Karachi,WWF-Pakistan Karachi Office,2026-01-01T23:00:00Z,92.0,µg/m³
Karachi,G3 Engineering Consultants karachi,2026-01-02T00:00:00Z,97.31350021362304,µg/m³
Karachi,WWF-Pakistan Karachi Office,2026-01-02T00:00:00Z,86.0,µg/m³
Karachi,Karachi Zoo,2026-01-02T00:00:00Z,77.84449996948243,µg/m³
Karachi,G3 Engineering Consultants karachi,2026-01-02T01:00:00Z,90.57799987792968,µg/m³
Karachi,WWF-Pakistan Karachi Office,2026-01-02T01:00:00Z,85.0,µg/m³
Karachi,Karachi Zoo,2026-01-02T01:00:00Z,82.77483342488608,µg/m³
Karachi,Karachi Zoo,2026-01-02T02:00:00Z,93.54466654459635,µg/m³
Karachi,G3 Engineering Consultants karachi,2026-01-02T02:00:00Z,90.25833333333333,µg/m³
Karachi,WWF-Pakistan Karachi Office,2026-01-02T02:00:00Z,41.2,µg/m³
Karachi,Karachi Zoo,2026-01-02T03:00:00Z,85.24166666666666,µg/m³
Karachi,WWF-Pakistan Karachi Office,2026-01-02T03:00:00Z,94.0,µg/m³
Karachi,G3 Engineering Consultants karachi,2026-01-02T03:00:00Z,92.89766642252606,µg/m³
Karachi,WWF-Pakistan Karachi Office,2026-01-02T04:00:00Z,97.0,µg/m³
Karachi,Karachi Zoo,2026-01-02T04:00:00Z,82.05550003051758,µg/m³
Karachi,G3 Engineering Consultants karachi,2026-01-02T04:00:00Z,99.75266672770181,µg/m³
Karachi,WWF-Pakistan Karachi Office,2026-01-02T05:00:00Z,77.0,µg/m³
Karachi,Karachi Zoo,2026-01-02T05:00:00Z,88.5576670328776,µg/m³
Karachi,G3 Engineering Consultants karachi,2026-01-02T05:00:00Z,93.5606669108073,µg/m³
Karachi,WWF-Pakistan Karachi Office,2026-01-02T06:00:00Z,67.0,µg/m³
Karachi,Karachi Zoo,2026-01-02T06:00:00Z,103.23866678873698,µg/m³
Karachi,G3 Engineering Consultants karachi,2026-01-02T06:00:00Z,79.21716639200847,µg/m³
Karachi,WWF-Pakistan Karachi Office,2026-01-02T07:00:00Z,65.0,µg/m³
Karachi,Karachi Zoo,2026-01-02T07:00:00Z,66.61660003662108,µg/m³
Karachi,G3 Engineering Consultants karachi,2026-01-02T07:00:00Z,69.73399963378907,µg/m³
Karachi,Karachi Zoo,2026-01-02T08:00:00Z,58.61949996948241,µg/m³
Karachi,G3 Engineering Consultants karachi,2026-01-02T08:00:00Z,60.4918332417806,µg/m³
Karachi,WWF-Pakistan Karachi Office,2026-01-02T08:00:00Z,64.0,µg/m³
Karachi,WWF-Pakistan Karachi Office,2026-01-02T09:00:00Z,66.0,µg/m³
Karachi,Karachi Zoo,2026-01-02T09:00:00Z,69.31699981689452,µg/m³
Karachi,G3 Engineering Consultants karachi,2026-01-02T09:00:00Z,53.79433339436849,µg/m³
Karachi,G3 Engineering Consultants karachi,2026-01-02T10:00:00Z,56.62799987792969,µg/m³
Karachi,Karachi Zoo,2026-01-02T10:00:00Z,57.71499989827475,µg/m³
Karachi,WWF-Pakistan Karachi Office,2026-01-02T10:00:00Z,64.0,µg/m³
Karachi,G3 Engineering Consultants karachi,2026-01-02T11:00:00Z,56.87833302815755,µg/m³
Karachi,WWF-Pakistan Karachi Office,2026-01-02T11:00:00Z,61.0,µg/m³
Karachi,Karachi Zoo,2026-01-02T11:00:00Z,53.86666666666667,µg/m³
Karachi,G3 Engineering Consultants karachi,2026-01-02T12:00:00Z,56.12200012207031,µg/m³
Karachi,Karachi Zoo,2026-01-02T12:00:00Z,60.088500213623036,µg/m³
Karachi,WWF-Pakistan Karachi Office,2026-01-02T12:00:00Z,72.0,µg/m³
Karachi,G3 Engineering Consultants karachi,2026-01-02T13:00:00Z,61.791500091552734,µg/m³
Karachi,WWF-Pakistan Karachi Office,2026-01-02T13:00:00Z,90.0,µg/m³
Karachi,Karachi Zoo,2026-01-02T13:00:00Z,66.3663335164388,µg/m³
Karachi,G3 Engineering Consultants karachi,2026-01-02T14:00:00Z,76.21581781560725,µg/m³
Karachi,Karachi Zoo,2026-01-02T14:00:00Z,71.32436356977983,µg/m³
Karachi,Karachi Zoo,2026-01-02T15:00:00Z,72.96666666666667,µg/m³
Karachi,G3 Engineering Consultants karachi,2026-01-02T15:00:00Z,75.32372190687393,µg/m³
